traj_id,point_id,x,y,z,roll,pitch,yaw,pos_err,ori_err_deg
0,0,0.37294304370880127,-0.09634403884410858,1.0984952449798584,-0.17033563554286957,-0.5921950340270996,-0.1650475561618805,0.0005353689193725586,0.07912936806678772
0,1,0.37294602394104004,-0.09634455293416977,1.098501205444336,-0.1703220009803772,-0.5922163724899292,-0.16506047546863556,0.0005314350128173828,0.07401873916387558
0,2,0.37295347452163696,-0.09634584188461304,1.0985162258148193,-0.1702883541584015,-0.592269778251648,-0.16509270668029785,0.000521540641784668,0.07401873916387558
0,3,0.3729671239852905,-0.0963481217622757,1.0985435247421265,-0.1702272742986679,-0.5923669934272766,-0.16515080630779266,0.0005035400390625,0.07401873916387558
0,4,0.3729885220527649,-0.09635171294212341,1.0985862016677856,-0.17013199627399445,-0.5925189256668091,-0.16524161398410797,0.0004755258560180664,0.06255725026130676
0,5,0.37301933765411377,-0.09635689854621887,1.0986469984054565,-0.16999551653862,-0.5927354693412781,-0.1653718501329422,0.00043582916259765625,0.05595290660858154
0,6,0.3730611205101013,-0.09636399894952774,1.0987281799316406,-0.16981150209903717,-0.5930256247520447,-0.1655479520559311,0.0003832578659057617,0.04423465579748154
0,7,0.3731156289577484,-0.09637349843978882,1.0988318920135498,-0.16957437992095947,-0.5933964252471924,-0.16577601432800293,0.00031697750091552734,0.03956468030810356
0,8,0.37318453192710876,-0.09638582915067673,1.0989594459533691,-0.16927863657474518,-0.5938527584075928,-0.16606180369853973,0.00023686885833740234,0.02797645330429077
0,9,0.37326952815055847,-0.09640150517225266,1.0991119146347046,-0.16891992092132568,-0.5943995714187622,-0.1664106696844101,0.0001430511474609375,0.03426402062177658
0,10,0.37337207794189453,-0.09642092883586884,1.0992902517318726,-0.16849373281002045,-0.5950397849082947,-0.16682761907577515,3.5762786865234375e-05,0.05233915150165558
0,11,0.3734934329986572,-0.0964445024728775,1.0994951725006104,-0.16799643635749817,-0.5957772135734558,-0.16731686890125275,8.499622344970703e-05,0.07912936806678772
0,12,0.37363460659980774,-0.09647249430418015,1.0997278690338135,-0.16742442548274994,-0.5966149568557739,-0.16788214445114136,0.00021958351135253906,0.11014342308044434
0,13,0.3737963140010834,-0.09650500118732452,1.0999889373779297,-0.1667744517326355,-0.5975561141967773,-0.16852666437625885,0.0003679990768432617,0.14803750813007355
0,14,0.37397927045822144,-0.09654213488101959,1.100278615951538,-0.16604405641555786,-0.5986024737358093,-0.16925285756587982,0.0005301237106323242,0.18767184019088745
0,15,0.37418410181999207,-0.09658373892307281,1.100596308708191,-0.16523098945617676,-0.599753737449646,-0.170062854886055,0.0007048845291137695,0.23323051631450653
0,16,0.37441128492355347,-0.09662950783967972,1.1009396314620972,-0.16433344781398773,-0.6010061502456665,-0.17095832526683807,0.0008896589279174805,0.28254860639572144
0,17,0.374661386013031,-0.09667901694774628,1.1013052463531494,-0.16335032880306244,-0.6023526191711426,-0.1719406247138977,0.0010808706283569336,0.3345502018928528
0,18,0.3749349117279053,-0.09673169255256653,1.1016883850097656,-0.1622806042432785,-0.6037837862968445,-0.17301078140735626,0.0012737512588500977,0.38966765999794006
0,19,0.3752322196960449,-0.09678716212511063,1.1020852327346802,-0.16112439334392548,-0.6052919626235962,-0.17416903376579285,0.0014640092849731445,0.4476243853569031
0,20,0.3755534291267395,-0.09684509038925171,1.1024935245513916,-0.1598820686340332,-0.6068718433380127,-0.17541512846946716,0.0016497373580932617,0.5082191824913025
0,21,0.37589821219444275,-0.09690534323453903,1.1029120683670044,-0.15855351090431213,-0.6085188388824463,-0.17674842476844788,0.0018296241760253906,0.5706122517585754
0,22,0.3762657940387726,-0.09696809202432632,1.1033412218093872,-0.15714026987552643,-0.6102323532104492,-0.17816762626171112,0.0020046234130859375,0.6355060935020447
0,23,0.3766552209854126,-0.09703362733125687,1.103782296180725,-0.15564435720443726,-0.6120110154151917,-0.17967098951339722,0.002176523208618164,0.7033215761184692
0,24,0.37706512212753296,-0.09710225462913513,1.1042358875274658,-0.15406861901283264,-0.61385178565979,-0.18125669658184052,0.002346515655517578,0.7732904553413391
0,25,0.37749364972114563,-0.09717443585395813,1.1047019958496094,-0.15241682529449463,-0.6157472133636475,-0.18292298913002014,0.0025157928466796875,0.8455725908279419
0,26,0.37793850898742676,-0.09725092351436615,1.105179786682129,-0.15069523453712463,-0.6176860928535461,-0.1846683770418167,0.002684473991394043,0.9196227192878723
0,27,0.3783969581127167,-0.09733239561319351,1.105668306350708,-0.1489107608795166,-0.6196545362472534,-0.1864909827709198,0.0028533935546875,0.994653046131134
0,28,0.3788661062717438,-0.09741955250501633,1.1061656475067139,-0.14707054197788239,-0.6216378211975098,-0.18838870525360107,0.0030220746994018555,1.0706405639648438
0,29,0.37934359908103943,-0.09751278162002563,1.1066700220108032,-0.14518162608146667,-0.6236222982406616,-0.19035817682743073,0.003190159797668457,1.1460297107696533
0,30,0.37982770800590515,-0.09761189669370651,1.1071797609329224,-0.14325031638145447,-0.6256003379821777,-0.1923932284116745,0.0033571720123291016,1.2218929529190063
0,31,0.3803173005580902,-0.09771626442670822,1.107692837715149,-0.14128200709819794,-0.6275677680969238,-0.19448646903038025,0.0035219192504882812,1.2967898845672607
0,32,0.3808117210865021,-0.09782478958368301,1.1082074642181396,-0.13928163051605225,-0.6295217275619507,-0.19662873446941376,0.0036835670471191406,1.3714498281478882
0,33,0.3813103437423706,-0.09793616831302643,1.1087208986282349,-0.13725455105304718,-0.6314583420753479,-0.19881056249141693,0.0038399696350097656,1.4456387758255005
0,34,0.3818124532699585,-0.09804901480674744,1.1092298030853271,-0.13520725071430206,-0.6333689093589783,-0.20102225244045258,0.003988742828369141,1.519168496131897
0,35,0.38231712579727173,-0.09816177189350128,1.1097301244735718,-0.13314887881278992,-0.6352400779724121,-0.20325420796871185,0.004127025604248047,1.5915155410766602
0,36,0.3828233778476715,-0.09827271103858948,1.110216498374939,-0.13108983635902405,-0.6370524764060974,-0.205496683716774,0.004250645637512207,1.66118586063385
0,37,0.38333019614219666,-0.09838002920150757,1.110683560371399,-0.12904119491577148,-0.6387853622436523,-0.20773977041244507,0.004355311393737793,1.7274839878082275
0,38,0.3838360607624054,-0.09848213940858841,1.1111260652542114,-0.12701496481895447,-0.6404194831848145,-0.20997244119644165,0.0044373273849487305,1.7894725799560547
0,39,0.3843386769294739,-0.09857814759016037,1.11154043674469,-0.12502321600914001,-0.6419422626495361,-0.21218286454677582,0.004494905471801758,1.8461018800735474
0,40,0.38483500480651855,-0.09866777807474136,1.1119250059127808,-0.12307796627283096,-0.6433476209640503,-0.21435792744159698,0.004528522491455078,1.8979544639587402
0,41,0.3853212594985962,-0.09875133633613586,1.1122796535491943,-0.12119121849536896,-0.6446357369422913,-0.2164831906557083,0.004540443420410156,1.9446077346801758
0,42,0.38579344749450684,-0.09882938861846924,1.1126052141189575,-0.11937528103590012,-0.6458084583282471,-0.2185446172952652,0.0045337677001953125,1.9862306118011475
0,43,0.3862478733062744,-0.09890235215425491,1.112903118133545,-0.11764258146286011,-0.6468659043312073,-0.22052912414073944,0.0045125484466552734,2.023423671722412
0,44,0.3866817057132721,-0.09897063672542572,1.113175630569458,-0.11600518971681595,-0.6478036642074585,-0.22242704033851624,0.004480481147766113,2.0550944805145264
0,45,0.3870936334133148,-0.09903457760810852,1.1134263277053833,-0.11447267979383469,-0.6486148834228516,-0.22423487901687622,0.0044422149658203125,2.0814008712768555
0,46,0.387484073638916,-0.09909451007843018,1.1136608123779297,-0.11304885894060135,-0.6492940187454224,-0.22595664858818054,0.004402756690979004,2.101240634918213
0,47,0.38785532116889954,-0.09915116429328918,1.1138861179351807,-0.11173030734062195,-0.6498409509658813,-0.2276044338941574,0.0043675899505615234,2.1145179271698
0,48,0.3882114291191101,-0.09920540452003479,1.1141090393066406,-0.11050441116094589,-0.650266706943512,-0.22919586300849915,0.004340529441833496,2.12172532081604
0,49,0.38855692744255066,-0.09925810992717743,1.1143348217010498,-0.10935139656066895,-0.6505923271179199,-0.23075081408023834,0.004323720932006836,2.123385190963745
0,50,0.38889607787132263,-0.09930995106697083,1.1145654916763306,-0.10824795067310333,-0.650844156742096,-0.23228615522384644,0.004316091537475586,2.121171712875366
0,51,0.3892322778701782,-0.09936139732599258,1.114801049232483,-0.10717302560806274,-0.6510494947433472,-0.23381413519382477,0.0043152570724487305,2.116368293762207
0,52,0.38956746459007263,-0.099412702023983,1.1150394678115845,-0.10611052066087723,-0.6512290835380554,-0.23534198105335236,0.0043179988861083984,2.1106271743774414
0,53,0.3899025022983551,-0.09946411848068237,1.1152777671813965,-0.1050509661436081,-0.6513931751251221,-0.23687303066253662,0.004320621490478516,2.104311943054199
0,54,0.3902372419834137,-0.09951568394899368,1.1155129671096802,-0.10399021953344345,-0.6515409350395203,-0.2384086400270462,0.004320025444030762,2.0974185466766357
0,55,0.39057084918022156,-0.09956744313240051,1.1157408952713013,-0.10292724519968033,-0.6516627669334412,-0.23995007574558258,0.004312872886657715,2.0897529125213623
0,56,0.3909023106098175,-0.09961963444948196,1.1159580945968628,-0.10186310857534409,-0.6517460346221924,-0.2414979189634323,0.004296302795410156,2.0803661346435547
0,57,0.3912309408187866,-0.09967241436243057,1.1161619424819946,-0.10079928487539291,-0.6517794132232666,-0.2430528998374939,0.0042678117752075195,2.0686681270599365
0,58,0.3915562033653259,-0.09972578287124634,1.1163508892059326,-0.09973682463169098,-0.6517578363418579,-0.24461489915847778,0.0042264461517333984,2.0548086166381836
0,59,0.3918783664703369,-0.09977968782186508,1.1165263652801514,-0.0986764207482338,-0.6516848206520081,-0.24618303775787354,0.004173398017883301,2.038360595703125
0,60,0.3921981751918793,-0.09983401745557785,1.1166912317276,-0.09761801362037659,-0.6515711545944214,-0.24775587022304535,0.004111051559448242,2.0202293395996094
0,61,0.3925163745880127,-0.0998886302113533,1.1168493032455444,-0.0965615063905716,-0.6514297127723694,-0.2493317574262619,0.004042983055114746,2.0009560585021973
0,62,0.39283356070518494,-0.09994357824325562,1.117004632949829,-0.09550733864307404,-0.6512720584869385,-0.25090980529785156,0.003972530364990234,1.9813965559005737
0,63,0.39314958453178406,-0.09999916702508926,1.1171610355377197,-0.09445619583129883,-0.6511044502258301,-0.2524903416633606,0.0039037466049194336,1.9616421461105347
0,64,0.3934638202190399,-0.10005610436201096,1.1173219680786133,-0.09340984374284744,-0.6509272456169128,-0.25407522916793823,0.0038400888442993164,1.9414854049682617
0,65,0.393775075674057,-0.10011538118124008,1.1174911260604858,-0.09237063676118851,-0.650736927986145,-0.2556672692298889,0.0037859678268432617,1.9209133386611938
0,66,0.3940819203853607,-0.10017789155244827,1.1176716089248657,-0.09134092181921005,-0.6505290865898132,-0.25726938247680664,0.003744959831237793,1.899397611618042
0,67,0.3943834900856018,-0.10024431347846985,1.1178656816482544,-0.09032260626554489,-0.6502999663352966,-0.25888341665267944,0.003719806671142578,1.876697301864624
0,68,0.39467963576316833,-0.10031469166278839,1.118073582649231,-0.08931630849838257,-0.650049090385437,-0.2605094909667969,0.0037107467651367188,1.8526626825332642
0,69,0.39497116208076477,-0.10038840025663376,1.118293046951294,-0.08832040429115295,-0.6497793197631836,-0.2621456980705261,0.0037152767181396484,1.8277772665023804
0,70,0.39525946974754333,-0.10046446323394775,1.1185208559036255,-0.08733245730400085,-0.6494950652122498,-0.2637888491153717,0.0037294626235961914,1.8021141290664673
0,71,0.39554598927497864,-0.10054178535938263,1.1187529563903809,-0.08635000884532928,-0.6492007970809937,-0.26543599367141724,0.003748774528503418,1.7758597135543823
0,72,0.3958321213722229,-0.10061926394701004,1.1189854145050049,-0.08537044376134872,-0.6488990783691406,-0.2670847177505493,0.0037686824798583984,1.7496590614318848
0,73,0.39611905813217163,-0.10069608688354492,1.1192150115966797,-0.08439220488071442,-0.6485906839370728,-0.2687337100505829,0.003785252571105957,1.7235143184661865
0,74,0.396407812833786,-0.10077152401208878,1.1194385290145874,-0.08341432362794876,-0.6482729911804199,-0.2703826129436493,0.003795027732849121,1.6971977949142456
0,75,0.39669933915138245,-0.1008448526263237,1.119652271270752,-0.08243553340435028,-0.6479414105415344,-0.2720319628715515,0.0037938356399536133,1.6705838441848755
0,76,0.39699435234069824,-0.10091552138328552,1.1198533773422241,-0.08145513385534286,-0.6475914716720581,-0.27368223667144775,0.0037784576416015625,1.6435390710830688
0,77,0.39729323983192444,-0.10098326951265335,1.1200404167175293,-0.0804729014635086,-0.6472209095954895,-0.27533379197120667,0.0037473440170288086,1.616041898727417
0,78,0.3975958228111267,-0.10104824602603912,1.1202143430709839,-0.07948917150497437,-0.6468311548233032,-0.27698639035224915,0.0037015676498413086,1.587945580482483
0,79,0.3979015052318573,-0.10111097246408463,1.120377540588379,-0.07850510627031326,-0.6464250087738037,-0.27863961458206177,0.0036437511444091797,1.5595942735671997
0,80,0.3982093632221222,-0.10117194056510925,1.1205337047576904,-0.07752159237861633,-0.6460078954696655,-0.2802928686141968,0.0035779476165771484,1.5312292575836182
0,81,0.3985188901424408,-0.10123169422149658,1.120686650276184,-0.07653966546058655,-0.6455844640731812,-0.2819458544254303,0.0035082101821899414,1.5029802322387695
0,82,0.3988298177719116,-0.10129033774137497,1.1208401918411255,-0.07556036114692688,-0.6451583504676819,-0.2835986614227295,0.0034384727478027344,1.4752516746520996
0,83,0.3991425931453705,-0.10134762525558472,1.1209981441497803,-0.07458437979221344,-0.6447330713272095,-0.28525230288505554,0.0033723115921020508,1.4478031396865845
0,84,0.39945805072784424,-0.10140296071767807,1.121164083480835,-0.07361243665218353,-0.6443099975585938,-0.286908358335495,0.0033129453659057617,1.4207885265350342
0,85,0.3997771739959717,-0.10145562142133713,1.1213417053222656,-0.07264531403779984,-0.6438902020454407,-0.2885687053203583,0.003263711929321289,1.3943736553192139
0,86,0.40010079741477966,-0.10150491446256638,1.1215335130691528,-0.07168310135602951,-0.6434755921363831,-0.2902344763278961,0.003226757049560547,1.368307113647461
0,87,0.4004291296005249,-0.1015506386756897,1.1217402219772339,-0.07072604447603226,-0.6430655717849731,-0.2919057309627533,0.003202676773071289,1.3429005146026611
0,88,0.40076175332069397,-0.10159321874380112,1.1219602823257446,-0.06977416574954987,-0.6426600217819214,-0.29358193278312683,0.003190159797668457,1.3178951740264893
0,89,0.4010975658893585,-0.10163335502147675,1.122189998626709,-0.0688265711069107,-0.6422576308250427,-0.2952615022659302,0.003185868263244629,1.2934657335281372
0,90,0.40143534541130066,-0.1016719713807106,1.1224254369735718,-0.06788242608308792,-0.6418560743331909,-0.29694271087646484,0.003186464309692383,1.2696454524993896
0,91,0.40177369117736816,-0.10171011090278625,1.1226624250411987,-0.0669407919049263,-0.6414538025856018,-0.29862406849861145,0.003188490867614746,1.2459979057312012
0,92,0.40211111307144165,-0.10174890607595444,1.1228975057601929,-0.06600067764520645,-0.6410484313964844,-0.30030468106269836,0.0031889677047729492,1.2230135202407837
0,93,0.4024459719657898,-0.10178972035646439,1.1231274604797363,-0.0650605782866478,-0.6406376361846924,-0.3019845485687256,0.0031853914260864258,1.200078010559082
0,94,0.40277647972106934,-0.10183410346508026,1.1233489513397217,-0.06411870568990707,-0.6402190327644348,-0.3036637008190155,0.0031751394271850586,1.1773608922958374
0,95,0.4031009376049042,-0.10188344120979309,1.1235593557357788,-0.06317377090454102,-0.6397900581359863,-0.30534252524375916,0.003156304359436035,1.154874563217163
0,96,0.4034184515476227,-0.10193859040737152,1.123757004737854,-0.062224701046943665,-0.6393484473228455,-0.3070214092731476,0.003127574920654297,1.1322873830795288
0,97,0.40372923016548157,-0.10199946165084839,1.1239420175552368,-0.061271604150533676,-0.6388946771621704,-0.3087003231048584,0.0030889511108398438,1.109593152999878
0,98,0.404034286737442,-0.1020650565624237,1.1241166591644287,-0.06031574681401253,-0.6384309530258179,-0.3103790581226349,0.0030422210693359375,1.0867854356765747
0,99,0.40433552861213684,-0.1021338477730751,1.1242841482162476,-0.059358686208724976,-0.6379597187042236,-0.31205713748931885,0.0029900074005126953,1.0645920038223267
0,100,0.40463486313819885,-0.10220430791378021,1.1244481801986694,-0.058402061462402344,-0.637484073638916,-0.3137344419956207,0.002935051918029785,1.0423015356063843
0,101,0.4049338102340698,-0.10227519273757935,1.1246124505996704,-0.057447053492069244,-0.6370071768760681,-0.3154106140136719,0.002880573272705078,1.0206749439239502
0,102,0.40523338317871094,-0.10234556347131729,1.1247801780700684,-0.05649372562766075,-0.6365317702293396,-0.31708624958992004,0.0028291940689086914,0.9997551441192627
0,103,0.4055344760417938,-0.10241487622261047,1.124955177307129,-0.055541832000017166,-0.6360605359077454,-0.31876179575920105,0.0027846097946166992,0.9795873761177063
0,104,0.40583765506744385,-0.10248269140720367,1.1251412630081177,-0.05459124222397804,-0.6355959177017212,-0.3204379379749298,0.0027501583099365234,0.9600153565406799
0,105,0.40614333748817444,-0.10254871845245361,1.1253410577774048,-0.05364101380109787,-0.6351400017738342,-0.32211536169052124,0.0027283430099487305,0.9419075846672058
0,106,0.40645161271095276,-0.10261283069849014,1.1255555152893066,-0.05269097536802292,-0.6346932649612427,-0.32379448413848877,0.0027202367782592773,0.9242920875549316
0,107,0.4067623019218445,-0.10267519950866699,1.1257835626602173,-0.05174127593636513,-0.6342543363571167,-0.32547497749328613,0.0027246475219726562,0.908275306224823
0,108,0.40707483887672424,-0.10273615270853043,1.1260219812393188,-0.05079212412238121,-0.6338219046592712,-0.3271564245223999,0.0027385950088500977,0.8926289081573486
0,109,0.4073885977268219,-0.10279620438814163,1.1262668371200562,-0.0498444102704525,-0.633392870426178,-0.32883793115615845,0.0027587413787841797,0.8778185844421387
0,110,0.4077027440071106,-0.10285579413175583,1.126514196395874,-0.04889841750264168,-0.632964015007019,-0.3305191099643707,0.0027811527252197266,0.8636608123779297
0,111,0.4080164134502411,-0.10291554033756256,1.1267598867416382,-0.04795423522591591,-0.6325327157974243,-0.33220013976097107,0.002802252769470215,0.8499580025672913
0,112,0.40832871198654175,-0.10297626256942749,1.1270008087158203,-0.04701204597949982,-0.6320955753326416,-0.3338814675807953,0.0028192996978759766,0.8364987373352051
0,113,0.40863844752311707,-0.10303869843482971,1.1272329092025757,-0.04607129096984863,-0.6316490769386292,-0.3355643153190613,0.002828836441040039,0.8228192329406738
0,114,0.40894460678100586,-0.10310366004705429,1.127453327178955,-0.04513152316212654,-0.6311906576156616,-0.3372494578361511,0.002828240394592285,0.8098755478858948
0,115,0.4092465341091156,-0.10317172855138779,1.1276601552963257,-0.04419269040226936,-0.630718469619751,-0.33893781900405884,0.0028159618377685547,0.7962301969528198
0,116,0.4095441401004791,-0.10324297845363617,1.1278529167175293,-0.04325474798679352,-0.6302312612533569,-0.34062957763671875,0.0027915239334106445,0.7823469638824463
0,117,0.40983808040618896,-0.10331687331199646,1.128033995628357,-0.04231793433427811,-0.6297321319580078,-0.3423238694667816,0.0027570724487304688,0.7697396278381348
0,118,0.4101295471191406,-0.1033925786614418,1.1282062530517578,-0.041382890194654465,-0.6292233467102051,-0.34401968121528625,0.002714991569519043,0.7561464309692383
0,119,0.4104200303554535,-0.10346893221139908,1.128373622894287,-0.04044973850250244,-0.6287087798118591,-0.34571561217308044,0.002668619155883789,0.7438843250274658
0,120,0.41071128845214844,-0.10354459285736084,1.1285395622253418,-0.039518631994724274,-0.6281920671463013,-0.3474110960960388,0.0026204586029052734,0.7316842079162598
0,121,0.4110054075717926,-0.10361795872449875,1.1287074089050293,-0.03858958184719086,-0.6276760697364807,-0.34910574555397034,0.0025731325149536133,0.7206360101699829
0,122,0.4113050699234009,-0.10368700325489044,1.1288800239562988,-0.037661872804164886,-0.6271637678146362,-0.3507997691631317,0.0025284290313720703,0.7110689282417297
0,123,0.4116131067276001,-0.10374951362609863,1.1290603876113892,-0.03673505038022995,-0.6266579031944275,-0.35249364376068115,0.0024880170822143555,0.7027649283409119
0,124,0.4119320809841156,-0.10380352288484573,1.1292508840560913,-0.03580828756093979,-0.6261605024337769,-0.35418784618377686,0.0024532079696655273,0.6954878568649292
0,125,0.4122631847858429,-0.10384801775217056,1.1294525861740112,-0.03488140553236008,-0.6256728768348694,-0.35588282346725464,0.0024248361587524414,0.691254734992981
0,126,0.412605881690979,-0.10388340801000595,1.1296647787094116,-0.033954400569200516,-0.6251945495605469,-0.3575783967971802,0.002402067184448242,0.6878494620323181
0,127,0.41295793652534485,-0.10391142964363098,1.1298853158950806,-0.03302785009145737,-0.624722957611084,-0.3592742085456848,0.0023839473724365234,0.6858552694320679
0,128,0.41331613063812256,-0.10393449664115906,1.1301112174987793,-0.03210240975022316,-0.624255895614624,-0.360969603061676,0.002368927001953125,0.6855698823928833
0,129,0.41367703676223755,-0.10395529866218567,1.130339503288269,-0.031179068610072136,-0.6237900257110596,-0.3626644015312195,0.002355217933654785,0.685284435749054
0,130,0.4140372574329376,-0.10397650301456451,1.1305670738220215,-0.030258065089583397,-0.6233222484588623,-0.3643588125705719,0.0023412704467773438,0.6864256262779236
0,131,0.4143933653831482,-0.10400065779685974,1.1307916641235352,-0.02933938428759575,-0.622848391532898,-0.36605367064476013,0.002326369285583496,0.6864256262779236
0,132,0.41474178433418274,-0.10403059422969818,1.1310107707977295,-0.02842291072010994,-0.6223650574684143,-0.3677501976490021,0.0023092031478881836,0.6869955658912659
0,133,0.41507914662361145,-0.10406910628080368,1.1312222480773926,-0.02750852331519127,-0.6218690276145935,-0.36944982409477234,0.002289295196533203,0.6875649690628052
0,134,0.415402889251709,-0.10411806404590607,1.1314244270324707,-0.026595886796712875,-0.6213568449020386,-0.371153861284256,0.0022658109664916992,0.6869955658912659
0,135,0.4157124161720276,-0.10417795181274414,1.1316169500350952,-0.025684840977191925,-0.6208276152610779,-0.37286242842674255,0.0022388696670532227,0.6858552694320679
0,136,0.4160093665122986,-0.10424759984016418,1.1318011283874512,-0.024775583297014236,-0.6202837824821472,-0.37457475066185,0.002208709716796875,0.6841413378715515
0,137,0.4162968695163727,-0.10432455688714981,1.131978988647461,-0.02386838011443615,-0.6197283864021301,-0.3762896656990051,0.0021764039993286133,0.6827097535133362
0,138,0.4165787398815155,-0.10440587997436523,1.132153034210205,-0.022963378578424454,-0.61916583776474,-0.3780055642127991,0.002142667770385742,0.6812751293182373
0,139,0.416858434677124,-0.10448889434337616,1.1323258876800537,-0.022060468792915344,-0.6185995936393738,-0.3797209560871124,0.0021088123321533203,0.68012535572052
0,140,0.4171389937400818,-0.10457146167755127,1.1324998140335083,-0.021159078925848007,-0.6180331707000732,-0.38143521547317505,0.002075672149658203,0.68012535572052
0,141,0.4174230396747589,-0.10465186089277267,1.1326775550842285,-0.02025829441845417,-0.6174692511558533,-0.3831479251384735,0.0020449161529541016,0.6809878945350647
0,142,0.41771283745765686,-0.10472860932350159,1.132861614227295,-0.01935677044093609,-0.6169106960296631,-0.3848590850830078,0.0020178556442260742,0.6829963326454163
0,143,0.4180103838443756,-0.10480039566755295,1.133054494857788,-0.01845308020710945,-0.6163593530654907,-0.38656866550445557,0.001996278762817383,0.685284435749054
0,144,0.41831672191619873,-0.10486657172441483,1.1332573890686035,-0.017546219751238823,-0.6158164739608765,-0.3882768452167511,0.001980900764465332,0.6892703771591187
0,145,0.4186316728591919,-0.10492735356092453,1.133470058441162,-0.016636468470096588,-0.6152822375297546,-0.3899837136268616,0.0019714832305908203,0.6940796971321106
0,146,0.4189538061618805,-0.10498358309268951,1.1336908340454102,-0.015724649652838707,-0.6147545576095581,-0.39168933033943176,0.001967191696166992,0.6991358399391174
0,147,0.4192807674407959,-0.10503659397363663,1.133916974067688,-0.01481220219284296,-0.6142309308052063,-0.3933936357498169,0.001966118812561035,0.7055437564849854
0,148,0.4196101129055023,-0.10508790612220764,1.1341454982757568,-0.013900882564485073,-0.6137081980705261,-0.39509689807891846,0.0019665956497192383,0.7121688723564148
0,149,0.4199395775794983,-0.10513897240161896,1.1343741416931152,-0.012992030009627342,-0.6131840944290161,-0.39679962396621704,0.0019674301147460938,0.7181881070137024
0,150,0.42026689648628235,-0.10519122332334518,1.1346005201339722,-0.012086471542716026,-0.6126550436019897,-0.39850321412086487,0.0019670724868774414,0.7249675393104553
0,151,0.420589804649353,-0.10524611920118332,1.1348226070404053,-0.011185220442712307,-0.6121176481246948,-0.4002094864845276,0.0019646883010864258,0.7319515347480774
0,152,0.4209060072898865,-0.10530512779951096,1.1350384950637817,-0.010288781486451626,-0.6115687489509583,-0.4019203782081604,0.0019594430923461914,0.7378094792366028
0,153,0.421213835477829,-0.10536935180425644,1.1352466344833374,-0.009397626854479313,-0.611005425453186,-0.4036376178264618,0.0019502639770507812,0.7438843250274658
0,154,0.4215126037597656,-0.10543923825025558,1.1354467868804932,-0.008511858060956001,-0.610426664352417,-0.40536177158355713,0.0019375085830688477,0.7499099969863892
0,155,0.4218030273914337,-0.1055142804980278,1.1356393098831177,-0.007631401531398296,-0.6098334193229675,-0.40709224343299866,0.001920938491821289,0.7556287050247192
0,156,0.4220869541168213,-0.10559327900409698,1.1358258724212646,-0.0067559354938566685,-0.6092287302017212,-0.408827006816864,0.0019016265869140625,0.761304497718811
0,157,0.4223668575286865,-0.10567469894886017,1.136008620262146,-0.005884543992578983,-0.6086163520812988,-0.41056421399116516,0.0018805265426635742,0.7671933174133301
0,158,0.42264536023139954,-0.10575701296329498,1.1361898183822632,-0.005016439128667116,-0.6079998016357422,-0.4123017191886902,0.0018585920333862305,0.7732904553413391
0,159,0.42292487621307373,-0.10583868622779846,1.13637113571167,-0.004150513559579849,-0.6073818206787109,-0.4140380918979645,0.0018364191055297852,0.7800926566123962
0,160,0.42320767045021057,-0.10591830313205719,1.1365547180175781,-0.0032853761222213507,-0.6067655682563782,-0.4157730042934418,0.0018153190612792969,0.7868361473083496
0,161,0.42349621653556824,-0.10599447041749954,1.1367422342300415,-0.0024192563723772764,-0.6061524748802185,-0.4175058603286743,0.0017955303192138672,0.7942617535591125
0,162,0.42379263043403625,-0.10606589168310165,1.1369351148605347,-0.0015508357901126146,-0.6055443286895752,-0.41923701763153076,0.0017777681350708008,0.8021066188812256
0,163,0.42409834265708923,-0.10613173991441727,1.1371346712112427,-0.0006790112820453942,-0.6049423813819885,-0.420966237783432,0.0017625093460083008,0.8106000423431396
0,164,0.42441344261169434,-0.10619198530912399,1.1373406648635864,0.00019636153592728078,-0.6043463349342346,-0.4226936995983124,0.0017497539520263672,0.8190053701400757
0,165,0.42473673820495605,-0.10624738782644272,1.1375523805618286,0.0010741401929408312,-0.6037551164627075,-0.42441946268081665,0.0017390251159667969,0.8277983069419861
0,166,0.4250659644603729,-0.10629914700984955,1.137768030166626,0.0019529280252754688,-0.6031671762466431,-0.4261436462402344,0.001729726791381836,0.8362647294998169
0,167,0.4253986179828644,-0.10634858161211014,1.1379854679107666,0.0028310271445661783,-0.6025803685188293,-0.4278664290904999,0.001721024513244629,0.8453410863876343
0,168,0.42573270201683044,-0.1063968688249588,1.1382031440734863,0.0037064827047288418,-0.6019924283027649,-0.42958882451057434,0.001712203025817871,0.8543210029602051
0,169,0.42606645822525024,-0.10644476860761642,1.138419270515442,0.004577917512506247,-0.6014010906219482,-0.4313119649887085,0.001702427864074707,0.8632075786590576
0,170,0.42639869451522827,-0.10649281740188599,1.13863205909729,0.005444128066301346,-0.6008031368255615,-0.4330381155014038,0.0016903877258300781,0.8722279071807861
0,171,0.42672833800315857,-0.10654135793447495,1.1388400793075562,0.006303527858108282,-0.6001958847045898,-0.434769868850708,0.0016753673553466797,0.8809338212013245
0,172,0.4270547032356262,-0.10659058392047882,1.1390420198440552,0.007155290339142084,-0.5995779037475586,-0.4365094304084778,0.0016562938690185547,0.8895545601844788
0,173,0.4273773729801178,-0.10664058476686478,1.1392370462417603,0.00799879152327776,-0.5989468097686768,-0.43825799226760864,0.0016326904296875,0.897874653339386
0,174,0.42769655585289,-0.10669129341840744,1.13942551612854,0.008834115229547024,-0.5983033180236816,-0.4400148093700409,0.0016046762466430664,0.9065501689910889
0,175,0.42801302671432495,-0.1067425012588501,1.1396088600158691,0.009662247262895107,-0.5976506471633911,-0.4417779743671417,0.0015734434127807617,0.9155710339546204
0,176,0.4283277690410614,-0.10679395496845245,1.1397886276245117,0.010484360158443451,-0.596990704536438,-0.4435446560382843,0.0015397071838378906,0.9236567616462708
0,177,0.42864176630973816,-0.1068454459309578,1.1399664878845215,0.011302202939987183,-0.5963266491889954,-0.4453122913837433,0.0015048980712890625,0.9323021769523621
0,178,0.42895588278770447,-0.10689685493707657,1.1401443481445312,0.012117238715291023,-0.5956611037254333,-0.4470791220664978,0.0014700889587402344,0.9408683180809021
0,179,0.42927083373069763,-0.1069481298327446,1.1403236389160156,0.01293138600885868,-0.5949950218200684,-0.4488438069820404,0.0014365911483764648,0.9495631456375122
0,180,0.42958736419677734,-0.10699934512376785,1.1405060291290283,0.013746894896030426,-0.5943301320075989,-0.45060592889785767,0.0014053583145141602,0.9581791162490845
0,181,0.42990607023239136,-0.10705062747001648,1.1406928300857544,0.014565466903150082,-0.5936667919158936,-0.4523651599884033,0.0013774633407592773,0.9665158987045288
0,182,0.43022727966308594,-0.10710202902555466,1.1408849954605103,0.01538883987814188,-0.5930051207542419,-0.4541214108467102,0.0013535022735595703,0.9751827716827393
0,183,0.4305511713027954,-0.10715356469154358,1.1410828828811646,0.01621759869158268,-0.5923455357551575,-0.4558750092983246,0.0013338327407836914,0.9839722514152527
0,184,0.4308773875236511,-0.10720522701740265,1.1412854194641113,0.01705063320696354,-0.5916868448257446,-0.4576258063316345,0.0013176202774047852,0.9926838278770447
0,185,0.43120527267456055,-0.1072569489479065,1.1414917707443237,0.017885813489556313,-0.5910289287567139,-0.4593742787837982,0.0013043880462646484,1.0013196468353271
0,186,0.4315341114997864,-0.10730873048305511,1.1417001485824585,0.0187213234603405,-0.5903708338737488,-0.4611208438873291,0.0012928247451782227,1.009881615638733
0,187,0.43186283111572266,-0.10736083984375,1.1419093608856201,0.019554857164621353,-0.5897114276885986,-0.46286633610725403,0.001282334327697754,1.0185638666152954
0,188,0.43219003081321716,-0.1074138805270195,1.1421183347702026,0.02038470469415188,-0.5890493392944336,-0.4646119177341461,0.0012725591659545898,1.026600956916809
0,189,0.4325139820575714,-0.10746891796588898,1.1423263549804688,0.02120952680706978,-0.5883829593658447,-0.4663598835468292,0.0012634992599487305,1.0351428985595703
0,190,0.4328324794769287,-0.10752737522125244,1.1425329446792603,0.02202780358493328,-0.5877091884613037,-0.4681127965450287,0.001255631446838379,1.0434273481369019
0,191,0.433143675327301,-0.10759060829877853,1.1427375078201294,0.022838840261101723,-0.5870257616043091,-0.4698730707168579,0.001249074935913086,1.0512744188308716
0,192,0.4334462285041809,-0.10765942186117172,1.142939805984497,0.023641860112547874,-0.5863311290740967,-0.4716421365737915,0.001244187355041504,1.0590633153915405
0,193,0.4337403476238251,-0.10773374885320663,1.143140196800232,0.02443685755133629,-0.5856262445449829,-0.47342002391815186,0.0012412071228027344,1.0667954683303833
0,194,0.4340275228023529,-0.10781262814998627,1.143338918685913,0.025224871933460236,-0.5849124193191528,-0.475204735994339,0.0012396574020385742,1.0741075277328491
0,195,0.4343099892139435,-0.10789448767900467,1.1435364484786987,0.026006927713751793,-0.5841920375823975,-0.4769933819770813,0.0012390613555908203,1.0815510749816895
0,196,0.434590220451355,-0.10797768831253052,1.143733263015747,0.02678443118929863,-0.5834678411483765,-0.47878363728523254,0.0012390613555908203,1.0889439582824707
0,197,0.4348703622817993,-0.10806069523096085,1.1439297199249268,0.027558567002415657,-0.582741379737854,-0.4805733561515808,0.0012390613555908203,1.096108317375183
0,198,0.43515264987945557,-0.10814213007688522,1.144126296043396,0.02833070605993271,-0.5820134282112122,-0.4823616147041321,0.0012384653091430664,1.1039354801177979
0,199,0.43543916940689087,-0.10822062939405441,1.1443232297897339,0.029102517291903496,-0.5812844038009644,-0.484147846698761,0.0012367963790893555,1.1111793518066406
0,200,0.43573203682899475,-0.10829489678144455,1.1445211172103882,0.02987528219819069,-0.5805546045303345,-0.4859324097633362,0.0012336969375610352,1.1190760135650635
0,201,0.43603286147117615,-0.10836392641067505,1.144720196723938,0.03065052628517151,-0.5798243284225464,-0.48771506547927856,0.0012286901473999023,1.1265698671340942
0,202,0.4363422095775604,-0.10842730849981308,1.1449207067489624,0.031428270041942596,-0.5790925025939941,-0.4894962012767792,0.0012218952178955078,1.134359359741211
0,203,0.4366593360900879,-0.1084853932261467,1.1451220512390137,0.03220827877521515,-0.5783593654632568,-0.4912756681442261,0.00121307373046875,1.1426095962524414
0,204,0.4369826316833496,-0.10853930562734604,1.1453241109848022,0.032989002764225006,-0.577625036239624,-0.4930533766746521,0.001202702522277832,1.1504606008529663
0,205,0.43730995059013367,-0.10859041661024094,1.14552640914917,0.03376861289143562,-0.5768896341323853,-0.4948294758796692,0.001191258430480957,1.1585962772369385
0,206,0.4376392364501953,-0.1086399108171463,1.1457284688949585,0.03454556688666344,-0.5761526823043823,-0.49660491943359375,0.0011792182922363281,1.166339635848999
0,207,0.43796905875205994,-0.10868881642818451,1.1459295749664307,0.03531815856695175,-0.575413703918457,-0.49838048219680786,0.0011664628982543945,1.1740319728851318
0,208,0.4382983446121216,-0.1087377667427063,1.1461292505264282,0.03608473390340805,-0.5746722221374512,-0.5001584887504578,0.0011527538299560547,1.1813430786132812
0,209,0.438626229763031,-0.1087871864438057,1.1463261842727661,0.036843638867139816,-0.5739256143569946,-0.5019422769546509,0.001137375831604004,1.1886091232299805
0,210,0.43895214796066284,-0.10883734375238419,1.1465197801589966,0.03759340941905975,-0.5731725692749023,-0.503734290599823,0.0011199712753295898,1.195831060409546
0,211,0.4392758011817932,-0.10888845473527908,1.1467093229293823,0.038332901895046234,-0.5724118947982788,-0.5055367350578308,0.0010999441146850586,1.2026841640472412
0,212,0.4395971894264221,-0.1089404970407486,1.1468948125839233,0.03906191140413284,-0.5716434717178345,-0.5073497295379639,0.0010771751403808594,1.2091749906539917
0,213,0.4399167001247406,-0.10899326950311661,1.1470767259597778,0.03978141024708748,-0.5708690285682678,-0.5091715455055237,0.0010521411895751953,1.2153090238571167
0,214,0.440234899520874,-0.10904654115438461,1.1472561359405518,0.04049292206764221,-0.5700895190238953,-0.5109992027282715,0.001025557518005371,1.2217328548431396
0,215,0.44055238366127014,-0.10909994691610336,1.1474339962005615,0.041198261082172394,-0.5693066716194153,-0.5128294825553894,0.0009980201721191406,1.2274852991104126
0,216,0.44086962938308716,-0.10915329307317734,1.147611379623413,0.04189921170473099,-0.5685219764709473,-0.514659583568573,0.0009706020355224609,1.2332111597061157
0,217,0.4411870837211609,-0.10920651257038116,1.147789478302002,0.04259755462408066,-0.5677353143692017,-0.5164881348609924,0.0009440183639526367,1.238910436630249
0,218,0.4415050745010376,-0.10925965756177902,1.1479692459106445,0.04329511523246765,-0.5669459700584412,-0.5183145999908447,0.0009192228317260742,1.2448980808258057
0,219,0.44182366132736206,-0.10931283235549927,1.1481515169143677,0.043993670493364334,-0.5661523938179016,-0.5201385617256165,0.0008968114852905273,1.2508571147918701
0,220,0.442143052816391,-0.10936608910560608,1.1483376026153564,0.044694870710372925,-0.5653538703918457,-0.5219602584838867,0.0008780956268310547,1.2570991516113281
0,221,0.44246336817741394,-0.10941953212022781,1.1485278606414795,0.045399345457553864,-0.564549446105957,-0.5237796306610107,0.0008633136749267578,1.263620138168335
0,222,0.44278454780578613,-0.10947319865226746,1.1487220525741577,0.04610675945878029,-0.5637400150299072,-0.5255969166755676,0.0008521080017089844,1.2702617645263672
0,223,0.44310635328292847,-0.10952690988779068,1.1489193439483643,0.04681585356593132,-0.5629258155822754,-0.5274118781089783,0.0008440017700195312,1.2771753072738647
0,224,0.4434284567832947,-0.10958066582679749,1.1491186618804932,0.04752443730831146,-0.5621078610420227,-0.5292249917984009,0.000838160514831543,1.2842040061950684
0,225,0.4437503516674042,-0.10963466763496399,1.149318814277649,0.04823049157857895,-0.5612876415252686,-0.5310367345809937,0.0008335113525390625,1.2911944389343262
0,226,0.44407129287719727,-0.1096893697977066,1.1495193243026733,0.048932190984487534,-0.5604647397994995,-0.5328482389450073,0.0008298158645629883,1.2979965209960938
0,227,0.44439002871513367,-0.10974561423063278,1.1497193574905396,0.049627892673015594,-0.5596387982368469,-0.5346614718437195,0.0008269548416137695,1.3047630786895752
0,228,0.444705069065094,-0.1098046749830246,1.149919033050537,0.05031614750623703,-0.5588080883026123,-0.536479115486145,0.0008254051208496094,1.3113455772399902
0,229,0.44501471519470215,-0.10986790060997009,1.1501182317733765,0.05099577084183693,-0.5579707622528076,-0.5383041501045227,0.0008255243301391602,1.317449688911438
0,230,0.445317804813385,-0.10993638634681702,1.150316834449768,0.05166534706950188,-0.5571252107620239,-0.5401386022567749,0.0008276700973510742,1.3236734867095947
0,231,0.44561395049095154,-0.11001043766736984,1.1505151987075806,0.05232477933168411,-0.5562721490859985,-0.5419833064079285,0.0008323192596435547,1.3297209739685059
0,232,0.44590386748313904,-0.11008936166763306,1.1507130861282349,0.05297473073005676,-0.5554113984107971,-0.5438368320465088,0.0008389949798583984,1.3353015184402466
0,233,0.44618913531303406,-0.11017192900180817,1.1509106159210205,0.05361635237932205,-0.5545446872711182,-0.5456963777542114,0.0008472204208374023,1.340858817100525
0,234,0.446471631526947,-0.11025650054216385,1.151107907295227,0.054251257330179214,-0.553674042224884,-0.5475590825080872,0.0008565187454223633,1.346247911453247
0,235,0.44675326347351074,-0.11034157127141953,1.1513049602508545,0.05488098785281181,-0.5528010725975037,-0.5494220852851868,0.0008661746978759766,1.35161554813385
0,236,0.44703590869903564,-0.11042580008506775,1.1515021324157715,0.055506739765405655,-0.5519263744354248,-0.5512848496437073,0.0008759498596191406,1.3569618463516235
0,237,0.44732123613357544,-0.11050772666931152,1.1516993045806885,0.0561298131942749,-0.551048755645752,-0.553146243095398,0.0008851289749145508,1.362287163734436
0,238,0.44761109352111816,-0.11058597266674042,1.1518967151641846,0.05675119534134865,-0.5501669645309448,-0.5550068616867065,0.0008933544158935547,1.3677347898483276
0,239,0.4479071795940399,-0.1106593981385231,1.1520946025848389,0.05737191438674927,-0.5492799878120422,-0.5568674206733704,0.0009002685546875,1.373445987701416
0,240,0.44821038842201233,-0.11072733998298645,1.152293086051941,0.057992249727249146,-0.5483867526054382,-0.5587283968925476,0.0009055137634277344,1.3794171810150146
0,241,0.44852057099342346,-0.11078990995883942,1.1524921655654907,0.058611758053302765,-0.5474872589111328,-0.5605894327163696,0.0009093284606933594,1.385080099105835
0,242,0.4488365054130554,-0.11084793508052826,1.1526916027069092,0.059230007231235504,-0.5465824604034424,-0.5624505281448364,0.0009120702743530273,1.3912826776504517
0,243,0.44915643334388733,-0.1109028160572052,1.1528911590576172,0.05984559655189514,-0.5456739664077759,-0.5643109083175659,0.0009137392044067383,1.3974578380584717
0,244,0.4494783282279968,-0.11095593869686127,1.1530908346176147,0.060457494109869,-0.5447631478309631,-0.5661703944206238,0.0009154081344604492,1.4036056995391846
0,245,0.4498002827167511,-0.11100873351097107,1.1532901525497437,0.06106439605355263,-0.5438501238822937,-0.5680295825004578,0.0009171962738037109,1.4094491004943848
0,246,0.45012062788009644,-0.11106256395578384,1.1534887552261353,0.06166492775082588,-0.5429341793060303,-0.5698900818824768,0.000919342041015625,1.4152684211730957
0,247,0.4504377245903015,-0.11111891269683838,1.1536868810653687,0.062257613986730576,-0.5420138239860535,-0.571753978729248,0.0009223222732543945,1.4207885265350342
0,248,0.4507499039173126,-0.11117914319038391,1.1538840532302856,0.06284104287624359,-0.5410873889923096,-0.5736246109008789,0.0009264945983886719,1.426424503326416
0,249,0.45105597376823425,-0.111244335770607,1.1540803909301758,0.06341400742530823,-0.5401525497436523,-0.5755043625831604,0.0009320974349975586,1.4319015741348267
0,250,0.4513554871082306,-0.11131492257118225,1.1542755365371704,0.06397608667612076,-0.539208710193634,-0.5773939490318298,0.0009390115737915039,1.4372215270996094
0,251,0.45164889097213745,-0.11139045655727386,1.1544698476791382,0.06452745199203491,-0.5382567644119263,-0.5792927145957947,0.0009473562240600586,1.4423863887786865
0,252,0.45193758606910706,-0.11146979033946991,1.1546634435653687,0.0650695413351059,-0.5372982621192932,-0.58119797706604,0.0009567737579345703,1.4478031396865845
0,253,0.4522232115268707,-0.11155135184526443,1.1548562049865723,0.0656038224697113,-0.536335289478302,-0.5831067562103271,0.0009669065475463867,1.4527955055236816
0,254,0.45250770449638367,-0.11163365840911865,1.1550486087799072,0.06613181531429291,-0.5353693962097168,-0.5850167274475098,0.0009772777557373047,1.458039402961731
0,255,0.4527927339076996,-0.11171537637710571,1.1552410125732422,0.0666547641158104,-0.5344015955924988,-0.5869263410568237,0.000988006591796875,1.4631307125091553
0,256,0.45308005809783936,-0.11179520934820175,1.1554336547851562,0.06717362999916077,-0.5334314107894897,-0.5888354778289795,0.0009984970092773438,1.468204379081726
0,257,0.4533713459968567,-0.11187198758125305,1.1556270122528076,0.06768891960382462,-0.5324575901031494,-0.5907452702522278,0.001008749008178711,1.4731276035308838
0,258,0.4536682367324829,-0.11194460093975067,1.1558212041854858,0.06820114701986313,-0.531478226184845,-0.5926563739776611,0.0010182857513427734,1.4781670570373535
0,259,0.4539716839790344,-0.1120123341679573,1.1560163497924805,0.06871037185192108,-0.5304920673370361,-0.5945698022842407,0.0010269880294799805,1.4831892251968384
0,260,0.4542817771434784,-0.11207515746355057,1.156212568283081,0.06921662390232086,-0.5294992923736572,-0.5964860320091248,0.001034855842590332,1.488326072692871
0,261,0.4545976221561432,-0.11213368922472,1.156409502029419,0.06971931457519531,-0.5285005569458008,-0.5984036922454834,0.001042008399963379,1.493576169013977
0,262,0.4549174904823303,-0.11218903958797455,1.156606912612915,0.07021772116422653,-0.5274975299835205,-0.6003223061561584,0.0010488033294677734,1.498546838760376
0,263,0.45523959398269653,-0.11224247515201569,1.1568045616149902,0.07071132212877274,-0.5264917612075806,-0.6022407412528992,0.001055598258972168,1.5037612915039062
0,264,0.45556214451789856,-0.1122952550649643,1.1570019721984863,0.07119935005903244,-0.525484025478363,-0.6041587591171265,0.0010625123977661133,1.5085686445236206
0,265,0.45588353276252747,-0.11234859377145767,1.1571986675262451,0.07168079912662506,-0.5244738459587097,-0.6060771346092224,0.0010695457458496094,1.5131019353866577
0,266,0.45620211958885193,-0.11240381002426147,1.157394289970398,0.0721542164683342,-0.5234596133232117,-0.6079983711242676,0.0010769367218017578,1.5180087089538574
0,267,0.4565163254737854,-0.11246218532323837,1.1575887203216553,0.07261829078197479,-0.5224387049674988,-0.609924852848053,0.001085042953491211,1.5227711200714111
0,268,0.45682480931282043,-0.11252476274967194,1.1577814817428589,0.07307168841362,-0.5214090347290039,-0.6118590831756592,0.001093745231628418,1.527518630027771
0,269,0.4571269452571869,-0.11259211599826813,1.1579723358154297,0.0735137090086937,-0.5203691720962524,-0.6138025522232056,0.0011029243469238281,1.5326344966888428
0,270,0.45742297172546387,-0.11266399919986725,1.1581612825393677,0.07394451647996902,-0.5193194150924683,-0.6157544851303101,0.0011125802993774414,1.5379879474639893
0,271,0.45771411061286926,-0.1127394512295723,1.1583489179611206,0.07436516135931015,-0.5182621479034424,-0.6177131533622742,0.0011228322982788086,1.5431959629058838
0,272,0.458001971244812,-0.11281712353229523,1.1585354804992676,0.0747772604227066,-0.5171998739242554,-0.61967533826828,0.001133561134338379,1.5483864545822144
0,273,0.45828843116760254,-0.11289569735527039,1.1587215662002563,0.07518212497234344,-0.516135036945343,-0.621638834476471,0.0011446475982666016,1.553937554359436
0,274,0.45857512950897217,-0.11297395825386047,1.1589075326919556,0.075580894947052,-0.515068531036377,-0.6236025094985962,0.001155853271484375,1.5592178106307983
0,275,0.45886358618736267,-0.11305081844329834,1.1590936183929443,0.07597406208515167,-0.5140004754066467,-0.6255666017532349,0.0011670589447021484,1.5643551349639893
0,276,0.45915547013282776,-0.11312538385391235,1.1592803001403809,0.0763617679476738,-0.5129294395446777,-0.6275320649147034,0.001178145408630371,1.569475769996643
0,277,0.4594522714614868,-0.11319675296545029,1.1594679355621338,0.0767437070608139,-0.5118536949157715,-0.6295009851455688,0.0011888742446899414,1.5744552612304688
0,278,0.45975515246391296,-0.11326435208320618,1.1596567630767822,0.07712014764547348,-0.5107726454734802,-0.6314747333526611,0.0011990070343017578,1.5791714191436768
0,279,0.4600643515586853,-0.11332801729440689,1.1598469018936157,0.07749074697494507,-0.5096854567527771,-0.6334536075592041,0.0012087821960449219,1.583626389503479
0,280,0.4603791832923889,-0.11338814347982407,1.1600381135940552,0.07785540074110031,-0.5085930228233337,-0.6354371905326843,0.0012180805206298828,1.587945580482483
0,281,0.4606982469558716,-0.11344554275274277,1.160230040550232,0.07821375131607056,-0.5074968934059143,-0.6374233961105347,0.0012271404266357422,1.5920072793960571
0,282,0.46101975440979004,-0.11350107192993164,1.1604220867156982,0.07856585085391998,-0.5063983798027039,-0.6394104957580566,0.0012360811233520508,1.5959360599517822
0,283,0.46134209632873535,-0.11355569958686829,1.160614013671875,0.07891185581684113,-0.5052986741065979,-0.6413976550102234,0.0012451410293579102,1.5996103286743164
0,284,0.46166369318962097,-0.11361037194728851,1.1608054637908936,0.07925096154212952,-0.5041968822479248,-0.643384575843811,0.0012545585632324219,1.6033984422683716
0,285,0.4619830846786499,-0.11366603523492813,1.1609954833984375,0.07958223670721054,-0.5030915141105652,-0.6453731656074524,0.0012639760971069336,1.6071776151657104
0,286,0.462298721075058,-0.11372370272874832,1.1611838340759277,0.07990455627441406,-0.5019797682762146,-0.647365391254425,0.0012733936309814453,1.6110693216323853
0,287,0.4626093804836273,-0.11378417909145355,1.1613699197769165,0.08021698892116547,-0.5008590817451477,-0.6493633389472961,0.001282811164855957,1.6153151988983154
0,288,0.46291428804397583,-0.11384804546833038,1.1615536212921143,0.08051831275224686,-0.49972760677337646,-0.6513687968254089,0.0012922286987304688,1.6201540231704712
0,289,0.46321362257003784,-0.11391522735357285,1.1617348194122314,0.08080877363681793,-0.49858516454696655,-0.6533815860748291,0.0013015270233154297,1.6253396272659302
0,290,0.463508278131485,-0.11398506164550781,1.1619139909744263,0.08108930289745331,-0.4974344074726105,-0.6553999185562134,0.0013107061386108398,1.6309887170791626
0,291,0.46379968523979187,-0.11405661702156067,1.162091612815857,0.08136067539453506,-0.49627768993377686,-0.6574215888977051,0.0013200044631958008,1.6370965242385864
0,292,0.46408945322036743,-0.11412893235683441,1.1622684001922607,0.08162431418895721,-0.49511852860450745,-0.6594444513320923,0.0013294219970703125,1.6431816816329956
0,293,0.4643789827823639,-0.11420117318630219,1.162444829940796,0.08188092708587646,-0.49395835399627686,-0.6614676713943481,0.0013390779495239258,1.6492445468902588
0,294,0.4646696150302887,-0.11427275091409683,1.1626213788986206,0.08213045448064804,-0.49279752373695374,-0.6634916067123413,0.0013488531112670898,1.6549303531646729
0,295,0.4649626910686493,-0.11434320360422134,1.162798523902893,0.0823730006814003,-0.491635799407959,-0.6655181646347046,0.0013587474822998047,1.6605967283248901
0,296,0.46525949239730835,-0.11441215127706528,1.1629763841629028,0.08260764181613922,-0.49047112464904785,-0.6675499081611633,0.0013682842254638672,1.6657739877700806
0,297,0.46556100249290466,-0.11447934806346893,1.163155436515808,0.08283398300409317,-0.4893031716346741,-0.6695889830589294,0.001377701759338379,1.670466661453247
0,298,0.4658675789833069,-0.11454469710588455,1.1633355617523193,0.08305167406797409,-0.48813092708587646,-0.6716362833976746,0.0013865232467651367,1.674912452697754
0,299,0.466178834438324,-0.1146082952618599,1.1635167598724365,0.0832609161734581,-0.4869551956653595,-0.6736910343170166,0.001395106315612793,1.6788803339004517
0,300,0.4664936661720276,-0.11467035859823227,1.163698673248291,0.08346179872751236,-0.4857766926288605,-0.6757511496543884,0.0014035701751708984,1.6821410655975342
0,301,0.46681076288223267,-0.1147313266992569,1.1638810634613037,0.08365507423877716,-0.4845971465110779,-0.6778138279914856,0.0014121532440185547,1.685395359992981
0,302,0.46712878346443176,-0.11479151248931885,1.1640633344650269,0.0838412418961525,-0.4834175407886505,-0.6798773407936096,0.0014208555221557617,1.6884117126464844
0,303,0.46744653582572937,-0.11485124379396439,1.1642448902130127,0.08402019739151001,-0.4822366535663605,-0.681940495967865,0.0014295578002929688,1.6911911964416504
0,304,0.46776318550109863,-0.11491085588932037,1.164425253868103,0.08419182151556015,-0.48105353116989136,-0.6840038299560547,0.0014382600784301758,1.6940815448760986
0,305,0.4680776596069336,-0.11497057974338531,1.1646037101745605,0.08435564488172531,-0.47986504435539246,-0.6860688328742981,0.0014464855194091797,1.6974283456802368
0,306,0.46838924288749695,-0.11503072082996368,1.1647796630859375,0.08451095968484879,-0.4786679446697235,-0.688137412071228,0.001453995704650879,1.7013436555862427
0,307,0.4686974287033081,-0.11509137600660324,1.1649528741836548,0.08465751260519028,-0.4774611294269562,-0.6902106404304504,0.0014607906341552734,1.7057090997695923
0,308,0.4690020978450775,-0.11515254527330399,1.1651231050491333,0.08479487150907516,-0.4762432873249054,-0.6922887563705444,0.0014666318893432617,1.710978627204895
0,309,0.46930375695228577,-0.11521414667367935,1.1652909517288208,0.08492336422204971,-0.47501707077026367,-0.6943708062171936,0.0014717578887939453,1.7169160842895508
0,310,0.46960318088531494,-0.11527595669031143,1.165456771850586,0.08504340797662735,-0.47378483414649963,-0.6964550614356995,0.0014764070510864258,1.7232872247695923
0,311,0.46990129351615906,-0.1153378114104271,1.1656215190887451,0.0851556658744812,-0.47255033254623413,-0.698540210723877,0.0014810562133789062,1.729748249053955
0,312,0.4701988399028778,-0.11539964377880096,1.165785789489746,0.08526019752025604,-0.47131556272506714,-0.7006254196166992,0.0014859437942504883,1.7360724210739136
0,313,0.4704965054988861,-0.11546160280704498,1.165949821472168,0.08535692095756531,-0.4700813889503479,-0.702711820602417,0.001490950584411621,1.7423735857009888
0,314,0.47079482674598694,-0.11552409827709198,1.1661142110824585,0.08544508367776871,-0.46884751319885254,-0.7048014998435974,0.0014961957931518555,1.7484283447265625
0,315,0.4710942208766937,-0.11558764427900314,1.1662790775299072,0.08552366495132446,-0.46761322021484375,-0.7068976759910583,0.0015016794204711914,1.7540158033370972
0,316,0.4713950753211975,-0.11565277725458145,1.1664447784423828,0.0855916440486908,-0.46637797355651855,-0.7090033888816833,0.0015072822570800781,1.7592519521713257
0,317,0.471697598695755,-0.11571972072124481,1.1666114330291748,0.08564827591180801,-0.46514084935188293,-0.7111202478408813,0.0015131235122680664,1.7639179229736328
0,318,0.47200167179107666,-0.11578834056854248,1.1667789220809937,0.08569391816854477,-0.4639021158218384,-0.7132474184036255,0.0015189647674560547,1.7681288719177246
0,319,0.4723069369792938,-0.11585820466279984,1.1669470071792603,0.08572941273450851,-0.4626629948616028,-0.7153827548027039,0.0015249252319335938,1.7718881368637085
0,320,0.47261300683021545,-0.11592870205640793,1.167115330696106,0.08575551211833954,-0.46142393350601196,-0.7175226807594299,0.0015311241149902344,1.7754188776016235
0,321,0.4729195237159729,-0.11599915474653244,1.167283535003662,0.0857735350728035,-0.4601857364177704,-0.7196641564369202,0.0015375614166259766,1.7787226438522339
0,322,0.47322630882263184,-0.11606884002685547,1.16745126247406,0.08578445762395859,-0.4589480757713318,-0.7218053936958313,0.0015439987182617188,1.7819105386734009
0,323,0.4735334813594818,-0.11613710969686508,1.1676180362701416,0.08578857034444809,-0.4577096998691559,-0.723945677280426,0.0015501976013183594,1.7849830389022827
0,324,0.47384124994277954,-0.116203173995018,1.167783260345459,0.08578655868768692,-0.45646795630455017,-0.726086437702179,0.001555800437927246,1.7883785963058472
0,325,0.4741499722003937,-0.11626628786325455,1.1679461002349854,0.08577825129032135,-0.4552197754383087,-0.728227972984314,0.0015598535537719727,1.7919862270355225
0,326,0.4744598865509033,-0.11632584035396576,1.1681063175201416,0.08576368540525436,-0.45396292209625244,-0.730371356010437,0.0015622377395629883,1.7962404489517212
0,327,0.47477102279663086,-0.11638174951076508,1.1682636737823486,0.0857427641749382,-0.452696830034256,-0.7325172424316406,0.0015628337860107422,1.80081045627594
0,328,0.4750833213329315,-0.11643436551094055,1.168418526649475,0.08571512252092361,-0.45142295956611633,-0.734665036201477,0.0015617609024047852,1.8059108257293701
0,329,0.47539639472961426,-0.11648431420326233,1.1685714721679688,0.08568073809146881,-0.4501439034938812,-0.7368135452270508,0.0015597343444824219,1.8109970092773438
0,330,0.4757100045681,-0.11653253436088562,1.168723225593567,0.08563925325870514,-0.4488629996776581,-0.738961935043335,0.0015572309494018555,1.816392183303833
0,331,0.4760238826274872,-0.11657994240522385,1.1688748598098755,0.08559000492095947,-0.44758251309394836,-0.7411104440689087,0.001555323600769043,1.8215564489364624
0,332,0.4763379395008087,-0.11662743240594864,1.16902756690979,0.08553186804056168,-0.44630298018455505,-0.7432597875595093,0.0015548467636108398,1.8264919519424438
0,333,0.47665244340896606,-0.11667601019144058,1.1691827774047852,0.0854637622833252,-0.4450245499610901,-0.745413064956665,0.001556992530822754,1.8312002420425415
0,334,0.4769676625728607,-0.11672668904066086,1.169342041015625,0.0853838324546814,-0.44374561309814453,-0.7475736141204834,0.0015627145767211914,1.8352570533752441
0,335,0.47728392481803894,-0.11678037792444229,1.1695069074630737,0.08529017120599747,-0.44246459007263184,-0.7497453093528748,0.001573324203491211,1.8390918970108032
0,336,0.47760143876075745,-0.11683768033981323,1.1696784496307373,0.08518174290657043,-0.44118160009384155,-0.7519302368164062,0.0015895366668701172,1.8422815799713135
0,337,0.4779201149940491,-0.11689844727516174,1.1698566675186157,0.08505871146917343,-0.4398960471153259,-0.7541284561157227,0.0016115903854370117,1.8451474905014038
0,338,0.4782397449016571,-0.1169620007276535,1.1700401306152344,0.08492199331521988,-0.4386090040206909,-0.75633704662323,0.001638174057006836,1.8473734855651855
0,339,0.47856006026268005,-0.11702726036310196,1.17022705078125,0.08477373421192169,-0.4373222887516022,-0.7585525512695312,0.0016679763793945312,1.8493852615356445
0,340,0.47888076305389404,-0.117093026638031,1.1704157590866089,0.0846160426735878,-0.43603748083114624,-0.7607706189155579,0.0016999244689941406,1.851183295249939
0,341,0.4792017936706543,-0.1171582043170929,1.1706039905548096,0.08445055782794952,-0.43475478887557983,-0.7629886865615845,0.00173187255859375,1.8526626825332642
0,342,0.47952353954315186,-0.11722172051668167,1.170790195465088,0.08427882194519043,-0.4334733188152313,-0.7652055025100708,0.0017626285552978516,1.854035496711731
0,343,0.47984665632247925,-0.11728249490261078,1.1709723472595215,0.08410277217626572,-0.4321925938129425,-0.7674208283424377,0.0017900466918945312,1.8553017377853394
0,344,0.4801717698574066,-0.1173393726348877,1.171148657798767,0.08392348885536194,-0.4309103190898895,-0.7696353793144226,0.0018124580383300781,1.8563562631607056
0,345,0.4804995357990265,-0.11739156395196915,1.171317458152771,0.08374183624982834,-0.42962467670440674,-0.7718498110771179,0.0018280744552612305,1.8573048114776611
0,346,0.48083025217056274,-0.11743875592947006,1.171478271484375,0.08355787396430969,-0.4283347427845001,-0.7740641236305237,0.001836538314819336,1.8585689067840576
0,347,0.48116356134414673,-0.11748123168945312,1.1716316938400269,0.0833713710308075,-0.42704150080680847,-0.7762784957885742,0.0018385648727416992,1.8593058586120605
0,348,0.4814988672733307,-0.11751995235681534,1.1717793941497803,0.08318111300468445,-0.42574653029441833,-0.7784923315048218,0.0018355846405029297,1.8602529764175415
0,349,0.4818352460861206,-0.11755628883838654,1.1719231605529785,0.08298574388027191,-0.42445215582847595,-0.7807055115699768,0.0018296241760253906,1.861094355583191
0,350,0.4821714758872986,-0.11759164184331894,1.1720645427703857,0.0827837809920311,-0.423159658908844,-0.7829180359840393,0.0018221139907836914,1.8616200685501099
0,351,0.4825059473514557,-0.11762767285108566,1.1722047328948975,0.08257389068603516,-0.4218701720237732,-0.7851309180259705,0.001814723014831543,1.8621455430984497
0,352,0.4828367233276367,-0.11766637116670609,1.1723443269729614,0.08235452324151993,-0.4205835163593292,-0.7873467803001404,0.0018080472946166992,1.862881064414978
0,353,0.4831615090370178,-0.11770995706319809,1.1724830865859985,0.0821247547864914,-0.4192987084388733,-0.789569079875946,0.001802206039428711,1.8642462491989136
0,354,0.483477920293808,-0.11776062101125717,1.1726210117340088,0.08188298344612122,-0.418014794588089,-0.7918012738227844,0.0017975568771362305,1.8664495944976807
0,355,0.48378440737724304,-0.11781993508338928,1.172757863998413,0.08162818849086761,-0.4167311191558838,-0.7940458059310913,0.0017940998077392578,1.8700110912322998
0,356,0.4840807616710663,-0.1178879588842392,1.172893762588501,0.08136061578989029,-0.4154473841190338,-0.7963033318519592,0.0017917156219482422,1.874714732170105
0,357,0.48436835408210754,-0.11796342581510544,1.1730287075042725,0.08108125627040863,-0.41416433453559875,-0.7985712885856628,0.0017902851104736328,1.8805515766143799
0,358,0.4846495985984802,-0.11804419010877609,1.173162817955017,0.08079087734222412,-0.4128827154636383,-0.8008468151092529,0.001789689064025879,1.887407660484314
0,359,0.48492735624313354,-0.11812770366668701,1.173296570777893,0.0804915502667427,-0.4116041362285614,-0.8031257390975952,0.001789689064025879,1.8946521282196045
0,360,0.4852045178413391,-0.11821159720420837,1.1734299659729004,0.0801846981048584,-0.41032862663269043,-0.8054052591323853,0.0017900466918945312,1.9018688201904297
0,361,0.4854837954044342,-0.11829374730587006,1.1735633611679077,0.07987148314714432,-0.4090559780597687,-0.8076841831207275,0.0017904043197631836,1.9089560508728027
0,362,0.48576819896698,-0.11837220937013626,1.173696517944336,0.07955297827720642,-0.40778523683547974,-0.8099620938301086,0.0017900466918945312,1.9151993989944458
0,363,0.4860607981681824,-0.11844506859779358,1.173829436302185,0.07923020422458649,-0.4065145254135132,-0.8122392296791077,0.0017882585525512695,1.9200981855392456
0,364,0.4863642454147339,-0.11851073801517487,1.1739622354507446,0.07890406250953674,-0.4052426218986511,-0.8145163655281067,0.001784682273864746,1.9234588146209717
0,365,0.48667973279953003,-0.11856848746538162,1.1740946769714355,0.07857457548379898,-0.40396860241889954,-0.81679368019104,0.0017788410186767578,1.9248827695846558
0,366,0.48700669407844543,-0.11861857771873474,1.1742267608642578,0.07824146747589111,-0.40269243717193604,-0.8190714716911316,0.0017709732055664062,1.924475908279419
0,367,0.4873429238796234,-0.11866243183612823,1.1743584871292114,0.07790431380271912,-0.4014168083667755,-0.8213491439819336,0.0017615556716918945,1.9223390817642212
0,368,0.4876851737499237,-0.1187019795179367,1.1744898557662964,0.07756172865629196,-0.40014246106147766,-0.8236262798309326,0.0017514228820800781,1.9189767837524414
0,369,0.48802995681762695,-0.11873923242092133,1.174620509147644,0.07721272855997086,-0.3988708257675171,-0.8259024620056152,0.0017409324645996094,1.9149951934814453
0,370,0.48837417364120483,-0.11877619475126266,1.174750566482544,0.07685604691505432,-0.397602915763855,-0.8281788229942322,0.001730799674987793,1.9109028577804565
0,371,0.48871493339538574,-0.11881470680236816,1.174879550933838,0.07649140059947968,-0.39633819460868835,-0.8304570913314819,0.0017211437225341797,1.907007098197937
0,372,0.4890492260456085,-0.11885663866996765,1.175006628036499,0.07611754536628723,-0.3950750231742859,-0.8327396512031555,0.001711726188659668,1.9044398069381714
0,373,0.48937442898750305,-0.11890386044979095,1.1751313209533691,0.07573400437831879,-0.39381223917007446,-0.835029661655426,0.0017025470733642578,1.9033089876174927
0,374,0.48968860507011414,-0.11895767599344254,1.1752532720565796,0.07534019649028778,-0.39254844188690186,-0.8373293876647949,0.0016934871673583984,1.9042341709136963
0,375,0.489991158246994,-0.11901836097240448,1.1753722429275513,0.07493630796670914,-0.39128366112709045,-0.8396399021148682,0.0016843080520629883,1.9072123765945435
0,376,0.490283340215683,-0.11908517777919769,1.1754887104034424,0.07452251762151718,-0.3900183439254761,-0.8419597148895264,0.0016753673553466797,1.912233829498291
0,377,0.490567684173584,-0.11915653944015503,1.1756032705307007,0.07409940659999847,-0.38875386118888855,-0.8442860841751099,0.0016665458679199219,1.918874740600586
0,378,0.4908472001552582,-0.1192304864525795,1.1757166385650635,0.07366815209388733,-0.3874918520450592,-0.846615731716156,0.0016580820083618164,1.9264070987701416
0,379,0.4911248981952667,-0.11930527538061142,1.1758294105529785,0.0732293650507927,-0.38623371720314026,-0.8489466905593872,0.0016499757766723633,1.9343152046203613
0,380,0.4914034605026245,-0.11937946826219559,1.1759421825408936,0.07278356701135635,-0.38497987389564514,-0.8512771725654602,0.0016421079635620117,1.9419894218444824
0,381,0.4916856288909912,-0.11945194005966187,1.1760553121566772,0.07233164459466934,-0.3837302029132843,-0.8536072373390198,0.001634359359741211,1.948830246925354
0,382,0.49197402596473694,-0.11952164769172668,1.176169514656067,0.07187461107969284,-0.38248419761657715,-0.8559375405311584,0.0016266107559204102,1.9542454481124878
0,383,0.49227088689804077,-0.11958786100149155,1.1762850284576416,0.07141286879777908,-0.38124123215675354,-0.8582693934440613,0.0016187429428100586,1.957747459411621
0,384,0.49257761240005493,-0.11965017765760422,1.1764020919799805,0.07094649970531464,-0.3800010085105896,-0.8606033325195312,0.0016106367111206055,1.9589465856552124
0,385,0.49289390444755554,-0.1197085827589035,1.176520586013794,0.07047579437494278,-0.37876376509666443,-0.8629394173622131,0.0016021728515625,1.9581472873687744
0,386,0.4932181239128113,-0.11976362764835358,1.176640272140503,0.06999994069337845,-0.37752965092658997,-0.8652767539024353,0.0015938282012939453,1.955446720123291
0,387,0.4935477077960968,-0.11981616169214249,1.1767604351043701,0.06951849907636642,-0.37629958987236023,-0.8676146268844604,0.0015853643417358398,1.951238751411438
0,388,0.49388009309768677,-0.11986716091632843,1.1768808364868164,0.06903089582920074,-0.3750744163990021,-0.8699523210525513,0.0015772581100463867,1.9461166858673096
0,389,0.49421289563179016,-0.11991741508245468,1.177000641822815,0.06853663921356201,-0.3738535940647125,-0.8722898364067078,0.0015693902969360352,1.9405778646469116
0,390,0.4945441484451294,-0.11996755748987198,1.1771188974380493,0.06803584843873978,-0.3726363480091095,-0.8746274709701538,0.0015611648559570312,1.9353266954421997
0,391,0.49487221240997314,-0.12001825869083405,1.1772347688674927,0.06752848625183105,-0.37142062187194824,-0.8769674897193909,0.0015521049499511719,1.9306694269180298
0,392,0.495195597410202,-0.12007008492946625,1.1773473024368286,0.06701549887657166,-0.3702051043510437,-0.8793113231658936,0.001541733741760254,1.927118182182312
0,393,0.4955131709575653,-0.12012355029582977,1.1774556636810303,0.06649650633335114,-0.368987500667572,-0.8816611170768738,0.0015292167663574219,1.924984335899353
0,394,0.49582451581954956,-0.12017877399921417,1.1775593757629395,0.06597191095352173,-0.36776694655418396,-0.8840177655220032,0.0015143156051635742,1.924475908279419
0,395,0.4961300492286682,-0.12023560702800751,1.1776587963104248,0.0654413029551506,-0.36654382944107056,-0.8863799571990967,0.0014972686767578125,1.9255943298339844
0,396,0.4964310824871063,-0.12029365450143814,1.1777548789978027,0.06490479409694672,-0.3653208315372467,-0.8887469172477722,0.0014785528182983398,1.9276258945465088
0,397,0.4967290461063385,-0.12035234272480011,1.1778488159179688,0.06436179578304291,-0.3640993535518646,-0.8911160230636597,0.0014591217041015625,1.930466651916504
0,398,0.4970254898071289,-0.12041124701499939,1.1779417991638184,0.063812255859375,-0.3628820776939392,-0.8934857249259949,0.0014396905899047852,1.933505654335022
0,399,0.49732157588005066,-0.12047021836042404,1.178034782409668,0.06325601041316986,-0.36167019605636597,-0.895855724811554,0.0014208555221557617,1.936438798904419
0,400,0.49761828780174255,-0.12052936106920242,1.1781286001205444,0.06269314140081406,-0.3604646921157837,-0.8982260227203369,0.001403212547302246,1.9390645027160645
0,401,0.49791648983955383,-0.12058914452791214,1.1782242059707642,0.06212383136153221,-0.35926592350006104,-0.9005979895591736,0.0013873577117919922,1.9407795667648315
0,402,0.49821674823760986,-0.12064990401268005,1.178322196006775,0.06154809147119522,-0.3580734133720398,-0.9029732346534729,0.0013734102249145508,1.9416868686676025
0,403,0.49851953983306885,-0.12071195989847183,1.1784231662750244,0.06096638739109039,-0.3568873703479767,-0.9053525328636169,0.0013619661331176758,1.941787838935852
0,404,0.49882495403289795,-0.12077540904283524,1.1785269975662231,0.06037863716483116,-0.35570794343948364,-0.9077364802360535,0.0013526678085327148,1.9404771327972412
0,405,0.4991324245929718,-0.12083989381790161,1.178633213043213,0.059784580022096634,-0.3545345067977905,-0.9101238250732422,0.001345515251159668,1.938660979270935
0,406,0.4994414150714874,-0.12090498954057693,1.1787410974502563,0.05918436124920845,-0.3533673882484436,-0.9125134348869324,0.001340031623840332,1.9359333515167236
0,407,0.4997512400150299,-0.12097015976905823,1.178849697113037,0.058577995747327805,-0.3522064685821533,-0.9149037003517151,0.0013355016708374023,1.9328981637954712
0,408,0.5000615119934082,-0.12103491276502609,1.1789581775665283,0.057965897023677826,-0.3510514199733734,-0.9172936677932739,0.0013315677642822266,1.9291481971740723
0,409,0.5003719329833984,-0.12109873443841934,1.179065227508545,0.05734868720173836,-0.3499009907245636,-0.919683039188385,0.001326918601989746,1.925492525100708
0,410,0.5006825923919678,-0.12116102874279022,1.1791698932647705,0.05672759562730789,-0.34875303506851196,-0.9220725893974304,0.001320958137512207,1.9216264486312866
0,411,0.5009936094284058,-0.12122121453285217,1.1792705059051514,0.056104276329278946,-0.34760522842407227,-0.9244625568389893,0.0013120174407958984,1.9178544282913208
0,412,0.5013054013252258,-0.12127885967493057,1.1793663501739502,0.05548010393977165,-0.3464556336402893,-0.9268543124198914,0.0012992620468139648,1.9138705730438232
0,413,0.5016180872917175,-0.12133371084928513,1.1794564723968506,0.05485549941658974,-0.345302939414978,-0.9292484521865845,0.0012820959091186523,1.9099810123443604
0,414,0.5019315481185913,-0.12138587236404419,1.1795412302017212,0.054230205714702606,-0.3441477119922638,-0.9316443800926208,0.0012606382369995117,1.905877947807312
0,415,0.5022456049919128,-0.12143576890230179,1.1796218156814575,0.05360335111618042,-0.3429918885231018,-0.9340416193008423,0.0012360811233520508,1.9018688201904297
0,416,0.5025601387023926,-0.12148401886224747,1.1796996593475342,0.05297279357910156,-0.3418372571468353,-0.9364395141601562,0.0012097358703613281,1.897748351097107
0,417,0.5028749108314514,-0.12153132259845734,1.1797763109207153,0.05233744531869888,-0.34068727493286133,-0.9388372302055359,0.001183152198791504,1.8934122323989868
0,418,0.5031901597976685,-0.12157844007015228,1.1798536777496338,0.05169563740491867,-0.33954307436943054,-0.9412351250648499,0.0011576414108276367,1.8885478973388672
0,419,0.5035061240196228,-0.12162605673074722,1.179934024810791,0.05104692652821541,-0.33840540051460266,-0.9436338543891907,0.0011355876922607422,1.8831515312194824
0,420,0.5038236379623413,-0.12167496979236603,1.1800196170806885,0.05039064213633537,-0.3372747600078583,-0.9460356831550598,0.0011185407638549805,1.8771142959594727
0,421,0.5041433572769165,-0.12172605842351913,1.1801129579544067,0.04972631856799126,-0.3361515998840332,-0.9484419822692871,0.0011087656021118164,1.8699065446853638
0,422,0.5044658780097961,-0.1217799112200737,1.1802157163619995,0.049053631722927094,-0.33503586053848267,-0.9508542418479919,0.0011075735092163086,1.8616200685501099
0,423,0.5047913789749146,-0.1218366026878357,1.180328607559204,0.04837273061275482,-0.3339274227619171,-0.9532732963562012,0.001115560531616211,1.8520289659500122
0,424,0.5051195621490479,-0.12189581990242004,1.180450201034546,0.04768386110663414,-0.33282631635665894,-0.9556980133056641,0.0011315345764160156,1.8412189483642578
0,425,0.5054495930671692,-0.12195677310228348,1.1805782318115234,0.046987298876047134,-0.3317323923110962,-0.9581268429756165,0.001153707504272461,1.8294895887374878
0,426,0.5057806968688965,-0.12201855331659317,1.1807100772857666,0.04628412052989006,-0.33064594864845276,-0.9605575203895569,0.0011799335479736328,1.8173617124557495
0,427,0.5061120986938477,-0.12208026647567749,1.1808427572250366,0.04557512700557709,-0.3295659124851227,-0.9629881381988525,0.001207590103149414,1.8045015335083008
0,428,0.5064433217048645,-0.12214113771915436,1.1809735298156738,0.04486257955431938,-0.3284929394721985,-0.9654176831245422,0.0012344121932983398,1.7913308143615723
0,429,0.5067739486694336,-0.12220041453838348,1.181099534034729,0.04414869099855423,-0.3274252116680145,-0.9678455591201782,0.001257777214050293,1.7782825231552124
0,430,0.5071038007736206,-0.1222573071718216,1.1812177896499634,0.04343663528561592,-0.3263615667819977,-0.9702712893486023,0.0012749433517456055,1.7650270462036133
0,431,0.507432758808136,-0.1223113164305687,1.1813254356384277,0.04272938147187233,-0.3253006637096405,-0.9726946353912354,0.0012832880020141602,1.7518947124481201
0,432,0.5077608823776245,-0.12236206978559494,1.181420922279358,0.042028576135635376,-0.32424196600914,-0.9751158952713013,0.0012812614440917969,1.739000916481018
0,433,0.5080880522727966,-0.1224096491932869,1.1815046072006226,0.04133426770567894,-0.32318517565727234,-0.9775350093841553,0.001269221305847168,1.7260106801986694
0,434,0.5084143877029419,-0.12245453149080276,1.1815783977508545,0.040644291788339615,-0.3221317529678345,-0.979952335357666,0.0012489557266235352,1.7130361795425415
0,435,0.5087400674819946,-0.12249746918678284,1.181645154953003,0.03995538130402565,-0.32108205556869507,-0.9823676347732544,0.0012230873107910156,1.700078010559082
0,436,0.5090649724006653,-0.12253936380147934,1.1817078590393066,0.039264749735593796,-0.3200385272502899,-0.9847820401191711,0.0011943578720092773,1.687020182609558
0,437,0.50938880443573,-0.12258124351501465,1.1817690134048462,0.03856998682022095,-0.3190022110939026,-0.9871958494186401,0.0011650323867797852,1.6739774942398071
0,438,0.5097106695175171,-0.12262432277202606,1.1818301677703857,0.0378696508705616,-0.31797510385513306,-0.9896103739738464,0.0011365413665771484,1.661068081855774
0,439,0.5100295543670654,-0.12267008423805237,1.1818925142288208,0.03716367855668068,-0.31695905327796936,-0.9920275211334229,0.0011099576950073242,1.6484136581420898
0,440,0.5103440880775452,-0.12272012233734131,1.1819568872451782,0.03645214065909386,-0.3159565329551697,-0.9944491386413574,0.0010859966278076172,1.6359007358551025
0,441,0.5106531381607056,-0.12277570366859436,1.1820237636566162,0.03573514148592949,-0.3149685263633728,-0.9968767762184143,0.001064896583557129,1.6243760585784912
0,442,0.5109561681747437,-0.12283731251955032,1.1820935010910034,0.035013388842344284,-0.31399625539779663,-0.9993113875389099,0.0010471343994140625,1.6132543087005615
0,443,0.5112537145614624,-0.12290449440479279,1.1821657419204712,0.0342869870364666,-0.3130389451980591,-1.001752257347107,0.0010322332382202148,1.6031544208526611
0,444,0.511546790599823,-0.12297598272562027,1.1822398900985718,0.033555805683135986,-0.3120947480201721,-1.0041978359222412,0.0010198354721069336,1.5933588743209839
0,445,0.5118371844291687,-0.12305000424385071,1.1823151111602783,0.03281994163990021,-0.31116169691085815,-1.0066457986831665,0.0010088682174682617,1.5838735103607178
0,446,0.5121263861656189,-0.12312477827072144,1.1823903322219849,0.032079923897981644,-0.310238242149353,-1.0090943574905396,0.0009986162185668945,1.5742067098617554
0,447,0.512415885925293,-0.1231987327337265,1.1824644804000854,0.03133654221892357,-0.30932334065437317,-1.0115416049957275,0.000988006591796875,1.5641049146652222
0,448,0.5127074122428894,-0.12327023595571518,1.1825363636016846,0.030592119321227074,-0.3084169924259186,-1.0139871835708618,0.0009759664535522461,1.5534336566925049
0,449,0.5130025744438171,-0.12333779782056808,1.1826040744781494,0.029848560690879822,-0.3075191080570221,-1.0164294242858887,0.0009604692459106445,1.5409116744995117
0,450,0.5133029818534851,-0.12340003997087479,1.1826666593551636,0.02910907194018364,-0.3066312074661255,-1.0188685655593872,0.0009409189224243164,1.5267497301101685
0,451,0.5136095881462097,-0.12345600873231888,1.1827229261398315,0.028375687077641487,-0.3057536780834198,-1.0213035345077515,0.0009158849716186523,1.5102540254592896
0,452,0.5139225721359253,-0.12350565940141678,1.1827725172042847,0.02764786034822464,-0.30488595366477966,-1.0237351655960083,0.0008852481842041016,1.4914783239364624
0,453,0.5142410397529602,-0.12354980409145355,1.182816505432129,0.026924995705485344,-0.30402883887290955,-1.0261629819869995,0.0008499622344970703,1.4706015586853027
0,454,0.5145633816719055,-0.12358985841274261,1.1828563213348389,0.026204174384474754,-0.3031809329986572,-1.0285882949829102,0.0008115768432617188,1.448073387145996
0,455,0.514887809753418,-0.1236274391412735,1.1828935146331787,0.02548236772418022,-0.3023425042629242,-1.0310115814208984,0.0007714033126831055,1.4249145984649658
0,456,0.5152125358581543,-0.12366417795419693,1.1829293966293335,0.024757472798228264,-0.3015140891075134,-1.0334341526031494,0.0007308721542358398,1.400954246520996
0,457,0.5155359506607056,-0.12370160222053528,1.18296480178833,0.024027496576309204,-0.3006986677646637,-1.0358572006225586,0.0006906986236572266,1.3770034313201904
0,458,0.5158564448356628,-0.12374131381511688,1.1830006837844849,0.023291615769267082,-0.299900621175766,-1.0382832288742065,0.0006515979766845703,1.3529177904129028
0,459,0.5161724090576172,-0.1237848624587059,1.183037519454956,0.02254914492368698,-0.2991255223751068,-1.0407140254974365,0.000614166259765625,1.3291321992874146
0,460,0.5164825320243835,-0.123833566904068,1.1830755472183228,0.021799981594085693,-0.2983783781528473,-1.04315185546875,0.0005782842636108398,1.30551278591156
0,461,0.5167862176895142,-0.12388813495635986,1.1831148862838745,0.02104400098323822,-0.297661691904068,-1.045596957206726,0.0005439519882202148,1.2823741436004639
0,462,0.5170837044715881,-0.12394832074642181,1.1831556558609009,0.020281320437788963,-0.2969745695590973,-1.048049807548523,0.0005115270614624023,1.2592766284942627
0,463,0.5173762440681458,-0.12401294708251953,1.1831973791122437,0.01951303519308567,-0.296313613653183,-1.0505083799362183,0.00048029422760009766,1.236380696296692
0,464,0.5176653861999512,-0.12408032268285751,1.1832395792007446,0.018739750608801842,-0.2956726849079132,-1.0529704093933105,0.00045013427734375,1.213697910308838
0,465,0.5179528594017029,-0.12414871901273727,1.1832815408706665,0.01796223595738411,-0.2950468063354492,-1.0554333925247192,0.0004203319549560547,1.1902543306350708
0,466,0.5182402729988098,-0.12421655654907227,1.183322787284851,0.01718141883611679,-0.29443445801734924,-1.0578957796096802,0.0003905296325683594,1.1670105457305908
0,467,0.5185289978981018,-0.12428241223096848,1.183362364768982,0.016398519277572632,-0.2938372790813446,-1.0603560209274292,0.0003598928451538086,1.1426095962524414
0,468,0.5188203454017639,-0.12434479594230652,1.1833990812301636,0.015614299103617668,-0.29325833916664124,-1.0628141164779663,0.0003275871276855469,1.1168004274368286
0,469,0.5191155672073364,-0.12440233677625656,1.1834319829940796,0.014830450527369976,-0.29270312190055847,-1.0652683973312378,0.0002925395965576172,1.0889439582824707
0,470,0.5194154977798462,-0.1244540587067604,1.1834598779678345,0.014047516509890556,-0.2921754717826843,-1.0677194595336914,0.00025391578674316406,1.0583239793777466
0,471,0.5197204351425171,-0.12449969351291656,1.1834827661514282,0.013266006484627724,-0.2916766107082367,-1.0701663494110107,0.00021159648895263672,1.0252658128738403
0,472,0.5200297832489014,-0.12453984469175339,1.183501124382019,0.012486204504966736,-0.29120486974716187,-1.0726101398468018,0.00016605854034423828,0.9897226095199585
0,473,0.5203425884246826,-0.12457580119371414,1.1835161447525024,0.011706691235303879,-0.2907558083534241,-1.075050950050354,0.00011849403381347656,0.9522383213043213
0,474,0.5206575989723206,-0.12460920959711075,1.1835287809371948,0.010926014743745327,-0.290324330329895,-1.0774898529052734,6.949901580810547e-05,0.9130026698112488
0,475,0.5209739208221436,-0.12464190274477005,1.1835405826568604,0.010143059305846691,-0.28990790247917175,-1.0799272060394287,2.0384788513183594e-05,0.8733488917350769
0,476,0.5212909579277039,-0.12467584013938904,1.183552622795105,0.00935592595487833,-0.28950685262680054,-1.0823652744293213,2.8252601623535156e-05,0.8322774171829224
0,477,0.5216087698936462,-0.12471341341733932,1.1835659742355347,0.008562888018786907,-0.28912535309791565,-1.0848052501678467,7.593631744384766e-05,0.7905576825141907
0,478,0.5219278335571289,-0.12475728243589401,1.1835819482803345,0.0077617657370865345,-0.2887701392173767,-1.0872491598129272,0.00012218952178955078,0.7465102076530457
0,479,0.5222485065460205,-0.12480983138084412,1.1836012601852417,0.006950837559998035,-0.2884480357170105,-1.0896995067596436,0.00016701221466064453,0.7008131146430969
0,480,0.5225712060928345,-0.12487249076366425,1.1836247444152832,0.006129538640379906,-0.2881636619567871,-1.0921571254730225,0.00020992755889892578,0.6525209546089172
0,481,0.5228958129882812,-0.12494511902332306,1.1836521625518799,0.0052985576912760735,-0.28791680932044983,-1.0946223735809326,0.0002510547637939453,0.6019843220710754
0,482,0.5232216715812683,-0.12502600252628326,1.1836827993392944,0.004461925942450762,-0.28770318627357483,-1.0970944166183472,0.0002906322479248047,0.5496521592140198
0,483,0.5235468149185181,-0.1251124143600464,1.1837157011032104,0.003629338229075074,-0.287514328956604,-1.0995752811431885,0.0003285408020019531,0.49574556946754456
0,484,0.523867130279541,-0.12520143389701843,1.1837493181228638,0.002823780756443739,-0.2873428761959076,-1.102071762084961,0.0003650188446044922,0.4432314932346344
0,485,0.5241743326187134,-0.12529058754444122,1.1837828159332275,0.0020911446772515774,-0.2871814966201782,-1.1046028137207031,0.00039899349212646484,0.3941611051559448
0,486,0.5244538187980652,-0.12537766993045807,1.1838147640228271,0.0015127682127058506,-0.28702375292778015,-1.107204556465149,0.00042939186096191406,0.3494263291358948
0,487,0.5246848464012146,-0.12546081840991974,1.1838440895080566,0.0012047257041558623,-0.28686320781707764,-1.1099311113357544,0.00045418739318847656,0.3152790069580078
0,488,0.5248437523841858,-0.12553831934928894,1.1838698387145996,0.001299119321629405,-0.28669238090515137,-1.1128431558609009,0.00047087669372558594,0.2914123833179474
0,489,0.5249137878417969,-0.12561005353927612,1.1838847398757935,0.0018975207349285483,-0.286495566368103,-1.1159902811050415,0.000484466552734375,0.2853052616119385
0,490,0.5248910784721375,-0.1256771683692932,1.1838774681091309,0.0030297981575131416,-0.286251038312912,-1.1193890571594238,0.0005064010620117188,0.29208308458328247
0,491,0.5247787237167358,-0.12573860585689545,1.1838581562042236,0.004669335205107927,-0.28596916794776917,-1.123024344444275,0.0005266666412353516,0.3152790069580078
0,492,0.5245856642723083,-0.12579157948493958,1.183855414390564,0.006741952151060104,-0.2856876850128174,-1.1268550157546997,0.0005167722702026367,0.3516591191291809
0,493,0.5243300795555115,-0.12583515048027039,1.1838876008987427,0.009130722843110561,-0.28543397784233093,-1.130821943283081,0.0004603862762451172,0.3986038863658905
0,494,0.5240533351898193,-0.12587808072566986,1.1839100122451782,0.011645891703665257,-0.28515228629112244,-1.1348485946655273,0.0004101991653442383,0.45197463035583496
0,495,0.5237687826156616,-0.12592098116874695,1.1839299201965332,0.014204945415258408,-0.2848576307296753,-1.1388963460922241,0.00036084651947021484,0.5062904357910156
0,496,0.523484468460083,-0.12596479058265686,1.1839507818222046,0.01676028035581112,-0.2845610976219177,-1.1429446935653687,0.0003101825714111328,0.5602302551269531
0,497,0.5232031345367432,-0.12601038813591003,1.1839762926101685,0.019293807446956635,-0.28427621722221375,-1.146985650062561,0.00025522708892822266,0.6132554411888123
0,498,0.5229249000549316,-0.1260584443807602,1.1840099096298218,0.02180096134543419,-0.2840137481689453,-1.1510200500488281,0.00019276142120361328,0.6644076704978943
0,499,0.5226490497589111,-0.12610934674739838,1.184053897857666,0.024284470826387405,-0.2837817668914795,-1.1550495624542236,0.00012052059173583984,0.7121688723564148
0,500,0.5223748087882996,-0.1261630654335022,1.184108853340149,0.0267482940107584,-0.2835817337036133,-1.1590756177902222,3.7670135498046875e-05,0.7584719061851501
0,501,0.522101640701294,-0.12621916830539703,1.184173345565796,0.029196597635746002,-0.28340765833854675,-1.1631001234054565,5.447864532470703e-05,0.8025944232940674
0,502,0.5218294262886047,-0.12627695500850677,1.1842446327209473,0.031634241342544556,-0.28325027227401733,-1.1671229600906372,0.0001531839370727539,0.8448780179023743
0,503,0.5215581655502319,-0.1263357549905777,1.184319257736206,0.03406538441777229,-0.2830994427204132,-1.1711437702178955,0.0002554655075073242,0.886027991771698
0,504,0.5212883353233337,-0.12639521062374115,1.1843937635421753,0.03649361431598663,-0.28294819593429565,-1.175162672996521,0.00035774707794189453,0.9259841442108154
0,505,0.521020770072937,-0.12645544111728668,1.1844643354415894,0.03892304748296738,-0.2827957272529602,-1.1791791915893555,0.0004559755325317383,0.9644892811775208
0,506,0.5207570195198059,-0.12651707231998444,1.184527039527893,0.041358474642038345,-0.2826460003852844,-1.183193564414978,0.0005458593368530273,1.000146508216858
0,507,0.5204989910125732,-0.12658105790615082,1.1845771074295044,0.04380474239587784,-0.2825063467025757,-1.1872059106826782,0.0006221532821655273,1.0323034524917603
0,508,0.520248293876648,-0.12664827704429626,1.1846108436584473,0.046266548335552216,-0.28238391876220703,-1.1912167072296143,0.0006803274154663086,1.060171365737915
0,509,0.5200057029724121,-0.12671922147274017,1.1846263408660889,0.04874656721949577,-0.2822830080986023,-1.1952265501022339,0.0007183551788330078,1.0828169584274292
0,510,0.5197708606719971,-0.1267937272787094,1.1846245527267456,0.05124422907829285,-0.2822023034095764,-1.1992350816726685,0.000737309455871582,1.1003845930099487
0,511,0.5195422172546387,-0.12687109410762787,1.1846084594726562,0.05375608056783676,-0.2821353077888489,-1.203242540359497,0.0007405281066894531,1.1141690015792847
0,512,0.519317626953125,-0.12695014476776123,1.1845831871032715,0.05627785250544548,-0.2820743918418884,-1.207248568534851,0.0007338523864746094,1.125179409980774
0,513,0.519094705581665,-0.1270296722650528,1.1845537424087524,0.0588047057390213,-0.28201204538345337,-1.211253046989441,0.0007228851318359375,1.1347042322158813
0,514,0.5188713073730469,-0.12710845470428467,1.1845240592956543,0.06133253499865532,-0.2819438576698303,-1.2152562141418457,0.000712275505065918,1.1438078880310059
0,515,0.5186451077461243,-0.12718528509140015,1.1844979524612427,0.06385838240385056,-0.28186970949172974,-1.21925687789917,0.0007066726684570312,1.153687834739685
0,516,0.5184139609336853,-0.12725883722305298,1.184478759765625,0.06638017296791077,-0.28179222345352173,-1.2232561111450195,0.0007100105285644531,1.1648287773132324
0,517,0.5181758403778076,-0.12732790410518646,1.1844695806503296,0.06889639794826508,-0.28171566128730774,-1.2272534370422363,0.0007263422012329102,1.1775269508361816
0,518,0.5179291367530823,-0.1273915022611618,1.1844725608825684,0.07140626758337021,-0.28164345026016235,-1.2312495708465576,0.0007581710815429688,1.1923896074295044
0,519,0.5176734924316406,-0.1274493783712387,1.1844881772994995,0.07390952855348587,-0.2815767228603363,-1.2352436780929565,0.0008062124252319336,1.2096604108810425
0,520,0.5174098014831543,-0.12750214338302612,1.1845147609710693,0.07640679180622101,-0.28151389956474304,-1.2392364740371704,0.0008685588836669922,1.2286008596420288
0,521,0.5171400904655457,-0.12755097448825836,1.1845496892929077,0.0789002776145935,-0.28145134449005127,-1.2432279586791992,0.0009418725967407227,1.2489783763885498
0,522,0.5168668031692505,-0.12759730219841003,1.1845893859863281,0.08139167726039886,-0.28138452768325806,-1.2472176551818848,0.0010218620300292969,1.270569920539856
0,523,0.5165922045707703,-0.12764254212379456,1.184630036354065,0.08388349413871765,-0.281309574842453,-1.2512054443359375,0.0011037588119506836,1.2916489839553833
0,524,0.5163186192512512,-0.12768812477588654,1.1846678256988525,0.08637893199920654,-0.28122469782829285,-1.2551912069320679,0.001183152198791504,1.3122406005859375
0,525,0.5160481333732605,-0.12773549556732178,1.184698224067688,0.08888189494609833,-0.2811296880245209,-1.2591744661331177,0.0012545585632324219,1.331191897392273
0,526,0.5157830119132996,-0.12778614461421967,1.1847167015075684,0.09139710664749146,-0.2810254693031311,-1.2631551027297974,0.0013126134872436523,1.3475555181503296
0,527,0.5155251622200012,-0.12784142792224884,1.184719204902649,0.093929722905159,-0.280913770198822,-1.2671328783035278,0.0013524293899536133,1.3602745532989502
0,528,0.5152755379676819,-0.1279020607471466,1.1847033500671387,0.09648244082927704,-0.28079521656036377,-1.2711071968078613,0.0013713836669921875,1.3690218925476074
0,529,0.5150339603424072,-0.1279679387807846,1.1846691370010376,0.0990547314286232,-0.280670166015625,-1.2750784158706665,0.0013693571090698242,1.3738733530044556
0,530,0.514799177646637,-0.12803815305233002,1.1846200227737427,0.10164357721805573,-0.28053703904151917,-1.2790464162826538,0.00135040283203125,1.375296950340271
0,531,0.5145689249038696,-0.12811122834682465,1.1845604181289673,0.10424352437257767,-0.2803944945335388,-1.2830114364624023,0.0013195276260375977,1.3743005990982056
0,532,0.5143408179283142,-0.12818554043769836,1.184495449066162,0.10684943944215775,-0.28024089336395264,-1.286973476409912,0.0012829303741455078,1.3720203638076782
0,533,0.5141127109527588,-0.1282595992088318,1.1844297647476196,0.1094573363661766,-0.2800748348236084,-1.2909327745437622,0.0012460947036743164,1.3697364330291748
0,534,0.5138826370239258,-0.1283322125673294,1.1843671798706055,0.11206376552581787,-0.27989575266838074,-1.2948896884918213,0.0012135505676269531,1.3674486875534058
0,535,0.513648509979248,-0.12840209901332855,1.1843115091323853,0.11466693878173828,-0.27970272302627563,-1.2988444566726685,0.0011898279190063477,1.3668761253356934
0,536,0.5134086012840271,-0.1284680962562561,1.184266448020935,0.11726581305265427,-0.279495507478714,-1.3027963638305664,0.0011792182922363281,1.368307113647461
0,537,0.5131613612174988,-0.12852932512760162,1.184234380722046,0.1198592483997345,-0.27927425503730774,-1.3067457675933838,0.0011850595474243164,1.3720203638076782
0,538,0.5129062533378601,-0.12858544290065765,1.1842162609100342,0.12244626879692078,-0.27903804183006287,-1.3106929063796997,0.001208186149597168,1.3785656690597534
0,539,0.5126438736915588,-0.12863679230213165,1.1842108964920044,0.12502770125865936,-0.27878719568252563,-1.3146371841430664,0.001247406005859375,1.3876208066940308
0,540,0.5123759508132935,-0.12868429720401764,1.1842154264450073,0.1276048719882965,-0.2785222828388214,-1.3185789585113525,0.001299142837524414,1.398297667503357
0,541,0.5121043920516968,-0.12872925400733948,1.1842262744903564,0.13017888367176056,-0.2782437801361084,-1.3225178718566895,0.0013592243194580078,1.410282015800476
0,542,0.5118313431739807,-0.12877297401428223,1.184239149093628,0.13275183737277985,-0.27795150876045227,-1.3264539241790771,0.0014225244522094727,1.4224404096603394
0,543,0.5115587115287781,-0.12881673872470856,1.1842502355575562,0.1353255808353424,-0.2776452302932739,-1.3303872346878052,0.0014843940734863281,1.4343594312667847
0,544,0.5112883448600769,-0.12886188924312592,1.1842554807662964,0.1379033327102661,-0.27732402086257935,-1.334317684173584,0.001540064811706543,1.4450973272323608
0,545,0.5110219717025757,-0.12890975177288055,1.1842505931854248,0.140488401055336,-0.27698642015457153,-1.338244915008545,0.0015844106674194336,1.4540073871612549
0,546,0.5107612609863281,-0.12896154820919037,1.1842315196990967,0.1430843621492386,-0.27663108706474304,-1.3421695232391357,0.0016127824783325195,1.4607212543487549
0,547,0.5105071663856506,-0.12901806831359863,1.1841957569122314,0.14569348096847534,-0.27625665068626404,-1.3460912704467773,0.0016222000122070312,1.4643338918685913
0,548,0.5102598667144775,-0.12907937169075012,1.18414306640625,0.14831596612930298,-0.2758631408214569,-1.3500100374221802,0.0016121864318847656,1.4651355743408203
0,549,0.5100183486938477,-0.1291448473930359,1.1840757131576538,0.15094943344593048,-0.2754509747028351,-1.3539254665374756,0.0015854835510253906,1.4636656045913696
0,550,0.5097808837890625,-0.12921321392059326,1.1839978694915771,0.15359066426753998,-0.2750222682952881,-1.3578373193740845,0.001547098159790039,1.4600512981414795
0,551,0.5095456838607788,-0.12928301095962524,1.183914065361023,0.15623502433300018,-0.27457761764526367,-1.3617457151412964,0.0015021562576293945,1.455621600151062
0,552,0.5093109011650085,-0.12935298681259155,1.1838287115097046,0.15887941420078278,-0.27411800622940063,-1.3656507730484009,0.0014557838439941406,1.4509085416793823
0,553,0.5090749859809875,-0.12942208349704742,1.1837459802627563,0.16152139008045197,-0.2736435532569885,-1.3695522546768188,0.0014129877090454102,1.4464508295059204
0,554,0.5088364481925964,-0.12948943674564362,1.1836692094802856,0.1641586869955063,-0.2731530964374542,-1.3734503984451294,0.001377701759338379,1.4427932500839233
0,555,0.5085938572883606,-0.12955430150032043,1.183602213859558,0.16678956151008606,-0.2726447284221649,-1.3773465156555176,0.0013540983200073242,1.4406216144561768
0,556,0.5083461403846741,-0.12961600720882416,1.1835479736328125,0.16941314935684204,-0.27211689949035645,-1.3812406063079834,0.0013458728790283203,1.4404857158660889
0,557,0.5080926418304443,-0.1296742558479309,1.1835078001022339,0.17202866077423096,-0.2715685963630676,-1.3851330280303955,0.0013544559478759766,1.4423863887786865
0,558,0.5078337788581848,-0.1297292858362198,1.183481216430664,0.17463645339012146,-0.2710007429122925,-1.3890235424041748,0.0013791322708129883,1.446044921875
0,559,0.5075703859329224,-0.1297815591096878,1.1834654808044434,0.1772371530532837,-0.27041420340538025,-1.3929119110107422,0.0014170408248901367,1.4515827894210815
0,560,0.5073040723800659,-0.12983188033103943,1.1834566593170166,0.17983190715312958,-0.26981043815612793,-1.3967974185943604,0.0014636516571044922,1.458039402961731
0,561,0.5070364475250244,-0.1298811286687851,1.1834509372711182,0.1824229657649994,-0.2691916525363922,-1.4006789922714233,0.0015143156051635742,1.4648683071136475
0,562,0.5067687034606934,-0.12993007898330688,1.1834442615509033,0.18501172959804535,-0.26855790615081787,-1.4045568704605103,0.0015647411346435547,1.4715327024459839
0,563,0.5065020322799683,-0.12997950613498688,1.1834328174591064,0.18759965896606445,-0.2679080665111542,-1.4084309339523315,0.001610398292541504,1.4775049686431885
0,564,0.5062375664710999,-0.13003025949001312,1.1834125518798828,0.19018839299678802,-0.26723986864089966,-1.4123018980026245,0.001646876335144043,1.4827934503555298
0,565,0.5059762597084045,-0.13008318841457367,1.1833796501159668,0.1927802413702011,-0.26655107736587524,-1.416170358657837,0.0016696453094482422,1.48674738407135
0,566,0.5057188868522644,-0.13013887405395508,1.1833313703536987,0.19537633657455444,-0.26583972573280334,-1.420036792755127,0.0016758441925048828,1.489246129989624
0,567,0.5054654479026794,-0.1301974058151245,1.1832668781280518,0.19797714054584503,-0.2651052474975586,-1.423901081085205,0.0016644001007080078,1.4905595779418945
0,568,0.505215585231781,-0.13025842607021332,1.1831879615783691,0.20058134198188782,-0.26434823870658875,-1.4277629852294922,0.0016374588012695312,1.4902970790863037
0,569,0.5049683451652527,-0.1303212195634842,1.183098316192627,0.20318739116191864,-0.2635716497898102,-1.4316214323043823,0.001598954200744629,1.489114761352539
0,570,0.5047226548194885,-0.13038495182991028,1.183002233505249,0.2057926505804062,-0.26277732849121094,-1.435476541519165,0.0015538930892944336,1.4874054193496704
0,571,0.5044775009155273,-0.13044889271259308,1.18290376663208,0.208395317196846,-0.2619677782058716,-1.4393266439437866,0.0015065670013427734,1.4854304790496826
0,572,0.5042319893836975,-0.13051250576972961,1.1828067302703857,0.2109934240579605,-0.26114311814308167,-1.443172574043274,0.0014611482620239258,1.4835851192474365
0,573,0.5039854645729065,-0.1305755376815796,1.182714819908142,0.21358542144298553,-0.260302871465683,-1.4470149278640747,0.001421809196472168,1.4817372560501099
0,574,0.5037372708320618,-0.1306377798318863,1.182631254196167,0.21616993844509125,-0.25944530963897705,-1.450854778289795,0.0013918876647949219,1.4806803464889526
0,575,0.5034868717193604,-0.13069918751716614,1.1825592517852783,0.2187458723783493,-0.25856831669807434,-1.454693078994751,0.0013747215270996094,1.4805481433868408
0,576,0.5032340288162231,-0.13075968623161316,1.1825003623962402,0.22131241858005524,-0.25767093896865845,-1.4585309028625488,0.0013720989227294922,1.4812088012695312
0,577,0.5029788017272949,-0.1308193802833557,1.1824544668197632,0.2238691747188568,-0.25675299763679504,-1.4623677730560303,0.001383662223815918,1.482925295829773
0,578,0.5027216076850891,-0.1308782994747162,1.1824193000793457,0.22641773521900177,-0.2558162808418274,-1.4662028551101685,0.0014072656631469727,1.4855623245239258
0,579,0.5024629831314087,-0.13093651831150055,1.1823915243148804,0.22895829379558563,-0.2548622190952301,-1.470035195350647,0.001439213752746582,1.4885889291763306
0,580,0.502203643321991,-0.13099415600299835,1.182367205619812,0.23149238526821136,-0.2538924515247345,-1.473863124847412,0.0014754533767700195,1.491871953010559
0,581,0.5019439458847046,-0.13105131685733795,1.1823428869247437,0.23402097821235657,-0.25290772318840027,-1.477686882019043,0.001512289047241211,1.4950168132781982
0,582,0.5016841888427734,-0.1311081349849701,1.1823149919509888,0.23654477298259735,-0.2519073784351349,-1.4815057516098022,0.0015461444854736328,1.4981549978256226
0,583,0.5014247894287109,-0.13116472959518433,1.1822799444198608,0.23906415700912476,-0.25088855624198914,-1.485320806503296,0.0015732049942016602,1.5011563301086426
0,584,0.5011657476425171,-0.13122126460075378,1.1822340488433838,0.24157987534999847,-0.2498486191034317,-1.489133358001709,0.0015897750854492188,1.504281759262085
0,585,0.5009071230888367,-0.13127779960632324,1.182174563407898,0.2440921813249588,-0.2487850934267044,-1.4929436445236206,0.0015931129455566406,1.5072708129882812
0,586,0.5006490349769592,-0.1313343644142151,1.1821001768112183,0.2466004490852356,-0.24769608676433563,-1.4967527389526367,0.0015817880630493164,1.5105130672454834
0,587,0.5003914833068848,-0.1313909888267517,1.1820120811462402,0.2491045445203781,-0.24658294022083282,-1.50055992603302,0.001556992530822754,1.5138778686523438
0,588,0.5001342296600342,-0.13144750893115997,1.1819133758544922,0.25160449743270874,-0.2454485297203064,-1.5043638944625854,0.001522064208984375,1.5172349214553833
0,589,0.49987709522247314,-0.1315038651227951,1.1818078756332397,0.25409889221191406,-0.2442956119775772,-1.5081639289855957,0.001480698585510254,1.5203273296356201
0,590,0.49962010979652405,-0.13156001269817352,1.181699514389038,0.2565873861312866,-0.24312704801559448,-1.5119590759277344,0.0014368295669555664,1.5236704349517822
0,591,0.4993632733821869,-0.13161605596542358,1.1815917491912842,0.25906917452812195,-0.24194376170635223,-1.5157487392425537,0.001394033432006836,1.5268778800964355
0,592,0.4991067945957184,-0.1316724270582199,1.181488037109375,0.26154381036758423,-0.24074606597423553,-1.5195339918136597,0.0013555288314819336,1.529950737953186
0,593,0.4988510310649872,-0.13172967731952667,1.1813913583755493,0.26401010155677795,-0.23953188955783844,-1.5233161449432373,0.0013240575790405273,1.5328898429870605
0,594,0.49859619140625,-0.13178838789463043,1.181304693222046,0.26646748185157776,-0.23830053210258484,-1.5270968675613403,0.0013023614883422852,1.5353134870529175
0,595,0.49834245443344116,-0.13184897601604462,1.181229829788208,0.2689149081707001,-0.23704993724822998,-1.5308772325515747,0.0012919902801513672,1.5379879474639893
0,596,0.4980899393558502,-0.1319114863872528,1.1811665296554565,0.27135178446769714,-0.23577995598316193,-1.5346570014953613,0.0012928247451782227,1.5402765274047852
0,597,0.49783846735954285,-0.13197559118270874,1.181113600730896,0.273779034614563,-0.23449155688285828,-1.538435935974121,0.0013036727905273438,1.542434811592102
0,598,0.49758777022361755,-0.13204073905944824,1.1810681819915771,0.276197612285614,-0.23318710923194885,-1.5422120094299316,0.0013219118118286133,1.5444635152816772
0,599,0.4973374307155609,-0.132106214761734,1.181026577949524,0.2786075174808502,-0.2318672388792038,-1.5459833145141602,0.0013442039489746094,1.5463629961013794
0,600,0.4970870018005371,-0.13217146694660187,1.1809858083724976,0.2810094356536865,-0.2305329442024231,-1.5497498512268066,0.001367807388305664,1.5483864545822144
0,601,0.49683597683906555,-0.13223592936992645,1.1809428930282593,0.2834039032459259,-0.22918355464935303,-1.5535109043121338,0.0013899803161621094,1.5505335330963135
0,602,0.4965837895870209,-0.13229911029338837,1.1808942556381226,0.28579002618789673,-0.22781725227832794,-1.5572667121887207,0.001407623291015625,1.553181767463684
0,603,0.49632975459098816,-0.1323605626821518,1.180836796760559,0.28816717863082886,-0.22643020749092102,-1.5610198974609375,0.0014178752899169922,1.5567055940628052
0,604,0.49607324600219727,-0.13241985440254211,1.180767297744751,0.2905336916446686,-0.22501926124095917,-1.5647704601287842,0.0014178752899169922,1.5612245798110962
0,605,0.4958139955997467,-0.1324768215417862,1.1806846857070923,0.29288947582244873,-0.2235831320285797,-1.568519949913025,0.0014066696166992188,1.5667301416397095
0,606,0.4955521523952484,-0.13253153860569,1.1805893182754517,0.2952345013618469,-0.22212232649326324,-1.5722675323486328,0.0013844966888427734,1.5739580392837524
0,607,0.495288223028183,-0.1325843334197998,1.1804838180541992,0.297569215297699,-0.22063924372196198,-1.5760124921798706,0.0013538599014282227,1.5816478729248047
0,608,0.49502289295196533,-0.1326357126235962,1.1803715229034424,0.29989442229270935,-0.21913737058639526,-1.5797533988952637,0.001317739486694336,1.5901623964309692
0,609,0.49475693702697754,-0.13268624246120453,1.1802560091018677,0.30221065878868103,-0.21761979162693024,-1.5834888219833374,0.0012791156768798828,1.598753809928894
0,610,0.4944911301136017,-0.13273656368255615,1.180140495300293,0.304517924785614,-0.2160884141921997,-1.5872184038162231,0.0012410879135131836,1.6074211597442627
0,611,0.4942263066768646,-0.1327875852584839,1.1800282001495361,0.3068167269229889,-0.2145439237356186,-1.590942621231079,0.0012061595916748047,1.6156785488128662
0,612,0.49396345019340515,-0.13284027576446533,1.1799217462539673,0.30910614132881165,-0.2129850685596466,-1.594663143157959,0.0011763572692871094,1.623412013053894
0,613,0.49370336532592773,-0.1328955888748169,1.1798235177993774,0.31138572096824646,-0.21141014993190765,-1.5983816385269165,0.001153707504272461,1.6303887367248535
0,614,0.4934466779232025,-0.13295429944992065,1.1797356605529785,0.31365466117858887,-0.20981793105602264,-1.6020995378494263,0.0011397600173950195,1.636857509613037
0,615,0.4931935667991638,-0.13301657140254974,1.17965829372406,0.3159122169017792,-0.20820803940296173,-1.6058169603347778,0.0011345148086547852,1.6423479318618774
0,616,0.492943674325943,-0.13308201730251312,1.1795904636383057,0.318158894777298,-0.20658086240291595,-1.6095330715179443,0.0011374950408935547,1.647226095199585
0,617,0.49269619584083557,-0.13314974308013916,1.1795297861099243,0.3203950822353363,-0.20493803918361664,-1.6132465600967407,0.0011464357376098633,1.651734471321106
0,618,0.49245014786720276,-0.1332186609506607,1.1794735193252563,0.322621613740921,-0.20328105986118317,-1.6169557571411133,0.0011594295501708984,1.6558760404586792
0,619,0.4922044575214386,-0.13328777253627777,1.1794188022613525,0.3248385787010193,-0.20161116123199463,-1.620659589767456,0.0011742115020751953,1.6597716808319092
0,620,0.49195823073387146,-0.1333562135696411,1.1793626546859741,0.32704609632492065,-0.1999278962612152,-1.6243573427200317,0.0011882781982421875,1.6640108823776245
0,621,0.49171048402786255,-0.13342322409152985,1.179302453994751,0.3292424976825714,-0.198229119181633,-1.6280494928359985,0.001199483871459961,1.668825626373291
0,622,0.49146008491516113,-0.13348807394504547,1.1792348623275757,0.3314259350299835,-0.19651183485984802,-1.631738305091858,0.0012053251266479492,1.6745619773864746
0,623,0.4912061095237732,-0.13355016708374023,1.1791574954986572,0.3335946500301361,-0.19477280974388123,-1.635424256324768,0.0012036561965942383,1.6815592050552368
0,624,0.49094805121421814,-0.13360916078090668,1.179068684577942,0.33574777841567993,-0.19301016628742218,-1.6391088962554932,0.0011931657791137695,1.6901493072509766
0,625,0.49068596959114075,-0.13366509974002838,1.1789685487747192,0.3378850519657135,-0.19122423231601715,-1.642791986465454,0.0011739730834960938,1.7004233598709106
0,626,0.49042049050331116,-0.13371840119361877,1.1788591146469116,0.34000757336616516,-0.18941712379455566,-1.6464728116989136,0.0011477470397949219,1.7116647958755493
0,627,0.49015262722969055,-0.133769690990448,1.1787432432174683,0.34211695194244385,-0.18759213387966156,-1.6501493453979492,0.0011169910430908203,1.7237414121627808
0,628,0.4898836016654968,-0.13381974399089813,1.178624153137207,0.34421488642692566,-0.185752272605896,-1.6538206338882446,0.0010842084884643555,1.736185073852539
0,629,0.4896145164966583,-0.13386940956115723,1.178504467010498,0.34630194306373596,-0.18389995396137238,-1.6574856042861938,0.0010513067245483398,1.7486521005630493
0,630,0.48934632539749146,-0.13391949236392975,1.1783870458602905,0.3483787775039673,-0.18203577399253845,-1.6611453294754028,0.001020669937133789,1.7608087062835693
0,631,0.4890799820423126,-0.13397090137004852,1.1782742738723755,0.3504449129104614,-0.18015870451927185,-1.6648002862930298,0.0009940862655639648,1.7726610898971558
0,632,0.4888165295124054,-0.1340246945619583,1.1781682968139648,0.3524998128414154,-0.17826801538467407,-1.668452501296997,0.0009731054306030273,1.7837766408920288
0,633,0.4885566234588623,-0.1340816468000412,1.1780709028244019,0.3545418083667755,-0.17636212706565857,-1.672102928161621,0.0009590387344360352,1.7942780256271362
0,634,0.4883006513118744,-0.13414207100868225,1.177983045578003,0.3565710186958313,-0.17444005608558655,-1.6757527589797974,0.0009524822235107422,1.804067850112915
0,635,0.48804834485054016,-0.1342056840658188,1.1779038906097412,0.3585878312587738,-0.17250269651412964,-1.6794017553329468,0.0009529590606689453,1.813265085220337
0,636,0.48779889941215515,-0.1342717558145523,1.1778314113616943,0.3605923354625702,-0.17055104672908783,-1.683048129081726,0.0009586811065673828,1.821986198425293
0,637,0.4875513017177582,-0.13433927297592163,1.1777633428573608,0.36258554458618164,-0.16858690977096558,-1.6866905689239502,0.0009682178497314453,1.8301314115524292
0,638,0.4873044490814209,-0.1344071626663208,1.1776970624923706,0.3645675480365753,-0.16661086678504944,-1.6903268098831177,0.0009795427322387695,1.8384532928466797
0,639,0.4870573580265045,-0.13447467982769012,1.1776299476623535,0.3665383756160736,-0.1646232157945633,-1.6939576864242554,0.0009905099868774414,1.8468437194824219
0,640,0.4868091344833374,-0.13454115390777588,1.1775598526000977,0.3684963881969452,-0.1626225858926773,-1.6975828409194946,0.0009996891021728516,1.8556182384490967
0,641,0.48655885457992554,-0.13460612297058105,1.177484154701233,0.370439738035202,-0.1606067717075348,-1.7012038230895996,0.0010046958923339844,1.8648761510849
0,642,0.48630574345588684,-0.1346691995859146,1.1774005889892578,0.3723668158054352,-0.15857373178005219,-1.7048225402832031,0.0010037422180175781,1.8750278949737549
0,643,0.48604920506477356,-0.13473013043403625,1.1773077249526978,0.37427571415901184,-0.15652142465114594,-1.7084404230117798,0.0009958744049072266,1.8864742517471313
0,644,0.4857892394065857,-0.13478893041610718,1.177205204963684,0.3761657476425171,-0.15445007383823395,-1.712057113647461,0.0009804964065551758,1.898779273033142
0,645,0.48552629351615906,-0.1348457783460617,1.1770943403244019,0.37803807854652405,-0.1523604691028595,-1.7156720161437988,0.0009588003158569336,1.912233829498291
0,646,0.4852611720561981,-0.13490106165409088,1.1769776344299316,0.37989455461502075,-0.150255486369133,-1.7192835807800293,0.0009330511093139648,1.926203966140747
0,647,0.4849947988986969,-0.1349552571773529,1.1768574714660645,0.3817373514175415,-0.14813756942749023,-1.7228903770446777,0.0009049177169799805,1.9404771327972412
0,648,0.4847280979156494,-0.13500884175300598,1.1767364740371704,0.3835682272911072,-0.1460086703300476,-1.7264914512634277,0.0008766651153564453,1.9548463821411133
0,649,0.48446178436279297,-0.1350623369216919,1.1766167879104614,0.38538700342178345,-0.1438692957162857,-1.7300865650177002,0.0008499622344970703,1.9690113067626953
0,650,0.4841964840888977,-0.1351163536310196,1.1765005588531494,0.38719403743743896,-0.14171963930130005,-1.733676552772522,0.0008265972137451172,1.9829763174057007
0,651,0.48393285274505615,-0.1351715326309204,1.1763899326324463,0.38898766040802,-0.13955846428871155,-1.7372636795043945,0.0008083581924438477,1.9967459440231323
0,652,0.4836714267730713,-0.13522839546203613,1.1762863397598267,0.3907666802406311,-0.13738450407981873,-1.740848422050476,0.000796198844909668,2.010128974914551
0,653,0.4834124743938446,-0.13528722524642944,1.1761904954910278,0.3925298750400543,-0.1351969838142395,-1.7444323301315308,0.000790715217590332,2.0232303142547607
0,654,0.4831558167934418,-0.13534794747829437,1.1761023998260498,0.3942776620388031,-0.1329965442419052,-1.7480146884918213,0.0007920265197753906,2.0361509323120117
0,655,0.48290103673934937,-0.13541007041931152,1.1760203838348389,0.3960112929344177,-0.13078375160694122,-1.751595139503479,0.0007985830307006836,2.048799514770508
0,656,0.4826476275920868,-0.1354730725288391,1.1759424209594727,0.39773136377334595,-0.12856006622314453,-1.7551714181900024,0.0008089542388916016,2.0612752437591553
0,657,0.48239490389823914,-0.13553635776042938,1.1758663654327393,0.39943915605545044,-0.12632709741592407,-1.7587424516677856,0.0008211135864257812,2.0735816955566406
0,658,0.48214221000671387,-0.13559944927692413,1.1757900714874268,0.401134729385376,-0.12408436834812164,-1.762308120727539,0.0008335113525390625,2.085815668106079
0,659,0.48188915848731995,-0.13566212356090546,1.175711750984192,0.4028169512748718,-0.12183143943548203,-1.7658687829971313,0.0008444786071777344,2.0982580184936523
0,660,0.48163527250289917,-0.13572441041469574,1.1756290197372437,0.404483824968338,-0.11956825852394104,-1.7694259881973267,0.0008518695831298828,2.110719680786133
0,661,0.4813802242279053,-0.13578630983829498,1.1755402088165283,0.40613341331481934,-0.11729303002357483,-1.77298104763031,0.0008540153503417969,2.1235692501068115
0,662,0.481123685836792,-0.13584786653518677,1.1754437685012817,0.4077637195587158,-0.11500445753335953,-1.7765358686447144,0.0008497238159179688,2.1367995738983154
0,663,0.48086556792259216,-0.13590914011001587,1.1753395795822144,0.4093742072582245,-0.11270279437303543,-1.7800911664962769,0.0008387565612792969,2.1504948139190674
0,664,0.4806060791015625,-0.1359701305627823,1.1752281188964844,0.41096600890159607,-0.11038859188556671,-1.7836463451385498,0.0008215904235839844,2.1644649505615234
0,665,0.48034554719924927,-0.13603074848651886,1.1751114130020142,0.4125404953956604,-0.1080627292394638,-1.7871992588043213,0.000800013542175293,2.1787049770355225
0,666,0.4800843298435211,-0.136090949177742,1.174991488456726,0.4141000807285309,-0.10572712868452072,-1.790748953819275,0.0007760524749755859,2.192941904067993
0,667,0.47982287406921387,-0.13615070283412933,1.1748703718185425,0.4156465530395508,-0.1033826619386673,-1.794293761253357,0.000751495361328125,2.207352876663208
0,668,0.47956135869026184,-0.13620997965335846,1.1747498512268066,0.41718000173568726,-0.10102982819080353,-1.797832727432251,0.0007280111312866211,2.221494197845459
0,669,0.4792999029159546,-0.13626894354820251,1.1746317148208618,0.41869980096817017,-0.09866867959499359,-1.801367163658142,0.0007073879241943359,2.235896348953247
0,670,0.47903862595558167,-0.13632774353027344,1.1745176315307617,0.42020490765571594,-0.09629891067743301,-1.8048982620239258,0.0006910562515258789,2.25011944770813
0,671,0.4787776470184326,-0.13638637959957123,1.1744089126586914,0.42169299721717834,-0.09391956031322479,-1.8084264993667603,0.0006804466247558594,2.2644262313842773
0,672,0.47851693630218506,-0.1364450305700302,1.1743065118789673,0.4231632351875305,-0.09153048694133759,-1.8119537830352783,0.0006765127182006836,2.2786428928375244
0,673,0.4782564640045166,-0.13650372624397278,1.1742100715637207,0.4246150553226471,-0.08913153409957886,-1.8154799938201904,0.0006786584854125977,2.293198585510254
0,674,0.47799625992774963,-0.1365623027086258,1.1741187572479248,0.42604994773864746,-0.08672346919775009,-1.8190035820007324,0.0006862878799438477,2.30757737159729
0,675,0.477736234664917,-0.13662071526050568,1.1740309000015259,0.4274691641330719,-0.08430661261081696,-1.8225245475769043,0.0006977319717407227,2.322036027908325
0,676,0.4774763882160187,-0.13667887449264526,1.1739447116851807,0.42887479066848755,-0.0818822905421257,-1.8260412216186523,0.0007112026214599609,2.3365726470947266
0,677,0.4772167205810547,-0.1367369145154953,1.1738587617874146,0.43026742339134216,-0.07945096492767334,-1.8295527696609497,0.0007251501083374023,2.3507697582244873
0,678,0.47695720195770264,-0.1367950588464737,1.1737715005874634,0.43164709210395813,-0.07701350003480911,-1.833060622215271,0.0007381439208984375,2.364964485168457
0,679,0.47669801115989685,-0.13685373961925507,1.1736811399459839,0.4330114722251892,-0.07456941157579422,-1.8365657329559326,0.0007481575012207031,2.3788275718688965
0,680,0.4764392077922821,-0.13691341876983643,1.173586368560791,0.43435898423194885,-0.07211906462907791,-1.8400706052780151,0.0007536411285400391,2.3926920890808105
0,681,0.47618070244789124,-0.13697449862957,1.1734857559204102,0.4356873333454132,-0.069662906229496,-1.8435760736465454,0.0007531642913818359,2.40615177154541
0,682,0.4759226143360138,-0.13703720271587372,1.173378825187683,0.4369957149028778,-0.06720083206892014,-1.8470840454101562,0.0007462501525878906,2.4194555282592773
0,683,0.4756649136543274,-0.13710138201713562,1.1732661724090576,0.43828466534614563,-0.06473302096128464,-1.850593090057373,0.0007333755493164062,2.4324452877044678
0,684,0.47540754079818726,-0.1371665596961975,1.1731489896774292,0.4395560026168823,-0.0622590146958828,-1.8541027307510376,0.0007159709930419922,2.4452059268951416
0,685,0.47515031695365906,-0.13723224401474,1.173028826713562,0.4408119320869446,-0.05977925658226013,-1.8576103448867798,0.0006958246231079102,2.4578208923339844
0,686,0.47489312291145325,-0.1372978687286377,1.1729074716567993,0.4420538544654846,-0.05729367211461067,-1.8611146211624146,0.0006747245788574219,2.47029185295105
0,687,0.47463569045066833,-0.13736292719841003,1.1727862358093262,0.4432825744152069,-0.054802097380161285,-1.8646143674850464,0.0006544589996337891,2.4827795028686523
0,688,0.47437775135040283,-0.13742703199386597,1.1726664304733276,0.4444972276687622,-0.05230430141091347,-1.8681100606918335,0.0006363391876220703,2.4952826499938965
0,689,0.4741189479827881,-0.13748995959758759,1.1725491285324097,0.44569602608680725,-0.04980121925473213,-1.871602177619934,0.000621795654296875,2.5078799724578857
0,690,0.47385886311531067,-0.13755136728286743,1.1724354028701782,0.44687625765800476,-0.04729178547859192,-1.87509286403656,0.0006121397018432617,2.5207250118255615
0,691,0.47359728813171387,-0.1376110464334488,1.1723257303237915,0.44803667068481445,-0.0447767972946167,-1.8785816431045532,0.0006079673767089844,2.533813714981079
0,692,0.4733341336250305,-0.13766901195049286,1.17221999168396,0.4491768181324005,-0.04225606843829155,-1.8820700645446777,0.000609278678894043,2.547142744064331
0,693,0.4730696380138397,-0.13772545754909515,1.172117829322815,0.450297474861145,-0.03972968831658363,-1.8855570554733276,0.0006154775619506836,2.5607845783233643
0,694,0.4728042483329773,-0.13778068125247955,1.17201828956604,0.4514014422893524,-0.037197988480329514,-1.8890413045883179,0.0006253719329833984,2.5745065212249756
0,695,0.4725383520126343,-0.1378350853919983,1.1719202995300293,0.45249053835868835,-0.034661006182432175,-1.8925230503082275,0.0006375312805175781,2.5883822441101074
0,696,0.47227248549461365,-0.13788913190364838,1.1718226671218872,0.45356643199920654,-0.03211953490972519,-1.8960012197494507,0.0006506443023681641,2.602033853530884
0,697,0.47200703620910645,-0.13794338703155518,1.1717242002487183,0.45462891459465027,-0.029574383050203323,-1.899476170539856,0.0006629228591918945,2.615389585494995
0,698,0.47174251079559326,-0.1379987746477127,1.171623945236206,0.45567741990089417,-0.027027351781725883,-1.9029501676559448,0.0006731748580932617,2.6283795833587646
0,699,0.47147926688194275,-0.13805606961250305,1.1715208292007446,0.45670953392982483,-0.024479540064930916,-1.906424641609192,0.0006798505783081055,2.640787124633789
0,700,0.4712177813053131,-0.13811609148979187,1.171413779258728,0.45772331953048706,-0.021932512521743774,-1.9099019765853882,0.0006814002990722656,2.6525464057922363
0,701,0.47095808386802673,-0.13817927241325378,1.1713026762008667,0.458718478679657,-0.019388116896152496,-1.913382887840271,0.0006777048110961914,2.663445472717285
0,702,0.47070011496543884,-0.13824543356895447,1.171187162399292,0.4596942067146301,-0.016845129430294037,-1.9168678522109985,0.0006684064865112305,2.673494577407837
0,703,0.47044357657432556,-0.13831394910812378,1.1710684299468994,0.4606529772281647,-0.014302950352430344,-1.9203550815582275,0.000655055046081543,2.6829960346221924
0,704,0.4701879620552063,-0.1383838653564453,1.1709474325180054,0.46159619092941284,-0.011759701184928417,-1.9238427877426147,0.0006389617919921875,2.6920273303985596
0,705,0.46993276476860046,-0.13845421373844147,1.1708253622055054,0.4625258445739746,-0.00921405479311943,-1.9273287057876587,0.0006219148635864258,2.7006661891937256
0,706,0.46967750787734985,-0.1385241448879242,1.1707030534744263,0.46344226598739624,-0.006664593704044819,-1.9308120012283325,0.0006049871444702148,2.7094221115112305
0,707,0.46942147612571716,-0.1385929435491562,1.1705812215805054,0.46434491872787476,-0.004111748654395342,-1.934291958808899,0.0005894899368286133,2.7180776596069336
0,708,0.4691639840602875,-0.13865987956523895,1.1704604625701904,0.4652312994003296,-0.001555830822326243,-1.9377689361572266,0.0005766153335571289,2.7269930839538574
0,709,0.46890440583229065,-0.1387244462966919,1.17034113407135,0.46609950065612793,0.0010025204392150044,-1.9412449598312378,0.0005670785903930664,2.7360222339630127
0,710,0.4686422348022461,-0.138786181807518,1.1702234745025635,0.46694719791412354,0.0035627558827400208,-1.9447200298309326,0.0005614757537841797,2.745521068572998
0,711,0.46837735176086426,-0.13884490728378296,1.170107364654541,0.4677734673023224,0.006124713458120823,-1.9481948614120483,0.000559687614440918,2.7555556297302246
0,712,0.46811002492904663,-0.13890093564987183,1.1699929237365723,0.46857962012290955,0.00868843961507082,-1.9516689777374268,0.000561833381652832,2.765695095062256
0,713,0.46784090995788574,-0.13895487785339355,1.169879674911499,0.4693679213523865,0.011254115961492062,-1.9551423788070679,0.0005669593811035156,2.7761504650115967
0,714,0.46757078170776367,-0.13900749385356903,1.1697670221328735,0.4701409637928009,0.013821997679769993,-1.9586139917373657,0.0005737543106079102,2.7865664958953857
0,715,0.46730032563209534,-0.13905945420265198,1.1696546077728271,0.47090062499046326,0.01639217510819435,-1.9620835781097412,0.0005813837051391602,2.797013759613037
0,716,0.46703028678894043,-0.13911157846450806,1.1695421934127808,0.4716476798057556,0.018963266164064407,-1.9655507802963257,0.0005892515182495117,2.807143211364746
0,717,0.4667612910270691,-0.13916486501693726,1.1694289445877075,0.472381591796875,0.021533677354454994,-1.9690179824829102,0.0005958080291748047,2.8168888092041016
0,718,0.46649396419525146,-0.1392204612493515,1.1693148612976074,0.473100870847702,0.024099864065647125,-1.9724873304367065,0.0006005764007568359,2.825700283050537
0,719,0.46622878313064575,-0.1392793208360672,1.1691993474960327,0.47380417585372925,0.026659009978175163,-1.9759610891342163,0.0006023645401000977,2.8335177898406982
0,720,0.46596604585647583,-0.1393420398235321,1.1690821647644043,0.47449010610580444,0.029208969324827194,-1.9794397354125977,0.0006006956100463867,2.8402109146118164
0,721,0.4657057225704193,-0.139408677816391,1.1689634323120117,0.47515869140625,0.0317501574754715,-1.982924461364746,0.0005958080291748047,2.8459255695343018
0,722,0.4654473662376404,-0.1394784301519394,1.1688432693481445,0.47581127285957336,0.03428350016474724,-1.9864132404327393,0.0005879402160644531,2.8505303859710693
0,723,0.46519044041633606,-0.13955025374889374,1.168722152709961,0.4764494299888611,0.036813557147979736,-1.9899046421051025,0.0005784034729003906,2.8543732166290283
0,724,0.46493425965309143,-0.13962297141551971,1.1686005592346191,0.47707512974739075,0.03934179246425629,-1.9933958053588867,0.0005680322647094727,2.857731819152832
0,725,0.4646781384944916,-0.13969555497169495,1.1684784889221191,0.4776880145072937,0.04187127947807312,-1.9968860149383545,0.0005575418472290039,2.8610177040100098
0,726,0.4644213914871216,-0.1397671103477478,1.1683560609817505,0.47828787565231323,0.04440206289291382,-2.0003743171691895,0.0005475282669067383,2.864300012588501
0,727,0.46416330337524414,-0.13983678817749023,1.1682331562042236,0.47887346148490906,0.04693398252129555,-2.0038607120513916,0.0005385875701904297,2.8677151203155518
0,728,0.4639032483100891,-0.1399039477109909,1.16810941696167,0.4794412851333618,0.04946570843458176,-2.0073461532592773,0.0005306005477905273,2.87139892578125
0,729,0.46364057064056396,-0.1399681121110916,1.1679846048355103,0.4799903631210327,0.051995694637298584,-2.010831594467163,0.0005239248275756836,2.8754184246063232
0,730,0.463375061750412,-0.14002901315689087,1.167858600616455,0.48051947355270386,0.05452367290854454,-2.014317750930786,0.0005185604095458984,2.879703998565674
0,731,0.46310698986053467,-0.1400868445634842,1.1677314043045044,0.48102909326553345,0.057049982249736786,-2.0178041458129883,0.0005143880844116211,2.8843905925750732
0,732,0.462836891412735,-0.14014221727848053,1.1676034927368164,0.481521338224411,0.05957489460706711,-2.0212903022766113,0.0005114078521728516,2.889272928237915
0,733,0.4625655710697174,-0.14019586145877838,1.1674747467041016,0.4819982647895813,0.06209968030452728,-2.024775505065918,0.0005090236663818359,2.894282341003418
0,734,0.46229371428489685,-0.14024867117404938,1.1673458814620972,0.4824625849723816,0.06462474167346954,-2.0282607078552246,0.0005072355270385742,2.8992154598236084
0,735,0.462022066116333,-0.14030148088932037,1.1672172546386719,0.4829149544239044,0.06714916974306107,-2.031744956970215,0.0005060434341430664,2.904005289077759
0,736,0.4617511034011841,-0.1403551697731018,1.1670892238616943,0.4833555817604065,0.06967014819383621,-2.0352301597595215,0.0005052089691162109,2.9081814289093018
0,737,0.46148133277893066,-0.14041082561016083,1.1669622659683228,0.48378390073776245,0.07218410819768906,-2.038717746734619,0.000504612922668457,2.91167950630188
0,738,0.46121320128440857,-0.14046937227249146,1.1668369770050049,0.48419877886772156,0.07468684762716293,-2.042210102081299,0.000504612922668457,2.9140989780426025
0,739,0.4609470069408417,-0.1405315399169922,1.1667134761810303,0.4845997989177704,0.0771755501627922,-2.0457091331481934,0.0005047321319580078,2.9151737689971924
0,740,0.46068280935287476,-0.1405973881483078,1.166592001914978,0.4849873185157776,0.0796499103307724,-2.0492143630981445,0.0005054473876953125,2.9149720668792725
0,741,0.46042031049728394,-0.14066638052463531,1.16647207736969,0.48536136746406555,0.08211152255535126,-2.0527257919311523,0.0005064010620117188,2.9136288166046143
0,742,0.46015915274620056,-0.14073750376701355,1.1663531064987183,0.4857228398323059,0.08456457406282425,-2.0562405586242676,0.000507354736328125,2.91147780418396
0,743,0.45989903807640076,-0.14080950617790222,1.1662349700927734,0.4860730767250061,0.08701284974813461,-2.0597572326660156,0.0005087852478027344,2.908720016479492
0,744,0.4596399962902069,-0.14088104665279388,1.1661165952682495,0.4864123463630676,0.08945953100919724,-2.0632739067077637,0.0005098581314086914,2.905824661254883
0,745,0.45938247442245483,-0.14095060527324677,1.1659971475601196,0.4867401123046875,0.09190553426742554,-2.0667905807495117,0.0005097389221191406,2.9028589725494385
0,746,0.45912742614746094,-0.1410164088010788,1.1658755540847778,0.4870547354221344,0.09435039758682251,-2.070307970046997,0.000507354736328125,2.900092840194702
0,747,0.45887628197669983,-0.14107666909694672,1.165750503540039,0.4873548746109009,0.096792072057724,-2.073826313018799,0.0005010366439819336,2.8977296352386475
0,748,0.45863020420074463,-0.14112965762615204,1.165621280670166,0.48763909935951233,0.0992288663983345,-2.0773470401763916,0.0004897117614746094,2.8957698345184326
0,749,0.45838984847068787,-0.1411745250225067,1.165487289428711,0.487906277179718,0.10165929794311523,-2.0808708667755127,0.0004729032516479492,2.8943498134613037
0,750,0.45815497636795044,-0.14121168851852417,1.1653484106063843,0.4881565570831299,0.10408386588096619,-2.084397554397583,0.00045013427734375,2.8936057090759277
0,751,0.45792460441589355,-0.14124248921871185,1.1652058362960815,0.48839130997657776,0.10650386661291122,-2.0879268646240234,0.00042307376861572266,2.893132209777832
0,752,0.45769718289375305,-0.1412690132856369,1.1650607585906982,0.4886125922203064,0.10892074555158615,-2.0914573669433594,0.00039315223693847656,2.8929967880249023
0,753,0.45747110247612,-0.14129354059696198,1.164914608001709,0.48882201313972473,0.11133600026369095,-2.0949883460998535,0.00036215782165527344,2.8926584720611572
0,754,0.45724475383758545,-0.14131805300712585,1.1647686958312988,0.48902076482772827,0.11374983936548233,-2.098520040512085,0.00033164024353027344,2.892320156097412
0,755,0.45701664686203003,-0.1413445919752121,1.1646244525909424,0.48920923471450806,0.11615950614213943,-2.1020522117614746,0.00030350685119628906,2.8913724422454834
0,756,0.4567851722240448,-0.1413751244544983,1.1644834280014038,0.4893880784511566,0.11856190115213394,-2.105586528778076,0.0002797842025756836,2.889679431915283
0,757,0.4565488398075104,-0.1414116770029068,1.1643469333648682,0.48955726623535156,0.1209525465965271,-2.109124183654785,0.0002620220184326172,2.886629343032837
0,758,0.4563065767288208,-0.14145565032958984,1.1642160415649414,0.48971712589263916,0.12332793325185776,-2.112665891647339,0.0002516508102416992,2.882082223892212
0,759,0.4560580551624298,-0.14150740206241608,1.1640911102294922,0.4898671805858612,0.12568701803684235,-2.1162123680114746,0.00024902820587158203,2.875894784927368
0,760,0.45580393075942993,-0.14156611263751984,1.1639713048934937,0.49000784754753113,0.12803170084953308,-2.119762897491455,0.0002532005310058594,2.8683977127075195
0,761,0.4555455148220062,-0.14163009822368622,1.1638556718826294,0.49013951420783997,0.13036543130874634,-2.123316764831543,0.00026297569274902344,2.859786033630371
0,762,0.45528444647789,-0.1416972577571869,1.1637420654296875,0.4902620017528534,0.13269245624542236,-2.1268725395202637,0.00027573108673095703,2.850393056869507
0,763,0.45502203702926636,-0.1417657434940338,1.163629174232483,0.4903751015663147,0.135016530752182,-2.130429267883301,0.0002900362014770508,2.840555429458618
0,764,0.4547591209411621,-0.14183415472507477,1.1635150909423828,0.49047836661338806,0.13733956217765808,-2.133985757827759,0.00030362606048583984,2.8307528495788574
0,765,0.4544960558414459,-0.1419016420841217,1.1633979082107544,0.49057093262672424,0.13966146111488342,-2.137542247772217,0.0003147125244140625,2.8208470344543457
0,766,0.4542330503463745,-0.14196768403053284,1.1632757186889648,0.4906519949436188,0.14198102056980133,-2.1410984992980957,0.00032138824462890625,2.811115026473999
0,767,0.4539699852466583,-0.14203192293643951,1.16314697265625,0.4907211363315582,0.1442968100309372,-2.144655704498291,0.0003223419189453125,2.801349401473999
0,768,0.4537067711353302,-0.1420941948890686,1.1630104780197144,0.4907773733139038,0.14660751819610596,-2.1482136249542236,0.00031626224517822266,2.7916195392608643
0,769,0.45344340801239014,-0.1421544998884201,1.1628663539886475,0.49082091450691223,0.14891305565834045,-2.1517720222473145,0.0003033876419067383,2.782067060470581
0,770,0.45317989587783813,-0.1422131061553955,1.1627159118652344,0.4908522069454193,0.151214137673378,-2.1553306579589844,0.0002849102020263672,2.77262282371521
0,771,0.45291629433631897,-0.1422705054283142,1.1625607013702393,0.49087223410606384,0.15351279079914093,-2.1588902473449707,0.00026226043701171875,2.7630045413970947
0,772,0.45265260338783264,-0.14232712984085083,1.1624032258987427,0.4908819794654846,0.15580905973911285,-2.1624507904052734,0.00023794174194335938,2.7534947395324707
0,773,0.45238885283470154,-0.14238344132900238,1.162245750427246,0.4908827543258667,0.15810315310955048,-2.1660118103027344,0.00021398067474365234,2.743809461593628
0,774,0.4521249830722809,-0.14243994653224945,1.1620904207229614,0.4908752143383026,0.16039244830608368,-2.169574737548828,0.00019240379333496094,2.7338035106658936
0,775,0.4518609344959259,-0.14249734580516815,1.1619395017623901,0.49086031317710876,0.16267380118370056,-2.17314076423645,0.00017547607421875,2.7231860160827637
0,776,0.45159655809402466,-0.14255617558956146,1.1617952585220337,0.4908389449119568,0.1649424433708191,-2.176711082458496,0.0001653432846069336,2.711660623550415
0,777,0.45133161544799805,-0.14261691272258759,1.1616592407226562,0.490811288356781,0.16719402372837067,-2.1802878379821777,0.00016355514526367188,2.699071168899536
0,778,0.4510660767555237,-0.14267981052398682,1.1615322828292847,0.49077746272087097,0.16942663490772247,-2.183870315551758,0.0001709461212158203,2.6854023933410645
0,779,0.45080000162124634,-0.14274469017982483,1.161413550376892,0.49073782563209534,0.1716417670249939,-2.1874594688415527,0.00018680095672607422,2.670564651489258
0,780,0.45053359866142273,-0.1428111344575882,1.1613017320632935,0.49069252610206604,0.17384357750415802,-2.1910531520843506,0.00020956993103027344,2.6549065113067627
0,781,0.4502669870853424,-0.142878457903862,1.16119384765625,0.4906403720378876,0.17603632807731628,-2.1946499347686768,0.00023651123046875,2.638636589050293
0,782,0.4500003755092621,-0.14294598996639252,1.1610875129699707,0.49058055877685547,0.17822477221488953,-2.198248863220215,0.0002652406692504883,2.6221165657043457
0,783,0.44973382353782654,-0.14301325380802155,1.1609801054000854,0.4905122220516205,0.1804112195968628,-2.201848268508911,0.0002931356430053711,2.605491876602173
0,784,0.44946762919425964,-0.14307981729507446,1.1608694791793823,0.49043548107147217,0.18259696662425995,-2.2054479122161865,0.00031816959381103516,2.5887603759765625
0,785,0.4492019712924957,-0.1431453824043274,1.1607530117034912,0.49034997820854187,0.18478135764598846,-2.209047317504883,0.0003374814987182617,2.572148323059082
0,786,0.4489368200302124,-0.14320960640907288,1.160628318786621,0.4902547597885132,0.18696287274360657,-2.212646722793579,0.00034880638122558594,2.5556583404541016
0,787,0.448672354221344,-0.14327232539653778,1.1604938507080078,0.49015066027641296,0.18914133310317993,-2.2162458896636963,0.00035059452056884766,2.5391383171081543
0,788,0.4484085738658905,-0.1433335542678833,1.1603496074676514,0.4900372624397278,0.191315695643425,-2.2198448181152344,0.0003428459167480469,2.522587776184082
0,789,0.44814544916152954,-0.14339345693588257,1.1601969003677368,0.48991480469703674,0.19348686933517456,-2.2234432697296143,0.0003268718719482422,2.5060842037200928
0,790,0.4478827118873596,-0.14345228672027588,1.160037875175476,0.48978325724601746,0.19565555453300476,-2.2270421981811523,0.00030481815338134766,2.489628553390503
0,791,0.4476202428340912,-0.14351046085357666,1.1598753929138184,0.4896434247493744,0.1978224664926529,-2.2306416034698486,0.00027954578399658203,2.473221778869629
0,792,0.44735780358314514,-0.14356830716133118,1.1597119569778442,0.48949530720710754,0.19998741149902344,-2.2342422008514404,0.0002535581588745117,2.4565463066101074
0,793,0.4470950961112976,-0.14362625777721405,1.1595503091812134,0.48934027552604675,0.20214878022670746,-2.237844467163086,0.00022983551025390625,2.4397566318511963
0,794,0.44683191180229187,-0.14368492364883423,1.1593929529190063,0.48917922377586365,0.20430292189121246,-2.2414498329162598,0.00021076202392578125,2.42252779006958
0,795,0.44656795263290405,-0.14374487102031708,1.1592426300048828,0.48901328444480896,0.20644530653953552,-2.245059013366699,0.0001990795135498047,2.404524326324463
0,796,0.44630298018455505,-0.14380671083927155,1.1591018438339233,0.48884445428848267,0.20857210457324982,-2.248673439025879,0.00019741058349609375,2.3855648040771484
0,797,0.4460368752479553,-0.14387069642543793,1.1589715480804443,0.48867300152778625,0.21068112552165985,-2.252293109893799,0.0002065896987915039,2.365626335144043
0,798,0.44576963782310486,-0.14393670856952667,1.1588512659072876,0.4884989559650421,0.21277305483818054,-2.2559187412261963,0.0002263784408569336,2.3446004390716553
0,799,0.4455014765262604,-0.14400433003902435,1.1587393283843994,0.4883216321468353,0.2148509919643402,-2.2595489025115967,0.0002548694610595703,2.322962999343872
0,800,0.4452327489852905,-0.14407293498516083,1.158632755279541,0.4881397485733032,0.21691983938217163,-2.2631821632385254,0.00028908252716064453,2.300697088241577
0,801,0.44496384263038635,-0.14414183795452118,1.158528447151184,0.48795196413993835,0.21898391842842102,-2.266817569732666,0.00032579898834228516,2.278299331665039
0,802,0.44469496607780457,-0.14421051740646362,1.158423662185669,0.4877568781375885,0.2210463136434555,-2.270454168319702,0.000362396240234375,2.2556793689727783
0,803,0.44442635774612427,-0.14427854120731354,1.1583160161972046,0.4875542223453522,0.2231084704399109,-2.2740907669067383,0.00039637088775634766,2.2331809997558594
0,804,0.4441582262516022,-0.14434540271759033,1.1582025289535522,0.4873437285423279,0.2251708209514618,-2.277726411819458,0.0004247426986694336,2.210984945297241
0,805,0.4438908100128174,-0.14441080391407013,1.1580811738967896,0.4871253967285156,0.22723285853862762,-2.2813608646392822,0.00044536590576171875,2.1889219284057617
0,806,0.4436241686344147,-0.14447444677352905,1.1579499244689941,0.48689958453178406,0.22929464280605316,-2.2849934101104736,0.0004563331604003906,2.1669952869415283
0,807,0.4433583915233612,-0.14453621208667755,1.1578083038330078,0.4866660237312317,0.23135551810264587,-2.288623571395874,0.0004570484161376953,2.145209789276123
0,808,0.44309332966804504,-0.14459629356861115,1.157657504081726,0.4864250421524048,0.23341546952724457,-2.2922518253326416,0.0004487037658691406,2.1235692501068115
0,809,0.4428289532661438,-0.1446550339460373,1.1574995517730713,0.4861767590045929,0.23547500371932983,-2.2958791255950928,0.0004334449768066406,2.102078676223755
0,810,0.4425651431083679,-0.14471274614334106,1.1573374271392822,0.48592084646224976,0.2375335991382599,-2.299506187438965,0.00041413307189941406,2.080742597579956
0,811,0.44230207800865173,-0.1447696089744568,1.1571733951568604,0.48565754294395447,0.2395908385515213,-2.3031346797943115,0.000392913818359375,2.059375524520874
0,812,0.44204041361808777,-0.14482563734054565,1.1570100784301758,0.4853874444961548,0.24164505302906036,-2.306764602661133,0.0003719329833984375,2.0378804206848145
0,813,0.44178131222724915,-0.14488065242767334,1.156849980354309,0.4851129353046417,0.243693009018898,-2.3103973865509033,0.00035309791564941406,2.0159621238708496
0,814,0.4415261447429657,-0.14493417739868164,1.1566951274871826,0.4848345220088959,0.2457301914691925,-2.3140342235565186,0.0003377199172973633,1.9937050342559814
0,815,0.4412764608860016,-0.14498580992221832,1.1565475463867188,0.48455435037612915,0.24775294959545135,-2.317676305770874,0.00032699108123779297,1.9706008434295654
0,816,0.44103318452835083,-0.14503531157970428,1.1564085483551025,0.4842739403247833,0.2497587502002716,-2.321323871612549,0.0003217458724975586,1.9466196298599243
0,817,0.4407961964607239,-0.14508266746997833,1.1562778949737549,0.48399314284324646,0.2517477571964264,-2.324976921081543,0.0003217458724975586,1.9219318628311157
0,818,0.4405646026134491,-0.1451282948255539,1.1561542749404907,0.4837111234664917,0.2537224590778351,-2.3286349773406982,0.0003261566162109375,1.896510362625122
0,819,0.4403367042541504,-0.14517271518707275,1.1560356616973877,0.48342642188072205,0.2556874752044678,-2.33229660987854,0.0003337860107421875,1.8706390857696533
0,820,0.44011062383651733,-0.14521631598472595,1.1559194326400757,0.48313647508621216,0.25764742493629456,-2.335960626602173,0.00034296512603759766,1.8445110321044922
0,821,0.43988463282585144,-0.14525970816612244,1.1558033227920532,0.48284024000167847,0.25960636138916016,-2.339625835418701,0.00035250186920166016,1.8184380531311035
0,822,0.4396571218967438,-0.145303413271904,1.155685305595398,0.4825361967086792,0.261566162109375,-2.343290328979492,0.0003610849380493164,1.7923136949539185
0,823,0.43942633271217346,-0.14534784853458405,1.1555631160736084,0.48222389817237854,0.2635289430618286,-2.3469529151916504,0.0003675222396850586,1.7668001651763916
0,824,0.43919068574905396,-0.145393505692482,1.1554350852966309,0.4819033741950989,0.26549580693244934,-2.350611448287964,0.00037097930908203125,1.7414748668670654
0,825,0.4389488399028778,-0.14544081687927246,1.1552995443344116,0.4815744459629059,0.26746752858161926,-2.354264736175537,0.00037038326263427734,1.7168021202087402
0,826,0.43870019912719727,-0.1454899162054062,1.1551556587219238,0.4812362492084503,0.26944398880004883,-2.357912540435791,0.00036525726318359375,1.6925791501998901
0,827,0.43844524025917053,-0.14554062485694885,1.1550039052963257,0.4808892011642456,0.2714250683784485,-2.3615546226501465,0.0003559589385986328,1.668825626373291
0,828,0.43818533420562744,-0.14559262990951538,1.15484619140625,0.48053377866744995,0.2734096944332123,-2.3651931285858154,0.00034368038177490234,1.6456809043884277
0,829,0.43792209029197693,-0.14564549922943115,1.1546844244003296,0.4801705479621887,0.2753962576389313,-2.3688297271728516,0.0003292560577392578,1.6228090524673462
0,830,0.43765705823898315,-0.1456989049911499,1.1545209884643555,0.4797995686531067,0.2773832678794861,-2.3724660873413086,0.00031447410583496094,1.6000996828079224
0,831,0.4373914301395416,-0.1457528918981552,1.1543577909469604,0.47942155599594116,0.2793693542480469,-2.376103401184082,0.00030028820037841797,1.5774356126785278
0,832,0.4371258318424225,-0.1458081752061844,1.154196858406067,0.47903764247894287,0.2813514769077301,-2.3797426223754883,0.00028824806213378906,1.5545670986175537
0,833,0.4368605613708496,-0.1458655744791031,1.1540402173995972,0.4786495268344879,0.2833268642425537,-2.383385181427002,0.00028014183044433594,1.531484842300415
0,834,0.43659573793411255,-0.1459260731935501,1.153889536857605,0.4782581925392151,0.28529298305511475,-2.387030601501465,0.0002771615982055664,1.5080496072769165
0,835,0.4363313615322113,-0.14599044620990753,1.1537460088729858,0.47786515951156616,0.2872481048107147,-2.3906795978546143,0.0002803802490234375,1.4837168455123901
0,836,0.4360673725605011,-0.14605875313282013,1.1536099910736084,0.4774709939956665,0.2891916334629059,-2.394331693649292,0.0002903938293457031,1.4592467546463013
0,837,0.43580374121665955,-0.14613056182861328,1.1534802913665771,0.4770745038986206,0.29112508893013,-2.3979873657226562,0.0003057718276977539,1.4342230558395386
0,838,0.43554040789604187,-0.14620481431484222,1.1533552408218384,0.47667446732521057,0.29305100440979004,-2.4016451835632324,0.00032532215118408203,1.4093103408813477
0,839,0.43527716398239136,-0.14628030359745026,1.1532326936721802,0.47626951336860657,0.29497334361076355,-2.4053049087524414,0.00034737586975097656,1.3843735456466675
0,840,0.43501394987106323,-0.14635594189167023,1.1531107425689697,0.47585803270339966,0.2968941926956177,-2.408965587615967,0.000370025634765625,1.359699010848999
0,841,0.43475040793418884,-0.1464306265115738,1.1529873609542847,0.47543865442276,0.29881611466407776,-2.412626028060913,0.00039196014404296875,1.3358875513076782
0,842,0.4344863295555115,-0.146503284573555,1.1528607606887817,0.4750101566314697,0.3007410764694214,-2.41628360748291,0.00041162967681884766,1.3123897314071655
0,843,0.4342213571071625,-0.14657281339168549,1.1527289152145386,0.47457149624824524,0.3026708960533142,-2.419935703277588,0.00042748451232910156,1.2901331186294556
0,844,0.4339551627635956,-0.14663845300674438,1.1525901556015015,0.47412198781967163,0.3046071231365204,-2.4235808849334717,0.0004382133483886719,1.2688745260238647
0,845,0.4336875081062317,-0.14669962227344513,1.1524436473846436,0.4736606776714325,0.3065500855445862,-2.427217721939087,0.0004432201385498047,1.2483514547348022
0,846,0.43341851234436035,-0.14675644040107727,1.152289628982544,0.4731878340244293,0.30849993228912354,-2.4308464527130127,0.0004426240921020508,1.228760004043579
0,847,0.43314841389656067,-0.14680975675582886,1.1521296501159668,0.4727042019367218,0.3104548752307892,-2.4344687461853027,0.00043773651123046875,1.2101455926895142
0,848,0.43287762999534607,-0.14686067402362823,1.1519653797149658,0.47221067547798157,0.31241315603256226,-2.4380877017974854,0.0004297494888305664,1.1923896074295044
0,849,0.43260660767555237,-0.14691045880317688,1.1517990827560425,0.4717085063457489,0.3143728971481323,-2.4417054653167725,0.0004203319549560547,1.1746985912322998
0,850,0.43233567476272583,-0.1469602733850479,1.1516324281692505,0.47119849920272827,0.31633228063583374,-2.445324420928955,0.0004106760025024414,1.157582402229309
0,851,0.4320653975009918,-0.14701151847839355,1.151466965675354,0.4706815183162689,0.31828951835632324,-2.4489448070526123,0.00040161609649658203,1.1405526399612427
0,852,0.431796133518219,-0.14706559479236603,1.1513041257858276,0.47015881538391113,0.3202425539493561,-2.4525671005249023,0.0003941059112548828,1.123961329460144
0,853,0.4315284192562103,-0.14712394773960114,1.151145100593567,0.4696313738822937,0.3221900463104248,-2.4561915397644043,0.00038886070251464844,1.106768012046814
0,854,0.4312626123428345,-0.14718768000602722,1.1509908437728882,0.46909987926483154,0.32413050532341003,-2.459817886352539,0.00038611888885498047,1.0900216102600098
0,855,0.43099871277809143,-0.14725713431835175,1.150841474533081,0.46856459975242615,0.3260635435581207,-2.4634461402893066,0.0003859996795654297,1.073378562927246
0,856,0.43073657155036926,-0.14733169972896576,1.1506967544555664,0.4680252969264984,0.32798999547958374,-2.467075824737549,0.0003885030746459961,1.0568437576293945
0,857,0.4304758310317993,-0.14741010963916779,1.1505554914474487,0.46748125553131104,0.32991132140159607,-2.470707416534424,0.0003930330276489258,1.040798544883728
0,858,0.43021589517593384,-0.14749066531658173,1.1504162549972534,0.46693095564842224,0.3318297863006592,-2.4743402004241943,0.0003987550735473633,1.0252658128738403
0,859,0.4299560785293579,-0.14757172763347626,1.1502773761749268,0.4663727879524231,0.33374688029289246,-2.4779741764068604,0.0004048347473144531,1.010656476020813
0,860,0.42969581484794617,-0.14765192568302155,1.1501375436782837,0.46580585837364197,0.33566513657569885,-2.481607437133789,0.0004106760025024414,0.9972073435783386
0,861,0.4294343888759613,-0.1477297842502594,1.1499953269958496,0.46522799134254456,0.3375864624977112,-2.4852373600006104,0.00041544437408447266,0.9843699336051941
0,862,0.4291709065437317,-0.14780382812023163,1.1498490571975708,0.4646371901035309,0.33951327204704285,-2.4888603687286377,0.0004184246063232422,0.972771942615509
0,863,0.4289047122001648,-0.14787277579307556,1.1496974229812622,0.46403172612190247,0.3414478302001953,-2.4924733638763428,0.0004190206527709961,0.9626615643501282
0,864,0.42863529920578003,-0.14793577790260315,1.1495393514633179,0.46340975165367126,0.3433918058872223,-2.4960741996765137,0.00041663646697998047,0.95305997133255
0,865,0.42836275696754456,-0.14799290895462036,1.1493749618530273,0.46277135610580444,0.3453441262245178,-2.4996631145477295,0.0004112720489501953,0.9446044564247131
0,866,0.4280875027179718,-0.14804497361183167,1.149205207824707,0.46211785078048706,0.3473038971424103,-2.5032424926757812,0.00040352344512939453,0.9366995692253113
0,867,0.4278106093406677,-0.14809338748455048,1.1490315198898315,0.46145108342170715,0.3492684066295624,-2.5068154335021973,0.00039386749267578125,0.9295697212219238
0,868,0.4275332987308502,-0.14813964068889618,1.1488556861877441,0.460773229598999,0.35123518109321594,-2.5103859901428223,0.00038301944732666016,0.9228090047836304
0,869,0.4272569715976715,-0.14818492531776428,1.1486788988113403,0.46008622646331787,0.3532020151615143,-2.5139570236206055,0.00037086009979248047,0.9164254069328308
0,870,0.4269835650920868,-0.14823034405708313,1.148502230644226,0.4593915343284607,0.35516732931137085,-2.5175297260284424,0.0003571510314941406,0.9099971652030945
0,871,0.42671555280685425,-0.1482766568660736,1.1483261585235596,0.45868945121765137,0.35712969303131104,-2.521104574203491,0.00034058094024658203,0.9035232067108154
0,872,0.42645561695098877,-0.14832447469234467,1.1481513977050781,0.45798107981681824,0.3590884208679199,-2.524681806564331,0.00032007694244384766,0.8974387049674988
0,873,0.42620596289634705,-0.1483742892742157,1.1479781866073608,0.4572664201259613,0.3610425591468811,-2.5282607078552246,0.0002943277359008789,0.8908734321594238
0,874,0.42596757411956787,-0.14842629432678223,1.1478066444396973,0.4565459191799164,0.3629921078681946,-2.5318410396575928,0.0002627372741699219,0.8847019076347351
0,875,0.42573967576026917,-0.14848041534423828,1.147636890411377,0.45581942796707153,0.36493682861328125,-2.5354228019714355,0.00022602081298828125,0.8780414462089539
0,876,0.42552006244659424,-0.1485361009836197,1.147468090057373,0.45508602261543274,0.3668780028820038,-2.539006233215332,0.00018465518951416016,0.8715546131134033
0,877,0.42530572414398193,-0.1485927253961563,1.147300124168396,0.454345166683197,0.36881688237190247,-2.5425915718078613,0.00014078617095947266,0.8656975030899048
0,878,0.42509347200393677,-0.14864957332611084,1.147132396697998,0.45359596610069275,0.370754599571228,-2.546177625656128,9.584426879882812e-05,0.8602555990219116
0,879,0.42488032579421997,-0.14870613813400269,1.146964192390442,0.4528365135192871,0.37269267439842224,-2.5497632026672363,5.1140785217285156e-05,0.8559228777885437
0,880,0.42466336488723755,-0.14876171946525574,1.1467946767807007,0.4520644545555115,0.3746335506439209,-2.5533447265625,7.987022399902344e-06,0.8527162075042725
0,881,0.42443960905075073,-0.14881578087806702,1.146622657775879,0.45127618312835693,0.3765795826911926,-2.556917667388916,3.3020973205566406e-05,0.8499580025672913
0,882,0.42420637607574463,-0.14886780083179474,1.1464470624923706,0.45046815276145935,0.3785332441329956,-2.5604777336120605,7.104873657226562e-05,0.8474218249320984
0,883,0.4239618480205536,-0.14891743659973145,1.1462675333023071,0.44963911175727844,0.38049617409706116,-2.564021110534668,0.00010526180267333984,0.8460352420806885
0,884,0.4237057864665985,-0.14896465837955475,1.1460840702056885,0.44878894090652466,0.382468581199646,-2.567546844482422,0.00013530254364013672,0.8444147109985352
0,885,0.42343971133232117,-0.14900967478752136,1.1458969116210938,0.447918564081192,0.38444921374320984,-2.5710582733154297,0.0001621246337890625,0.8430231213569641
0,886,0.42316627502441406,-0.14905302226543427,1.1457070112228394,0.4470308721065521,0.3864347040653229,-2.5745596885681152,0.00018644332885742188,0.8418617248535156
0,887,0.42288851737976074,-0.14909540116786957,1.1455153226852417,0.4461290240287781,0.38842305541038513,-2.5780560970306396,0.00020956993103027344,0.840698778629303
0,888,0.4226090908050537,-0.14913779497146606,1.1453229188919067,0.44521570205688477,0.3904114365577698,-2.581552028656006,0.0002321004867553711,0.8395342230796814
0,889,0.42233002185821533,-0.14918145537376404,1.1451307535171509,0.44429269433021545,0.3923990726470947,-2.5850491523742676,0.00025475025177001953,0.8386014103889465
0,890,0.42205294966697693,-0.1492280662059784,1.1449395418167114,0.44336047768592834,0.39438509941101074,-2.5885472297668457,0.00027823448181152344,0.8379011154174805
0,891,0.42177918553352356,-0.14927957952022552,1.1447501182556152,0.4424195885658264,0.39636993408203125,-2.5920448303222656,0.00030291080474853516,0.8379011154174805
0,892,0.42150962352752686,-0.14933763444423676,1.1445627212524414,0.44146907329559326,0.39835336804389954,-2.5955405235290527,0.0003294944763183594,0.8379011154174805
0,893,0.42124465107917786,-0.14940312504768372,1.144377589225769,0.4405086636543274,0.4003361761569977,-2.599033832550049,0.00035822391510009766,0.8388347029685974
0,894,0.420984148979187,-0.14947590231895447,1.1441948413848877,0.43953853845596313,0.40231794118881226,-2.602524757385254,0.00038886070251464844,0.8402332067489624
0,895,0.42072731256484985,-0.14955461025238037,1.1440142393112183,0.4385595917701721,0.4042988419532776,-2.6060140132904053,0.00042068958282470703,0.8420941829681396
0,896,0.4204728305339813,-0.14963702857494354,1.1438348293304443,0.43757084012031555,0.40627843141555786,-2.6095032691955566,0.00045359134674072266,0.8448780179023743
0,897,0.42021945118904114,-0.14972105622291565,1.1436558961868286,0.4365721344947815,0.40825656056404114,-2.6129932403564453,0.0004869699478149414,0.8476527333259583
0,898,0.4199660122394562,-0.14980477094650269,1.1434763669967651,0.4355623722076416,0.4102337062358856,-2.616482973098755,0.0005207061767578125,0.851338267326355
0,899,0.419711172580719,-0.149886354804039,1.1432955265045166,0.4345393478870392,0.41221052408218384,-2.6199705600738525,0.0005543231964111328,0.8550078868865967
0,900,0.4194537401199341,-0.14996418356895447,1.1431124210357666,0.43350034952163696,0.41418904066085815,-2.623450517654419,0.0005875825881958008,0.8582059741020203
0,901,0.4191924035549164,-0.15003670752048492,1.14292573928833,0.432441771030426,0.4161706268787384,-2.6269187927246094,0.0006206035614013672,0.8607103824615479
0,902,0.41892629861831665,-0.15010276436805725,1.1427348852157593,0.43136096000671387,0.4181566536426544,-2.630370855331421,0.000653386116027832,0.8616192936897278
0,903,0.4186551868915558,-0.15016202628612518,1.142539381980896,0.43025684356689453,0.4201478958129883,-2.633805751800537,0.0006860494613647461,0.8613921403884888
0,904,0.41837960481643677,-0.15021508932113647,1.142339825630188,0.42913082242012024,0.4221431314945221,-2.63722562789917,0.0007183551788330078,0.8595728874206543
0,905,0.41810059547424316,-0.15026336908340454,1.142137050628662,0.4279860258102417,0.42414048314094543,-2.640634298324585,0.0007506608963012695,0.8568368554115295
0,906,0.417819619178772,-0.15030860900878906,1.1419323682785034,0.426825612783432,0.42613816261291504,-2.6440377235412598,0.0007828474044799805,0.8531750440597534
0,907,0.41753795742988586,-0.15035253763198853,1.1417267322540283,0.42565250396728516,0.42813462018966675,-2.6474404335021973,0.0008151531219482422,0.8494974970817566
0,908,0.4172568917274475,-0.150396928191185,1.1415213346481323,0.42446887493133545,0.4301289916038513,-2.650844097137451,0.0008475780487060547,0.8460352420806885
0,909,0.4169773757457733,-0.15044355392456055,1.1413167715072632,0.4232752323150635,0.4321206212043762,-2.6542489528656006,0.0008804798126220703,0.8430231213569641
0,910,0.4167005717754364,-0.15049421787261963,1.1411142349243164,0.42207127809524536,0.4341098666191101,-2.6576530933380127,0.0009138584136962891,0.8402332067489624
0,911,0.416427344083786,-0.15055055916309357,1.1409142017364502,0.4208567142486572,0.43609726428985596,-2.661054849624634,0.0009481906890869141,0.8381345868110657
0,912,0.41615819931030273,-0.15061363577842712,1.1407173871994019,0.4196315407752991,0.4380830228328705,-2.664452314376831,0.000983119010925293,0.8364987373352051
0,913,0.4158931374549866,-0.1506834328174591,1.1405235528945923,0.41839566826820374,0.4400666356086731,-2.6678450107574463,0.001019120216369629,0.8364987373352051
0,914,0.4156315326690674,-0.1507587879896164,1.1403322219848633,0.4171489477157593,0.4420483112335205,-2.6712348461151123,0.0010558366775512695,0.8360307216644287
0,915,0.41537246108055115,-0.15083779394626617,1.1401426792144775,0.4158915877342224,0.4440281093120575,-2.67462420463562,0.001093149185180664,0.8369664549827576
0,916,0.415115088224411,-0.15091845393180847,1.1399542093276978,0.41462400555610657,0.44600456953048706,-2.6780142784118652,0.0011307001113891602,0.8381345868110657
0,917,0.41485896706581116,-0.15099863708019257,1.139765739440918,0.41334548592567444,0.4479779899120331,-2.6814053058624268,0.0011688470840454102,0.8400002717971802
0,918,0.4146040380001068,-0.15107622742652893,1.1395761966705322,0.4120541214942932,0.44994744658470154,-2.684796094894409,0.001208186149597168,0.8420941829681396
0,919,0.41435080766677856,-0.1511489301919937,1.1393851041793823,0.41074785590171814,0.451913058757782,-2.6881823539733887,0.0012491941452026367,0.8430231213569641
0,920,0.41410014033317566,-0.15121451020240784,1.1391912698745728,0.40942350029945374,0.4538744390010834,-2.6915597915649414,0.0012929439544677734,0.8432552218437195
0,921,0.4138527512550354,-0.15127113461494446,1.1389943361282349,0.40807896852493286,0.4558315575122833,-2.6949243545532227,0.0013401508331298828,0.8418617248535156
0,922,0.41360893845558167,-0.15131790935993195,1.138793706893921,0.4067125618457794,0.4577844738960266,-2.6982738971710205,0.001391291618347168,0.8388347029685974
0,923,0.4133685529232025,-0.1513555496931076,1.1385899782180786,0.4053252935409546,0.4597327709197998,-2.7016103267669678,0.001445770263671875,0.833686888217926
0,924,0.41313087940216064,-0.1513858586549759,1.1383836269378662,0.4039192199707031,0.46167659759521484,-2.704937219619751,0.00150299072265625,0.8277983069419861
0,925,0.4128950238227844,-0.15141141414642334,1.1381757259368896,0.40249747037887573,0.4636160731315613,-2.708259344100952,0.0015621185302734375,0.8218674659729004
0,926,0.4126599431037903,-0.15143483877182007,1.137967586517334,0.40106260776519775,0.4655505120754242,-2.711581230163574,0.0016213655471801758,0.8151736855506897
0,927,0.4124246835708618,-0.15145854651927948,1.1377604007720947,0.3996158540248871,0.467479407787323,-2.71490478515625,0.001679539680480957,0.8093921542167664
0,928,0.4121882915496826,-0.1514849215745926,1.1375563144683838,0.3981579542160034,0.46940138936042786,-2.7182302474975586,0.0017343759536743164,0.8045424818992615
0,929,0.41194984316825867,-0.15151634812355042,1.1373571157455444,0.39668741822242737,0.4713147282600403,-2.721555709838867,0.0017839670181274414,0.8016185760498047
0,930,0.41170838475227356,-0.15155509114265442,1.1371649503707886,0.3952036499977112,0.47321829199790955,-2.724879026412964,0.0018260478973388672,0.7991738319396973
0,931,0.41146335005760193,-0.1516025811433792,1.1369813680648804,0.39370548725128174,0.4751099646091461,-2.728198289871216,0.001858830451965332,0.7986839413642883
0,932,0.4112147092819214,-0.1516590565443039,1.1368063688278198,0.39219292998313904,0.47698983550071716,-2.731513023376465,0.0018825531005859375,0.7986839413642883
0,933,0.410962849855423,-0.15172335505485535,1.1366389989852905,0.3906661570072174,0.47885847091674805,-2.7348246574401855,0.001898050308227539,0.8003971576690674
0,934,0.4107086956501007,-0.15179328620433807,1.1364774703979492,0.389127254486084,0.4807179570198059,-2.7381350994110107,0.0019072294235229492,0.8035690188407898
0,935,0.4104531705379486,-0.15186645090579987,1.1363195180892944,0.3875766098499298,0.48256897926330566,-2.7414462566375732,0.0019124746322631836,0.8074557781219482
0,936,0.4101969599723816,-0.15194071829319,1.1361637115478516,0.38601410388946533,0.4844118058681488,-2.744760036468506,0.0019153356552124023,0.8118061423301697
0,937,0.40994036197662354,-0.15201444923877716,1.1360098123550415,0.3844386339187622,0.48624473810195923,-2.748074769973755,0.0019158124923706055,0.8166126608848572
0,938,0.4096834063529968,-0.15208645164966583,1.1358578205108643,0.3828468918800354,0.48806387186050415,-2.7513887882232666,0.0019137859344482422,0.8213911652565002
0,939,0.4094257950782776,-0.15215572714805603,1.1357089281082153,0.3812340795993805,0.4898631274700165,-2.7546980381011963,0.0019077062606811523,0.8256680369377136
0,940,0.40916725993156433,-0.15222162008285522,1.1355640888214111,0.3795960247516632,0.49163785576820374,-2.7579994201660156,0.0018960237503051758,0.8289793133735657
0,941,0.40890756249427795,-0.15228389203548431,1.135424017906189,0.37793129682540894,0.49338555335998535,-2.7612907886505127,0.0018781423568725586,0.8308655619621277
0,942,0.40864673256874084,-0.1523425579071045,1.1352888345718384,0.37624019384384155,0.4951059818267822,-2.7645721435546875,0.0018538236618041992,0.8315718173980713
0,943,0.40838509798049927,-0.1523982733488083,1.1351573467254639,0.37452611327171326,0.4968031048774719,-2.7678465843200684,0.0018246173858642578,0.8313364386558533
0,944,0.40812304615974426,-0.15245196223258972,1.1350288391113281,0.37279343605041504,0.498481810092926,-2.7711181640625,0.0017917156219482422,0.8308655619621277
0,945,0.4078611433506012,-0.15250451862812042,1.1349024772644043,0.37104591727256775,0.5001460909843445,-2.774390935897827,0.001756429672241211,0.8303943872451782
0,946,0.40759995579719543,-0.15255680680274963,1.134778380393982,0.3692850172519684,0.5017957091331482,-2.777667284011841,0.001719355583190918,0.8301587104797363
0,947,0.40734028816223145,-0.15260976552963257,1.134657859802246,0.3675099313259125,0.5034266710281372,-2.7809484004974365,0.0016796588897705078,0.8301587104797363
0,948,0.40708306431770325,-0.15266428887844086,1.1345431804656982,0.3657173216342926,0.50503009557724,-2.7842345237731934,0.0016361474990844727,0.829451322555542
0,949,0.40682923793792725,-0.1527213305234909,1.134437084197998,0.3639031946659088,0.5065954923629761,-2.787524700164795,0.0015866756439208984,0.8289793133735657
0,950,0.40657952427864075,-0.15278159081935883,1.1343414783477783,0.36206406354904175,0.508114755153656,-2.790818214416504,0.0015299320220947266,0.8275618553161621
0,951,0.4063340723514557,-0.15284524857997894,1.134257435798645,0.36019933223724365,0.5095845460891724,-2.794114828109741,0.0014652013778686523,0.8251939415931702
0,952,0.4060925245285034,-0.1529119908809662,1.134183645248413,0.3583100438117981,0.5110087394714355,-2.797415018081665,0.0013933181762695312,0.8213911652565002
0,953,0.4058540165424347,-0.15298107266426086,1.134117603302002,0.3564002215862274,0.512395441532135,-2.8007192611694336,0.0013161897659301758,0.8170918226242065
0,954,0.4056175649166107,-0.1530514806509018,1.134056806564331,0.3544744551181793,0.5137549638748169,-2.8040273189544678,0.0012352466583251953,0.8118061423301697
0,955,0.4053822159767151,-0.15312229096889496,1.1339986324310303,0.35253411531448364,0.5150926113128662,-2.807340145111084,0.0011525154113769531,0.8067284226417542
0,956,0.4051473140716553,-0.15319278836250305,1.1339415311813354,0.3505777418613434,0.5164065361022949,-2.810657501220703,0.0010689496994018555,0.8006415367126465
0,957,0.40491247177124023,-0.15326231718063354,1.1338845491409302,0.34860020875930786,0.5176878571510315,-2.8139779567718506,0.0009850263595581055,0.7940153479576111
0,958,0.40467748045921326,-0.15333028137683868,1.1338272094726562,0.3465923070907593,0.5189199447631836,-2.81730055809021,0.0009011030197143555,0.7843453288078308
0,959,0.40444216132164,-0.15339630842208862,1.1337693929672241,0.3445453941822052,0.5200865268707275,-2.8206238746643066,0.0008169412612915039,0.7720242142677307
0,960,0.40420645475387573,-0.1534600704908371,1.1337110996246338,0.3424539566040039,0.5211763381958008,-2.823946714401245,0.0007325410842895508,0.7551106214523315
0,961,0.403970330953598,-0.15352165699005127,1.1336524486541748,0.340318500995636,0.5221895575523376,-2.8272693157196045,0.0006477832794189453,0.7351526021957397
0,962,0.4037337601184845,-0.15358136594295502,1.1335936784744263,0.33814549446105957,0.5231355428695679,-2.8305916786193848,0.0005624294281005859,0.7113440632820129
0,963,0.4034966826438904,-0.153639554977417,1.133534550666809,0.33594387769699097,0.5240308046340942,-2.8339157104492188,0.0004767179489135742,0.6847131252288818
0,964,0.403258740901947,-0.15369677543640137,1.1334749460220337,0.3337222933769226,0.5248905420303345,-2.837242364883423,0.00039076805114746094,0.65700364112854
0,965,0.4030188322067261,-0.15375341475009918,1.1334140300750732,0.3314858078956604,0.525722861289978,-2.840573310852051,0.0003046989440917969,0.6280729174613953
0,966,0.4027749001979828,-0.15380977094173431,1.1333506107330322,0.3292334973812103,0.5265252590179443,-2.843909978866577,0.00021839141845703125,0.5980709791183472
0,967,0.40252378582954407,-0.1538659781217575,1.1332825422286987,0.3269597887992859,0.5272854566574097,-2.8472530841827393,0.00013184547424316406,0.5671727657318115
0,968,0.40226173400878906,-0.1539221704006195,1.1332075595855713,0.3246568739414215,0.5279864072799683,-2.8506038188934326,4.506111145019531e-05,0.5322902202606201
0,969,0.40198567509651184,-0.15397843718528748,1.1331236362457275,0.32231757044792175,0.5286121368408203,-2.8539621829986572,4.1961669921875e-05,0.49416419863700867
0,970,0.40169408917427063,-0.15403471887111664,1.1330299377441406,0.31993862986564636,0.5291544198989868,-2.857328176498413,0.00012958049774169922,0.45197463035583496
0,971,0.40138790011405945,-0.15409094095230103,1.1329269409179688,0.3175240159034729,0.5296179056167603,-2.8606998920440674,0.00021755695343017578,0.4068635106086731
0,972,0.4010700583457947,-0.15414687991142273,1.132816195487976,0.31508469581604004,0.5300168395042419,-2.864070415496826,0.00030553340911865234,0.35827401280403137
0,973,0.40074464678764343,-0.154202401638031,1.1326993703842163,0.3126446604728699,0.5303716659545898,-2.867420196533203,0.00039255619049072266,0.30901041626930237
0,974,0.4004157483577728,-0.15425746142864227,1.1325771808624268,0.3102476894855499,0.5307028293609619,-2.8707003593444824,0.00047659873962402344,0.26094719767570496
0,975,0.40008682012557983,-0.1543121337890625,1.1324468851089478,0.3079724907875061,0.5310289859771729,-2.8738129138946533,0.0005525350570678711,0.21489134430885315
0,976,0.399760901927948,-0.15436670184135437,1.1323028802871704,0.30594396591186523,0.5313670039176941,-2.876593589782715,0.0006129741668701172,0.17693869769573212
0,977,0.3994407057762146,-0.15442147850990295,1.132136583328247,0.3043276071548462,0.5317339897155762,-2.8788206577301025,0.0006471872329711914,0.15195107460021973
0,978,0.39912882447242737,-0.15447698533535004,1.1319389343261719,0.3032965064048767,0.5321472883224487,-2.880262851715088,0.0006444454193115234,0.14265252649784088
0,979,0.39882707595825195,-0.15453346073627472,1.1317037343978882,0.30297479033470154,0.5326178669929504,-2.8807549476623535,0.0005973577499389648,0.1557663530111313
0,980,0.398535817861557,-0.15459087491035461,1.13142991065979,0.30338963866233826,0.5331475138664246,-2.8802618980407715,0.0005044937133789062,0.19281449913978577
0,981,0.39825376868247986,-0.15464888513088226,1.1311227083206177,0.3044573962688446,0.5337271690368652,-2.878899574279785,0.0003720521926879883,0.2486603558063507
0,982,0.39797839522361755,-0.15470699965953827,1.130791187286377,0.30601558089256287,0.5343397855758667,-2.876887559890747,0.00021088123321533203,0.3214254081249237
0,983,0.3977065682411194,-0.15476465225219727,1.1304457187652588,0.30787914991378784,0.5349656343460083,-2.8744730949401855,3.349781036376953e-05,0.40396764874458313
0,984,0.39743471145629883,-0.15482135117053986,1.1300944089889526,0.30988964438438416,0.535584032535553,-2.8718621730804443,0.00014960765838623047,0.4901885688304901
0,985,0.397159218788147,-0.15487666428089142,1.1297436952590942,0.3119393289089203,0.5361735820770264,-2.869187593460083,0.0003293752670288086,0.5767518281936646
0,986,0.39687609672546387,-0.15493030846118927,1.1293985843658447,0.3139658570289612,0.536710262298584,-2.866516590118408,0.0004981756210327148,0.6602717041969299
0,987,0.3965809643268585,-0.15498192608356476,1.1290630102157593,0.3159365653991699,0.5371676087379456,-2.86387300491333,0.0006492137908935547,0.7386046648025513
0,988,0.3962700366973877,-0.15503117442131042,1.1287394762039185,0.31783437728881836,0.5375219583511353,-2.861260414123535,0.0007772445678710938,0.8113239407539368
0,989,0.39594143629074097,-0.1550780087709427,1.1284292936325073,0.31965386867523193,0.5377612709999084,-2.858675479888916,0.0008798837661743164,0.8758100271224976
0,990,0.395595908164978,-0.1551225185394287,1.1281321048736572,0.321400910615921,0.5378895998001099,-2.8561127185821533,0.0009579658508300781,0.9346081614494324
0,991,0.3952367603778839,-0.15516510605812073,1.127845287322998,0.32308870553970337,0.5379259586334229,-2.853567123413086,0.0010162591934204102,0.987941563129425
0,992,0.3948687016963959,-0.1552063226699829,1.1275659799575806,0.324735552072525,0.5378962159156799,-2.851034164428711,0.001061081886291504,1.0374088287353516
0,993,0.3944966197013855,-0.155246764421463,1.1272920370101929,0.3263581693172455,0.5378222465515137,-2.848510265350342,0.0010976791381835938,1.0846225023269653
0,994,0.394124835729599,-0.15528738498687744,1.1270231008529663,0.32796749472618103,0.5377136468887329,-2.8459935188293457,0.0011296272277832031,1.1303846836090088
0,995,0.39375734329223633,-0.15532945096492767,1.1267614364624023,0.32956597208976746,0.537564218044281,-2.84348464012146,0.0011574029922485352,1.1750316619873047
0,996,0.3933976888656616,-0.1553744524717331,1.126511812210083,0.3311503529548645,0.537354588508606,-2.8409862518310547,0.0011789798736572266,1.2165964841842651
0,997,0.3930492699146271,-0.15542419254779816,1.1262797117233276,0.3327128291130066,0.5370599031448364,-2.8385024070739746,0.0011913776397705078,1.254606008529663
0,998,0.39271456003189087,-0.1554800122976303,1.1260695457458496,0.3342463970184326,0.5366594791412354,-2.8360371589660645,0.0011922121047973633,1.287551999092102
0,999,0.39239421486854553,-0.15554244816303253,1.1258829832077026,0.33574748039245605,0.5361459255218506,-2.8335914611816406,0.0011800527572631836,1.3149220943450928
0,1000,0.3920868933200836,-0.15561096370220184,1.125718116760254,0.3372178077697754,0.535528838634491,-2.8311638832092285,0.0011560916900634766,1.3373515605926514
0,1001,0.3917895257472992,-0.15568409860134125,1.1255698204040527,0.33866214752197266,0.5348304510116577,-2.828752040863037,0.0011230707168579102,1.3560962677001953
0,1002,0.39149847626686096,-0.15575991570949554,1.1254324913024902,0.3400873839855194,0.534077525138855,-2.8263509273529053,0.0010837316513061523,1.372448205947876
0,1003,0.3912104070186615,-0.15583643317222595,1.125301480293274,0.3414992392063141,0.5332909822463989,-2.823955774307251,0.0010402202606201172,1.3876208066940308
0,1004,0.3909226059913635,-0.15591183304786682,1.1251747608184814,0.34289875626564026,0.5324812531471252,-2.821563482284546,0.000992417335510254,1.401931643486023
0,1005,0.39063310623168945,-0.1559843122959137,1.1250524520874023,0.3442828357219696,0.5316465497016907,-2.8191707134246826,0.0009385347366333008,1.4149919748306274
0,1006,0.3903403580188751,-0.1560521423816681,1.1249371767044067,0.3456449806690216,0.5307772755622864,-2.816774845123291,0.000874638557434082,1.426561713218689
0,1007,0.3900429904460907,-0.15611352026462555,1.1248316764831543,0.3469771444797516,0.5298612117767334,-2.8143742084503174,0.0007967948913574219,1.4351776838302612
0,1008,0.3897402882575989,-0.15616749227046967,1.1247373819351196,0.3482730984687805,0.5288892388343811,-2.8119678497314453,0.000702977180480957,1.4406216144561768
0,1009,0.38943231105804443,-0.15621408820152283,1.1246546506881714,0.34953203797340393,0.5278611779212952,-2.809556245803833,0.0005925893783569336,1.442657709121704
0,1010,0.3891198933124542,-0.1562543511390686,1.1245816946029663,0.35075876116752625,0.5267848968505859,-2.807140588760376,0.0004684925079345703,1.4419792890548706
0,1011,0.38880443572998047,-0.15629011392593384,1.1245157718658447,0.3519609570503235,0.5256733298301697,-2.804723024368286,0.00033462047576904297,1.438990592956543
0,1012,0.38848745822906494,-0.15632344782352448,1.1244537830352783,0.3531460762023926,0.5245389938354492,-2.8023061752319336,0.00019538402557373047,1.4353141784667969
0,1013,0.38817042112350464,-0.15635651350021362,1.1243932247161865,0.35432177782058716,0.5233896970748901,-2.799891471862793,5.4717063903808594e-05,1.4310812950134277
0,1014,0.38785457611083984,-0.15639133751392365,1.124332308769226,0.3554919362068176,0.5222272276878357,-2.797480821609497,8.440017700195312e-05,1.4269732236862183
0,1015,0.387541264295578,-0.15643015503883362,1.124269962310791,0.3566588759422302,0.5210469365119934,-2.7950751781463623,0.00021958351135253906,1.4229906797409058
0,1016,0.38723164796829224,-0.156475231051445,1.1242059469223022,0.35782429575920105,0.5198410749435425,-2.792675733566284,0.00034928321838378906,1.4185831546783447
0,1017,0.3869267702102661,-0.15652842819690704,1.124139666557312,0.35898756980895996,0.5186022520065308,-2.790283679962158,0.00047206878662109375,1.4141619205474854
0,1018,0.3866270184516907,-0.1565905511379242,1.1240711212158203,0.36014893651008606,0.5173271894454956,-2.7878994941711426,0.00058746337890625,1.409726858139038
0,1019,0.3863320052623749,-0.1566610485315323,1.1240006685256958,0.3613080382347107,0.5160173773765564,-2.785522699356079,0.0006961822509765625,1.4049991369247437
0,1020,0.38604071736335754,-0.15673813223838806,1.123928427696228,0.3624632954597473,0.5146790146827698,-2.7831525802612305,0.0007992982864379883,1.400255560874939
0,1021,0.38575172424316406,-0.15681925415992737,1.1238552331924438,0.36361387372016907,0.5133212804794312,-2.780787706375122,0.000899195671081543,1.3960567712783813
0,1022,0.3854633867740631,-0.15690183639526367,1.1237815618515015,0.36475807428359985,0.5119522213935852,-2.7784266471862793,0.000997781753540039,1.392126441001892
0,1023,0.3851742148399353,-0.15698355436325073,1.1237074136734009,0.36589351296424866,0.5105769634246826,-2.776066303253174,0.001096487045288086,1.3887485265731812
0,1024,0.3848823308944702,-0.1570621281862259,1.123633623123169,0.3670186698436737,0.509198784828186,-2.7737038135528564,0.0011979341506958008,1.385080099105835
0,1025,0.3845856487751007,-0.1571352779865265,1.1235600709915161,0.36813056468963623,0.5078188180923462,-2.771334648132324,0.001303553581237793,1.3814018964767456
0,1026,0.3842822015285492,-0.1572008728981018,1.123487114906311,0.3692261278629303,0.5064366459846497,-2.768955707550049,0.0014156103134155273,1.37728750705719
0,1027,0.38397061824798584,-0.15725742280483246,1.1234148740768433,0.37030285596847534,0.5050520896911621,-2.7665631771087646,0.0015352964401245117,1.3727333545684814
0,1028,0.3836507499217987,-0.15730468928813934,1.1233433485031128,0.3713606894016266,0.5036652088165283,-2.7641565799713135,0.001662611961364746,1.3670192956924438
0,1029,0.3833235502243042,-0.1573437750339508,1.1232722997665405,0.37240129709243774,0.5022760629653931,-2.7617380619049072,0.001796722412109375,1.3602745532989502
0,1030,0.38299092650413513,-0.15737678110599518,1.1232013702392578,0.3734269142150879,0.5008845329284668,-2.7593119144439697,0.0019353628158569336,1.3530625104904175
0,1031,0.38265517354011536,-0.157406285405159,1.1231305599212646,0.3744415044784546,0.4994913339614868,-2.7568821907043457,0.00207674503326416,1.3458117246627808
0,1032,0.38231804966926575,-0.15743499994277954,1.1230593919754028,0.375448614358902,0.4980958104133606,-2.7544517517089844,0.00221860408782959,1.33881413936615
0,1033,0.3819810450077057,-0.15746591985225677,1.1229872703552246,0.37645065784454346,0.4966970384120941,-2.752023458480835,0.0023587942123413086,1.3320735692977905
0,1034,0.38164520263671875,-0.15750235319137573,1.1229138374328613,0.3774513006210327,0.4952937364578247,-2.7495975494384766,0.002495884895324707,1.3261843919754028
0,1035,0.3813111186027527,-0.15754789113998413,1.1228381395339966,0.3784531056880951,0.49388387799263,-2.7471742630004883,0.0026276111602783203,1.3217501640319824
0,1036,0.3809792697429657,-0.1576056331396103,1.122759222984314,0.3794579803943634,0.4924648702144623,-2.744753360748291,0.0027521848678588867,1.3189342021942139
0,1037,0.38064995408058167,-0.1576773077249527,1.1226770877838135,0.38046732544898987,0.4910362660884857,-2.7423346042633057,0.002869248390197754,1.3178951740264893
0,1038,0.38032299280166626,-0.15776236355304718,1.1225916147232056,0.3814805746078491,0.4895981252193451,-2.7399179935455322,0.002978682518005371,1.3187859058380127
0,1039,0.37999793887138367,-0.15785834193229675,1.122503399848938,0.3824957311153412,0.4881519079208374,-2.7375035285949707,0.0030820369720458984,1.3214540481567383
0,1040,0.37967413663864136,-0.1579613983631134,1.1224133968353271,0.383510023355484,0.48669958114624023,-2.7350914478302,0.0031812191009521484,1.3252986669540405
0,1041,0.3793509006500244,-0.1580674797296524,1.1223224401474,0.3845202922821045,0.48524415493011475,-2.7326812744140625,0.003278493881225586,1.3297209739685059
0,1042,0.37902745604515076,-0.1581728458404541,1.122231364250183,0.3855232894420624,0.48378786444664,-2.730271816253662,0.0033757686614990234,1.3347151279449463
0,1043,0.3787029981613159,-0.15827393531799316,1.122140884399414,0.386517196893692,0.4823331832885742,-2.72786021232605,0.0034749507904052734,1.3393986225128174
0,1044,0.3783765733242035,-0.1583670973777771,1.1220519542694092,0.3874991536140442,0.48088258504867554,-2.7254421710968018,0.00357818603515625,1.343483328819275
0,1045,0.3780473470687866,-0.15844886004924774,1.1219645738601685,0.38846641778945923,0.4794391989707947,-2.7230136394500732,0.0036867856979370117,1.346247911453247
0,1046,0.3777146339416504,-0.15851673483848572,1.1218795776367188,0.3894173502922058,0.47800466418266296,-2.720571279525757,0.0038024187088012695,1.3475555181503296
0,1047,0.3773782253265381,-0.15856991708278656,1.1217970848083496,0.3903517425060272,0.476579874753952,-2.718113660812378,0.003925442695617676,1.346974492073059
0,1048,0.37703853845596313,-0.15860974788665771,1.121716856956482,0.3912706673145294,0.47516390681266785,-2.715641975402832,0.004055142402648926,1.3445024490356445
0,1049,0.3766964375972748,-0.15863925218582153,1.1216384172439575,0.39217671751976013,0.4737546443939209,-2.7131600379943848,0.004189848899841309,1.340858817100525
0,1050,0.3763531744480133,-0.15866228938102722,1.1215605735778809,0.3930720388889313,0.4723493754863739,-2.7106730937957764,0.004326939582824707,1.336766242980957
0,1051,0.37601011991500854,-0.15868256986141205,1.1214827299118042,0.3939594626426697,0.4709450900554657,-2.7081844806671143,0.004464149475097656,1.3320735692977905
0,1052,0.3756692409515381,-0.15870369970798492,1.1214039325714111,0.39484164118766785,0.4695396423339844,-2.7056970596313477,0.0045986175537109375,1.327659010887146
0,1053,0.37533292174339294,-0.1587291955947876,1.1213232278823853,0.3957213759422302,0.46813100576400757,-2.703212261199951,0.004727363586425781,1.3235255479812622
0,1054,0.37500402331352234,-0.15876241028308868,1.1212395429611206,0.39660096168518066,0.46671685576438904,-2.7007296085357666,0.004846692085266113,1.3207134008407593
0,1055,0.3746851980686188,-0.1588064283132553,1.1211516857147217,0.39748212695121765,0.46529558300971985,-2.698249578475952,0.004953265190124512,1.3189342021942139
0,1056,0.37437811493873596,-0.15886308252811432,1.1210589408874512,0.39836594462394714,0.46386581659317017,-2.6957719326019287,0.0050449371337890625,1.3184889554977417
0,1057,0.3740827441215515,-0.15893235802650452,1.120961308479309,0.3992522954940796,0.4624277949333191,-2.693296432495117,0.005121827125549316,1.3195276260375977
0,1058,0.3737972676753998,-0.1590123176574707,1.1208597421646118,0.4001398980617523,0.46098247170448303,-2.6908233165740967,0.005186319351196289,1.3213059902191162
0,1059,0.3735186457633972,-0.15909957885742188,1.1207553148269653,0.40102648735046387,0.45953208208084106,-2.688352346420288,0.0052422285079956055,1.32441246509552
0,1060,0.3732435703277588,-0.15919052064418793,1.1206494569778442,0.40190961956977844,0.4580782949924469,-2.685882806777954,0.005293488502502441,1.3278064727783203
0,1061,0.3729688823223114,-0.15928182005882263,1.1205434799194336,0.40278688073158264,0.4566241204738617,-2.683413505554199,0.005344390869140625,1.3314857482910156
0,1062,0.37269139289855957,-0.15937025845050812,1.1204383373260498,0.40365490317344666,0.45517200231552124,-2.6809427738189697,0.005398154258728027,1.3350083827972412
0,1063,0.3724079430103302,-0.15945270657539368,1.120335340499878,0.40451082587242126,0.4537244737148285,-2.678466320037842,0.005458831787109375,1.3379368782043457
0,1064,0.37211546301841736,-0.15952618420124054,1.1202356815338135,0.40535202622413635,0.4522849917411804,-2.6759796142578125,0.005529999732971191,1.3395447731018066
0,1065,0.3718114197254181,-0.1595883071422577,1.1201401948928833,0.4061760902404785,0.45085597038269043,-2.6734793186187744,0.005614519119262695,1.3396908044815063
0,1066,0.3714947998523712,-0.1596379578113556,1.1200494766235352,0.40698233246803284,0.44943857192993164,-2.6709625720977783,0.005713701248168945,1.3382292985916138
0,1067,0.3711664378643036,-0.15967592597007751,1.1199629306793213,0.4077715277671814,0.4480326175689697,-2.668431043624878,0.005826473236083984,1.3353015184402466
0,1068,0.3708288073539734,-0.15970447659492493,1.1198797225952148,0.40854594111442566,0.4466356635093689,-2.6658883094787598,0.005949854850769043,1.3313387632369995
0,1069,0.3704853057861328,-0.15972676873207092,1.1197984218597412,0.40930894017219543,0.4452448785305023,-2.6633386611938477,0.006079673767089844,1.326479434967041
0,1070,0.37013956904411316,-0.1597462147474289,1.1197179555892944,0.41006332635879517,0.4438566565513611,-2.6607863903045654,0.006211996078491211,1.3216021060943604
0,1071,0.3697948455810547,-0.15976600348949432,1.1196367740631104,0.41081130504608154,0.4424682557582855,-2.6582345962524414,0.006342649459838867,1.3170040845870972
0,1072,0.3694542944431305,-0.1597892940044403,1.1195544004440308,0.4115554988384247,0.44107744097709656,-2.655684471130371,0.006468534469604492,1.3125388622283936
0,1073,0.36912110447883606,-0.15981930494308472,1.1194695234298706,0.41229766607284546,0.43968144059181213,-2.6531364917755127,0.006585836410522461,1.3089557886123657
0,1074,0.36879822611808777,-0.1598590761423111,1.1193808317184448,0.41303789615631104,0.4382781684398651,-2.650590658187866,0.006690859794616699,1.3062621355056763
0,1075,0.3684876561164856,-0.15991070866584778,1.1192878484725952,0.41377702355384827,0.4368657171726227,-2.6480467319488525,0.0067816972732543945,1.3046131134033203
0,1076,0.36818963289260864,-0.15997448563575745,1.1191906929016113,0.4145151972770691,0.4354443848133087,-2.6455042362213135,0.0068579912185668945,1.3038629293441772
0,1077,0.36790257692337036,-0.16004888713359833,1.1190897226333618,0.4152519702911377,0.4340151250362396,-2.6429636478424072,0.006921529769897461,1.3035627603530884
0,1078,0.36762362718582153,-0.1601310819387436,1.1189857721328735,0.4159854054450989,0.4325796067714691,-2.6404244899749756,0.006975531578063965,1.3043131828308105
0,1079,0.3673493266105652,-0.16021761298179626,1.118880271911621,0.41671475768089294,0.431141197681427,-2.6378870010375977,0.007024168968200684,1.3052129745483398
0,1080,0.3670763373374939,-0.16030527651309967,1.118774175643921,0.41743847727775574,0.42970186471939087,-2.6353507041931152,0.00707089900970459,1.3062621355056763
0,1081,0.3668017089366913,-0.16039115190505981,1.1186683177947998,0.4181542694568634,0.4282645881175995,-2.6328136920928955,0.007119178771972656,1.3071606159210205
0,1082,0.3665224015712738,-0.16047246754169464,1.118563175201416,0.41885924339294434,0.42683228850364685,-2.630274772644043,0.007171630859375,1.3074599504470825
0,1083,0.36623549461364746,-0.16054661571979523,1.1184595823287964,0.41955098509788513,0.42540809512138367,-2.627730369567871,0.007231473922729492,1.3073103427886963
0,1084,0.3659383952617645,-0.1606113314628601,1.1183580160140991,0.42022716999053955,0.42399412393569946,-2.6251778602600098,0.0073010921478271484,1.3062621355056763
0,1085,0.3656299114227295,-0.16066542267799377,1.1182587146759033,0.42088669538497925,0.42259281873703003,-2.6226160526275635,0.007381558418273926,1.3044630289077759
0,1086,0.365310400724411,-0.16070912778377533,1.1181614398956299,0.4215295910835266,0.4212038815021515,-2.620044469833374,0.007472634315490723,1.3014594316482544
0,1087,0.3649819493293762,-0.16074426472187042,1.118065595626831,0.4221575856208801,0.41982501745224,-2.6174657344818115,0.007571697235107422,1.297845721244812
0,1088,0.3646475374698639,-0.16077351570129395,1.1179709434509277,0.42277413606643677,0.41845351457595825,-2.6148829460144043,0.007676482200622559,1.2942219972610474
0,1089,0.364310085773468,-0.1607998013496399,1.1178768873214722,0.42338213324546814,0.41708675026893616,-2.6122994422912598,0.0077838897705078125,1.2905880212783813
0,1090,0.3639722168445587,-0.16082583367824554,1.1177831888198853,0.4239836037158966,0.41572245955467224,-2.60971736907959,0.007891654968261719,1.2872480154037476
0,1091,0.36363574862480164,-0.16085432469844818,1.1176894903182983,0.4245789349079132,0.41435927152633667,-2.607140302658081,0.007997870445251465,1.2849656343460083
0,1092,0.3633023500442505,-0.160888209939003,1.1175957918167114,0.4251680374145508,0.41299647092819214,-2.6045708656311035,0.00810086727142334,1.2832894325256348
0,1093,0.3629734218120575,-0.160930335521698,1.1175024509429932,0.425750732421875,0.4116339683532715,-2.6020114421844482,0.008199810981750488,1.2823741436004639
0,1094,0.36264991760253906,-0.16098299622535706,1.1174097061157227,0.4263262450695038,0.4102714955806732,-2.5994644165039062,0.008293747901916504,1.2828319072723389
0,1095,0.36233216524124146,-0.1610470414161682,1.1173173189163208,0.42689377069473267,0.4089092016220093,-2.596930503845215,0.008382320404052734,1.2845087051391602
0,1096,0.3620196282863617,-0.16112151741981506,1.1172252893447876,0.4274536073207855,0.40754732489585876,-2.5944089889526367,0.008466005325317383,1.286943793296814
0,1097,0.36171117424964905,-0.1612040400505066,1.117133617401123,0.4280060827732086,0.40618589520454407,-2.591897964477539,0.008545756340026855,1.289981484413147
0,1098,0.3614054322242737,-0.16129152476787567,1.1170419454574585,0.4285520017147064,0.4048252999782562,-2.5893940925598145,0.008622884750366211,1.2936170101165771
0,1099,0.36110106110572815,-0.16138093173503876,1.116950273513794,0.4290927052497864,0.4034660756587982,-2.5868935585021973,0.008698463439941406,1.297845721244812
0,1100,0.360797256231308,-0.16146978735923767,1.1168582439422607,0.42962777614593506,0.40210869908332825,-2.584394693374634,0.008773207664489746,1.3022109270095825
0,1101,0.36049336194992065,-0.16155588626861572,1.1167651414871216,0.43015629053115845,0.40075406432151794,-2.581894874572754,0.008847236633300781,1.3062621355056763
0,1102,0.36018890142440796,-0.16163699328899384,1.1166701316833496,0.4306766092777252,0.399402916431427,-2.5793914794921875,0.00892031192779541,1.3105992078781128
0,1103,0.3598836362361908,-0.16171103715896606,1.1165721416473389,0.43118780851364136,0.3980570435523987,-2.576882839202881,0.008991837501525879,1.3141778707504272
0,1104,0.3595772981643677,-0.16177639365196228,1.1164706945419312,0.4316882789134979,0.3967168927192688,-2.5743660926818848,0.009061813354492188,1.317449688911438
0,1105,0.3592698872089386,-0.16183239221572876,1.1163650751113892,0.43217718601226807,0.3953830897808075,-2.571841239929199,0.009129643440246582,1.3199723958969116
0,1106,0.3589614927768707,-0.1618797779083252,1.1162558794021606,0.43265536427497864,0.39405587315559387,-2.5693089962005615,0.009195685386657715,1.3220462799072266
0,1107,0.35865241289138794,-0.16192036867141724,1.116143822669983,0.4331243634223938,0.39273345470428467,-2.5667707920074463,0.009260177612304688,1.3241169452667236
0,1108,0.35834309458732605,-0.16195636987686157,1.116029977798462,0.4335862100124359,0.39141514897346497,-2.5642292499542236,0.009323596954345703,1.3261843919754028
0,1109,0.3580339252948761,-0.16198989748954773,1.1159151792526245,0.43404170870780945,0.390099436044693,-2.5616865158081055,0.009386062622070312,1.3288376331329346
0,1110,0.3577255308628082,-0.16202279925346375,1.1158004999160767,0.4344920814037323,0.38878464698791504,-2.5591444969177246,0.009448051452636719,1.3317797183990479
0,1111,0.3574187755584717,-0.1620565950870514,1.1156865358352661,0.43493786454200745,0.38746970891952515,-2.556602716445923,0.00950932502746582,1.335448145866394
0,1112,0.3571148216724396,-0.16209271550178528,1.1155742406845093,0.4353788495063782,0.386152446269989,-2.5540618896484375,0.009569883346557617,1.3396908044815063
0,1113,0.35681480169296265,-0.16213248670101166,1.115464448928833,0.4358143210411072,0.38483133912086487,-2.5515213012695312,0.009629607200622559,1.34406578540802
0,1114,0.3565196394920349,-0.16217681765556335,1.115357518196106,0.43624332547187805,0.38350456953048706,-2.548980712890625,0.009688377380371094,1.3487167358398438
0,1115,0.35622984170913696,-0.162226140499115,1.1152536869049072,0.43666568398475647,0.38217177987098694,-2.5464401245117188,0.00974583625793457,1.3530625104904175
0,1116,0.355944961309433,-0.1622801125049591,1.1151528358459473,0.4370814561843872,0.38083356618881226,-2.5438992977142334,0.009802460670471191,1.3575385808944702
0,1117,0.3556640148162842,-0.16233766078948975,1.1150544881820679,0.43749159574508667,0.37949138879776,-2.541358470916748,0.009858250617980957,1.362287163734436
0,1118,0.35538560152053833,-0.16239744424819946,1.1149576902389526,0.4378962516784668,0.3781476616859436,-2.538818597793579,0.00991356372833252,1.3668761253356934
0,1119,0.3551082909107208,-0.1624581515789032,1.1148614883422852,0.4382956624031067,0.3768044412136078,-2.536280393600464,0.009968400001525879,1.3723056316375732
0,1120,0.35483095049858093,-0.16251897811889648,1.114764928817749,0.4386894106864929,0.37546440958976746,-2.533745765686035,0.010022640228271484,1.3778557777404785
0,1121,0.35455232858657837,-0.1625795215368271,1.1146671772003174,0.4390772879123688,0.3741303086280823,-2.5312163829803467,0.010076165199279785,1.3845148086547852
0,1122,0.35427117347717285,-0.1626395881175995,1.1145671606063843,0.43945759534835815,0.3728058338165283,-2.5286967754364014,0.01012873649597168,1.3919857740402222
0,1123,0.35398614406585693,-0.16269908845424652,1.114463448524475,0.43982797861099243,0.371494859457016,-2.526190757751465,0.010179758071899414,1.400255560874939
0,1124,0.35369616746902466,-0.16275809705257416,1.1143550872802734,0.44018691778182983,0.3702004849910736,-2.5237021446228027,0.010228753089904785,1.410282015800476
0,1125,0.35340091586112976,-0.16281665861606598,1.1142419576644897,0.44053441286087036,0.3689245283603668,-2.5212321281433105,0.010275721549987793,1.4217523336410522
0,1126,0.3531007170677185,-0.16287480294704437,1.114123821258545,0.4408704936504364,0.3676658868789673,-2.5187792778015137,0.010320425033569336,1.4347686767578125
0,1127,0.35279661417007446,-0.16293245553970337,1.1140022277832031,0.4411972463130951,0.3664211332798004,-2.516340732574463,0.01036369800567627,1.4491541385650635
0,1128,0.35249003767967224,-0.1629895567893982,1.1138778924942017,0.44151636958122253,0.3651866912841797,-2.513911485671997,0.010405421257019043,1.4648683071136475
0,1129,0.3521823585033417,-0.16304607689380646,1.1137523651123047,0.44182950258255005,0.3639584481716156,-2.5114877223968506,0.010446310043334961,1.4812088012695312
0,1130,0.3518747389316559,-0.16310198605060577,1.1136268377304077,0.4421391487121582,0.3627331554889679,-2.5090651512145996,0.010486960411071777,1.4982855319976807
0,1131,0.3515681028366089,-0.16315719485282898,1.1135021448135376,0.4424452781677246,0.36150771379470825,-2.506641149520874,0.010527610778808594,1.5159447193145752
0,1132,0.35126346349716187,-0.16321143507957458,1.1133792400360107,0.442747563123703,0.3602793216705322,-2.5042128562927246,0.010568857192993164,1.5336556434631348
0,1133,0.3509620130062103,-0.16326451301574707,1.1132595539093018,0.44304630160331726,0.35904455184936523,-2.5017757415771484,0.010611295700073242,1.5516690015792847
0,1134,0.3506649136543274,-0.16331617534160614,1.113144040107727,0.4433407485485077,0.35779938101768494,-2.4993271827697754,0.010655403137207031,1.568976879119873
0,1135,0.3503730297088623,-0.16336625814437866,1.1130337715148926,0.44363003969192505,0.35654157400131226,-2.4968643188476562,0.010701775550842285,1.5854789018630981
0,1136,0.3500864803791046,-0.16341464221477509,1.1129287481307983,0.4439137578010559,0.3552708923816681,-2.494386911392212,0.010750293731689453,1.601199984550476
0,1137,0.34980466961860657,-0.16346147656440735,1.1128286123275757,0.4441922903060913,0.3539884686470032,-2.491896152496338,0.010801076889038086,1.6164051294326782
0,1138,0.3495265245437622,-0.16350716352462769,1.1127320528030396,0.44446614384651184,0.3526979088783264,-2.4893956184387207,0.010853290557861328,1.6312286853790283
0,1139,0.3492506444454193,-0.16355197131633759,1.1126377582550049,0.44473588466644287,0.3514035642147064,-2.4868898391723633,0.010906219482421875,1.6459187269210815
0,1140,0.34897589683532715,-0.1635962724685669,1.1125441789627075,0.4450012445449829,0.35010868310928345,-2.484382152557373,0.010959148406982422,1.661068081855774
0,1141,0.3487013578414917,-0.1636405885219574,1.1124497652053833,0.44526222348213196,0.3488163650035858,-2.4818761348724365,0.011010885238647461,1.6767809391021729
0,1142,0.34842649102211,-0.1636856645345688,1.1123530864715576,0.44551923871040344,0.3475284278392792,-2.479374408721924,0.011059999465942383,1.6932727098464966
0,1143,0.3481507897377014,-0.1637323796749115,1.1122524738311768,0.44577160477638245,0.34624746441841125,-2.4768805503845215,0.011105179786682129,1.7105211019515991
0,1144,0.3478738069534302,-0.1637817621231079,1.1121455430984497,0.4460185170173645,0.34497523307800293,-2.474398136138916,0.011144042015075684,1.7287296056747437
0,1145,0.34759512543678284,-0.16383466124534607,1.1120306253433228,0.4462592303752899,0.3437137305736542,-2.4719300270080566,0.011174917221069336,1.748092532157898
0,1146,0.34731465578079224,-0.16389146447181702,1.1119071245193481,0.4464942514896393,0.3424636125564575,-2.4694769382476807,0.011197209358215332,1.7685714960098267
0,1147,0.3470325469970703,-0.16395193338394165,1.1117756366729736,0.4467235803604126,0.34122413396835327,-2.46703839302063,0.011211514472961426,1.7899099588394165
0,1148,0.3467491567134857,-0.16401517391204834,1.1116374731063843,0.4469473361968994,0.33999380469322205,-2.464611291885376,0.011219024658203125,1.812293291091919
0,1149,0.34646499156951904,-0.1640801578760147,1.1114952564239502,0.447166383266449,0.33877044916152954,-2.4621922969818115,0.011222362518310547,1.835470199584961
0,1150,0.3461804687976837,-0.1641457974910736,1.1113507747650146,0.4473816752433777,0.3375519812107086,-2.45977783203125,0.011223196983337402,1.8592005968093872
0,1151,0.3458958864212036,-0.16421131789684296,1.1112061738967896,0.4475937485694885,0.336336612701416,-2.457365036010742,0.011223673820495605,1.8835670948028564
0,1152,0.3456113338470459,-0.16427625715732574,1.1110625267028809,0.4478023946285248,0.3351231813430786,-2.45495343208313,0.011224865913391113,1.9083406925201416
0,1153,0.34532684087753296,-0.16434016823768616,1.1109215021133423,0.4480067789554596,0.3339105248451233,-2.4525415897369385,0.011228442192077637,1.9336068630218506
0,1154,0.34504228830337524,-0.1644028276205063,1.110784649848938,0.44820597767829895,0.33269721269607544,-2.450129508972168,0.011236190795898438,1.959246277809143
0,1155,0.34475746750831604,-0.16446390748023987,1.1106537580490112,0.4483990967273712,0.3314816653728485,-2.4477169513702393,0.011250019073486328,1.9850479364395142
0,1156,0.34447231888771057,-0.16452310979366302,1.1105302572250366,0.4485851526260376,0.3302631080150604,-2.4453039169311523,0.011271357536315918,2.0111024379730225
0,1157,0.34418681263923645,-0.16458041965961456,1.1104146242141724,0.4487639367580414,0.32904118299484253,-2.4428904056549072,0.011300802230834961,2.037496328353882
0,1158,0.3439009189605713,-0.16463595628738403,1.1103060245513916,0.44893553853034973,0.32781651616096497,-2.440476655960083,0.01133739948272705,2.063932180404663
0,1159,0.3436148166656494,-0.1646900326013565,1.1102030277252197,0.44910115003585815,0.32659032940864563,-2.4380624294281006,0.011379718780517578,2.090782642364502
0,1160,0.34332865476608276,-0.16474297642707825,1.1101033687591553,0.4492616355419159,0.3253639042377472,-2.435648202896118,0.011425256729125977,2.118032455444336
0,1161,0.34304267168045044,-0.16479508578777313,1.1100053787231445,0.44941818714141846,0.3241385221481323,-2.4332337379455566,0.011472105979919434,2.1455745697021484
0,1162,0.3427572548389435,-0.16484655439853668,1.1099075078964233,0.44957175850868225,0.32291433215141296,-2.4308183193206787,0.011518478393554688,2.1734883785247803
0,1163,0.3424730896949768,-0.16489765048027039,1.1098078489303589,0.44972285628318787,0.3216899633407593,-2.4283998012542725,0.011562228202819824,2.2018485069274902
0,1164,0.34219127893447876,-0.1649484485387802,1.1097047328948975,0.4498724043369293,0.32046324014663696,-2.4259755611419678,0.011600971221923828,2.2300238609313965
0,1165,0.3419133424758911,-0.16499902307987213,1.109595537185669,0.4500204920768738,0.3192301392555237,-2.4235410690307617,0.011631250381469727,2.2575876712799072
0,1166,0.34164074063301086,-0.16504959762096405,1.1094776391983032,0.45016729831695557,0.3179866373538971,-2.4210917949676514,0.011649727821350098,2.2844762802124023
0,1167,0.3413747251033783,-0.1651003211736679,1.1093493700027466,0.4503142535686493,0.3167298138141632,-2.4186248779296875,0.011654019355773926,2.3100357055664062
0,1168,0.3411155939102173,-0.1651511937379837,1.1092101335525513,0.4504604935646057,0.315458744764328,-2.4161391258239746,0.011643290519714355,2.3343098163604736
0,1169,0.34086257219314575,-0.16520220041275024,1.1090612411499023,0.45060601830482483,0.3141750693321228,-2.4136362075805664,0.0116194486618042,2.3574211597442627
0,1170,0.3406142294406891,-0.16525331139564514,1.10890531539917,0.4507503807544708,0.31288257241249084,-2.4111204147338867,0.011585831642150879,2.379732608795166
0,1171,0.34036874771118164,-0.1653042584657669,1.108744502067566,0.4508916735649109,0.3115854561328888,-2.408596992492676,0.011545538902282715,2.4016735553741455
0,1172,0.3401246666908264,-0.16535504162311554,1.108581781387329,0.451029896736145,0.31028756499290466,-2.4060707092285156,0.011502504348754883,2.423658609390259
0,1173,0.33988091349601746,-0.1654057800769806,1.1084190607070923,0.4511646032333374,0.3089909851551056,-2.4035439491271973,0.011458873748779297,2.4458463191986084
0,1174,0.33963674306869507,-0.16545671224594116,1.1082578897476196,0.4512951672077179,0.3076976239681244,-2.4010202884674072,0.011416792869567871,2.46854829788208
0,1175,0.3393915593624115,-0.1655082404613495,1.108099341392517,0.45142096281051636,0.3064078688621521,-2.3985018730163574,0.011377573013305664,2.491750478744507
0,1176,0.339144766330719,-0.16556090116500854,1.1079448461532593,0.4515402913093567,0.3051219880580902,-2.3959920406341553,0.011342763900756836,2.515516996383667
0,1177,0.3388960361480713,-0.16561520099639893,1.1077953577041626,0.4516529142856598,0.3038399815559387,-2.393491744995117,0.011313319206237793,2.539754867553711
0,1178,0.33864519000053406,-0.16567133367061615,1.1076513528823853,0.4517582356929779,0.3025623559951782,-2.3910024166107178,0.01129007339477539,2.564603567123413
0,1179,0.33839237689971924,-0.1657291203737259,1.1075124740600586,0.4518561065196991,0.3012886643409729,-2.3885233402252197,0.011272311210632324,2.5898942947387695
0,1180,0.33813798427581787,-0.1657882034778595,1.1073776483535767,0.4519476592540741,0.3000190854072571,-2.3860526084899902,0.011258959770202637,2.6158385276794434
0,1181,0.33788254857063293,-0.16584795713424683,1.1072455644607544,0.4520339071750641,0.29875287413597107,-2.38358736038208,0.011248469352722168,2.642120838165283
0,1182,0.3376266360282898,-0.1659078747034073,1.1071151494979858,0.45211631059646606,0.29748934507369995,-2.381124973297119,0.01123952865600586,2.6688780784606934
0,1183,0.33737078309059143,-0.16596749424934387,1.1069849729537964,0.45219549536705017,0.29622766375541687,-2.3786628246307373,0.01123058795928955,2.695950746536255
0,1184,0.33711546659469604,-0.16602641344070435,1.1068542003631592,0.45227161049842834,0.2949659526348114,-2.3761982917785645,0.011220693588256836,2.7231860160827637
0,1185,0.336861252784729,-0.16608422994613647,1.1067218780517578,0.45234596729278564,0.29370105266571045,-2.3737287521362305,0.011208534240722656,2.7503650188446045
0,1186,0.33660888671875,-0.16614051163196564,1.1065865755081177,0.4524187743663788,0.2924288511276245,-2.3712501525878906,0.01119232177734375,2.777419328689575
0,1187,0.3363591134548187,-0.16619476675987244,1.1064471006393433,0.4524902105331421,0.2911445200443268,-2.3687586784362793,0.011170744895935059,2.8037939071655273
0,1188,0.33611249923706055,-0.1662466675043106,1.1063024997711182,0.4525604844093323,0.28984469175338745,-2.3662519454956055,0.011142611503601074,2.82936954498291
0,1189,0.3358692526817322,-0.16629625856876373,1.1061525344848633,0.4526302218437195,0.2885277271270752,-2.3637290000915527,0.011107444763183594,2.8541676998138428
0,1190,0.33562904596328735,-0.16634368896484375,1.1059976816177368,0.45269864797592163,0.2871956527233124,-2.3611907958984375,0.011065959930419922,2.8780720233917236
0,1191,0.3353911340236664,-0.16638927161693573,1.1058390140533447,0.45276498794555664,0.28585222363471985,-2.3586409091949463,0.011019587516784668,2.901510000228882
0,1192,0.33515477180480957,-0.16643361747264862,1.1056783199310303,0.45282918214797974,0.28450262546539307,-2.356083631515503,0.010970354080200195,2.924760341644287
0,1193,0.33491918444633484,-0.16647712886333466,1.105516791343689,0.4528903365135193,0.28315091133117676,-2.353522300720215,0.010919690132141113,2.948026657104492
0,1194,0.33468374609947205,-0.1665198802947998,1.1053553819656372,0.4529474079608917,0.28179943561553955,-2.3509600162506104,0.010869026184082031,2.971506118774414
0,1195,0.33444803953170776,-0.16656182706356049,1.1051952838897705,0.45299962162971497,0.2804487645626068,-2.3483972549438477,0.010819673538208008,2.9951937198638916
0,1196,0.33421170711517334,-0.16660279035568237,1.1050375699996948,0.4530460834503174,0.2790975868701935,-2.345834970474243,0.010772943496704102,3.019214630126953
0,1197,0.3339744806289673,-0.166642427444458,1.1048835515975952,0.4530864357948303,0.2777441740036011,-2.3432726860046387,0.010730266571044922,3.043560743331909
0,1198,0.3337361216545105,-0.1666804552078247,1.1047340631484985,0.4531192481517792,0.27638694643974304,-2.3407106399536133,0.010692596435546875,3.06809663772583
0,1199,0.33349648118019104,-0.16671660542488098,1.1045894622802734,0.45314422249794006,0.27502503991127014,-2.3381481170654297,0.010660648345947266,3.092754602432251
0,1200,0.33325567841529846,-0.1667509824037552,1.1044495105743408,0.4531618058681488,0.27365896105766296,-2.335585355758667,0.01063382625579834,3.1177825927734375
0,1201,0.33301395177841187,-0.1667838990688324,1.1043133735656738,0.4531724452972412,0.27229028940200806,-2.3330228328704834,0.010611295700073242,3.1428608894348145
0,1202,0.3327715992927551,-0.16681572794914246,1.1041796207427979,0.45317715406417847,0.27092084288597107,-2.3304600715637207,0.010591268539428711,3.1684203147888184
0,1203,0.3325287699699402,-0.16684682667255402,1.1040475368499756,0.45317721366882324,0.2695517838001251,-2.327897310256958,0.010573029518127441,3.194204807281494
0,1204,0.3322853744029999,-0.1668774038553238,1.1039161682128906,0.4531730115413666,0.26818418502807617,-2.3253355026245117,0.010555624961853027,3.220329999923706
0,1205,0.3320409059524536,-0.16690750420093536,1.1037856340408325,0.4531659483909607,0.2668186128139496,-2.3227763175964355,0.010539412498474121,3.246968984603882
0,1206,0.331794410943985,-0.16693711280822754,1.1036558151245117,0.45315587520599365,0.26545387506484985,-2.320220947265625,0.010524630546569824,3.2742884159088135
0,1207,0.3315446674823761,-0.16696619987487793,1.1035274267196655,0.45314347743988037,0.2640887498855591,-2.3176722526550293,0.010512590408325195,3.3024489879608154
0,1208,0.3312905430793762,-0.16699476540088654,1.1034011840820312,0.4531294107437134,0.2627214789390564,-2.3151326179504395,0.010504603385925293,3.331488847732544
0,1209,0.33103126287460327,-0.1670226752758026,1.1032769680023193,0.4531136155128479,0.26135140657424927,-2.3126039505004883,0.01050102710723877,3.36167573928833
0,1210,0.330766886472702,-0.16704992949962616,1.1031550168991089,0.45309585332870483,0.25997868180274963,-2.3100860118865967,0.010501861572265625,3.3929219245910645
0,1211,0.3304983377456665,-0.16707655787467957,1.1030350923538208,0.45307621359825134,0.2586038410663605,-2.307576894760132,0.010506510734558105,3.425140857696533
0,1212,0.33022692799568176,-0.16710264980793,1.1029163599014282,0.45305395126342773,0.25722867250442505,-2.3050732612609863,0.01051342487335205,3.4580795764923096
0,1213,0.3299538791179657,-0.16712826490402222,1.1027984619140625,0.4530285894870758,0.25585466623306274,-2.3025734424591064,0.010521650314331055,3.491604804992676
0,1214,0.32968008518218994,-0.16715355217456818,1.1026809215545654,0.4529993534088135,0.25448232889175415,-2.3000752925872803,0.010530352592468262,3.5255894660949707
0,1215,0.3294060528278351,-0.1671788990497589,1.1025638580322266,0.4529659152030945,0.2531121075153351,-2.2975783348083496,0.01053917407989502,3.559964895248413
0,1216,0.32913169264793396,-0.16720466315746307,1.1024470329284668,0.45292770862579346,0.2517434358596802,-2.295083999633789,0.010547995567321777,3.5944478511810303
0,1217,0.32885676622390747,-0.16723142564296722,1.1023305654525757,0.45288318395614624,0.25037509202957153,-2.292593002319336,0.010556817054748535,3.629143238067627
0,1218,0.3285808861255646,-0.16725991666316986,1.1022149324417114,0.45283186435699463,0.2490059733390808,-2.2901077270507812,0.010566353797912598,3.6639912128448486
0,1219,0.3283037543296814,-0.1672905683517456,1.1021002531051636,0.4527730941772461,0.24763493239879608,-2.2876293659210205,0.010576725006103516,3.698828935623169
0,1220,0.3280252516269684,-0.1673235446214676,1.1019866466522217,0.45270657539367676,0.24626192450523376,-2.285158634185791,0.010587930679321289,3.7337090969085693
0,1221,0.3277454674243927,-0.16735854744911194,1.1018739938735962,0.45263275504112244,0.24488712847232819,-2.2826945781707764,0.010600090026855469,3.768786668777466
0,1222,0.327464759349823,-0.1673949956893921,1.1017619371414185,0.45255208015441895,0.24351194500923157,-2.280235767364502,0.0106126070022583,3.8039016723632812
0,1223,0.3271835446357727,-0.16743221879005432,1.1016504764556885,0.45246621966362,0.24213767051696777,-2.2777795791625977,0.010625362396240234,3.839308023452759
0,1224,0.3269021511077881,-0.16746966540813446,1.1015390157699585,0.4523756206035614,0.24076470732688904,-2.2753243446350098,0.010637879371643066,3.874896287918091
0,1225,0.3266209065914154,-0.167507141828537,1.1014273166656494,0.45228126645088196,0.2393929809331894,-2.272869110107422,0.010649561882019043,3.910712480545044
0,1226,0.32634028792381287,-0.16754475235939026,1.101314902305603,0.4521838128566742,0.23802052438259125,-2.270411491394043,0.01065981388092041,3.9465513229370117
0,1227,0.32606080174446106,-0.1675829142332077,1.101200819015503,0.4520840644836426,0.23664411902427673,-2.2679500579833984,0.01066744327545166,3.982215642929077
0,1228,0.3257831335067749,-0.167622372508049,1.1010839939117432,0.4519822299480438,0.23525922000408173,-2.2654836177825928,0.010670900344848633,4.017271041870117
0,1229,0.32550790905952454,-0.16766388714313507,1.1009634733200073,0.4518793821334839,0.2338605672121048,-2.263009786605835,0.01066887378692627,4.051347255706787
0,1230,0.32523560523986816,-0.16770806908607483,1.100838541984558,0.4517757296562195,0.23244531452655792,-2.2605273723602295,0.010660290718078613,4.084228992462158
0,1231,0.3249662518501282,-0.1677549034357071,1.1007091999053955,0.45167121291160583,0.2310129702091217,-2.2580366134643555,0.010645031929016113,4.115849018096924
0,1232,0.32469940185546875,-0.16780397295951843,1.1005761623382568,0.451565146446228,0.22956611216068268,-2.255537748336792,0.010624289512634277,4.146378993988037
0,1233,0.324434369802475,-0.16785460710525513,1.1004403829574585,0.4514571726322174,0.22810934484004974,-2.2530336380004883,0.010599374771118164,4.1763105392456055
0,1234,0.3241702914237976,-0.16790597140789032,1.100303053855896,0.45134618878364563,0.22664794325828552,-2.250525951385498,0.010572075843811035,4.205936431884766
0,1235,0.32390642166137695,-0.16795748472213745,1.1001653671264648,0.4512307345867157,0.22518597543239594,-2.2480170726776123,0.0105438232421875,4.23563289642334
0,1236,0.32364198565483093,-0.16800875961780548,1.1000280380249023,0.45111048221588135,0.22372497618198395,-2.245508909225464,0.010515928268432617,4.265627861022949
0,1237,0.3233759105205536,-0.1680596023797989,1.099892258644104,0.45098400115966797,0.22226573526859283,-2.243004560470581,0.010489940643310547,4.296189308166504
0,1238,0.3231070041656494,-0.1681099832057953,1.0997586250305176,0.450849324464798,0.22080688178539276,-2.240506649017334,0.010467171669006348,4.327349662780762
0,1239,0.3228338956832886,-0.16815981268882751,1.099628210067749,0.45070505142211914,0.21934717893600464,-2.238018274307251,0.010449051856994629,4.359366416931152
0,1240,0.3225556015968323,-0.16820913553237915,1.0995017290115356,0.45054924488067627,0.21788550913333893,-2.2355425357818604,0.01043689250946045,4.3923540115356445
0,1241,0.3222716748714447,-0.16825798153877258,1.099379539489746,0.45038169622421265,0.21642127633094788,-2.2330803871154785,0.010431170463562012,4.426335334777832
0,1242,0.32198256254196167,-0.1683063507080078,1.0992614030838013,0.4502030611038208,0.21495477855205536,-2.230630397796631,0.010431289672851562,4.461331844329834
0,1243,0.3216893672943115,-0.16835416853427887,1.0991462469100952,0.45001453161239624,0.21348725259304047,-2.2281899452209473,0.010435938835144043,4.497189044952393
0,1244,0.32139354944229126,-0.16840149462223053,1.099033236503601,0.44981855154037476,0.2120203673839569,-2.225754737854004,0.010443449020385742,4.533756732940674
0,1245,0.3210964500904083,-0.16844838857650757,1.098921298980713,0.44961631298065186,0.21055439114570618,-2.2233223915100098,0.01045215129852295,4.570718288421631
0,1246,0.3207990527153015,-0.16849492490291595,1.0988093614578247,0.4494090676307678,0.2090897113084793,-2.2208893299102783,0.010460495948791504,4.6080641746521
0,1247,0.32050225138664246,-0.1685413271188736,1.0986968278884888,0.44919735193252563,0.207624152302742,-2.2184534072875977,0.01046764850616455,4.6454901695251465
0,1248,0.32020679116249084,-0.1685880571603775,1.0985828638076782,0.4489818811416626,0.20615270733833313,-2.2160115242004395,0.01047217845916748,4.6825337409973145
0,1249,0.31991347670555115,-0.16863569617271423,1.0984665155410767,0.44876253604888916,0.2046697586774826,-2.2135610580444336,0.010472893714904785,4.718830585479736
0,1250,0.319623202085495,-0.16868476569652557,1.0983467102050781,0.4485393166542053,0.2031688541173935,-2.2110986709594727,0.010468125343322754,4.753697395324707
0,1251,0.31933650374412537,-0.16873575747013092,1.0982228517532349,0.4483124017715454,0.2016446888446808,-2.2086217403411865,0.010457038879394531,4.787042617797852
0,1252,0.3190535008907318,-0.16878880560398102,1.0980947017669678,0.44808149337768555,0.2000962495803833,-2.206130266189575,0.010439276695251465,4.818653583526611
0,1253,0.3187737464904785,-0.16884364187717438,1.0979628562927246,0.44784605503082275,0.198526531457901,-2.203625440597534,0.010415911674499512,4.848644733428955
0,1254,0.31849637627601624,-0.16889971494674683,1.0978281497955322,0.4476056694984436,0.19694164395332336,-2.20111083984375,0.010387897491455078,4.877729415893555
0,1255,0.31822043657302856,-0.1689564734697342,1.0976918935775757,0.44736048579216003,0.19534838199615479,-2.198589324951172,0.010357260704040527,4.906162738800049
0,1256,0.3179449141025543,-0.16901327669620514,1.0975550413131714,0.44710928201675415,0.19375242292881012,-2.1960644721984863,0.01032555103302002,4.93455171585083
0,1257,0.3176687955856323,-0.16906985640525818,1.0974186658859253,0.4468517303466797,0.19215625524520874,-2.193539619445801,0.010294079780578613,4.963173866271973
0,1258,0.31739094853401184,-0.1691259741783142,1.0972836017608643,0.44658586382865906,0.19056066870689392,-2.1910173892974854,0.010264277458190918,4.992299556732178
0,1259,0.3171100914478302,-0.16918154060840607,1.0971509218215942,0.446309357881546,0.18896277248859406,-2.188500165939331,0.010237693786621094,5.022036552429199
0,1260,0.31682470440864563,-0.16923664510250092,1.0970218181610107,0.4460204541683197,0.18736043572425842,-2.1859922409057617,0.010216236114501953,5.052529811859131
0,1261,0.3165336847305298,-0.1692911833524704,1.0968972444534302,0.4457160234451294,0.18575063347816467,-2.183495044708252,0.010201215744018555,5.083919525146484
0,1262,0.3162364363670349,-0.16934508085250854,1.096777319908142,0.44539502263069153,0.1841323971748352,-2.1810102462768555,0.01019299030303955,5.1162285804748535
0,1263,0.31593334674835205,-0.16939832270145416,1.096661925315857,0.44505786895751953,0.1825062334537506,-2.1785366535186768,0.010191202163696289,5.149476528167725
0,1264,0.3156256675720215,-0.169451043009758,1.0965499877929688,0.44470712542533875,0.18087482452392578,-2.1760716438293457,0.01019430160522461,5.183456897735596
0,1265,0.3153149485588074,-0.16950322687625885,1.0964405536651611,0.44434550404548645,0.17924126982688904,-2.1736114025115967,0.0102006196975708,5.218193054199219
0,1266,0.3150026500225067,-0.16955482959747314,1.0963321924209595,0.44397515058517456,0.17760765552520752,-2.1711525917053223,0.01020824909210205,5.253371238708496
0,1267,0.3146899342536926,-0.1696060746908188,1.096224069595337,0.44359803199768066,0.17597410082817078,-2.168692111968994,0.01021575927734375,5.288909435272217
0,1268,0.3143777847290039,-0.16965721547603607,1.0961148738861084,0.44321420788764954,0.17433848977088928,-2.1662278175354004,0.010221481323242188,5.324284076690674
0,1269,0.31406694650650024,-0.16970857977867126,1.096003770828247,0.4428234100341797,0.17269551753997803,-2.1637556552886963,0.010224103927612305,5.359316825866699
0,1270,0.3137582540512085,-0.16976061463356018,1.0958895683288574,0.4424247741699219,0.17103639245033264,-2.161271810531616,0.010222196578979492,5.393322944641113
0,1271,0.3134525716304779,-0.16981390118598938,1.0957711935043335,0.4420170187950134,0.1693541556596756,-2.1587724685668945,0.010214090347290039,5.425635814666748
0,1272,0.3131503164768219,-0.16986870765686035,1.0956474542617798,0.4415985345840454,0.1676430106163025,-2.1562552452087402,0.010198712348937988,5.455963134765625
0,1273,0.31285157799720764,-0.16992515325546265,1.0955185890197754,0.4411693811416626,0.16590256989002228,-2.153719663619995,0.010175943374633789,5.484264850616455
0,1274,0.31255578994750977,-0.1699829399585724,1.0953853130340576,0.4407298266887665,0.16413745284080505,-2.151167869567871,0.01014697551727295,5.510786056518555
0,1275,0.31226208806037903,-0.1700415313243866,1.095248818397522,0.440280556678772,0.1623552143573761,-2.148603916168213,0.010113358497619629,5.536260604858398
0,1276,0.3119695782661438,-0.17010052502155304,1.095110535621643,0.4398224651813507,0.16056391596794128,-2.146031618118286,0.01007699966430664,5.561090469360352
0,1277,0.3116774559020996,-0.1701594740152359,1.0949718952178955,0.4393555521965027,0.15876814723014832,-2.143453598022461,0.010039567947387695,5.585704803466797
0,1278,0.31138503551483154,-0.17021800577640533,1.0948338508605957,0.4388789236545563,0.15696878731250763,-2.140871524810791,0.010002374649047852,5.610351085662842
0,1279,0.311091810464859,-0.17027604579925537,1.0946969985961914,0.438388466835022,0.15516196191310883,-2.1382861137390137,0.009966373443603516,5.634890556335449
0,1280,0.3107973635196686,-0.17033348977565765,1.0945624113082886,0.43788042664527893,0.1533403992652893,-2.135694742202759,0.009932637214660645,5.658907413482666
0,1281,0.3105011284351349,-0.17039021849632263,1.0944308042526245,0.43735048174858093,0.151495561003685,-2.133096694946289,0.009902119636535645,5.682237148284912
0,1282,0.31020286679267883,-0.1704462617635727,1.094302773475647,0.43679484724998474,0.14962193369865417,-2.130490779876709,0.00987553596496582,5.704544544219971
0,1283,0.3099026679992676,-0.17050166428089142,1.094178557395935,0.43621334433555603,0.14771859347820282,-2.127875804901123,0.009853005409240723,5.725772380828857
0,1284,0.30960068106651306,-0.1705564260482788,1.0940574407577515,0.43560776114463806,0.14578960835933685,-2.1252522468566895,0.009833812713623047,5.746103763580322
0,1285,0.30929723381996155,-0.17061059176921844,1.0939387083053589,0.43498244881629944,0.14384359121322632,-2.1226227283477783,0.009817123413085938,5.765989303588867
0,1286,0.30899280309677124,-0.17066429555416107,1.0938212871551514,0.434341162443161,0.1418883204460144,-2.1199874877929688,0.009801626205444336,5.785604000091553
0,1287,0.308687686920166,-0.17071767151355743,1.0937044620513916,0.4336881637573242,0.13992924988269806,-2.1173477172851562,0.009786367416381836,5.805287837982178
0,1288,0.3083818554878235,-0.1707708090543747,1.0935872793197632,0.4330243766307831,0.1379675716161728,-2.1147046089172363,0.009770631790161133,5.8250732421875
0,1289,0.30807507038116455,-0.17082388699054718,1.0934686660766602,0.43234843015670776,0.1360006183385849,-2.112057685852051,0.009753108024597168,5.844959259033203
0,1290,0.30776697397232056,-0.17087720334529877,1.0933479070663452,0.431659072637558,0.1340228021144867,-2.1094067096710205,0.009733438491821289,5.864678382873535
0,1291,0.30745723843574524,-0.1709309220314026,1.093224287033081,0.4309539198875427,0.13202819228172302,-2.10675048828125,0.00971078872680664,5.8840651512146
0,1292,0.30714553594589233,-0.170985147356987,1.0930970907211304,0.4302310347557068,0.13001367449760437,-2.1040894985198975,0.009684562683105469,5.903022766113281
0,1293,0.3068319857120514,-0.17103992402553558,1.0929667949676514,0.42949044704437256,0.12797988951206207,-2.1014232635498047,0.009655356407165527,5.921523094177246
0,1294,0.3065168857574463,-0.17109505832195282,1.0928339958190918,0.42873433232307434,0.12593123316764832,-2.0987517833709717,0.009623408317565918,5.93980073928833
0,1295,0.3062007427215576,-0.1711503565311432,1.0926998853683472,0.4279647171497345,0.12387382984161377,-2.096076011657715,0.009589910507202148,5.9579572677612305
0,1296,0.30588406324386597,-0.17120572924613953,1.0925650596618652,0.4271826148033142,0.12181347608566284,-2.093397617340088,0.009555220603942871,5.976189136505127
0,1297,0.3055674433708191,-0.17126116156578064,1.092430830001831,0.4263887405395508,0.11975301057100296,-2.090717315673828,0.009520530700683594,5.994300842285156
0,1298,0.30525144934654236,-0.17131686210632324,1.092298150062561,0.4255819320678711,0.11769209802150726,-2.0880393981933594,0.009486556053161621,6.012097358703613
0,1299,0.30493679642677307,-0.17137329280376434,1.0921683311462402,0.42475956678390503,0.11562736332416534,-2.085366725921631,0.00945425033569336,6.029028415679932
0,1300,0.3046242594718933,-0.17143090069293976,1.0920422077178955,0.4239178001880646,0.11355453729629517,-2.082703113555908,0.009424090385437012,6.044486045837402
0,1301,0.3043143153190613,-0.17149017751216888,1.0919206142425537,0.4230539798736572,0.1114700511097908,-2.080051898956299,0.009396791458129883,6.058027267456055
0,1302,0.3040071427822113,-0.1715511828660965,1.0918039083480835,0.4221669137477875,0.10937261581420898,-2.077413558959961,0.009372711181640625,6.069471836090088
0,1303,0.3037024438381195,-0.1716136932373047,1.0916917324066162,0.42125803232192993,0.10726382583379745,-2.074786901473999,0.009351491928100586,6.079024791717529
0,1304,0.3033994734287262,-0.17167742550373077,1.091583013534546,0.42033010721206665,0.10514744371175766,-2.0721678733825684,0.00933229923248291,6.087274551391602
0,1305,0.3030971884727478,-0.171741783618927,1.0914767980575562,0.41938677430152893,0.10302737355232239,-2.069552421569824,0.009314894676208496,6.09480619430542
0,1306,0.3027943968772888,-0.1718062311410904,1.0913721323013306,0.4184303283691406,0.10090726613998413,-2.066936492919922,0.009298563003540039,6.102456569671631
0,1307,0.3024894595146179,-0.17187044024467468,1.0912680625915527,0.4174606204032898,0.0987863764166832,-2.064317226409912,0.009282946586608887,6.110674858093262
0,1308,0.3021802008152008,-0.1719341278076172,1.091164231300354,0.4164762496948242,0.0966615080833435,-2.061692714691162,0.009268522262573242,6.119939804077148
0,1309,0.30186399817466736,-0.17199701070785522,1.0910604000091553,0.4154728353023529,0.09452719986438751,-2.0590620040893555,0.009255766868591309,6.130853652954102
0,1310,0.301538348197937,-0.17205892503261566,1.090956449508667,0.4144463837146759,0.09237783402204514,-2.056424617767334,0.00924539566040039,6.143822193145752
0,1311,0.301201730966568,-0.17211979627609253,1.0908523797988892,0.4133947193622589,0.09020916372537613,-2.0537796020507812,0.009237885475158691,6.159215450286865
0,1312,0.3008542060852051,-0.17217950522899628,1.0907483100891113,0.41231706738471985,0.08802139759063721,-2.051126718521118,0.00923311710357666,6.176919460296631
0,1313,0.3004973828792572,-0.17223821580410004,1.0906442403793335,0.4112153649330139,0.08581884950399399,-2.048466682434082,0.009230732917785645,6.196819305419922
0,1314,0.3001340329647064,-0.17229613661766052,1.0905404090881348,0.41009414196014404,0.08360815793275833,-2.045799970626831,0.009229779243469238,6.218359470367432
0,1315,0.2997671961784363,-0.17235352098941803,1.0904366970062256,0.4089565575122833,0.0813952311873436,-2.043128490447998,0.009229302406311035,6.240829944610596
0,1316,0.2993999421596527,-0.1724107563495636,1.090333342552185,0.40780532360076904,0.07918471843004227,-2.0404536724090576,0.00922846794128418,6.263627529144287
0,1317,0.29903510212898254,-0.17246825993061066,1.0902304649353027,0.40664082765579224,0.0769774541258812,-2.037778854370117,0.009226560592651367,6.285656452178955
0,1318,0.2986757457256317,-0.17252668738365173,1.0901283025741577,0.40546125173568726,0.07477279752492905,-2.0351080894470215,0.009222626686096191,6.305867671966553
0,1319,0.2983248233795166,-0.1725868135690689,1.09002685546875,0.4042641222476959,0.07256817817687988,-2.03244686126709,0.009215950965881348,6.322852611541748
0,1320,0.297984778881073,-0.17264917492866516,1.0899262428283691,0.4030473828315735,0.07036115229129791,-2.0297980308532715,0.009205818176269531,6.335646629333496
0,1321,0.2976565957069397,-0.17271403968334198,1.0898263454437256,0.40180906653404236,0.06815025955438614,-2.0271639823913574,0.00919187068939209,6.343595027923584
0,1322,0.297339528799057,-0.17278136312961578,1.0897271633148193,0.40055033564567566,0.06593652814626694,-2.024543523788452,0.009174346923828125,6.347179412841797
0,1323,0.2970312833786011,-0.1728506237268448,1.0896286964416504,0.39927297830581665,0.06372126191854477,-2.0219321250915527,0.009154200553894043,6.347148895263672
0,1324,0.2967287600040436,-0.1729210466146469,1.0895310640335083,0.39798054099082947,0.0615064799785614,-2.0193257331848145,0.00913238525390625,6.344954967498779
0,1325,0.29642927646636963,-0.17299170792102814,1.0894341468811035,0.39667436480522156,0.05929376557469368,-2.016718864440918,0.009109854698181152,6.341678619384766
0,1326,0.29613107442855835,-0.17306159436702728,1.0893375873565674,0.3953540325164795,0.05708199739456177,-2.014108180999756,0.009086966514587402,6.3377509117126465
0,1327,0.29583337903022766,-0.17312972247600555,1.0892412662506104,0.39401617646217346,0.054867733269929886,-2.0114927291870117,0.009063720703125,6.333417892456055
0,1328,0.2955361008644104,-0.17319484055042267,1.0891449451446533,0.3926558196544647,0.05264497920870781,-2.008871078491211,0.009040236473083496,6.3282151222229
0,1329,0.2952395975589752,-0.1732558161020279,1.0890482664108276,0.3912677764892578,0.0504072941839695,-2.0062437057495117,0.009016275405883789,6.3216118812561035
0,1330,0.29494428634643555,-0.17331193387508392,1.0889514684677124,0.3898482620716095,0.048149414360523224,-2.0036096572875977,0.00899195671081543,6.313201427459717
0,1331,0.29465019702911377,-0.17336300015449524,1.088854193687439,0.38839566707611084,0.04587108641862869,-2.000969409942627,0.008967041969299316,6.30285120010376
0,1332,0.29435718059539795,-0.17340975999832153,1.0887566804885864,0.3869130611419678,0.043575454503297806,-1.9983230829238892,0.008941650390625,6.290801048278809
0,1333,0.29406487941741943,-0.1734534353017807,1.0886592864990234,0.38540568947792053,0.04126933217048645,-1.9956705570220947,0.008916139602661133,6.277666091918945
0,1334,0.29377278685569763,-0.17349523305892944,1.0885621309280396,0.3838788568973541,0.03895985335111618,-1.9930120706558228,0.008890390396118164,6.263940334320068
0,1335,0.2934804856777191,-0.17353644967079163,1.0884655714035034,0.3823373019695282,0.03665284439921379,-1.9903484582901,0.008864879608154297,6.250247478485107
0,1336,0.2931874096393585,-0.17357800900936127,1.0883697271347046,0.38078275322914124,0.034352727234363556,-1.9876816272735596,0.008839726448059082,6.236870288848877
0,1337,0.2928929328918457,-0.17362074553966522,1.0882741212844849,0.379213809967041,0.03206246718764305,-1.9850146770477295,0.008814334869384766,6.223999977111816
0,1338,0.2925965487957001,-0.17366555333137512,1.0881786346435547,0.377627968788147,0.029783926904201508,-1.9823516607284546,0.008788704872131348,6.211734771728516
0,1339,0.29229775071144104,-0.17371293902397156,1.0880827903747559,0.3760228157043457,0.02751845307648182,-1.979695200920105,0.008762478828430176,6.200109004974365
0,1340,0.29199615120887756,-0.17376329004764557,1.0879868268966675,0.37439650297164917,0.025266265496611595,-1.9770479202270508,0.0087357759475708,6.189126968383789
0,1341,0.2916918992996216,-0.17381645739078522,1.0878905057907104,0.3727494478225708,0.0230273250490427,-1.974408507347107,0.008708357810974121,6.178791522979736
0,1342,0.29138538241386414,-0.17387190461158752,1.087794303894043,0.3710837662220001,0.02080054022371769,-1.9717748165130615,0.00868070125579834,6.169074535369873
0,1343,0.2910771667957306,-0.17392899096012115,1.0876983404159546,0.36940181255340576,0.01858418807387352,-1.9691425561904907,0.008652925491333008,6.159915447235107
0,1344,0.2907677888870239,-0.17398710548877716,1.0876030921936035,0.36770591139793396,0.016376512125134468,-1.966508388519287,0.008625268936157227,6.151188850402832
0,1345,0.2904575765132904,-0.17404615879058838,1.0875091552734375,0.36599600315093994,0.01417425088584423,-1.963869571685791,0.0085984468460083,6.14270544052124
0,1346,0.29014649987220764,-0.17410628497600555,1.0874171257019043,0.36426952481269836,0.011973145417869091,-1.9612246751785278,0.008572816848754883,6.134401798248291
0,1347,0.2898343503475189,-0.17416809499263763,1.0873277187347412,0.36252135038375854,0.009768492542207241,-1.9585736989974976,0.008549332618713379,6.125831127166748
0,1348,0.2895207703113556,-0.1742323935031891,1.0872418880462646,0.36074572801589966,0.007554617710411549,-1.9559166431427002,0.008528709411621094,6.116703510284424
0,1349,0.2892054617404938,-0.17429979145526886,1.0871602296829224,0.3589377999305725,0.005327190272510052,-1.9532538652420044,0.008511543273925781,6.106791973114014
0,1350,0.2888883054256439,-0.17437054216861725,1.0870829820632935,0.3570960760116577,0.0030851413030177355,-1.9505857229232788,0.008498191833496094,6.09612512588501
0,1351,0.2885693907737732,-0.17444437742233276,1.0870097875595093,0.35522252321243286,0.0008306951494887471,-1.9479116201400757,0.008488059043884277,6.0847625732421875
0,1352,0.28824904561042786,-0.17452046275138855,1.0869399309158325,0.3533218502998352,-0.001431137789040804,-1.9452309608459473,0.008480668067932129,6.072958946228027
0,1353,0.28792762756347656,-0.17459779977798462,1.0868725776672363,0.35140034556388855,-0.00369394663721323,-1.942543625831604,0.008475184440612793,6.061229705810547
0,1354,0.28760552406311035,-0.17467515170574188,1.0868066549301147,0.3494624197483063,-0.005951484199613333,-1.9398497343063354,0.008470654487609863,6.0497050285339355
0,1355,0.2872828245162964,-0.1747509241104126,1.086740493774414,0.34750983119010925,-0.008198740892112255,-1.937150001525879,0.00846552848815918,6.038515567779541
0,1356,0.2869594693183899,-0.1748233288526535,1.0866726636886597,0.3455412685871124,-0.010431642644107342,-1.934446930885315,0.008458614349365234,6.027858257293701
0,1357,0.2866353392601013,-0.17489014565944672,1.086601734161377,0.34355440735816956,-0.012645760551095009,-1.9317431449890137,0.00844883918762207,6.017572402954102
0,1358,0.28631019592285156,-0.1749492734670639,1.086525797843933,0.34154513478279114,-0.014837616123259068,-1.9290416240692139,0.008434653282165527,6.007596015930176
0,1359,0.28598394989967346,-0.17499934136867523,1.0864440202713013,0.33951154351234436,-0.01700533926486969,-1.9263437986373901,0.008415460586547852,5.997897148132324
0,1360,0.28565654158592224,-0.17504039406776428,1.0863564014434814,0.337453693151474,-0.01914934068918228,-1.9236496686935425,0.008391141891479492,5.988378524780273
0,1361,0.28532806038856506,-0.17507395148277283,1.0862640142440796,0.3353734016418457,-0.02127116359770298,-1.9209580421447754,0.008362650871276855,5.979140281677246
0,1362,0.2849987745285034,-0.17510244250297546,1.0861685276031494,0.3332747220993042,-0.023375196382403374,-1.9182652235031128,0.008331060409545898,5.970150470733643
0,1363,0.28466910123825073,-0.17512856423854828,1.0860720872879028,0.33116093277931213,-0.025465410202741623,-1.9155688285827637,0.008298397064208984,5.9613118171691895
0,1364,0.28433957695961,-0.1751551330089569,1.0859763622283936,0.32903313636779785,-0.027545180171728134,-1.9128665924072266,0.008265495300292969,5.952459812164307
0,1365,0.28401100635528564,-0.17518529295921326,1.0858829021453857,0.3268897235393524,-0.029617914929986,-1.9101582765579224,0.008233428001403809,5.9431657791137695
0,1366,0.2836844027042389,-0.17522236704826355,1.0857932567596436,0.32472723722457886,-0.03168706223368645,-1.9074443578720093,0.00820302963256836,5.932734489440918
0,1367,0.28336089849472046,-0.17526985704898834,1.0857088565826416,0.3225397765636444,-0.03375529125332832,-1.904726266860962,0.008175253868103027,5.9203972816467285
0,1368,0.28304147720336914,-0.17533071339130402,1.0856308937072754,0.32032230496406555,-0.0358252115547657,-1.9020051956176758,0.008150458335876465,5.905546188354492
0,1369,0.2827266752719879,-0.17540611326694489,1.085559606552124,0.31807243824005127,-0.037897076457738876,-1.8992815017700195,0.008128762245178223,5.8877949714660645
0,1370,0.2824162244796753,-0.17549510300159454,1.0854947566986084,0.315791517496109,-0.039970044046640396,-1.8965545892715454,0.0081101655960083,5.86741828918457
0,1371,0.2821091115474701,-0.17559479176998138,1.085435390472412,0.3134842813014984,-0.04204174876213074,-1.8938230276107788,0.008094429969787598,5.845059871673584
0,1372,0.28180399537086487,-0.17570127546787262,1.085379958152771,0.3111560046672821,-0.04410899803042412,-1.8910861015319824,0.008080601692199707,5.821707248687744
0,1373,0.2814994156360626,-0.17581045627593994,1.0853264331817627,0.30881139636039734,-0.0461677610874176,-1.8883421421051025,0.008067607879638672,5.798192977905273
0,1374,0.2811937630176544,-0.17591813206672668,1.0852731466293335,0.3064520061016083,-0.048214323818683624,-1.8855911493301392,0.008054614067077637,5.775160312652588
0,1375,0.28088536858558655,-0.17602011561393738,1.085218071937561,0.30407631397247314,-0.05024440586566925,-1.8828340768814087,0.008040547370910645,5.753296375274658
0,1376,0.2805723547935486,-0.17611205577850342,1.085159182548523,0.30168116092681885,-0.05225392431020737,-1.8800724744796753,0.008024215698242188,5.733058929443359
0,1377,0.2802528440952301,-0.17618973553180695,1.0850940942764282,0.29926177859306335,-0.05423843115568161,-1.8773084878921509,0.008003950119018555,5.714910984039307
0,1378,0.27992555499076843,-0.1762503981590271,1.0850214958190918,0.2968151271343231,-0.05619535595178604,-1.8745430707931519,0.007979273796081543,5.698941230773926
0,1379,0.27959027886390686,-0.17629361152648926,1.0849412679672241,0.2943398952484131,-0.058123182505369186,-1.8717774152755737,0.0079498291015625,5.685306549072266
0,1380,0.279247909784317,-0.17632146179676056,1.0848543643951416,0.2918390929698944,-0.06002473831176758,-1.8690096139907837,0.00791633129119873,5.67371129989624
0,1381,0.27890023589134216,-0.17633812129497528,1.0847629308700562,0.2893163561820984,-0.06190389022231102,-1.866237759590149,0.00787973403930664,5.663580894470215
0,1382,0.278549462556839,-0.17634853720664978,1.0846693515777588,0.28677746653556824,-0.0637650117278099,-1.8634607791900635,0.00784146785736084,5.654472351074219
0,1383,0.2781980037689209,-0.1763574331998825,1.08457612991333,0.28422459959983826,-0.06561128050088882,-1.860676884651184,0.007803082466125488,5.6456618309021
0,1384,0.27784818410873413,-0.17636917531490326,1.0844849348068237,0.2816571891307831,-0.06744387745857239,-1.8578864336013794,0.007765293121337891,5.636142253875732
0,1385,0.2775025963783264,-0.17638808488845825,1.084397554397583,0.27907246351242065,-0.06926261633634567,-1.855090618133545,0.007728695869445801,5.62486457824707
0,1386,0.2771640717983246,-0.17641842365264893,1.0843154191970825,0.27646562457084656,-0.07106590270996094,-1.8522918224334717,0.0076940059661865234,5.610630989074707
0,1387,0.27683499455451965,-0.17646385729312897,1.0842398405075073,0.27383190393447876,-0.07285287231206894,-1.8494914770126343,0.007661581039428711,5.5921220779418945
0,1388,0.2765168249607086,-0.17652630805969238,1.0841714143753052,0.2711676359176636,-0.07462110370397568,-1.8466917276382446,0.007631659507751465,5.568767547607422
0,1389,0.2762090861797333,-0.1766052395105362,1.0841097831726074,0.26847365498542786,-0.07637114077806473,-1.8438917398452759,0.007604122161865234,5.54079008102417
0,1390,0.2759099304676056,-0.1766975224018097,1.0840541124343872,0.2657542824745178,-0.07810451090335846,-1.8410896062850952,0.007578849792480469,5.509043216705322
0,1391,0.2756165862083435,-0.1767987310886383,1.0840027332305908,0.2630147933959961,-0.07982244342565536,-1.8382833003997803,0.007555365562438965,5.474930763244629
0,1392,0.27532610297203064,-0.17690424621105194,1.0839537382125854,0.26025938987731934,-0.08152638375759125,-1.8354707956314087,0.007532596588134766,5.439667701721191
0,1393,0.2750362157821655,-0.17700964212417603,1.083905577659607,0.25749045610427856,-0.08321623504161835,-1.8326510190963745,0.007510066032409668,5.404284477233887
0,1394,0.27474504709243774,-0.17711086571216583,1.0838559865951538,0.25470665097236633,-0.08489075303077698,-1.8298240900039673,0.0074863433837890625,5.369288921356201
0,1395,0.2744511067867279,-0.1772039234638214,1.0838028192520142,0.25190359354019165,-0.08654746413230896,-1.826992392539978,0.007459878921508789,5.334836483001709
0,1396,0.2741531431674957,-0.17728494107723236,1.083743929862976,0.24907660484313965,-0.0881834477186203,-1.8241572380065918,0.007429242134094238,5.301121234893799
0,1397,0.27385032176971436,-0.17735116183757782,1.0836777687072754,0.2462213635444641,-0.08979674428701401,-1.8213201761245728,0.007393240928649902,5.2680463790893555
0,1398,0.2735423147678375,-0.17740173637866974,1.0836035013198853,0.2433358132839203,-0.09138578921556473,-1.818482518196106,0.007351279258728027,5.235586643218994
0,1399,0.27322959899902344,-0.1774381399154663,1.0835223197937012,0.2404223531484604,-0.09295196831226349,-1.8156424760818481,0.007304191589355469,5.203603267669678
0,1400,0.2729131579399109,-0.17746374011039734,1.0834360122680664,0.23748624324798584,-0.09449809789657593,-1.812799334526062,0.007253170013427734,5.172142028808594
0,1401,0.2725944519042969,-0.17748291790485382,1.0833475589752197,0.23453278839588165,-0.09602674841880798,-1.8099502325057983,0.007200360298156738,5.141022682189941
0,1402,0.2722747325897217,-0.1774996519088745,1.0832589864730835,0.231565460562706,-0.09753875434398651,-1.8070943355560303,0.00714719295501709,5.109982490539551
0,1403,0.2719551920890808,-0.177517369389534,1.0831722021102905,0.22858533263206482,-0.09903230518102646,-1.8042315244674683,0.007094979286193848,5.078984260559082
0,1404,0.2716369032859802,-0.17753919959068298,1.0830888748168945,0.22559036314487457,-0.1005033403635025,-1.8013633489608765,0.007044792175292969,5.047292232513428
0,1405,0.27132105827331543,-0.1775679737329483,1.0830105543136597,0.22257626056671143,-0.10194513201713562,-1.798491358757019,0.006997585296630859,5.014423370361328
0,1406,0.27100861072540283,-0.17760607600212097,1.0829381942749023,0.21953782439231873,-0.10335036367177963,-1.7956185340881348,0.006954193115234375,4.979725360870361
0,1407,0.2707001566886902,-0.17765496671199799,1.082872748374939,0.21647243201732635,-0.1047147586941719,-1.7927465438842773,0.0069152116775512695,4.9429216384887695
0,1408,0.2703956663608551,-0.177714541554451,1.0828142166137695,0.21337969601154327,-0.10603835433721542,-1.7898755073547363,0.006880521774291992,4.903846263885498
0,1409,0.27009445428848267,-0.17778311669826508,1.082761526107788,0.2102629393339157,-0.10732454061508179,-1.7870041131973267,0.00684964656829834,4.863007545471191
0,1410,0.2697954773902893,-0.17785803973674774,1.0827133655548096,0.20712679624557495,-0.10858035087585449,-1.7841291427612305,0.0068215131759643555,4.821010589599609
0,1411,0.2694973647594452,-0.1779366284608841,1.0826683044433594,0.2039763182401657,-0.10981331020593643,-1.7812492847442627,0.006795287132263184,4.778563976287842
0,1412,0.2691986560821533,-0.17801664769649506,1.0826250314712524,0.20081432163715363,-0.1110285148024559,-1.7783622741699219,0.0067702531814575195,4.736316680908203
0,1413,0.2688975930213928,-0.17809630930423737,1.0825823545455933,0.19763946533203125,-0.11222812533378601,-1.7754684686660767,0.006745338439941406,4.694817066192627
0,1414,0.268591970205307,-0.17817425727844238,1.0825389623641968,0.19444821774959564,-0.11341205984354019,-1.7725696563720703,0.006719708442687988,4.654715061187744
0,1415,0.268279492855072,-0.17824935913085938,1.082493782043457,0.1912357211112976,-0.11457911878824234,-1.7696670293807983,0.006692647933959961,4.616473197937012
0,1416,0.2679581940174103,-0.17832091450691223,1.0824456214904785,0.18799658119678497,-0.11572713404893875,-1.7667624950408936,0.006663203239440918,4.580478668212891
0,1417,0.2676272392272949,-0.17838861048221588,1.0823941230773926,0.18472793698310852,-0.11685419827699661,-1.7638578414916992,0.006630897521972656,4.546914577484131
0,1418,0.2672871947288513,-0.17845268547534943,1.082339882850647,0.18143215775489807,-0.11796165257692337,-1.760951042175293,0.00659632682800293,4.515705108642578
0,1419,0.26693984866142273,-0.17851391434669495,1.0822837352752686,0.17811313271522522,-0.11904948204755783,-1.7580417394638062,0.006559967994689941,4.486330986022949
0,1420,0.2665877342224121,-0.17857328057289124,1.0822268724441528,0.1747763454914093,-0.12011909484863281,-1.7551270723342896,0.006522655487060547,4.458213806152344
0,1421,0.2662334144115448,-0.17863167822360992,1.0821707248687744,0.17142638564109802,-0.12117009609937668,-1.7522064447402954,0.006485462188720703,4.430714130401611
0,1422,0.26587915420532227,-0.17868967354297638,1.0821160078048706,0.16806519031524658,-0.12219968438148499,-1.7492791414260864,0.006448864936828613,4.402998447418213
0,1423,0.26552703976631165,-0.17874754965305328,1.0820635557174683,0.16469064354896545,-0.12320075184106827,-1.7463479042053223,0.006413578987121582,4.374033451080322
0,1424,0.26517897844314575,-0.17880520224571228,1.0820133686065674,0.16129930317401886,-0.12416441738605499,-1.7434138059616089,0.006379365921020508,4.342891216278076
0,1425,0.2648365795612335,-0.17886242270469666,1.0819658041000366,0.15788552165031433,-0.12508012354373932,-1.7404810190200806,0.006346583366394043,4.308389663696289
0,1426,0.26450103521347046,-0.17891903221607208,1.081921100616455,0.15444551408290863,-0.1259406954050064,-1.737552285194397,0.00631558895111084,4.269850254058838
0,1427,0.2641724944114685,-0.17897500097751617,1.081878900527954,0.1509794294834137,-0.12674523890018463,-1.7346277236938477,0.006285905838012695,4.227116107940674
0,1428,0.2638501524925232,-0.17903050780296326,1.0818395614624023,0.14748983085155487,-0.1274982988834381,-1.7317060232162476,0.0062580108642578125,4.180575847625732
0,1429,0.2635323703289032,-0.17908571660518646,1.0818023681640625,0.14398139715194702,-0.12820997834205627,-1.728784441947937,0.0062313079833984375,4.131284713745117
0,1430,0.26321738958358765,-0.17914079129695892,1.0817673206329346,0.14045928418636322,-0.1288907527923584,-1.7258598804473877,0.006206035614013672,4.0803914070129395
0,1431,0.2629040479660034,-0.17919601500034332,1.0817338228225708,0.13692663609981537,-0.12954877316951752,-1.7229303121566772,0.00618135929107666,4.028564929962158
0,1432,0.26259171962738037,-0.17925184965133667,1.0817017555236816,0.13338325917720795,-0.13018938899040222,-1.7199956178665161,0.006157398223876953,3.9759652614593506
0,1433,0.2622804641723633,-0.1793084591627121,1.0816702842712402,0.1298249363899231,-0.13081267476081848,-1.7170566320419312,0.006133079528808594,3.9225120544433594
0,1434,0.2619708776473999,-0.17936627566814423,1.0816386938095093,0.12624511122703552,-0.1314174085855484,-1.7141157388687134,0.006107807159423828,3.867612361907959
0,1435,0.2616634964942932,-0.17942562699317932,1.0816066265106201,0.12263797223567963,-0.1320016086101532,-1.711175799369812,0.006081104278564453,3.8105878829956055
0,1436,0.2613586485385895,-0.17948663234710693,1.0815733671188354,0.11899938434362411,-0.13256347179412842,-1.7082375288009644,0.006052255630493164,3.7512366771698
0,1437,0.2610563635826111,-0.17954929172992706,1.0815390348434448,0.11533024907112122,-0.1331031620502472,-1.7053009271621704,0.006021261215209961,3.689393997192383
0,1438,0.2607561945915222,-0.17961329221725464,1.081504225730896,0.11163557320833206,-0.13362205028533936,-1.7023645639419556,0.00598907470703125,3.62563419342041
0,1439,0.2604573965072632,-0.1796782910823822,1.0814698934555054,0.1079224944114685,-0.13412146270275116,-1.6994255781173706,0.005956411361694336,3.560734748840332
0,1440,0.26015907526016235,-0.1797439157962799,1.0814365148544312,0.1041967123746872,-0.1346016377210617,-1.6964819431304932,0.0059239864349365234,3.4953038692474365
0,1441,0.25986024737358093,-0.17980961501598358,1.0814048051834106,0.10046100616455078,-0.13505911827087402,-1.693533182144165,0.005892753601074219,3.429882287979126
0,1442,0.25955960154533386,-0.1798747032880783,1.0813748836517334,0.09671485424041748,-0.13548551499843597,-1.6905804872512817,0.005862712860107422,3.3645284175872803
0,1443,0.25925567746162415,-0.17993855476379395,1.0813467502593994,0.09295418858528137,-0.13586880266666412,-1.6876262426376343,0.005833983421325684,3.2996022701263428
0,1444,0.25894689559936523,-0.18000037968158722,1.0813204050064087,0.08917427808046341,-0.13619503378868103,-1.68467378616333,0.0058068037033081055,3.2348875999450684
0,1445,0.25863197445869446,-0.1800595223903656,1.0812958478927612,0.08537055552005768,-0.13645346462726593,-1.6817258596420288,0.0057811737060546875,3.1703970432281494
0,1446,0.2583104968070984,-0.18011578917503357,1.081273078918457,0.08154185116291046,-0.13663963973522186,-1.6787831783294678,0.00575709342956543,3.106144666671753
0,1447,0.2579830288887024,-0.18016941845417023,1.0812517404556274,0.07768987119197845,-0.13675810396671295,-1.6758463382720947,0.00573420524597168,3.041823625564575
0,1448,0.25765088200569153,-0.18022112548351288,1.0812323093414307,0.07382060587406158,-0.13682158291339874,-1.6729114055633545,0.005712628364562988,2.9778237342834473
0,1449,0.25731566548347473,-0.18027181923389435,1.0812146663665771,0.06993847340345383,-0.13684310019016266,-1.6699762344360352,0.0056923627853393555,2.9137630462646484
0,1450,0.2569788992404938,-0.1803225576877594,1.0811985731124878,0.06604816764593124,-0.13683560490608215,-1.6670376062393188,0.0056726932525634766,2.8497748374938965
0,1451,0.2566414773464203,-0.1803746223449707,1.0811835527420044,0.062148645520210266,-0.13680431246757507,-1.6640955209732056,0.0056531429290771484,2.7855827808380127
0,1452,0.25630393624305725,-0.18042954802513123,1.081168532371521,0.05823676660656929,-0.13675127923488617,-1.661150574684143,0.005632519721984863,2.7208847999572754
0,1453,0.2559663653373718,-0.18048903346061707,1.0811518430709839,0.05430486798286438,-0.13667277991771698,-1.6582037210464478,0.005608797073364258,2.6554226875305176
0,1454,0.2556288242340088,-0.18055476248264313,1.0811322927474976,0.05034627020359039,-0.13656491041183472,-1.6552581787109375,0.0055806636810302734,2.588684558868408
0,1455,0.2552911639213562,-0.1806277483701706,1.0811092853546143,0.04635588824748993,-0.13642394542694092,-1.652315378189087,0.0055474042892456055,2.5204920768737793
0,1456,0.25495344400405884,-0.18070797622203827,1.0810825824737549,0.04233379662036896,-0.13624945282936096,-1.6493752002716064,0.0055086612701416016,2.4507229328155518
0,1457,0.25461575388908386,-0.1807943880558014,1.0810531377792358,0.03828499838709831,-0.13604414463043213,-1.646436095237732,0.00546574592590332,2.379814624786377
0,1458,0.25427815318107605,-0.18088504672050476,1.081022024154663,0.03421658277511597,-0.13581059873104095,-1.6434972286224365,0.005419731140136719,2.3079166412353516
0,1459,0.25394096970558167,-0.18097783625125885,1.0809894800186157,0.03013615496456623,-0.13555221259593964,-1.6405550241470337,0.005371212959289551,2.235283374786377
0,1460,0.25360479950904846,-0.18107075989246368,1.0809547901153564,0.026047682389616966,-0.1352677345275879,-1.6376101970672607,0.005319833755493164,2.161750555038452
0,1461,0.2532707154750824,-0.18116159737110138,1.0809149742126465,0.0219521913677454,-0.13495127856731415,-1.6346632242202759,0.005262851715087891,2.0867538452148438
0,1462,0.25294023752212524,-0.18124793469905853,1.080864429473877,0.01784529909491539,-0.1345902383327484,-1.6317179203033447,0.005195021629333496,2.008960247039795
0,1463,0.2526150345802307,-0.18132728338241577,1.0807968378067017,0.013721692375838757,-0.13417069613933563,-1.6287767887115479,0.005110263824462891,1.926915168762207
0,1464,0.2522966265678406,-0.1813976764678955,1.0807065963745117,0.009576278738677502,-0.13368001580238342,-1.6258443593978882,0.00500333309173584,1.8393046855926514
0,1465,0.2519855797290802,-0.18145807087421417,1.080590844154358,0.005407167132943869,-0.13311271369457245,-1.6229212284088135,0.004871726036071777,1.7456278800964355
0,1466,0.25168153643608093,-0.18150916695594788,1.080451250076294,0.0012151601258665323,-0.13247206807136536,-1.6200082302093506,0.0047168731689453125,1.6457998752593994
0,1467,0.2513830363750458,-0.181552916765213,1.08029305934906,-0.002993514994159341,-0.1317712515592575,-1.617101788520813,0.004543781280517578,1.5415464639663696
0,1468,0.25108835101127625,-0.18159177899360657,1.080122470855713,-0.007213462144136429,-0.13102483749389648,-1.614198923110962,0.004358410835266113,1.4343594312667847
0,1469,0.250795841217041,-0.18162815272808075,1.0799444913864136,-0.011439785361289978,-0.13024678826332092,-1.6112959384918213,0.0041654109954833984,1.3252986669540405
0,1470,0.2505045533180237,-0.1816636472940445,1.0797603130340576,-0.015670280903577805,-0.12944521009922028,-1.608391284942627,0.00396573543548584,1.2151480913162231
0,1471,0.2502141296863556,-0.18169905245304108,1.0795669555664062,-0.019907036796212196,-0.1286231130361557,-1.605484962463379,0.003756403923034668,1.1042898893356323
0,1472,0.2499247044324875,-0.1817346066236496,1.0793582201004028,-0.024154700338840485,-0.12777908146381378,-1.6025779247283936,0.0035309791564941406,0.9922894835472107
0,1473,0.2496366649866104,-0.1817702203989029,1.079126238822937,-0.028419015929102898,-0.12690895795822144,-1.5996719598770142,0.003281831741333008,0.8789324164390564
0,1474,0.2493504136800766,-0.1818057745695114,1.078865885734558,-0.03270339220762253,-0.12601065635681152,-1.5967681407928467,0.003003835678100586,0.7631015777587891
0,1475,0.2490660399198532,-0.181841179728508,1.078575849533081,-0.03700875863432884,-0.12508276104927063,-1.5938669443130493,0.0026956796646118164,0.6452838182449341
0,1476,0.2487834393978119,-0.18187636137008667,1.078260064125061,-0.041329480707645416,-0.12412802875041962,-1.5909680128097534,0.002361297607421875,0.5263757109642029
0,1477,0.24850289523601532,-0.1819114238023758,1.0779268741607666,-0.04564964771270752,-0.12315239012241364,-1.5880699157714844,0.0020090341567993164,0.40734416246414185
0,1478,0.24822589755058289,-0.18194662034511566,1.0775870084762573,-0.04993339627981186,-0.12216690927743912,-1.5851730108261108,0.0016498565673828125,0.29006636142730713
0,1479,0.24795658886432648,-0.1819823682308197,1.0772535800933838,-0.05410454422235489,-0.12119211256504059,-1.5822793245315552,0.0012967586517333984,0.18451745808124542
0,1480,0.24770352244377136,-0.18201926350593567,1.0769425630569458,-0.058021970093250275,-0.12026344239711761,-1.5793954133987427,0.0009665489196777344,0.10653117299079895
0,1481,0.24748049676418304,-0.18205814063549042,1.0766751766204834,-0.06146804988384247,-0.11943434178829193,-1.5765323638916016,0.0006810426712036133,0.10467831790447235
0,1482,0.24729354679584503,-0.18208560347557068,1.0764392614364624,-0.06421759724617004,-0.11871713399887085,-1.5736993551254272,0.0004303455352783203,0.14536994695663452
0,1483,0.2471582591533661,-0.18210230767726898,1.0761990547180176,-0.06612186878919601,-0.11804796010255814,-1.5708997249603271,0.00017952919006347656,0.17358939349651337
0,1484,0.24708522856235504,-0.18211092054843903,1.0759347677230835,-0.06709793955087662,-0.11739465594291687,-1.5681345462799072,9.036064147949219e-05,0.17913678288459778
0,1485,0.2470720261335373,-0.18211087584495544,1.0756500959396362,-0.06716538965702057,-0.1167718693614006,-1.565403938293457,0.0003758668899536133,0.16312941908836365
0,1486,0.2471039593219757,-0.18209844827651978,1.075371265411377,-0.06644097715616226,-0.11623965948820114,-1.5627057552337646,0.000651240348815918,0.1251145303249359
0,1487,0.2471597045660019,-0.18206824362277985,1.075136661529541,-0.06509455293416977,-0.11587970703840256,-1.5600378513336182,0.0008786916732788086,0.07912936806678772
0,1488,0.24721848964691162,-0.18201500177383423,1.0749833583831787,-0.06329111009836197,-0.11577162146568298,-1.5573962926864624,0.0010219812393188477,0.09065408259630203
0,1489,0.2472650110721588,-0.1819346845149994,1.0749387741088867,-0.061154864728450775,-0.11597200483083725,-1.5547806024551392,0.0010540485382080078,0.18871158361434937
0,1490,0.2472907155752182,-0.18182477355003357,1.0750184059143066,-0.0587565042078495,-0.11651459336280823,-1.5521897077560425,0.0009597539901733398,0.3238512873649597
0,1491,0.24736946821212769,-0.18178372085094452,1.0752620697021484,-0.05618450790643692,-0.11733696609735489,-1.549617052078247,0.0007063150405883789,0.45370301604270935
0,1492,0.24752973020076752,-0.18184755742549896,1.0756832361221313,-0.053465522825717926,-0.11841432005167007,-1.5470577478408813,0.0002828836441040039,0.5671727657318115
0,1493,0.2477632611989975,-0.18200154602527618,1.0762759447097778,-0.05058588460087776,-0.11975499242544174,-1.544508934020996,0.00030553340911865234,0.6757959723472595
0,1494,0.2480691522359848,-0.18223688006401062,1.0770343542099,-0.04752974584698677,-0.12135963886976242,-1.5419650077819824,0.001053929328918457,0.7868361473083496
0,1495,0.248387411236763,-0.18246418237686157,1.077749490737915,-0.04451553896069527,-0.1228976845741272,-1.539386510848999,0.001760244369506836,0.9007033705711365
0,1496,0.24868662655353546,-0.18262948095798492,1.0782930850982666,-0.04166256636381149,-0.12416518479585648,-1.5367445945739746,0.0023006200790405273,1.0063878297805786
0,1497,0.24898912012577057,-0.1827516406774521,1.0787146091461182,-0.038886912167072296,-0.1252453476190567,-1.5340380668640137,0.0027234554290771484,1.0996730327606201
0,1498,0.2493056356906891,-0.18284042179584503,1.07904052734375,-0.03614475578069687,-0.1261843591928482,-1.531266450881958,0.0030547380447387695,1.180017113685608
0,1499,0.24963946640491486,-0.1829039603471756,1.0792943239212036,-0.03341250866651535,-0.12702211737632751,-1.5284364223480225,0.0033168792724609375,1.2485082149505615
0,1500,0.24998794496059418,-0.1829492300748825,1.0794957876205444,-0.030684202909469604,-0.12779153883457184,-1.525560736656189,0.003528594970703125,1.3077592849731445
0,1501,0.2503454089164734,-0.18298208713531494,1.0796623229980469,-0.027961723506450653,-0.12852178514003754,-1.522653341293335,0.00370633602142334,1.36099374294281
0,1502,0.25070613622665405,-0.1830071210861206,1.0798070430755615,-0.025251489132642746,-0.12923355400562286,-1.5197274684906006,0.0038625001907348633,1.41111421585083
0,1503,0.2510656714439392,-0.18302763998508453,1.0799390077590942,-0.022558121010661125,-0.12994053959846497,-1.5167934894561768,0.004005312919616699,1.4596490859985352
0,1504,0.2514205574989319,-0.18304601311683655,1.0800631046295166,-0.019886711612343788,-0.1306486874818802,-1.5138598680496216,0.004139423370361328,1.5081794261932373
0,1505,0.25176697969436646,-0.183064267039299,1.0801810026168823,-0.017245089635252953,-0.13135525584220886,-1.5109373331069946,0.004266262054443359,1.55758535861969
0,1506,0.2520996928215027,-0.183084636926651,1.080291986465454,-0.014644731767475605,-0.13205114006996155,-1.508039116859436,0.004384636878967285,1.608638048171997
0,1507,0.25241193175315857,-0.18310950696468353,1.0803937911987305,-0.01210177130997181,-0.13272175192832947,-1.505183219909668,0.004492044448852539,1.6625988483428955
0,1508,0.2526968717575073,-0.1831410527229309,1.0804836750030518,-0.009632023051381111,-0.133351132273674,-1.5023866891860962,0.004585385322570801,1.7204458713531494
0,1509,0.25295013189315796,-0.1831807792186737,1.080559492111206,-0.007246059365570545,-0.133928120136261,-1.4996609687805176,0.0046623945236206055,1.7827889919281006
0,1510,0.2531715929508209,-0.18322892487049103,1.080621361732483,-0.004943195730447769,-0.13445186614990234,-1.4970073699951172,0.0047234296798706055,1.8498084545135498
0,1511,0.25336596369743347,-0.18328449130058289,1.0806713104248047,-0.0027112069074064493,-0.13493192195892334,-1.4944148063659668,0.004770874977111816,1.9211171865463257
0,1512,0.2535407841205597,-0.18334555625915527,1.080713152885437,-0.0005313725559972227,-0.1353851854801178,-1.4918659925460815,0.004808902740478516,1.9958635568618774
0,1513,0.2537040412425995,-0.18341003358364105,1.080750584602356,0.0016167745925486088,-0.13582998514175415,-1.4893417358398438,0.004841804504394531,2.072826623916626
0,1514,0.25386202335357666,-0.18347622454166412,1.0807865858078003,0.003748069517314434,-0.1362796574831009,-1.4868273735046387,0.004872798919677734,2.150949716567993
0,1515,0.2540186643600464,-0.1835431456565857,1.0808228254318237,0.005871857050806284,-0.13674332201480865,-1.4843134880065918,0.004903674125671387,2.2297604084014893
0,1516,0.25417590141296387,-0.1836102306842804,1.0808602571487427,0.007993210107088089,-0.13722507655620575,-1.4817959070205688,0.004935741424560547,2.3091883659362793
0,1517,0.2543350160121918,-0.18367703258991241,1.0808991193771362,0.010114648379385471,-0.13772600889205933,-1.4792715311050415,0.004969000816345215,2.388352870941162
0,1518,0.25449758768081665,-0.18374285101890564,1.0809391736984253,0.012238859198987484,-0.13824325799942017,-1.4767378568649292,0.005003452301025391,2.4669618606567383
0,1519,0.2546667158603668,-0.18380619585514069,1.080979585647583,0.014372019097208977,-0.138773575425148,-1.4741878509521484,0.0050383806228637695,2.5438363552093506
0,1520,0.25484752655029297,-0.1838647872209549,1.0810195207595825,0.01652456820011139,-0.1393112987279892,-1.4716118574142456,0.0050733089447021484,2.6174840927124023
0,1521,0.2550468146800995,-0.18391560018062592,1.0810579061508179,0.018708672374486923,-0.13984844088554382,-1.4689966440200806,0.005107522010803223,2.6854023933410645
0,1522,0.2552710771560669,-0.1839556246995926,1.0810935497283936,0.02093847095966339,-0.1403791904449463,-1.4663282632827759,0.005140066146850586,2.745663642883301
0,1523,0.2555244565010071,-0.18398301303386688,1.0811259746551514,0.023221656680107117,-0.14089906215667725,-1.4635987281799316,0.005170464515686035,2.7965235710144043
0,1524,0.25580674409866333,-0.18399779498577118,1.0811550617218018,0.025557944551110268,-0.1414085477590561,-1.460808515548706,0.0051985979080200195,2.838487386703491
0,1525,0.2561134397983551,-0.18400205671787262,1.0811818838119507,0.027938904240727425,-0.14191372692584991,-1.4579662084579468,0.005225062370300293,2.8726940155029297
0,1526,0.2564373314380646,-0.18399888277053833,1.0812076330184937,0.03035023622214794,-0.14242127537727356,-1.4550864696502686,0.00525057315826416,2.9015774726867676
0,1527,0.256771057844162,-0.18399158120155334,1.0812335014343262,0.03277778998017311,-0.14293895661830902,-1.4521838426589966,0.005275845527648926,2.9273693561553955
0,1528,0.2571086883544922,-0.18398292362689972,1.0812604427337646,0.03520873934030533,-0.14347189664840698,-1.449270486831665,0.005301475524902344,2.95220685005188
0,1529,0.25744569301605225,-0.18397484719753265,1.0812888145446777,0.03763359785079956,-0.14402148127555847,-1.4463558197021484,0.005327701568603516,2.977166175842285
0,1530,0.25777819752693176,-0.1839691549539566,1.0813188552856445,0.040043383836746216,-0.14458529651165009,-1.44344961643219,0.005354523658752441,3.0032873153686523
0,1531,0.2581016719341278,-0.1839682012796402,1.0813504457473755,0.04242616146802902,-0.14515696465969086,-1.440562129020691,0.0053817033767700195,3.031702756881714
0,1532,0.25841009616851807,-0.18397489190101624,1.081383466720581,0.044766709208488464,-0.14572681486606598,-1.4377079010009766,0.0054090023040771484,3.063627004623413
0,1533,0.25869694352149963,-0.18399259448051453,1.081417441368103,0.047048043459653854,-0.1462833136320114,-1.434903860092163,0.0054357051849365234,3.1004672050476074
0,1534,0.25895678997039795,-0.18402408063411713,1.081452488899231,0.04925692826509476,-0.14681711792945862,-1.4321630001068115,0.005462050437927246,3.143296957015991
0,1535,0.2591875493526459,-0.1840703785419464,1.0814878940582275,0.05138765648007393,-0.14732308685779572,-1.4294910430908203,0.00548708438873291,3.1927335262298584
0,1536,0.25939157605171204,-0.18413038551807404,1.0815238952636719,0.053447067737579346,-0.14780399203300476,-1.4268823862075806,0.00551152229309082,3.2481746673583984
0,1537,0.25957465171813965,-0.1842012107372284,1.0815603733062744,0.05545002967119217,-0.148268461227417,-1.4243229627609253,0.005535483360290527,3.3084311485290527
0,1538,0.2597440779209137,-0.18427930772304535,1.0815975666046143,0.057415351271629333,-0.1487279236316681,-1.4217956066131592,0.005559563636779785,3.3721425533294678
0,1539,0.2599064111709595,-0.18436145782470703,1.08163583278656,0.059359438717365265,-0.14919233322143555,-1.4192841053009033,0.005584239959716797,3.437636613845825
0,1540,0.2600661516189575,-0.1844453364610672,1.0816750526428223,0.06129397451877594,-0.14966900646686554,-1.41677725315094,0.0056095123291015625,3.50386381149292
0,1541,0.26022589206695557,-0.18452970683574677,1.08171546459198,0.06322530657052994,-0.15016208589076996,-1.414268970489502,0.005635738372802734,3.570564031600952
0,1542,0.2603873014450073,-0.18461382389068604,1.0817570686340332,0.0651569664478302,-0.15067285299301147,-1.4117553234100342,0.005663037300109863,3.6371190547943115
0,1543,0.26055222749710083,-0.18469694256782532,1.081799864768982,0.06709227710962296,-0.1512012630701065,-1.4092321395874023,0.005691409111022949,3.7029027938842773
0,1544,0.26072409749031067,-0.18477769196033478,1.0818438529968262,0.06903712451457977,-0.15174651145935059,-1.406691551208496,0.005720734596252441,3.7668120861053467
0,1545,0.2609086334705353,-0.18485376238822937,1.0818891525268555,0.07100183516740799,-0.15230736136436462,-1.4041204452514648,0.005751252174377441,3.8271498680114746
0,1546,0.261113703250885,-0.1849219799041748,1.0819354057312012,0.07300028949975967,-0.1528821885585785,-1.4015008211135864,0.005782723426818848,3.881460428237915
0,1547,0.26134732365608215,-0.1849791407585144,1.0819828510284424,0.07504678517580032,-0.15346980094909668,-1.39881432056427,0.005815029144287109,3.927201986312866
0,1548,0.26161515712738037,-0.1850229650735855,1.0820317268371582,0.07715163379907608,-0.15406978130340576,-1.3960481882095337,0.00584864616394043,3.9625954627990723
0,1549,0.2619180679321289,-0.18505308032035828,1.0820820331573486,0.07931620627641678,-0.1546829342842102,-1.3932000398635864,0.0058830976486206055,3.987424612045288
0,1550,0.2622515559196472,-0.1850711852312088,1.0821340084075928,0.08153277635574341,-0.1553107053041458,-1.3902796506881714,0.0059185028076171875,4.003060340881348
0,1551,0.262607604265213,-0.18508052825927734,1.0821876525878906,0.08378633111715317,-0.1559540182352066,-1.3873059749603271,0.005954623222351074,4.011954307556152
0,1552,0.26297709345817566,-0.18508467078208923,1.0822430849075317,0.08606041222810745,-0.15661519765853882,-1.3842992782592773,0.005991578102111816,4.016930103302002
0,1553,0.2633521556854248,-0.1850866675376892,1.082300066947937,0.08834046870470047,-0.1572936326265335,-1.3812776803970337,0.0060291290283203125,4.020195007324219
0,1554,0.2637265920639038,-0.18508893251419067,1.0823585987091064,0.09061433374881744,-0.15798775851726532,-1.3782557249069214,0.006067156791687012,4.023895263671875
0,1555,0.2640949785709381,-0.18509340286254883,1.0824185609817505,0.09287171065807343,-0.15869450569152832,-1.3752448558807373,0.006105661392211914,4.029245376586914
0,1556,0.26445120573043823,-0.18510223925113678,1.08247971534729,0.09509918093681335,-0.1594066470861435,-1.3722598552703857,0.0061446428298950195,4.037887096405029
0,1557,0.26478826999664307,-0.18511782586574554,1.0825417041778564,0.09728151559829712,-0.16011469066143036,-1.3693159818649292,0.006184101104736328,4.0514445304870605
0,1558,0.2650993764400482,-0.18514259159564972,1.0826042890548706,0.0994042158126831,-0.1608094573020935,-1.3664287328720093,0.00622403621673584,4.071599006652832
0,1559,0.265379935503006,-0.1851780116558075,1.0826668739318848,0.10145749151706696,-0.1614832580089569,-1.3636085987091064,0.006264090538024902,4.0994486808776855
0,1560,0.26562973856925964,-0.18522419035434723,1.0827293395996094,0.10344114899635315,-0.1621345430612564,-1.3608561754226685,0.006304502487182617,4.13498067855835
0,1561,0.26585304737091064,-0.1852797269821167,1.0827916860580444,0.1053648367524147,-0.16276828944683075,-1.3581624031066895,0.006345152854919434,4.177248477935791
0,1562,0.2660571336746216,-0.1853421926498413,1.082854151725769,0.10724376142024994,-0.16339325904846191,-1.3555107116699219,0.006386280059814453,4.224428176879883
0,1563,0.26624974608421326,-0.1854090541601181,1.082917332649231,0.10909492522478104,-0.1640191525220871,-1.3528844118118286,0.006428241729736328,4.27466344833374
0,1564,0.26643702387809753,-0.18547813594341278,1.0829814672470093,0.11093168705701828,-0.1646547019481659,-1.350268840789795,0.006470918655395508,4.326580047607422
0,1565,0.2666228711605072,-0.1855480968952179,1.0830466747283936,0.1127622053027153,-0.16530470550060272,-1.3476563692092896,0.006514549255371094,4.379090309143066
0,1566,0.2668095827102661,-0.18561828136444092,1.083113193511963,0.11459062993526459,-0.1659708321094513,-1.3450411558151245,0.006559133529663086,4.431509494781494
0,1567,0.2669987380504608,-0.1856881082057953,1.0831811428070068,0.11641982197761536,-0.16665402054786682,-1.3424196243286133,0.006604790687561035,4.4835357666015625
0,1568,0.267192542552948,-0.1857568472623825,1.0832504034042358,0.11825311928987503,-0.16735327243804932,-1.3397870063781738,0.00665128231048584,4.534361839294434
0,1569,0.26739418506622314,-0.1858234852552414,1.0833215713500977,0.12009502202272415,-0.16806738078594208,-1.3371360301971436,0.006698966026306152,4.582958698272705
0,1570,0.26760801672935486,-0.1858867108821869,1.083395004272461,0.12195248156785965,-0.16879552602767944,-1.3344565629959106,0.0067479610443115234,4.627872943878174
0,1571,0.2678380310535431,-0.18594519793987274,1.0834710597991943,0.12383140623569489,-0.16953624784946442,-1.3317396640777588,0.006798505783081055,4.667827129364014
0,1572,0.26808667182922363,-0.18599821627140045,1.0835500955581665,0.12573547661304474,-0.17028938233852386,-1.3289796113967896,0.006850481033325195,4.702112674713135
0,1573,0.2683536410331726,-0.18604588508605957,1.083632230758667,0.12766440212726593,-0.1710553765296936,-1.3261771202087402,0.006904125213623047,4.730771064758301
0,1574,0.2686358392238617,-0.18608909845352173,1.0837169885635376,0.12961313128471375,-0.17183458805084229,-1.3233392238616943,0.006959080696105957,4.754727363586426
0,1575,0.2689284682273865,-0.18612927198410034,1.0838042497634888,0.1315745711326599,-0.17262883484363556,-1.320476770401001,0.007015228271484375,4.775570392608643
0,1576,0.2692268490791321,-0.18616792559623718,1.0838934183120728,0.13354074954986572,-0.17343886196613312,-1.3176002502441406,0.007072329521179199,4.794893264770508
0,1577,0.2695273160934448,-0.1862061470746994,1.0839838981628418,0.1355057954788208,-0.17426486313343048,-1.314718246459961,0.0071299076080322266,4.813690662384033
0,1578,0.2698272168636322,-0.18624471127986908,1.0840758085250854,0.1374651938676834,-0.1751059889793396,-1.3118363618850708,0.007188320159912109,4.832901954650879
0,1579,0.2701244056224823,-0.1862841248512268,1.0841681957244873,0.13941442966461182,-0.17595936357975006,-1.3089591264724731,0.007246851921081543,4.852844715118408
0,1580,0.27041640877723694,-0.186324805021286,1.0842602252960205,0.14134806394577026,-0.17682002484798431,-1.3060917854309082,0.007304668426513672,4.874314308166504
0,1581,0.27070045471191406,-0.18636728823184967,1.0843515396118164,0.1432601511478424,-0.17768234014511108,-1.303239345550537,0.007361888885498047,4.897650241851807
0,1582,0.27097374200820923,-0.186412051320076,1.08444082736969,0.14514392614364624,-0.17853841185569763,-1.300407886505127,0.007417440414428711,4.923542022705078
0,1583,0.2712342441082001,-0.18645940721035004,1.0845272541046143,0.14699487388134003,-0.17938344180583954,-1.2976011037826538,0.00747072696685791,4.952267169952393
0,1584,0.27148160338401794,-0.186509370803833,1.0846105813980103,0.14881254732608795,-0.18021564185619354,-1.2948195934295654,0.007521510124206543,4.983933448791504
0,1585,0.27171751856803894,-0.1865617334842682,1.0846912860870361,0.1506008803844452,-0.18103864789009094,-1.292060375213623,0.007570385932922363,5.018250465393066
0,1586,0.27194494009017944,-0.186615988612175,1.084770679473877,0.15236647427082062,-0.18185901641845703,-1.2893176078796387,0.007618308067321777,5.054545879364014
0,1587,0.2721671462059021,-0.18667154014110565,1.08484947681427,0.15411673486232758,-0.1826835572719574,-1.2865852117538452,0.007665872573852539,5.09223747253418
0,1588,0.27238690853118896,-0.1867278814315796,1.0849287509918213,0.1558576226234436,-0.1835181713104248,-1.2838577032089233,0.0077135562896728516,5.1306071281433105
0,1589,0.2726063132286072,-0.18678471446037292,1.085008978843689,0.15759365260601044,-0.1843673586845398,-1.281130313873291,0.0077620744705200195,5.169224262237549
0,1590,0.2728271484375,-0.18684178590774536,1.0850906372070312,0.15932701528072357,-0.18523240089416504,-1.2783998250961304,0.007811307907104492,5.207705974578857
0,1591,0.27305153012275696,-0.18689872324466705,1.0851738452911377,0.16106076538562775,-0.1861138790845871,-1.2756614685058594,0.00786137580871582,5.245383262634277
0,1592,0.27328261733055115,-0.18695510923862457,1.0852593183517456,0.16279862821102142,-0.18701332807540894,-1.2729077339172363,0.007912635803222656,5.2811970710754395
0,1593,0.2735246419906616,-0.18701036274433136,1.0853474140167236,0.16454510390758514,-0.18793067336082458,-1.270128846168518,0.00796496868133545,5.313747882843018
0,1594,0.27378183603286743,-0.1870638132095337,1.0854389667510986,0.1663053184747696,-0.1888667643070221,-1.2673158645629883,0.00801849365234375,5.341883659362793
0,1595,0.27405720949172974,-0.18711502850055695,1.0855342149734497,0.16808265447616577,-0.18982259929180145,-1.2644604444503784,0.008073210716247559,5.364506244659424
0,1596,0.2743511497974396,-0.18716399371623993,1.0856332778930664,0.16987697780132294,-0.19079814851284027,-1.2615625858306885,0.008128881454467773,5.381465435028076
0,1597,0.27466127276420593,-0.18721097707748413,1.0857359170913696,0.17168568074703217,-0.19179269671440125,-1.2586276531219482,0.008185744285583496,5.393613338470459
0,1598,0.274983286857605,-0.1872565895318985,1.0858416557312012,0.17350372672080994,-0.19280625879764557,-1.2556653022766113,0.008243441581726074,5.402289867401123
0,1599,0.275312215089798,-0.1873014271259308,1.0859497785568237,0.17532479763031006,-0.19383764266967773,-1.2526862621307373,0.008301973342895508,5.409069061279297
0,1600,0.275643914937973,-0.18734602630138397,1.086059331893921,0.17714400589466095,-0.19488482177257538,-1.2497007846832275,0.008360862731933594,5.415260314941406
0,1601,0.2759752869606018,-0.1873907893896103,1.086169719696045,0.17895717918872833,-0.19594541192054749,-1.2467153072357178,0.00841975212097168,5.42162561416626
0,1602,0.27630364894866943,-0.18743591010570526,1.0862802267074585,0.18076004087924957,-0.19701619446277618,-1.243735671043396,0.008478403091430664,5.429066181182861
0,1603,0.276626318693161,-0.1874813288450241,1.0863895416259766,0.1825481355190277,-0.19809125363826752,-1.2407668828964233,0.008535981178283691,5.4380106925964355
0,1604,0.27694031596183777,-0.18752709031105042,1.0864962339401245,0.18431587517261505,-0.19916267693042755,-1.23781418800354,0.008591532707214355,5.449134349822998
0,1605,0.2772431969642639,-0.1875731348991394,1.0865986347198486,0.18605937063694,-0.20022378861904144,-1.2348830699920654,0.008643627166748047,5.462926864624023
0,1606,0.27753356099128723,-0.18761949241161346,1.0866963863372803,0.18777583539485931,-0.20127084851264954,-1.2319753170013428,0.008692383766174316,5.479581832885742
0,1607,0.27781182527542114,-0.1876661628484726,1.0867893695831299,0.18946650624275208,-0.20230448246002197,-1.2290908098220825,0.008737564086914062,5.4991455078125
0,1608,0.2780800759792328,-0.1877131164073944,1.0868786573410034,0.19113506376743317,-0.20332898199558258,-1.22622549533844,0.008780241012573242,5.521054267883301
0,1609,0.2783413529396057,-0.18776044249534607,1.086965799331665,0.192787304520607,-0.20435196161270142,-1.2233738899230957,0.00882112979888916,5.544785022735596
0,1610,0.27859872579574585,-0.18780817091464996,1.087052345275879,0.19442808628082275,-0.2053806185722351,-1.22053062915802,0.008861660957336426,5.569541931152344
0,1611,0.2788544297218323,-0.18785639107227325,1.0871394872665405,0.1960611194372177,-0.20642060041427612,-1.2176905870437622,0.008902549743652344,5.594995021820068
0,1612,0.2791097164154053,-0.18790514767169952,1.0872281789779663,0.19768834114074707,-0.20747442543506622,-1.2148516178131104,0.00894463062286377,5.620786666870117
0,1613,0.2793653607368469,-0.1879546344280243,1.0873191356658936,0.19930976629257202,-0.2085421234369278,-1.2120124101638794,0.008988261222839355,5.646634101867676
0,1614,0.27962183952331543,-0.18800535798072815,1.0874136686325073,0.200924351811409,-0.20962294936180115,-1.209171175956726,0.00903475284576416,5.672364234924316
0,1615,0.2798795700073242,-0.18805772066116333,1.0875128507614136,0.20253056287765503,-0.210714653134346,-1.2063276767730713,0.00908517837524414,5.697668552398682
0,1616,0.2801387906074524,-0.18811216950416565,1.0876182317733765,0.20412677526474,-0.21181534230709076,-1.2034800052642822,0.009140849113464355,5.722382545471191
0,1617,0.2803998589515686,-0.18816910684108734,1.0877305269241333,0.20571231842041016,-0.2129243016242981,-1.2006279230117798,0.009202361106872559,5.746240139007568
0,1618,0.2806626260280609,-0.18822848796844482,1.0878496170043945,0.20728683471679688,-0.2140403836965561,-1.197771668434143,0.00926971435546875,5.769320011138916
0,1619,0.2809268534183502,-0.18828998506069183,1.0879746675491333,0.20885123312473297,-0.2151646763086319,-1.1949117183685303,0.009342074394226074,5.791800498962402
0,1620,0.28119200468063354,-0.18835313618183136,1.088104486465454,0.21040676534175873,-0.21629923582077026,-1.1920497417449951,0.009418368339538574,5.813924789428711
0,1621,0.28145769238471985,-0.18841738998889923,1.0882374048233032,0.21195533871650696,-0.21744585037231445,-1.1891865730285645,0.00949704647064209,5.835931301116943
0,1622,0.2817235589027405,-0.18848219513893127,1.088371992111206,0.21349747478961945,-0.2186049520969391,-1.1863231658935547,0.009576916694641113,5.858090400695801
0,1623,0.28198957443237305,-0.1885470598936081,1.0885071754455566,0.21503426134586334,-0.21977725625038147,-1.1834594011306763,0.009656786918640137,5.880399227142334
0,1624,0.28225621581077576,-0.18861135840415955,1.0886411666870117,0.21656616032123566,-0.22096090018749237,-1.1805932521820068,0.00973498821258545,5.902624607086182
0,1625,0.2825241684913635,-0.1886741816997528,1.0887725353240967,0.21809369325637817,-0.22215352952480316,-1.1777217388153076,0.00980997085571289,5.924468517303467
0,1626,0.28279438614845276,-0.18873442709445953,1.0888986587524414,0.21961770951747894,-0.22335146367549896,-1.1748414039611816,0.009879112243652344,5.945474624633789
0,1627,0.283067911863327,-0.18879105150699615,1.0890172719955444,0.2211390733718872,-0.22455140948295593,-1.171947956085205,0.009939908981323242,5.965190410614014
0,1628,0.28334522247314453,-0.1888435184955597,1.0891273021697998,0.22265800833702087,-0.22575153410434723,-1.1690400838851929,0.009991288185119629,5.983335494995117
0,1629,0.2836262881755829,-0.18889190256595612,1.0892289876937866,0.22417449951171875,-0.22695225477218628,-1.1661171913146973,0.010033488273620605,6.000020980834961
0,1630,0.2839103937149048,-0.18893685936927795,1.08932363986969,0.22568799555301666,-0.22815528512001038,-1.1631827354431152,0.01006782054901123,6.015552520751953
0,1631,0.28419655561447144,-0.1889795958995819,1.0894138813018799,0.22719790041446686,-0.22936439514160156,-1.1602401733398438,0.010097026824951172,6.030394077301025
0,1632,0.2844838798046112,-0.1890212744474411,1.0895024538040161,0.22870312631130219,-0.23058317601680756,-1.1572932004928589,0.010123848915100098,6.045004844665527
0,1633,0.28477177023887634,-0.18906287848949432,1.089591383934021,0.23020274937152863,-0.23181450366973877,-1.1543450355529785,0.010150432586669922,6.0596771240234375
0,1634,0.28506019711494446,-0.18910536170005798,1.0896825790405273,0.23169535398483276,-0.23306001722812653,-1.151395320892334,0.010178446769714355,6.074411869049072
0,1635,0.28534969687461853,-0.18914957344532013,1.0897777080535889,0.23317939043045044,-0.23432029783725739,-1.1484436988830566,0.010209441184997559,6.089046001434326
0,1636,0.28564122319221497,-0.18919637799263,1.089879035949707,0.23465266823768616,-0.23559604585170746,-1.1454871892929077,0.010245442390441895,6.1030988693237305
0,1637,0.2859359085559845,-0.1892467737197876,1.0899884700775146,0.2361125349998474,-0.2368871569633484,-1.1425225734710693,0.010287880897521973,6.116158962249756
0,1638,0.28623467683792114,-0.18930146098136902,1.0901075601577759,0.2375578135251999,-0.2381938397884369,-1.1395472288131714,0.010338187217712402,6.127782821655273
0,1639,0.2865378260612488,-0.18936079740524292,1.090237021446228,0.23898740112781525,-0.2395162135362625,-1.1365604400634766,0.010396838188171387,6.138011932373047
0,1640,0.28684496879577637,-0.18942438066005707,1.0903759002685547,0.24040237069129944,-0.24085400998592377,-1.1335632801055908,0.01046299934387207,6.146789073944092
0,1641,0.2871550917625427,-0.1894911676645279,1.0905224084854126,0.24180464446544647,-0.24220678210258484,-1.1305582523345947,0.010535240173339844,6.154662132263184
0,1642,0.28746700286865234,-0.18956001102924347,1.090673565864563,0.24319617450237274,-0.24357321858406067,-1.127548336982727,0.010610818862915039,6.162047863006592
0,1643,0.28777971863746643,-0.1896296888589859,1.0908271074295044,0.24457938969135284,-0.24495308101177216,-1.1245359182357788,0.010687947273254395,6.169424533843994
0,1644,0.28809285163879395,-0.18969908356666565,1.0909804105758667,0.24595551192760468,-0.24634361267089844,-1.1215213537216187,0.010764122009277344,6.17682409286499
0,1645,0.2884064316749573,-0.18976691365242004,1.0911309719085693,0.24732643365859985,-0.24774345755577087,-1.1185036897659302,0.010836958885192871,6.18427848815918
0,1646,0.28872084617614746,-0.1898317188024521,1.0912754535675049,0.24869297444820404,-0.24914897978305817,-1.1154801845550537,0.010903120040893555,6.19153356552124
0,1647,0.28903675079345703,-0.18989194929599762,1.091410756111145,0.2500556707382202,-0.25055620074272156,-1.1124475002288818,0.010959506034851074,6.198211669921875
0,1648,0.2893546223640442,-0.18994636833667755,1.0915342569351196,0.2514156103134155,-0.25196215510368347,-1.1094024181365967,0.011003613471984863,6.204154968261719
0,1649,0.28967469930648804,-0.18999457359313965,1.0916452407836914,0.25277313590049744,-0.2533668279647827,-1.1063443422317505,0.011034488677978516,6.209272384643555
0,1650,0.2899967432022095,-0.19003716111183167,1.0917448997497559,0.2541278004646301,-0.254770964384079,-1.1032743453979492,0.01105344295501709,6.21362829208374
0,1651,0.29032018780708313,-0.19007547199726105,1.0918362140655518,0.2554786503314972,-0.2561773359775543,-1.1001954078674316,0.011063456535339355,6.217602252960205
0,1652,0.29064440727233887,-0.19011126458644867,1.091922640800476,0.2568241357803345,-0.2575896084308624,-1.0971115827560425,0.011067986488342285,6.2214484214782715
0,1653,0.2909686863422394,-0.19014635682106018,1.0920078754425049,0.25816255807876587,-0.2590118944644928,-1.0940262079238892,0.011070609092712402,6.2255120277404785
0,1654,0.2912924885749817,-0.19018256664276123,1.0920956134796143,0.25949063897132874,-0.26044610142707825,-1.0909422636032104,0.011075019836425781,6.229950904846191
0,1655,0.29161542654037476,-0.19022174179553986,1.0921891927719116,0.26080384850502014,-0.26189276576042175,-1.0878616571426392,0.011084556579589844,6.234701156616211
0,1656,0.2919369637966156,-0.19026584923267365,1.0922919511795044,0.2620966136455536,-0.2633518576622009,-1.0847859382629395,0.011102557182312012,6.239761829376221
0,1657,0.29225677251815796,-0.1903168112039566,1.0924071073532104,0.26336348056793213,-0.2648234963417053,-1.0817161798477173,0.011132001876831055,6.2450385093688965
0,1658,0.29257458448410034,-0.1903759241104126,1.0925370454788208,0.26460057497024536,-0.26630690693855286,-1.0786535739898682,0.011175274848937988,6.250467300415039
0,1659,0.29289042949676514,-0.19044333696365356,1.092681646347046,0.26580724120140076,-0.2678009867668152,-1.0755980014801025,0.011232256889343262,6.255859851837158
0,1660,0.29320451617240906,-0.19051796197891235,1.092839241027832,0.26698651909828186,-0.2693065404891968,-1.072548270225525,0.011301398277282715,6.2613420486450195
0,1661,0.2935170829296112,-0.19059784710407257,1.0930063724517822,0.26814353466033936,-0.2708227038383484,-1.0695035457611084,0.011379480361938477,6.2669758796691895
0,1662,0.293828547000885,-0.19068080186843872,1.0931791067123413,0.2692840099334717,-0.27234965562820435,-1.0664620399475098,0.01146245002746582,6.2729172706604
0,1663,0.29413917660713196,-0.19076457619667053,1.0933536291122437,0.2704125940799713,-0.27388519048690796,-1.063422441482544,0.011546730995178223,6.279164791107178
0,1664,0.2944490313529968,-0.1908469945192337,1.0935258865356445,0.2715325653553009,-0.27542683482170105,-1.0603842735290527,0.011628508567810059,6.2856879234313965
0,1665,0.2947578728199005,-0.19092591106891632,1.0936917066574097,0.272644579410553,-0.27696964144706726,-1.0573468208312988,0.011703729629516602,6.2923903465271
0,1666,0.29506543278694153,-0.19099903106689453,1.0938466787338257,0.27374914288520813,-0.278507798910141,-1.0543098449707031,0.011768460273742676,6.299272537231445
0,1667,0.2953714430332184,-0.19106431305408478,1.093986988067627,0.2748456597328186,-0.2800356149673462,-1.0512728691101074,0.011819005012512207,6.306085586547852
0,1668,0.29567572474479675,-0.19112072885036469,1.0941107273101807,0.27593472599983215,-0.28155046701431274,-1.0482364892959595,0.011853694915771484,6.31292200088501
0,1669,0.295978307723999,-0.19116878509521484,1.0942187309265137,0.2770158648490906,-0.2830530107021332,-1.0452001094818115,0.011873364448547363,6.319720268249512
0,1670,0.2962794601917267,-0.19121003150939941,1.0943140983581543,0.2780894935131073,-0.2845473885536194,-1.04216468334198,0.011880755424499512,6.326572895050049
0,1671,0.2965794801712036,-0.191246896982193,1.0944013595581055,0.279155433177948,-0.2860393524169922,-1.0391305685043335,0.011880159378051758,6.333634853363037
0,1672,0.29687875509262085,-0.1912819743156433,1.0944855213165283,0.28021275997161865,-0.28753480315208435,-1.0360987186431885,0.011876225471496582,6.340936183929443
0,1673,0.29717743396759033,-0.1913176327943802,1.0945708751678467,0.2812586724758148,-0.2890380322933197,-1.0330705642700195,0.011873126029968262,6.348507881164551
0,1674,0.297475665807724,-0.19135631620883942,1.094661831855774,0.28228846192359924,-0.2905513048171997,-1.0300488471984863,0.011874794960021973,6.3561320304870605
0,1675,0.297773540019989,-0.19140057265758514,1.0947628021240234,0.2832953929901123,-0.2920752167701721,-1.0270370244979858,0.011885643005371094,6.363500118255615
0,1676,0.298071026802063,-0.19145280122756958,1.0948779582977295,0.28427234292030334,-0.2936096489429474,-1.0240386724472046,0.0119093656539917,6.370336532592773
0,1677,0.2983681559562683,-0.19151470065116882,1.0950099229812622,0.28521355986595154,-0.2951536774635315,-1.0210565328598022,0.011948585510253906,6.37636661529541
0,1678,0.2986648380756378,-0.19158677756786346,1.0951594114303589,0.28611743450164795,-0.29670652747154236,-1.0180916786193848,0.01200413703918457,6.381407737731934
0,1679,0.2989610731601715,-0.19166798889636993,1.0953246355056763,0.2869868576526642,-0.29826727509498596,-1.0151420831680298,0.012074112892150879,6.385615825653076
0,1680,0.2992570400238037,-0.19175618886947632,1.0955020189285278,0.2878280580043793,-0.299836128950119,-1.0122045278549194,0.01215505599975586,6.389207363128662
0,1681,0.29955291748046875,-0.19184860587120056,1.0956867933273315,0.2886486351490021,-0.30141279101371765,-1.0092746019363403,0.012242674827575684,6.392459392547607
0,1682,0.29984933137893677,-0.19194233417510986,1.0958739519119263,0.28945502638816833,-0.30299583077430725,-1.006348967552185,0.012331724166870117,6.395464897155762
0,1683,0.3001474142074585,-0.19203431904315948,1.09605872631073,0.2902512550354004,-0.3045825958251953,-1.0034245252609253,0.01241755485534668,6.397794246673584
0,1684,0.3004489541053772,-0.1921215057373047,1.0962358713150024,0.2910386323928833,-0.306168794631958,-1.0005005598068237,0.012494564056396484,6.398867130279541
0,1685,0.30075639486312866,-0.19220051169395447,1.0963995456695557,0.2918172776699066,-0.30774879455566406,-0.9975758790969849,0.01255655288696289,6.397641181945801
0,1686,0.30107197165489197,-0.1922682374715805,1.0965445041656494,0.2925863564014435,-0.3093164265155792,-0.9946502447128296,0.01259756088256836,6.393165111541748
0,1687,0.3013971149921417,-0.1923227161169052,1.0966676473617554,0.29334554076194763,-0.31086787581443787,-0.9917239546775818,0.01261436939239502,6.384786605834961
0,1688,0.30173173546791077,-0.19236405193805695,1.0967693328857422,0.29409509897232056,-0.31240272521972656,-0.988796591758728,0.012607097625732422,6.372613906860352
0,1689,0.30207428336143494,-0.19239434599876404,1.0968531370162964,0.2948354184627533,-0.3139249384403229,-0.9858686923980713,0.012579798698425293,6.357365608215332
0,1690,0.3024221658706665,-0.1924169957637787,1.0969247817993164,0.29556721448898315,-0.3154400885105133,-0.9829409122467041,0.012538433074951172,6.340132713317871
0,1691,0.3027724623680115,-0.19243574142456055,1.0969904661178589,0.29629024863243103,-0.3169534206390381,-0.9800140857696533,0.012490034103393555,6.322139263153076
0,1692,0.30312246084213257,-0.19245415925979614,1.097056269645691,0.29700320959091187,-0.31847083568573,-0.9770899415016174,0.012441039085388184,6.304406642913818
0,1693,0.3034694492816925,-0.19247590005397797,1.0971277952194214,0.2977019250392914,-0.3199942111968994,-0.9741711616516113,0.01239776611328125,6.287652492523193
0,1694,0.3038107454776764,-0.19250456988811493,1.0972107648849487,0.29838043451309204,-0.32152581214904785,-0.9712616801261902,0.012366414070129395,6.272604465484619
0,1695,0.3041435778141022,-0.19254370033740997,1.0973106622695923,0.2990320920944214,-0.3230659067630768,-0.9683657288551331,0.012353062629699707,6.259807586669922
0,1696,0.3044658601284027,-0.19259624183177948,1.0974321365356445,0.2996506690979004,-0.32461467385292053,-0.9654873013496399,0.012363076210021973,6.2495574951171875
0,1697,0.304776668548584,-0.19266337156295776,1.0975767374038696,0.3002335727214813,-0.3261721134185791,-0.9626273512840271,0.012398123741149902,6.242086410522461
0,1698,0.30507683753967285,-0.19274406135082245,1.0977426767349243,0.30078262090682983,-0.3277370035648346,-0.9597849249839783,0.012456417083740234,6.237027645111084
0,1699,0.305368572473526,-0.1928354650735855,1.0979254245758057,0.30130332708358765,-0.32930874824523926,-0.9569563865661621,0.012532830238342285,6.233977794647217
0,1700,0.30565497279167175,-0.19293375313282013,1.0981192588806152,0.3018026351928711,-0.33088719844818115,-0.9541367888450623,0.012621045112609863,6.2322163581848145
0,1701,0.3059391677379608,-0.1930348128080368,1.0983173847198486,0.3022872507572174,-0.3324706256389618,-0.9513217806816101,0.01271367073059082,6.231020927429199
0,1702,0.30622434616088867,-0.19313472509384155,1.0985139608383179,0.3027612566947937,-0.3340555727481842,-0.9485079050064087,0.012804031372070312,6.229447364807129
0,1703,0.3065137565135956,-0.1932295858860016,1.0987026691436768,0.3032260835170746,-0.33563750982284546,-0.9456933736801147,0.012884974479675293,6.226362228393555
0,1704,0.30681079626083374,-0.19331559538841248,1.0988773107528687,0.3036820590496063,-0.3372115194797516,-0.9428768754005432,0.012949466705322266,6.2205657958984375
0,1705,0.30711865425109863,-0.1933891624212265,1.0990320444107056,0.30412769317626953,-0.3387708067893982,-0.9400578737258911,0.012990832328796387,6.210850715637207
0,1706,0.30743950605392456,-0.19344770908355713,1.0991630554199219,0.30456265807151794,-0.3403114676475525,-0.9372360706329346,0.013004541397094727,6.196313381195068
0,1707,0.3077735900878906,-0.1934908628463745,1.0992698669433594,0.30498671531677246,-0.34183207154273987,-0.9344111680984497,0.012990117073059082,6.176982879638672
0,1708,0.30811914801597595,-0.19352050125598907,1.0993554592132568,0.30540093779563904,-0.3433350920677185,-0.9315841794013977,0.012950778007507324,6.153515338897705
0,1709,0.3084729015827179,-0.1935403048992157,1.0994257926940918,0.30580615997314453,-0.3448266386985779,-0.928755521774292,0.012893438339233398,6.127239227294922
0,1710,0.3088310956954956,-0.19355447590351105,1.0994877815246582,0.3062030076980591,-0.34631291031837463,-0.9259264469146729,0.012825727462768555,6.099596977233887
0,1711,0.309190034866333,-0.193567156791687,1.099548101425171,0.306590735912323,-0.34779924154281616,-0.9230987429618835,0.012755632400512695,6.071926116943359
0,1712,0.30954617261886597,-0.1935824602842331,1.099613070487976,0.30696654319763184,-0.34928932785987854,-0.9202751517295837,0.012690067291259766,6.045199394226074
0,1713,0.3098958432674408,-0.1936045140028,1.0996891260147095,0.30732545256614685,-0.350784569978714,-0.9174597859382629,0.012636661529541016,6.0204386711120605
0,1714,0.31023532152175903,-0.19363754987716675,1.0997827053070068,0.30766183137893677,-0.35228773951530457,-0.914657473564148,0.012602925300598145,5.998452663421631
0,1715,0.31056150794029236,-0.19368523359298706,1.0998992919921875,0.30796942114830017,-0.3537982702255249,-0.9118728637695312,0.012595176696777344,5.979828834533691
0,1716,0.31087279319763184,-0.1937495470046997,1.1000416278839111,0.3082449734210968,-0.3553161025047302,-0.9091076850891113,0.012616753578186035,5.964894771575928
0,1717,0.31116974353790283,-0.19382978975772858,1.1002087593078613,0.30848950147628784,-0.356842041015625,-0.9063616394996643,0.012666463851928711,5.9534807205200195
0,1718,0.3114550709724426,-0.1939229667186737,1.100395917892456,0.3087071478366852,-0.35837429761886597,-0.9036306142807007,0.012739181518554688,5.944814682006836
0,1719,0.3117327094078064,-0.19402474164962769,1.1005964279174805,0.3089046776294708,-0.3599117398262024,-0.9009099006652832,0.012826919555664062,5.938117504119873
0,1720,0.3120068311691284,-0.1941305249929428,1.100803017616272,0.3090874254703522,-0.3614524304866791,-0.8981940150260925,0.012921333312988281,5.932271480560303
0,1721,0.3122813403606415,-0.19423586130142212,1.1010088920593262,0.3092600107192993,-0.3629938066005707,-0.8954792022705078,0.013014435768127441,5.926321029663086
0,1722,0.3125603199005127,-0.19433654844760895,1.1012076139450073,0.30942392349243164,-0.3645315170288086,-0.8927630186080933,0.013098716735839844,5.918907165527344
0,1723,0.31284770369529724,-0.19442839920520782,1.1013925075531006,0.30957916378974915,-0.3660600781440735,-0.8900440335273743,0.013166189193725586,5.9088311195373535
0,1724,0.31314730644226074,-0.19450733065605164,1.1015570163726807,0.30972471833229065,-0.36757349967956543,-0.8873209953308105,0.013209223747253418,5.894615650177002
0,1725,0.3134620785713196,-0.19457033276557922,1.101696491241455,0.3098599314689636,-0.3690664768218994,-0.8845937848091125,0.013222098350524902,5.8752970695495605
0,1726,0.3137928545475006,-0.19461651146411896,1.1018098592758179,0.30998480319976807,-0.37053799629211426,-0.8818620443344116,0.01320338249206543,5.850690841674805
0,1727,0.31413793563842773,-0.1946473866701126,1.101899266242981,0.3100999891757965,-0.37198910117149353,-0.8791266083717346,0.013155698776245117,5.8213701248168945
0,1728,0.3144938051700592,-0.19466659426689148,1.1019705533981323,0.3102065622806549,-0.373425155878067,-0.8763882517814636,0.01308596134185791,5.7885847091674805
0,1729,0.3148561120033264,-0.19467861950397491,1.1020313501358032,0.31030529737472534,-0.37485286593437195,-0.8736481666564941,0.013002991676330566,5.754011631011963
0,1730,0.3152204155921936,-0.19468794763088226,1.1020888090133667,0.3103961944580078,-0.3762778043746948,-0.8709081411361694,0.012915372848510742,5.719025135040283
0,1731,0.3155825138092041,-0.1946990191936493,1.102149486541748,0.3104775547981262,-0.3777045011520386,-0.8681709170341492,0.012830972671508789,5.684892654418945
0,1732,0.3159381151199341,-0.19471630454063416,1.1022204160690308,0.31054556369781494,-0.3791346549987793,-0.8654400110244751,0.012758135795593262,5.65270471572876
0,1733,0.31628286838531494,-0.19474439322948456,1.1023086309432983,0.3105959892272949,-0.3805709779262543,-0.8627210855484009,0.012705326080322266,5.623505115509033
0,1734,0.31661295890808105,-0.1947874277830124,1.1024203300476074,0.3106231689453125,-0.38201403617858887,-0.8600178956985474,0.01268017292022705,5.598076343536377
0,1735,0.31692609190940857,-0.19484788179397583,1.102559208869934,0.31062471866607666,-0.3834649622440338,-0.8573335409164429,0.012687087059020996,5.5768208503723145
0,1736,0.3172224462032318,-0.19492557644844055,1.1027250289916992,0.31060007214546204,-0.38492295145988464,-0.8546679019927979,0.012725830078125,5.559751033782959
0,1737,0.31750473380088806,-0.19501781463623047,1.1029133796691895,0.310552716255188,-0.3863876163959503,-0.8520177602767944,0.01279139518737793,5.546092987060547
0,1738,0.31777724623680115,-0.1951202154159546,1.1031174659729004,0.3104870915412903,-0.38785672187805176,-0.8493781089782715,0.01287531852722168,5.534844875335693
0,1739,0.3180447518825531,-0.19522778689861298,1.1033294200897217,0.31040826439857483,-0.3893287777900696,-0.8467438220977783,0.01296854019165039,5.524850845336914
0,1740,0.31831175088882446,-0.19533582031726837,1.1035420894622803,0.3103198707103729,-0.3908008933067322,-0.8441107273101807,0.013062238693237305,5.515087604522705
0,1741,0.31858259439468384,-0.19543996453285217,1.1037483215332031,0.31022360920906067,-0.3922690451145172,-0.8414758443832397,0.013147830963134766,5.5041680335998535
0,1742,0.3188616931438446,-0.19553591310977936,1.1039413213729858,0.3101198971271515,-0.39372822642326355,-0.838837742805481,0.013216972351074219,5.490907192230225
0,1743,0.3191533386707306,-0.19561931490898132,1.1041141748428345,0.31000837683677673,-0.3951731324195862,-0.8361949920654297,0.01326131820678711,5.473820686340332
0,1744,0.319460928440094,-0.19568677246570587,1.1042611598968506,0.30988824367523193,-0.3965989351272583,-0.8335473537445068,0.01327371597290039,5.451974391937256
0,1745,0.3197859525680542,-0.1957368552684784,1.1043801307678223,0.30975982546806335,-0.398003488779068,-0.8308944702148438,0.013251662254333496,5.424805164337158
0,1746,0.32012712955474854,-0.19577068090438843,1.1044729948043823,0.30962327122688293,-0.3993877172470093,-0.8282369375228882,0.01319730281829834,5.392850399017334
0,1747,0.32048100233078003,-0.19579151272773743,1.1045451164245605,0.3094794750213623,-0.4007553458213806,-0.8255754709243774,0.013117194175720215,5.357232093811035
0,1748,0.32084283232688904,-0.19580398499965668,1.1046043634414673,0.30932897329330444,-0.4021131098270416,-0.8229114413261414,0.013020634651184082,5.319497585296631
0,1749,0.32120779156684875,-0.1958128660917282,1.1046584844589233,0.3091719448566437,-0.40346598625183105,-0.8202465176582336,0.012917160987854004,5.2811970710754395
0,1750,0.321571409702301,-0.1958225518465042,1.1047147512435913,0.3090071976184845,-0.40481868386268616,-0.8175831437110901,0.012815713882446289,5.243477821350098
0,1751,0.3219292163848877,-0.19583755731582642,1.1047805547714233,0.3088323771953583,-0.40617385506629944,-0.8149245977401733,0.012725114822387695,5.207592964172363
0,1752,0.322276771068573,-0.19586242735385895,1.104862928390503,0.3086441457271576,-0.40753400325775146,-0.8122752904891968,0.01265418529510498,5.17441463470459
0,1753,0.32260990142822266,-0.19590139389038086,1.1049689054489136,0.3084387183189392,-0.40890011191368103,-0.8096398711204529,0.0126115083694458,5.144984245300293
0,1754,0.3229258954524994,-0.1959572583436966,1.105102777481079,0.308213472366333,-0.4102729558944702,-0.8070208430290222,0.01260232925415039,5.119750499725342
0,1755,0.32322436571121216,-0.19603054225444794,1.1052650213241577,0.30796775221824646,-0.4116525650024414,-0.8044189810752869,0.012627363204956055,5.098697185516357
0,1756,0.3235075771808624,-0.19611899554729462,1.1054519414901733,0.3077032268047333,-0.4130380153656006,-0.8018320202827454,0.012682318687438965,5.081298351287842
0,1757,0.3237796723842621,-0.19621846079826355,1.1056571006774902,0.30742305517196655,-0.4144280254840851,-0.7992550730705261,0.012759208679199219,5.066547870635986
0,1758,0.3240455389022827,-0.1963241547346115,1.1058722734451294,0.3071316182613373,-0.41582080721855164,-0.7966836094856262,0.01284801959991455,5.053382396697998
0,1759,0.3243098556995392,-0.1964314579963684,1.1060900688171387,0.30683156847953796,-0.41721391677856445,-0.7941133379936218,0.012939691543579102,5.040727615356445
0,1760,0.32457688450813293,-0.1965361088514328,1.1063027381896973,0.3065244257450104,-0.4186035692691803,-0.7915417551994324,0.01302492618560791,5.027417182922363
0,1761,0.32485106587409973,-0.19663375616073608,1.1065027713775635,0.3062116503715515,-0.41998589038848877,-0.7889670133590698,0.013094425201416016,5.012351989746094
0,1762,0.3251368999481201,-0.196720153093338,1.1066827774047852,0.30589306354522705,-0.42135554552078247,-0.7863878607749939,0.013139128684997559,4.994143486022949
0,1763,0.3254380524158478,-0.19679172337055206,1.1068363189697266,0.3055683672428131,-0.42270928621292114,-0.7838037610054016,0.013151168823242188,4.971850872039795
0,1764,0.32575640082359314,-0.19684657454490662,1.1069601774215698,0.30523794889450073,-0.4240442216396332,-0.7812145948410034,0.013126373291015625,4.94482421875
0,1765,0.32609128952026367,-0.19688533246517181,1.1070553064346313,0.304902046918869,-0.4253603219985962,-0.7786209583282471,0.013065934181213379,4.913424968719482
0,1766,0.32643961906433105,-0.19691085815429688,1.10712730884552,0.30456072092056274,-0.42666128277778625,-0.7760229706764221,0.012976646423339844,4.878612995147705
0,1767,0.32679682970046997,-0.19692736864089966,1.107183814048767,0.3042145371437073,-0.4279516935348511,-0.7734221816062927,0.01286780834197998,4.841690540313721
0,1768,0.3271580636501312,-0.19693955779075623,1.1072332859039307,0.3038631081581116,-0.4292369484901428,-0.7708199620246887,0.012749671936035156,4.803995132446289
0,1769,0.32751893997192383,-0.19695167243480682,1.1072837114334106,0.3035055100917816,-0.43052056431770325,-0.768217921257019,0.012632012367248535,4.766660690307617
0,1770,0.3278752267360687,-0.19696782529354095,1.1073426008224487,0.30313998460769653,-0.4318053126335144,-0.765619158744812,0.012524008750915527,4.730771064758301
0,1771,0.3282226622104645,-0.19699211418628693,1.1074174642562866,0.30276402831077576,-0.43309304118156433,-0.7630271911621094,0.012434840202331543,4.697278022766113
0,1772,0.3285573422908783,-0.1970285177230835,1.107515811920166,0.30237528681755066,-0.43438491225242615,-0.7604464888572693,0.012373685836791992,4.666945457458496
0,1773,0.32887640595436096,-0.19708003103733063,1.1076430082321167,0.3019709885120392,-0.43568211793899536,-0.7578794360160828,0.012347102165222168,4.640215873718262
0,1774,0.32917892932891846,-0.19714754819869995,1.1078004837036133,0.30155035853385925,-0.4369845688343048,-0.755327045917511,0.012356996536254883,4.617321491241455
0,1775,0.3294665813446045,-0.1972295194864273,1.107985258102417,0.30111441016197205,-0.4382914900779724,-0.7527879476547241,0.012399673461914062,4.5977654457092285
0,1776,0.329742968082428,-0.1973225325345993,1.1081910133361816,0.3006654679775238,-0.43960219621658325,-0.7502583265304565,0.012467503547668457,4.580949306488037
0,1777,0.3300125002861023,-0.19742213189601898,1.10840904712677,0.30020639300346375,-0.4409148395061493,-0.7477339506149292,0.012550115585327148,4.5656585693359375
0,1778,0.3302795886993408,-0.1975240856409073,1.1086310148239136,0.299739807844162,-0.44222700595855713,-0.7452110052108765,0.01263737678527832,4.551177501678467
0,1779,0.3305482566356659,-0.1976245492696762,1.1088494062423706,0.2992672622203827,-0.4435370862483978,-0.7426869869232178,0.012719988822937012,4.536434650421143
0,1780,0.33082252740859985,-0.19771979749202728,1.1090562343597412,0.2987900674343109,-0.44484198093414307,-0.7401604652404785,0.01278841495513916,4.520473957061768
0,1781,0.33110636472702026,-0.19780601561069489,1.109243392944336,0.29830896854400635,-0.4461381137371063,-0.7376300096511841,0.01283276081085205,4.502325057983398
0,1782,0.3314032256603241,-0.19787999987602234,1.1094036102294922,0.2978244423866272,-0.44742169976234436,-0.735095739364624,0.012844443321228027,4.481132507324219
0,1783,0.3317152261734009,-0.19793984293937683,1.1095324754714966,0.29733720421791077,-0.44869086146354675,-0.7325578331947327,0.012817978858947754,4.456411838531494
0,1784,0.3320421874523163,-0.19798557460308075,1.1096307039260864,0.29684680700302124,-0.44994547963142395,-0.7300158143043518,0.012754201889038086,4.428193092346191
0,1785,0.3323816955089569,-0.19801922142505646,1.1097029447555542,0.29635342955589294,-0.4511878192424774,-0.7274705171585083,0.012658476829528809,4.397167205810547
0,1786,0.33272990584373474,-0.1980443149805069,1.1097571849822998,0.2958567142486572,-0.4524213373661041,-0.724922239780426,0.012540698051452637,4.36435079574585
0,1787,0.3330825865268707,-0.19806478917598724,1.109802484512329,0.2953559458255768,-0.4536499083042145,-0.7223722338676453,0.012411355972290039,4.330743312835693
0,1788,0.33343592286109924,-0.19808432459831238,1.1098469495773315,0.29485008120536804,-0.45487627387046814,-0.7198218107223511,0.012280464172363281,4.297374248504639
0,1789,0.333786278963089,-0.19810622930526733,1.109898567199707,0.2943379580974579,-0.45610204339027405,-0.7172732353210449,0.012157320976257324,4.265031337738037
0,1790,0.3341301679611206,-0.19813388586044312,1.1099653244018555,0.2938172221183777,-0.4573284089565277,-0.7147290706634521,0.012051582336425781,4.234384536743164
0,1791,0.33446425199508667,-0.19817063212394714,1.1100550889968872,0.293285995721817,-0.45855629444122314,-0.7121931910514832,0.011972546577453613,4.205889701843262
0,1792,0.3347857892513275,-0.19821909070014954,1.1101741790771484,0.2927418649196625,-0.45978572964668274,-0.7096681594848633,0.01192784309387207,4.180201053619385
0,1793,0.33509382605552673,-0.1982804536819458,1.1103252172470093,0.2921840250492096,-0.46101677417755127,-0.7071547508239746,0.011920452117919922,4.157275199890137
0,1794,0.3353891968727112,-0.1983538717031479,1.1105059385299683,0.29161331057548523,-0.4622494876384735,-0.7046527862548828,0.011947870254516602,4.137063503265381
0,1795,0.33567458391189575,-0.1984366625547409,1.1107100248336792,0.29103103280067444,-0.46348336338996887,-0.7021591663360596,0.01200258731842041,4.1190361976623535
0,1796,0.3359536826610565,-0.19852548837661743,1.1109287738800049,0.2904396653175354,-0.4647175371646881,-0.6996698975563049,0.012074470520019531,4.102361679077148
0,1797,0.33623006939888,-0.1986168920993805,1.111153483390808,0.2898414433002472,-0.4659510850906372,-0.697182297706604,0.012153148651123047,4.0865302085876465
0,1798,0.33650699257850647,-0.19870778918266296,1.1113758087158203,0.2892383933067322,-0.46718326210975647,-0.694693922996521,0.012228846549987793,4.070781230926514
0,1799,0.33678746223449707,-0.19879542291164398,1.111587643623352,0.2886316478252411,-0.46841198205947876,-0.6922035217285156,0.012292146682739258,4.054536819458008
0,1800,0.3370743691921234,-0.19887720048427582,1.1117808818817139,0.28802239894866943,-0.46963590383529663,-0.6897105574607849,0.01233363151550293,4.037111282348633
0,1801,0.3373703062534332,-0.1989506185054779,1.1119478940963745,0.28741174936294556,-0.47085273265838623,-0.6872152090072632,0.01234447956085205,4.018002510070801
0,1802,0.337677001953125,-0.19901423156261444,1.1120837926864624,0.2868005335330963,-0.4720613658428192,-0.6847177743911743,0.012318968772888184,3.996793746948242
0,1803,0.33799466490745544,-0.19906769692897797,1.1121876239776611,0.28618887066841125,-0.4732610285282135,-0.6822182536125183,0.012256026268005371,3.973551034927368
0,1804,0.33832186460494995,-0.19911223649978638,1.112263798713684,0.28557631373405457,-0.4744531512260437,-0.6797165274620056,0.012160539627075195,3.948535442352295
0,1805,0.3386560082435608,-0.19915011525154114,1.1123197078704834,0.2849618196487427,-0.47563934326171875,-0.6772130727767944,0.012041211128234863,3.922462224960327
0,1806,0.33899420499801636,-0.19918404519557953,1.1123641729354858,0.2843446731567383,-0.47682151198387146,-0.6747080683708191,0.011908173561096191,3.895711660385132
0,1807,0.3393336832523346,-0.19921644032001495,1.1124056577682495,0.283723384141922,-0.4780009388923645,-0.6722020506858826,0.011771082878112793,3.869131088256836
0,1808,0.3396719992160797,-0.19924966990947723,1.112452507019043,0.2830963432788849,-0.47917866706848145,-0.6696967482566833,0.011639237403869629,3.843029260635376
0,1809,0.34000691771507263,-0.1992858648300171,1.112512469291687,0.28246209025382996,-0.48035451769828796,-0.6671940684318542,0.011521697044372559,3.817877769470215
0,1810,0.34033629298210144,-0.19932715594768524,1.1125940084457397,0.2818182110786438,-0.4815279543399811,-0.6646960973739624,0.011427879333496094,3.7938501834869385
0,1811,0.34065836668014526,-0.1993754804134369,1.1127040386199951,0.2811632454395294,-0.4826986789703369,-0.6622063517570496,0.011365413665771484,3.7712275981903076
0,1812,0.34097224473953247,-0.19943180680274963,1.11284601688385,0.28049588203430176,-0.4838659167289734,-0.6597254276275635,0.011338233947753906,3.749983787536621
0,1813,0.3412782847881317,-0.1994958072900772,1.1130186319351196,0.2798166275024414,-0.485029399394989,-0.6572531461715698,0.0113450288772583,3.730246067047119
0,1814,0.34157794713974,-0.199566051363945,1.1132161617279053,0.2791268229484558,-0.4861897826194763,-0.6547873020172119,0.011379241943359375,3.7116177082061768
0,1815,0.34187331795692444,-0.19964037835597992,1.113430142402649,0.278428316116333,-0.48734816908836365,-0.6523253917694092,0.011431574821472168,3.693955659866333
0,1816,0.342166543006897,-0.1997167468070984,1.1136517524719238,0.277723491191864,-0.4885047674179077,-0.649864673614502,0.011492133140563965,3.676900625228882
0,1817,0.342459499835968,-0.19979327917099,1.1138724088668823,0.27701452374458313,-0.4896596670150757,-0.6474034786224365,0.011551618576049805,3.660087823867798
0,1818,0.34275367856025696,-0.19986851513385773,1.1140846014022827,0.27630239725112915,-0.4908131957054138,-0.6449407339096069,0.011601686477661133,3.6434123516082764
0,1819,0.3430502414703369,-0.19994120299816132,1.114280343055725,0.27558907866477966,-0.4919659495353699,-0.6424768567085266,0.011633753776550293,3.6266603469848633
0,1820,0.34335029125213623,-0.2000102549791336,1.114452600479126,0.2748758792877197,-0.4931167662143707,-0.6400123834609985,0.011640429496765137,3.609776020050049
0,1821,0.3436545729637146,-0.20007488131523132,1.114595651626587,0.27416375279426575,-0.4942655861377716,-0.6375477910041809,0.011615514755249023,3.5924863815307617
0,1822,0.3439632058143616,-0.20013479888439178,1.1147079467773438,0.2734532654285431,-0.4954122304916382,-0.6350831985473633,0.011557459831237793,3.5748932361602783
0,1823,0.3442758321762085,-0.20019041001796722,1.1147927045822144,0.2727438807487488,-0.4965568780899048,-0.6326190233230591,0.011469602584838867,3.5569934844970703
0,1824,0.34459152817726135,-0.20024268329143524,1.1148563623428345,0.2720339596271515,-0.4976997673511505,-0.6301540732383728,0.01135873794555664,3.538947820663452
0,1825,0.34490934014320374,-0.200292706489563,1.114907145500183,0.27132222056388855,-0.49884119629859924,-0.6276882886886597,0.01123356819152832,3.520921230316162
0,1826,0.3452287018299103,-0.2003413885831833,1.1149531602859497,0.270607054233551,-0.499980092048645,-0.6252214908599854,0.011102557182312012,3.5029137134552
0,1827,0.34554970264434814,-0.20038947463035583,1.1150017976760864,0.2698865234851837,-0.5011166334152222,-0.6227548122406006,0.010972857475280762,3.4848132133483887
0,1828,0.34587305784225464,-0.20043741166591644,1.1150600910186768,0.26915866136550903,-0.502249538898468,-0.620289146900177,0.010851025581359863,3.4664487838745117
0,1829,0.34620019793510437,-0.2004854828119278,1.1151350736618042,0.2684212625026703,-0.5033767223358154,-0.6178266406059265,0.010743498802185059,3.4474189281463623
0,1830,0.3465324938297272,-0.2005339413881302,1.1152328252792358,0.26767247915267944,-0.5044964551925659,-0.6153693199157715,0.010655403137207031,3.427255392074585
0,1831,0.34687086939811707,-0.20058278739452362,1.1153568029403687,0.2669113874435425,-0.5056071281433105,-0.6129187941551208,0.01058971881866455,3.405822992324829
0,1832,0.34721532464027405,-0.20063209533691406,1.115506887435913,0.2661377787590027,-0.5067086815834045,-0.6104751825332642,0.010546326637268066,3.383040189743042
0,1833,0.3475649654865265,-0.20068171620368958,1.1156789064407349,0.26535317301750183,-0.5078034996986389,-0.6080368161201477,0.010521531105041504,3.3592870235443115
0,1834,0.3479182720184326,-0.20073148608207703,1.1158660650253296,0.264559805393219,-0.5088923573493958,-0.6056015491485596,0.010509371757507324,3.334954023361206
0,1835,0.34827330708503723,-0.20078136026859283,1.1160609722137451,0.26376020908355713,-0.5099776983261108,-0.6031672358512878,0.010503530502319336,3.310620069503784
0,1836,0.34862807393074036,-0.2008313536643982,1.116256833076477,0.26295655965805054,-0.5110611319541931,-0.6007326245307922,0.010498285293579102,3.2867016792297363
0,1837,0.34898045659065247,-0.20088182389736176,1.1164474487304688,0.26215100288391113,-0.5121445059776306,-0.598297119140625,0.010488510131835938,3.2636878490448
0,1838,0.349327951669693,-0.20093344151973724,1.1166268587112427,0.2613453269004822,-0.5132294297218323,-0.5958610773086548,0.010469913482666016,3.2422022819519043
0,1839,0.34966790676116943,-0.2009868621826172,1.1167893409729004,0.26054146885871887,-0.514316737651825,-0.5934251546859741,0.010437965393066406,3.2227001190185547
0,1840,0.34999823570251465,-0.20104268193244934,1.1169301271438599,0.25974103808403015,-0.5154069066047668,-0.5909903645515442,0.010389208793640137,3.2055234909057617
0,1841,0.35031798481941223,-0.20110127329826355,1.1170473098754883,0.2589448094367981,-0.5165004730224609,-0.5885570049285889,0.010322332382202148,3.1908934116363525
0,1842,0.3506277799606323,-0.2011624574661255,1.117142677307129,0.25815194845199585,-0.5175973176956177,-0.5861248970031738,0.0102386474609375,3.178537607192993
0,1843,0.35092976689338684,-0.20122568309307098,1.1172209978103638,0.25736066699028015,-0.5186970829963684,-0.5836936235427856,0.010141968727111816,3.168173313140869
0,1844,0.35122665762901306,-0.2012900859117508,1.1172882318496704,0.2565692663192749,-0.5197975039482117,-0.5812621116638184,0.010036706924438477,3.1591389179229736
0,1845,0.35152119398117065,-0.2013547420501709,1.117350697517395,0.25577521324157715,-0.5208970904350281,-0.5788296461105347,0.009927630424499512,3.1508238315582275
0,1846,0.3518158793449402,-0.20141901075839996,1.1174144744873047,0.2549765110015869,-0.5219942927360535,-0.5763960480690002,0.009819507598876953,3.142673969268799
0,1847,0.3521127700805664,-0.2014821320772171,1.1174850463867188,0.2541715204715729,-0.5230863094329834,-0.5739620923995972,0.00971674919128418,3.1342530250549316
0,1848,0.35241377353668213,-0.2015434056520462,1.1175678968429565,0.2533590495586395,-0.5241703987121582,-0.5715289115905762,0.00962376594543457,3.124995231628418
0,1849,0.35272058844566345,-0.20160220563411713,1.1176680326461792,0.25253745913505554,-0.5252434611320496,-0.5690980553627014,0.00954437255859375,3.1147043704986572
0,1850,0.35303425788879395,-0.20165805518627167,1.1177886724472046,0.25170600414276123,-0.5263041257858276,-0.5666703581809998,0.009481549263000488,3.10286545753479
0,1851,0.35335493087768555,-0.20171095430850983,1.1179304122924805,0.250864714384079,-0.5273517370223999,-0.5642462968826294,0.009435534477233887,3.089461326599121
0,1852,0.35368186235427856,-0.20176124572753906,1.1180905103683472,0.2500143349170685,-0.5283880233764648,-0.5618249773979187,0.009404182434082031,3.0749800205230713
0,1853,0.35401320457458496,-0.20180949568748474,1.1182639598846436,0.24915626645088196,-0.5294153094291687,-0.5594050288200378,0.009383201599121094,3.0595345497131348
0,1854,0.3543470799922943,-0.20185653865337372,1.1184449195861816,0.24829263985157013,-0.5304365754127502,-0.5569853782653809,0.009368062019348145,3.044010877609253
0,1855,0.35468149185180664,-0.2019033133983612,1.1186282634735107,0.24742504954338074,-0.5314557552337646,-0.5545654892921448,0.009354710578918457,3.02860164642334
0,1856,0.35501426458358765,-0.20195084810256958,1.1188089847564697,0.24655474722385406,-0.5324747562408447,-0.5521448850631714,0.009339213371276855,3.0138933658599854
0,1857,0.3553430736064911,-0.20200030505657196,1.1189829111099243,0.2456837296485901,-0.5334959626197815,-0.5497249364852905,0.009318709373474121,3.000417947769165
0,1858,0.3556654751300812,-0.2020530253648758,1.1191457509994507,0.24481351673603058,-0.5345221161842346,-0.5473067760467529,0.009290337562561035,2.9887163639068604
0,1859,0.355979323387146,-0.2021101713180542,1.1192938089370728,0.24394559860229492,-0.5355542898178101,-0.5448917150497437,0.009251594543457031,2.979138135910034
0,1860,0.3562834560871124,-0.2021724134683609,1.1194252967834473,0.2430807501077652,-0.5365937948226929,-0.5424809455871582,0.009201407432556152,2.971637725830078
0,1861,0.35657817125320435,-0.20223954319953918,1.1195409297943115,0.24221858382225037,-0.5376406908035278,-0.5400739908218384,0.009140253067016602,2.9666271209716797
0,1862,0.35686519742012024,-0.202310711145401,1.1196435689926147,0.2413577437400818,-0.538692831993103,-0.5376699566841125,0.009070158004760742,2.9633259773254395
0,1863,0.357147216796875,-0.20238450169563293,1.1197377443313599,0.24049630761146545,-0.5397481322288513,-0.5352670550346375,0.008994221687316895,2.961343288421631
0,1864,0.35742703080177307,-0.20245929062366486,1.1198277473449707,0.2396325320005417,-0.5408041477203369,-0.5328639149665833,0.008915066719055176,2.960153341293335
0,1865,0.3577073812484741,-0.20253372192382812,1.1199170351028442,0.238764688372612,-0.5418586134910583,-0.5304594039916992,0.00883471965789795,2.959095001220703
0,1866,0.3579908013343811,-0.20260635018348694,1.1200090646743774,0.23789162933826447,-0.5429081320762634,-0.5280540585517883,0.008755087852478027,2.957639217376709
0,1867,0.35828009247779846,-0.20267578959465027,1.12010657787323,0.23701222240924835,-0.5439505577087402,-0.5256481170654297,0.008677363395690918,2.955388069152832
0,1868,0.3585779666900635,-0.20274075865745544,1.1202123165130615,0.2361256629228592,-0.5449830293655396,-0.5232428312301636,0.00860285758972168,2.951676607131958
0,1869,0.3588864505290985,-0.20280027389526367,1.1203278303146362,0.23523148894309998,-0.5460026264190674,-0.5208391547203064,0.008531808853149414,2.946166753768921
0,1870,0.35920608043670654,-0.20285393297672272,1.1204538345336914,0.23432956635951996,-0.5470095276832581,-0.5184372067451477,0.008464574813842773,2.938782215118408
0,1871,0.35953593254089355,-0.20290225744247437,1.120589256286621,0.2334207147359848,-0.5480047464370728,-0.5160368084907532,0.008400797843933105,2.9299094676971436
0,1872,0.359873503446579,-0.20294639468193054,1.1207317113876343,0.2325057089328766,-0.5489901304244995,-0.5136370658874512,0.008339166641235352,2.9196691513061523
0,1873,0.36021578311920166,-0.20298786461353302,1.1208785772323608,0.23158560693264008,-0.5499696135520935,-0.5112370848655701,0.008279085159301758,2.9090564250946045
0,1874,0.3605597913265228,-0.2030283659696579,1.1210274696350098,0.23066142201423645,-0.550946056842804,-0.5088363885879517,0.008219599723815918,2.898404836654663
0,1875,0.3609025478363037,-0.20306941866874695,1.1211761236190796,0.22973471879959106,-0.5519218444824219,-0.5064353942871094,0.008160233497619629,2.8885276317596436
0,1876,0.36124107241630554,-0.2031126469373703,1.1213228702545166,0.22880692780017853,-0.5528990626335144,-0.5040350556373596,0.008101105690002441,2.879703998565674
0,1877,0.361572265625,-0.20315979421138763,1.121466875076294,0.2278788536787033,-0.5538811683654785,-0.5016367435455322,0.008043050765991211,2.8727619647979736
0,1878,0.3618934154510498,-0.20321254432201385,1.1216069459915161,0.22695189714431763,-0.5548698902130127,-0.4992421865463257,0.00798654556274414,2.8677151203155518
0,1879,0.36220288276672363,-0.20327183604240417,1.1217422485351562,0.22602717578411102,-0.5558661222457886,-0.4968528747558594,0.007931709289550781,2.8652567863464355
0,1880,0.3625006675720215,-0.2033376544713974,1.121873140335083,0.22510427236557007,-0.5568702220916748,-0.49446845054626465,0.007879018783569336,2.8651201725006104
0,1881,0.362788587808609,-0.20340894162654877,1.1220002174377441,0.2241821140050888,-0.5578804016113281,-0.4920877516269684,0.00782787799835205,2.8668277263641357
0,1882,0.3630697429180145,-0.20348401367664337,1.122124433517456,0.22325941920280457,-0.5588940978050232,-0.4897090494632721,0.007777571678161621,2.870035171508789
0,1883,0.3633473217487335,-0.2035609632730484,1.1222468614578247,0.22233468294143677,-0.5599092245101929,-0.4873306453227997,0.007727265357971191,2.874260902404785
0,1884,0.3636244833469391,-0.20363806188106537,1.122368335723877,0.22140640020370483,-0.5609233379364014,-0.4849514365196228,0.007676124572753906,2.8788201808929443
0,1885,0.3639042377471924,-0.20371374487876892,1.122489333152771,0.2204737514257431,-0.5619344711303711,-0.4825706481933594,0.007622838020324707,2.8832366466522217
0,1886,0.36418938636779785,-0.20378641784191132,1.1226093769073486,0.2195366621017456,-0.5629398822784424,-0.48018917441368103,0.00756525993347168,2.8870363235473633
0,1887,0.3644827902317047,-0.20385465025901794,1.1227282285690308,0.21859495341777802,-0.563937783241272,-0.4778077304363251,0.007501363754272461,2.8896117210388184
0,1888,0.36478668451309204,-0.2039172202348709,1.1228455305099487,0.21764835715293884,-0.5649262070655823,-0.47542691230773926,0.007429718971252441,2.891101598739624
0,1889,0.36510202288627625,-0.20397356152534485,1.1229612827301025,0.21669691801071167,-0.565904974937439,-0.4730473756790161,0.007349491119384766,2.8908984661102295
0,1890,0.36542803049087524,-0.2040240317583084,1.1230753660202026,0.21574100852012634,-0.5668742060661316,-0.47066888213157654,0.007261037826538086,2.8894760608673096
0,1891,0.36576247215270996,-0.2040698379278183,1.1231882572174072,0.2147808074951172,-0.5678356885910034,-0.4682908058166504,0.007166266441345215,2.8869004249572754
0,1892,0.366102397441864,-0.20411254465579987,1.1233004331588745,0.2138167917728424,-0.568791925907135,-0.46591243147850037,0.007067322731018066,2.8840513229370117
0,1893,0.36644473671913147,-0.20415377616882324,1.1234123706817627,0.21284954249858856,-0.5697445869445801,-0.46353331208229065,0.006966352462768555,2.881063222885132
0,1894,0.36678656935691833,-0.20419517159461975,1.1235252618789673,0.21187928318977356,-0.5706965923309326,-0.4611535370349884,0.006866335868835449,2.8786160945892334
0,1895,0.3671252131462097,-0.204238161444664,1.1236400604248047,0.21090684831142426,-0.5716497302055359,-0.4587739408016205,0.006769776344299316,2.877051830291748
0,1896,0.3674579858779907,-0.20428435504436493,1.1237584352493286,0.2099335938692093,-0.5726056098937988,-0.4563964009284973,0.006680130958557129,2.876847505569458
0,1897,0.3677823841571808,-0.20433524250984192,1.1238815784454346,0.2089603692293167,-0.573566198348999,-0.45402246713638306,0.006599783897399902,2.8782081604003906
0,1898,0.3680967390537262,-0.20439186692237854,1.124010682106018,0.20798765122890472,-0.5745329260826111,-0.45165351033210754,0.006531238555908203,2.8816745281219482
0,1899,0.36840078234672546,-0.2044544816017151,1.1241459846496582,0.207015261054039,-0.5755057334899902,-0.4492897391319275,0.006474733352661133,2.8869004249572754
0,1900,0.3686958849430084,-0.2045222967863083,1.1242866516113281,0.2060428410768509,-0.5764836072921753,-0.4469301104545593,0.0064285993576049805,2.893808603286743
0,1901,0.3689844012260437,-0.20459388196468353,1.1244310140609741,0.20506945252418518,-0.5774648189544678,-0.4445730745792389,0.006389975547790527,2.9020497798919678
0,1902,0.3692692220211029,-0.2046675831079483,1.1245774030685425,0.20409350097179413,-0.5784473419189453,-0.44221651554107666,0.00635528564453125,2.9112088680267334
0,1903,0.36955299973487854,-0.20474180579185486,1.1247236728668213,0.2031145542860031,-0.5794298648834229,-0.4398590922355652,0.006320953369140625,2.9207417964935303
0,1904,0.369838148355484,-0.20481517910957336,1.1248670816421509,0.2021322399377823,-0.580409049987793,-0.43750062584877014,0.006282925605773926,2.9303102493286133
0,1905,0.3701270520687103,-0.20488649606704712,1.1250050067901611,0.20114637911319733,-0.5813849568367004,-0.43514135479927063,0.0062367916107177734,2.9397144317626953
0,1906,0.37042200565338135,-0.20495451986789703,1.1251344680786133,0.20015673339366913,-0.5823554992675781,-0.4327816665172577,0.006178498268127441,2.9485576152801514
0,1907,0.37072494626045227,-0.20501816272735596,1.125252366065979,0.19916416704654694,-0.5833190679550171,-0.4304230511188507,0.006103634834289551,2.95664644241333
0,1908,0.37103691697120667,-0.2050769180059433,1.1253572702407837,0.1981688141822815,-0.5842750072479248,-0.4280658960342407,0.006010174751281738,2.9637222290039062
0,1909,0.3713575005531311,-0.20513087511062622,1.125449538230896,0.19717106223106384,-0.5852236747741699,-0.4257103204727173,0.005898714065551758,2.9701223373413086
0,1910,0.3716851770877838,-0.20518085360527039,1.125531554222107,0.19617074728012085,-0.5861657857894897,-0.42335575819015503,0.00577235221862793,2.975850820541382
0,1911,0.3720175325870514,-0.20522812008857727,1.1256067752838135,0.1951674371957779,-0.5871034264564514,-0.4210011959075928,0.005636334419250488,2.9812402725219727
0,1912,0.37235215306282043,-0.20527386665344238,1.1256787776947021,0.19416113197803497,-0.5880376100540161,-0.4186457395553589,0.005495429039001465,2.986619710922241
0,1913,0.3726866841316223,-0.2053193300962448,1.1257511377334595,0.1931515485048294,-0.5889694690704346,-0.41628941893577576,0.005354762077331543,2.9925129413604736
0,1914,0.37301889061927795,-0.20536565780639648,1.125827431678772,0.1921387016773224,-0.5898991823196411,-0.4139328598976135,0.005219101905822754,2.998851776123047
0,1915,0.37334656715393066,-0.20541401207447052,1.125910997390747,0.1911233514547348,-0.5908266305923462,-0.411577433347702,0.00509333610534668,3.0059585571289062
0,1916,0.3736676573753357,-0.20546554028987885,1.1260050535202026,0.19010551273822784,-0.5917512774467468,-0.4092247486114502,0.00498199462890625,3.013958215713501
0,1917,0.37398049235343933,-0.2055210918188095,1.1261123418807983,0.18908552825450897,-0.5926729440689087,-0.4068760871887207,0.0048885345458984375,3.02297306060791
0,1918,0.3742847144603729,-0.2055809497833252,1.1262335777282715,0.18806351721286774,-0.5935920476913452,-0.4045318365097046,0.00481414794921875,3.0330584049224854
0,1919,0.37458112835884094,-0.2056446671485901,1.126367449760437,0.187039315700531,-0.5945082902908325,-0.4021914303302765,0.004757046699523926,3.0441396236419678
0,1920,0.3748716115951538,-0.20571136474609375,1.1265108585357666,0.18601256608963013,-0.5954217910766602,-0.39985355734825134,0.004712939262390137,3.055821418762207
0,1921,0.375158429145813,-0.2057797908782959,1.1266599893569946,0.18498264253139496,-0.5963326692581177,-0.39751625061035156,0.004676699638366699,3.0682241916656494
0,1922,0.3754439055919647,-0.20584888756275177,1.1268110275268555,0.18394868075847626,-0.5972398519515991,-0.3951782286167145,0.004643082618713379,3.0807044506073
0,1923,0.37572991847991943,-0.205917626619339,1.1269598007202148,0.1829107254743576,-0.5981414914131165,-0.392839252948761,0.00460660457611084,3.0933241844177246
0,1924,0.37601831555366516,-0.2059851735830307,1.1271026134490967,0.18186795711517334,-0.5990338921546936,-0.3904992938041687,0.0045626163482666016,3.105640411376953
0,1925,0.376310795545578,-0.2060507982969284,1.1272352933883667,0.18081970512866974,-0.5999126434326172,-0.3881593346595764,0.00450587272644043,3.1169662475585938
0,1926,0.37660878896713257,-0.20611383020877838,1.1273541450500488,0.17976553738117218,-0.6007727980613708,-0.3858204483985901,0.004431724548339844,3.1273748874664307
0,1927,0.37691324949264526,-0.20617380738258362,1.1274569034576416,0.17870573699474335,-0.601611852645874,-0.38348376750946045,0.004337310791015625,3.136251211166382
0,1928,0.3772241175174713,-0.20623086392879486,1.1275436878204346,0.17764011025428772,-0.6024296283721924,-0.38114920258522034,0.004222750663757324,3.1439197063446045
0,1929,0.37754034996032715,-0.20628532767295837,1.1276170015335083,0.17656943202018738,-0.6032288074493408,-0.3788162171840668,0.004091382026672363,3.1505751609802246
0,1930,0.37786033749580383,-0.2063378244638443,1.1276808977127075,0.17549452185630798,-0.6040136218070984,-0.37648412585258484,0.0039479732513427734,3.15647292137146
0,1931,0.37818241119384766,-0.20638921856880188,1.127740502357483,0.17441530525684357,-0.6047882437705994,-0.37415170669555664,0.003798842430114746,3.16211199760437
0,1932,0.3785049617290497,-0.20644019544124603,1.1278011798858643,0.17333170771598816,-0.6055543422698975,-0.37181827425956726,0.0036504268646240234,3.167555332183838
0,1933,0.37882646918296814,-0.20649152994155884,1.1278680562973022,0.17224335670471191,-0.6063096523284912,-0.3694841265678406,0.0035085678100585938,3.1729278564453125
0,1934,0.3791455924510956,-0.20654386281967163,1.1279478073120117,0.1711488664150238,-0.6070486307144165,-0.36714982986450195,0.003381013870239258,3.1780447959899902
0,1935,0.37946102023124695,-0.2065979540348053,1.128047227859497,0.17004676163196564,-0.6077646017074585,-0.364816278219223,0.003275156021118164,3.1824769973754883
0,1936,0.37977173924446106,-0.2066543698310852,1.1281718015670776,0.16893598437309265,-0.6084503531455994,-0.3624844253063202,0.003197312355041504,3.1857969760894775
0,1937,0.3800772726535797,-0.20671339333057404,1.1283236742019653,0.167816162109375,-0.6091036796569824,-0.3601548969745636,0.003149867057800293,3.188192844390869
0,1938,0.38037800788879395,-0.20677490532398224,1.1285011768341064,0.1666877269744873,-0.6097256541252136,-0.35782766342163086,0.0031309127807617188,3.1894822120666504
0,1939,0.3806750774383545,-0.20683835446834564,1.1286990642547607,0.16555210947990417,-0.6103223562240601,-0.35550209879875183,0.003134489059448242,3.190095901489258
0,1940,0.3809700012207031,-0.20690292119979858,1.128909945487976,0.16441065073013306,-0.610899806022644,-0.3531773090362549,0.0031522512435913086,3.1899731159210205
0,1941,0.38126468658447266,-0.20696783065795898,1.129126787185669,0.1632644683122635,-0.6114634871482849,-0.3508524000644684,0.003176093101501465,3.1894822120666504
0,1942,0.3815614581108093,-0.20703230798244476,1.1293439865112305,0.16211310029029846,-0.612013041973114,-0.34852680563926697,0.0031987428665161133,3.188499927520752
0,1943,0.3818630576133728,-0.20709559321403503,1.12955641746521,0.16095487773418427,-0.6125423908233643,-0.3462006747722626,0.0032134056091308594,3.1864116191864014
0,1944,0.38217270374298096,-0.20715685188770294,1.1297600269317627,0.15978731215000153,-0.6130411624908447,-0.34387460350990295,0.003214120864868164,3.1824769973754883
0,1945,0.3824937343597412,-0.20721547305583954,1.1299511194229126,0.15860728919506073,-0.613497257232666,-0.34154924750328064,0.0031948089599609375,3.1757030487060547
0,1946,0.38282838463783264,-0.20727090537548065,1.1301273107528687,0.15741334855556488,-0.6139019727706909,-0.3392259180545807,0.0031518936157226562,3.165762424468994
0,1947,0.38317710161209106,-0.20732294023036957,1.1302882432937622,0.15620559453964233,-0.6142531633377075,-0.33690470457077026,0.003084540367126465,3.152376890182495
0,1948,0.383538156747818,-0.20737192034721375,1.130435824394226,0.15498599410057068,-0.6145569086074829,-0.3345857262611389,0.002995729446411133,3.1358766555786133
0,1949,0.38390839099884033,-0.20741859078407288,1.1305736303329468,0.15375767648220062,-0.6148242354393005,-0.33226850628852844,0.0028911828994750977,3.1174685955047607
0,1950,0.38428395986557007,-0.207463800907135,1.1307061910629272,0.15252359211444855,-0.6150675415992737,-0.3299521505832672,0.0027778148651123047,3.098003625869751
0,1951,0.3846610486507416,-0.2075083702802658,1.1308380365371704,0.1512858271598816,-0.6152941584587097,-0.32763558626174927,0.0026625394821166992,3.077907085418701
0,1952,0.38503605127334595,-0.20755314826965332,1.130974292755127,0.15004506707191467,-0.6155061721801758,-0.3253175616264343,0.0025528669357299805,3.0577425956726074
0,1953,0.3854049742221832,-0.20759904384613037,1.1311208009719849,0.14880084991455078,-0.6156976819038391,-0.32299739122390747,0.002457261085510254,3.0373153686523438
0,1954,0.3857637941837311,-0.207646906375885,1.1312836408615112,0.14755259454250336,-0.6158584952354431,-0.3206743597984314,0.0023843050003051758,3.016036033630371
0,1955,0.38610899448394775,-0.20769758522510529,1.131468653678894,0.14629875123500824,-0.6159787178039551,-0.31834787130355835,0.00234222412109375,2.993690252304077
0,1956,0.38643878698349,-0.2077515870332718,1.1316787004470825,0.14503873884677887,-0.6160528063774109,-0.31601738929748535,0.0023349523544311523,2.9698586463928223
0,1957,0.3867536187171936,-0.20780865848064423,1.1319125890731812,0.14377373456954956,-0.6160811185836792,-0.3136838674545288,0.0023609399795532227,2.944504976272583
0,1958,0.38705623149871826,-0.20786820352077484,1.1321662664413452,0.1425049751996994,-0.6160712242126465,-0.3113480508327484,0.002414703369140625,2.9180595874786377
0,1959,0.38735058903694153,-0.20792941749095917,1.1324330568313599,0.14123336970806122,-0.6160339713096619,-0.3090103566646576,0.002486705780029297,2.8908307552337646
0,1960,0.3876406252384186,-0.20799148082733154,1.132706642150879,0.13996034860610962,-0.6159775257110596,-0.306671679019928,0.002568364143371582,2.863206386566162
0,1961,0.3879294991493225,-0.2080538421869278,1.1329810619354248,0.13868649303913116,-0.6159066557884216,-0.30433201789855957,0.0026513338088989258,2.8348989486694336
0,1962,0.38821926712989807,-0.2081163227558136,1.1332522630691528,0.13741132616996765,-0.6158190369606018,-0.3019910156726837,0.0027306079864501953,2.8063061237335205
0,1963,0.38851141929626465,-0.20817901194095612,1.1335164308547974,0.13613401353359222,-0.6157058477401733,-0.29964759945869446,0.002801179885864258,2.7763619422912598
0,1964,0.3888068199157715,-0.2082420140504837,1.1337701082229614,0.134854257106781,-0.615557074546814,-0.29730141162872314,0.0028589963912963867,2.7446653842926025
0,1965,0.3891060948371887,-0.20830564200878143,1.1340112686157227,0.13357095420360565,-0.615363597869873,-0.29495158791542053,0.0029016733169555664,2.710794448852539
0,1966,0.38940930366516113,-0.20836997032165527,1.1342391967773438,0.13228419423103333,-0.6151221990585327,-0.29259806871414185,0.002928495407104492,2.6744463443756104
0,1967,0.38971611857414246,-0.2084348350763321,1.1344550848007202,0.1309950202703476,-0.6148370504379272,-0.2902415692806244,0.0029407739639282227,2.6359646320343018
0,1968,0.390025794506073,-0.20850005745887756,1.1346617937088013,0.12970462441444397,-0.6145167350769043,-0.2878831624984741,0.0029419660568237305,2.5957071781158447
0,1969,0.39033743739128113,-0.20856541395187378,1.1348628997802734,0.1284143626689911,-0.6141718626022339,-0.2855236530303955,0.002936244010925293,2.554509162902832
0,1970,0.39065030217170715,-0.2086307257413864,1.1350619792938232,0.12712499499320984,-0.6138100624084473,-0.28316307067871094,0.002927541732788086,2.5127921104431152
0,1971,0.39096394181251526,-0.20869584381580353,1.1352633237838745,0.12583722174167633,-0.6134329438209534,-0.2808002829551697,0.00292050838470459,2.4703710079193115
0,1972,0.39127805829048157,-0.2087608277797699,1.1354706287384033,0.1245519295334816,-0.613035261631012,-0.27843350172042847,0.0029191970825195312,2.4274511337280273
0,1973,0.3915925920009613,-0.20882569253444672,1.1356881856918335,0.12327015399932861,-0.6126065254211426,-0.27605998516082764,0.0029277801513671875,2.3831021785736084
0,1974,0.3919074833393097,-0.20889058709144592,1.1359201669692993,0.12199246883392334,-0.6121360659599304,-0.27367696166038513,0.002950429916381836,2.3368239402770996
0,1975,0.39222270250320435,-0.20895548164844513,1.1361689567565918,0.12071990221738815,-0.6116166114807129,-0.2712828516960144,0.002989649772644043,2.287900686264038
0,1976,0.39253824949264526,-0.20902036130428314,1.1364341974258423,0.11945288628339767,-0.611047625541687,-0.2688779830932617,0.0030450820922851562,2.2366840839385986
0,1977,0.39285409450531006,-0.20908507704734802,1.1367135047912598,0.11819114536046982,-0.610435426235199,-0.2664642930030823,0.00311434268951416,2.1835505962371826
0,1978,0.3931703567504883,-0.20914947986602783,1.1370019912719727,0.11693408340215683,-0.6097909212112427,-0.26404449343681335,0.0031925439834594727,2.128908157348633
0,1979,0.39348727464675903,-0.20921343564987183,1.1372942924499512,0.11568070203065872,-0.609123170375824,-0.26162129640579224,0.0032739639282226562,2.0732040405273438
0,1980,0.39380550384521484,-0.20927684009075165,1.1375843286514282,0.11443004757165909,-0.608436107635498,-0.25919604301452637,0.0033524036407470703,2.016835927963257
0,1981,0.3941260874271393,-0.2093394696712494,1.1378648281097412,0.11318090558052063,-0.607723593711853,-0.2567683458328247,0.003419637680053711,1.959246277809143
0,1982,0.39445066452026367,-0.20940114557743073,1.1381272077560425,0.11193281412124634,-0.6069714426994324,-0.2543365955352783,0.0034661293029785156,1.899809718132019
0,1983,0.3947811424732208,-0.20946179330348969,1.138362169265747,0.11068473756313324,-0.60616135597229,-0.2518984377384186,0.003481268882751465,1.837494969367981
0,1984,0.3951190710067749,-0.20952117443084717,1.1385620832443237,0.10943657159805298,-0.6052769422531128,-0.24945168197155,0.0034564733505249023,1.7711148262023926
0,1985,0.3954651653766632,-0.209579199552536,1.1387234926223755,0.10818850249052048,-0.6043093800544739,-0.24699564278125763,0.003387928009033203,1.700193166732788
0,1986,0.3958189785480499,-0.20963598787784576,1.1388484239578247,0.10694129019975662,-0.6032636761665344,-0.2445312738418579,0.0032776594161987305,1.625098705291748
0,1987,0.3961789906024933,-0.2096915990114212,1.138944149017334,0.1056959331035614,-0.6021546125411987,-0.24206063151359558,0.0031342506408691406,1.546869158744812
0,1988,0.39654281735420227,-0.20974616706371307,1.139019250869751,0.10445346683263779,-0.6010003089904785,-0.23958614468574524,0.0029675960540771484,1.4663372039794922
0,1989,0.3969078063964844,-0.20979993045330048,1.139081358909607,0.10321377217769623,-0.5998159646987915,-0.23710913956165314,0.0027872323989868164,1.3845148086547852
0,1990,0.3972706198692322,-0.209852933883667,1.1391332149505615,0.10197713971138,-0.5986061096191406,-0.2346295267343521,0.0025980472564697266,1.302060604095459
0,1991,0.3976272642612457,-0.2099052369594574,1.1391726732254028,0.10074354708194733,-0.5973631739616394,-0.23214535415172577,0.002400517463684082,1.2180432081222534
0,1992,0.39797288179397583,-0.2099568098783493,1.1391935348510742,0.09951270371675491,-0.5960705876350403,-0.2296532243490219,0.0021916627883911133,1.1319416761398315
0,1993,0.39830249547958374,-0.21000757813453674,1.1391884088516235,0.0982845351099968,-0.5947077870368958,-0.22714929282665253,0.0019674301147460938,1.0417381525039673
0,1994,0.39861273765563965,-0.21005749702453613,1.1391514539718628,0.09705979377031326,-0.5932601690292358,-0.22463122010231018,0.0017241239547729492,0.9475002288818359
0,1995,0.39890286326408386,-0.21010653674602509,1.139081597328186,0.09583969414234161,-0.5917242169380188,-0.22209911048412323,0.0014612674713134766,0.8483449816703796
0,1996,0.3991752564907074,-0.21015478670597076,1.138983130455017,0.0946260616183281,-0.5901107788085938,-0.2195572406053543,0.001181483268737793,0.7457233667373657
0,1997,0.39943456649780273,-0.21020236611366272,1.138864278793335,0.09342353790998459,-0.5884428024291992,-0.21701735258102417,0.0008900165557861328,0.6398022174835205
0,1998,0.3996863067150116,-0.21024957299232483,1.1387367248535156,0.09224379062652588,-0.5867524147033691,-0.2145063728094101,0.0005948543548583984,0.5330249667167664
0,1999,0.3999355137348175,-0.21029695868492126,1.138614535331726,0.09111381322145462,-0.5850822925567627,-0.21208253502845764,0.00030672550201416016,0.4284154176712036
0,2000,0.4001865088939667,-0.21034562587738037,1.1385167837142944,0.09008406847715378,-0.5834923982620239,-0.20985357463359833,4.184246063232422e-05,0.32983797788619995
0,2001,0.4004432260990143,-0.21039733290672302,1.1384685039520264,0.08923345059156418,-0.5820635557174683,-0.20798586308956146,0.0001773834228515625,0.24228335916996002
0,2002,0.4007091522216797,-0.21045410633087158,1.138498067855835,0.08865964412689209,-0.5808905363082886,-0.20668432116508484,0.00032508373260498047,0.1724584996700287
0,2003,0.4009871184825897,-0.21051789820194244,1.1386313438415527,0.08845263719558716,-0.5800598859786987,-0.2061387002468109,0.0003771781921386719,0.12354069203138351
0,2004,0.4012782871723175,-0.2105897217988968,1.1388825178146362,0.08866290748119354,-0.5796182155609131,-0.20645485818386078,0.0003203153610229492,0.10087054967880249
0,2005,0.4015819728374481,-0.21066921949386597,1.1392472982406616,0.08927946537733078,-0.5795522928237915,-0.20760759711265564,0.0001583099365234375,0.10835235565900803
0,2006,0.4018957316875458,-0.210754856467247,1.1397051811218262,0.09023205190896988,-0.5797926187515259,-0.2094484120607376,9.000301361083984e-05,0.13417038321495056
0,2007,0.4022162854671478,-0.21084414422512054,1.140226125717163,0.09141809493303299,-0.5802404880523682,-0.2117616832256317,0.000396728515625,0.17804113030433655
0,2008,0.4025408625602722,-0.21093446016311646,1.140779733657837,0.0927373543381691,-0.5807979106903076,-0.2143375426530838,0.0007336139678955078,0.22728192806243896
0,2009,0.4028679132461548,-0.21102316677570343,1.1413406133651733,0.09411560744047165,-0.5813897848129272,-0.21702034771442413,0.0010762214660644531,0.28254860639572144
0,2010,0.40319743752479553,-0.21110746264457703,1.1418899297714233,0.09551070630550385,-0.5819666385650635,-0.21972009539604187,0.0014057159423828125,0.33571791648864746
0,2011,0.4035305678844452,-0.21118420362472534,1.142412543296814,0.09690564125776291,-0.5824972987174988,-0.22239689528942108,0.0017064809799194336,0.3866429924964905
0,2012,0.40386897325515747,-0.21125014126300812,1.1428955793380737,0.09829812496900558,-0.5829614996910095,-0.2250392884016037,0.001964569091796875,0.4325065016746521
0,2013,0.40421414375305176,-0.21130290627479553,1.1433305740356445,0.09969085454940796,-0.5833473801612854,-0.22764776647090912,0.0021704435348510742,0.4731261134147644
0,2014,0.40456658601760864,-0.2113417536020279,1.143715262413025,0.10108620673418045,-0.5836529731750488,-0.2302265465259552,0.0023217201232910156,0.5097569227218628
0,2015,0.404925674200058,-0.21136800944805145,1.1440545320510864,0.10248532146215439,-0.5838863253593445,-0.23278170824050903,0.0024236440658569336,0.54104083776474
0,2016,0.40528973937034607,-0.21138454973697662,1.1443582773208618,0.10388828068971634,-0.5840620994567871,-0.23531942069530487,0.0024869441986083984,0.5692389607429504
0,2017,0.4056563079357147,-0.21139515936374664,1.1446386575698853,0.1052934005856514,-0.584197998046875,-0.23784573376178741,0.0025255680084228516,0.5954477787017822
0,2018,0.4060223400592804,-0.21140384674072266,1.1449054479599,0.10669872909784317,-0.5843042135238647,-0.24036483466625214,0.0025510787963867188,0.6196041107177734
0,2019,0.4063835144042969,-0.21141453087329865,1.1451635360717773,0.10810206085443497,-0.5843819379806519,-0.24287939071655273,0.0025709867477416992,0.6440697312355042
0,2020,0.40673398971557617,-0.21143148839473724,1.1454129219055176,0.10950060188770294,-0.5844186544418335,-0.24539071321487427,0.0025892257690429688,0.6661723852157593
0,2021,0.40706685185432434,-0.2114594429731369,1.145650029182434,0.11089038103818893,-0.5843943953514099,-0.24789807200431824,0.002606511116027832,0.6855698823928833
0,2022,0.40737542510032654,-0.21150261163711548,1.1458700895309448,0.11226767301559448,-0.5842866897583008,-0.2504006326198578,0.002622365951538086,0.7013713121414185
0,2023,0.4076554775238037,-0.21156373620033264,1.1460696458816528,0.11362975835800171,-0.5840811729431152,-0.252897709608078,0.0026360750198364258,0.7132670283317566
0,2024,0.40790697932243347,-0.21164275705814362,1.1462485790252686,0.11497627198696136,-0.5837770104408264,-0.2553892433643341,0.0026475191116333008,0.720364511013031
0,2025,0.40813425183296204,-0.21173685789108276,1.146409511566162,0.11630880832672119,-0.5833883881568909,-0.2578757703304291,0.0026564598083496094,0.7236167192459106
0,2026,0.40834468603134155,-0.21184152364730835,1.1465578079223633,0.11763063073158264,-0.5829384326934814,-0.26035797595977783,0.002663731575012207,0.7246975898742676
0,2027,0.4085465669631958,-0.21195164322853088,1.1466984748840332,0.1189458817243576,-0.582450270652771,-0.2628367841243744,0.0026688575744628906,0.7241573929786682
0,2028,0.40874770283699036,-0.21206237375736237,1.1468358039855957,0.1202588677406311,-0.581942081451416,-0.26531273126602173,0.0026712417602539062,0.7236167192459106
0,2029,0.4089556038379669,-0.21216918528079987,1.1469721794128418,0.12157377600669861,-0.5814211964607239,-0.2677852511405945,0.0026683807373046875,0.7230756878852844
0,2030,0.40917783975601196,-0.21226753294467926,1.1471083164215088,0.12289579212665558,-0.580888032913208,-0.2702535092830658,0.002656102180480957,0.7219924330711365
0,2031,0.40942180156707764,-0.21235305070877075,1.1472444534301758,0.12423006445169449,-0.5803378224372864,-0.27271658182144165,0.002629995346069336,0.7195490598678589
0,2032,0.40969353914260864,-0.21242216229438782,1.1473805904388428,0.1255800724029541,-0.579766035079956,-0.27517297863960266,0.0025861263275146484,0.714911162853241
0,2033,0.40999558568000793,-0.21247318387031555,1.147516131401062,0.12694793939590454,-0.5791692137718201,-0.2776223421096802,0.0025222301483154297,0.7091400027275085
0,2034,0.4103260934352875,-0.2125072330236435,1.147650957107544,0.12833194434642792,-0.5785479545593262,-0.28006497025489807,0.0024393796920776367,0.7005338668823242
0,2035,0.41067925095558167,-0.21252773702144623,1.1477853059768677,0.12972751259803772,-0.5779068470001221,-0.2825012505054474,0.002341747283935547,0.690405011177063
0,2036,0.4110473394393921,-0.21253931522369385,1.1479191780090332,0.13112930953502655,-0.5772504806518555,-0.2849327027797699,0.0022341012954711914,0.6795496940612793
0,2037,0.41142261028289795,-0.21254673600196838,1.1480528116226196,0.1325320452451706,-0.5765823721885681,-0.2873608469963074,0.0021216869354248047,0.6679324507713318
0,2038,0.4117984473705292,-0.21255412697792053,1.1481863260269165,0.1339317411184311,-0.5759018659591675,-0.28978678584098816,0.0020090341567993164,0.6567057967185974
0,2039,0.41216936707496643,-0.2125653326511383,1.1483204364776611,0.13532504439353943,-0.575204074382782,-0.29221153259277344,0.0019000768661499023,0.6452838182449341
0,2040,0.4125303626060486,-0.212583988904953,1.1484551429748535,0.13670985400676727,-0.5744800567626953,-0.2946363389492035,0.0017982721328735352,0.6330381035804749
0,2041,0.41287723183631897,-0.21261343359947205,1.1485910415649414,0.1380837857723236,-0.5737203359603882,-0.2970620095729828,0.0017067193984985352,0.6208660006523132
0,2042,0.41320720314979553,-0.2126559168100357,1.148728609085083,0.13944527506828308,-0.5729175209999084,-0.29948902130126953,0.0016276836395263672,0.6065179109573364
0,2043,0.4135197699069977,-0.21271169185638428,1.1488676071166992,0.1407943069934845,-0.5720697641372681,-0.3019173741340637,0.001561284065246582,0.5918219685554504
0,2044,0.4138171374797821,-0.21277907490730286,1.1490076780319214,0.14213167130947113,-0.5711818933486938,-0.30434665083885193,0.001505732536315918,0.5760728716850281
0,2045,0.4141033887863159,-0.2128549963235855,1.149148941040039,0.1434587836265564,-0.5702637434005737,-0.3067755699157715,0.0014585256576538086,0.5602302551269531
0,2046,0.41438326239585876,-0.21293587982654572,1.149290919303894,0.14477777481079102,-0.5693260431289673,-0.3092029392719269,0.0014162063598632812,0.543926477432251
0,2047,0.4146612286567688,-0.21301841735839844,1.1494337320327759,0.14609143137931824,-0.568378210067749,-0.3116283416748047,0.001376032829284668,0.5286014080047607
0,2048,0.4149411618709564,-0.21309979259967804,1.1495780944824219,0.14740286767482758,-0.5674262046813965,-0.31405171751976013,0.001336216926574707,0.5135811567306519
0,2049,0.41522666811943054,-0.21317759156227112,1.1497254371643066,0.14871573448181152,-0.566474437713623,-0.31647342443466187,0.0012960433959960938,0.49889320135116577
0,2050,0.41552120447158813,-0.21324965357780457,1.1498775482177734,0.1500345766544342,-0.5655243396759033,-0.31889480352401733,0.0012549161911010742,0.48497146368026733
0,2051,0.4158276617527008,-0.2133142650127411,1.150036096572876,0.1513632833957672,-0.5645772814750671,-0.3213169276714325,0.0012127161026000977,0.47063809633255005
0,2052,0.41614750027656555,-0.2133704423904419,1.1502021551132202,0.15270406007766724,-0.5636336207389832,-0.3237403631210327,0.0011696815490722656,0.4562833309173584
0,2053,0.41648030281066895,-0.21341842412948608,1.150375485420227,0.1540561467409134,-0.5626928806304932,-0.32616478204727173,0.0011258125305175781,0.44190511107444763
0,2054,0.41682377457618713,-0.21345973014831543,1.1505547761917114,0.15541626513004303,-0.561754047870636,-0.32858946919441223,0.0010813474655151367,0.42704302072525024
0,2055,0.41717439889907837,-0.21349641680717468,1.1507378816604614,0.15678031742572784,-0.5608149766921997,-0.33101335167884827,0.0010362863540649414,0.4121197760105133
0,2056,0.4175283908843994,-0.21353068947792053,1.1509231328964233,0.15814395248889923,-0.5598737597465515,-0.3334355354309082,0.0009913444519042969,0.39762091636657715
0,2057,0.4178820848464966,-0.21356457471847534,1.1511093378067017,0.15950383245944977,-0.5589271783828735,-0.3358553349971771,0.0009477138519287109,0.38308408856391907
0,2058,0.4182319641113281,-0.21360015869140625,1.151295781135559,0.16085830330848694,-0.5579715967178345,-0.3382728397846222,0.0009069442749023438,0.3679734468460083
0,2059,0.4185742139816284,-0.21363939344882965,1.1514828205108643,0.1622064858675003,-0.5570022463798523,-0.3406887352466583,0.0008718967437744141,0.35387781262397766
0,2060,0.4189051389694214,-0.21368414163589478,1.1516705751419067,0.16354796290397644,-0.5560134053230286,-0.34310343861579895,0.0008448362350463867,0.33919697999954224
0,2061,0.4192218780517578,-0.21373583376407623,1.1518592834472656,0.1648828238248825,-0.5550013780593872,-0.3455178439617157,0.0008280277252197266,0.3250574469566345
0,2062,0.41952353715896606,-0.21379494667053223,1.1520494222640991,0.1662108153104782,-0.5539648532867432,-0.34793177247047424,0.0008223056793212891,0.31153300404548645
0,2063,0.419811487197876,-0.21386076509952545,1.1522407531738281,0.1675320416688919,-0.5529055595397949,-0.3503452241420746,0.0008265972137451172,0.2980513572692871
0,2064,0.4200889468193054,-0.21393167972564697,1.1524330377578735,0.16884681582450867,-0.5518280863761902,-0.3527575433254242,0.0008387565612792969,0.2866736352443695
0,2065,0.42035990953445435,-0.214005708694458,1.1526256799697876,0.17015531659126282,-0.5507380962371826,-0.3551681339740753,0.0008554458618164062,0.2755363881587982
0,2066,0.42062827944755554,-0.2140810489654541,1.1528185606002808,0.1714579463005066,-0.5496407151222229,-0.3575766682624817,0.0008741617202758789,0.26540815830230713
0,2067,0.42089736461639404,-0.21415644884109497,1.1530115604400635,0.17275521159172058,-0.5485407710075378,-0.35998404026031494,0.0008927583694458008,0.25793036818504333
0,2068,0.42117008566856384,-0.21423110365867615,1.1532049179077148,0.17404866218566895,-0.5474411249160767,-0.3623925745487213,0.0009094476699829102,0.25022920966148376
0,2069,0.42144912481307983,-0.21430444717407227,1.153398871421814,0.17533989250659943,-0.5463442802429199,-0.3648050129413605,0.0009227991104125977,0.24708154797554016
0,2070,0.4217367470264435,-0.2143760323524475,1.15359365940094,0.17663070559501648,-0.5452524423599243,-0.3672243356704712,0.0009317398071289062,0.24389326572418213
0,2071,0.42203426361083984,-0.21444571018218994,1.1537894010543823,0.17792227864265442,-0.5441667437553406,-0.3696526885032654,0.0009354352951049805,0.24228335916996002
0,2072,0.42234161496162415,-0.21451351046562195,1.1539860963821411,0.17921461164951324,-0.5430868864059448,-0.37209001183509827,0.0009340047836303711,0.24066270887851715
0,2073,0.4226572811603546,-0.2145795226097107,1.1541833877563477,0.1805068552494049,-0.542011022567749,-0.374534547328949,0.000928044319152832,0.24066270887851715
0,2074,0.4229789674282074,-0.2146441489458084,1.1543811559677124,0.18179716169834137,-0.5409374833106995,-0.376983106136322,0.0009189844131469727,0.24066270887851715
0,2075,0.42330411076545715,-0.21470779180526733,1.1545791625976562,0.18308372795581818,-0.5398637652397156,-0.37943241000175476,0.0009081363677978516,0.24228335916996002
0,2076,0.42363059520721436,-0.21477048099040985,1.1547770500183105,0.18436579406261444,-0.5387870073318481,-0.381879985332489,0.000896453857421875,0.24147441983222961
0,2077,0.42395666241645813,-0.21483200788497925,1.1549746990203857,0.1856434941291809,-0.537704586982727,-0.3843241333961487,0.0008851289749145508,0.24389326572418213
0,2078,0.4242808222770691,-0.21489204466342926,1.1551718711853027,0.18691766262054443,-0.5366122126579285,-0.38676440715789795,0.0008747577667236328,0.24469420313835144
0,2079,0.42460179328918457,-0.21494993567466736,1.1553683280944824,0.1881897896528244,-0.5355063676834106,-0.38920050859451294,0.000865936279296875,0.24708154797554016
0,2080,0.4249187409877777,-0.21500512957572937,1.1555639505386353,0.18946105241775513,-0.5343837738037109,-0.3916321098804474,0.0008590221405029297,0.2486603558063507
0,2081,0.4252312183380127,-0.21505749225616455,1.1557590961456299,0.19073189795017242,-0.5332434177398682,-0.39405956864356995,0.0008548498153686523,0.25178828835487366
0,2082,0.425539493560791,-0.21510718762874603,1.1559535264968872,0.19200170040130615,-0.5320857763290405,-0.3964826464653015,0.0008527040481567383,0.25487783551216125
0,2083,0.4258444905281067,-0.21515463292598724,1.1561473608016968,0.1932695358991623,-0.5309141278266907,-0.39890164136886597,0.0008524656295776367,0.25793036818504333
0,2084,0.42614731192588806,-0.21520061790943146,1.1563407182693481,0.19453366100788116,-0.5297316312789917,-0.40131694078445435,0.0008531808853149414,0.26466989517211914
0,2085,0.4264490008354187,-0.21524618566036224,1.15653395652771,0.19579225778579712,-0.5285431742668152,-0.4037294089794159,0.0008547306060791016,0.27124202251434326
0,2086,0.42675018310546875,-0.2152925282716751,1.1567270755767822,0.1970442235469818,-0.5273510813713074,-0.40614086389541626,0.0008567571640014648,0.2776586413383484
0,2087,0.4270511865615845,-0.2153412103652954,1.1569205522537231,0.19828912615776062,-0.5261576771736145,-0.40855440497398376,0.0008592605590820312,0.2866736352443695
0,2088,0.4273519217967987,-0.21539416909217834,1.1571145057678223,0.1995263695716858,-0.5249634385108948,-0.4109742343425751,0.0008625984191894531,0.2960752844810486
0,2089,0.4276522099971771,-0.21545341610908508,1.1573095321655273,0.20075581967830658,-0.5237704515457153,-0.4134046733379364,0.0008674860000610352,0.3051874339580536
0,2090,0.427951842546463,-0.2155202329158783,1.1575055122375488,0.20197723805904388,-0.5225787162780762,-0.41584864258766174,0.0008738040924072266,0.31651782989501953
0,2091,0.428250789642334,-0.2155947983264923,1.1577026844024658,0.20319095253944397,-0.5213881731033325,-0.41830697655677795,0.0008817911148071289,0.32745644450187683
0,2092,0.428549200296402,-0.2156762033700943,1.1579008102416992,0.2043970227241516,-0.5201982855796814,-0.42077741026878357,0.0008912086486816406,0.33919697999954224
0,2093,0.4288472831249237,-0.2157624512910843,1.1580995321273804,0.20559579133987427,-0.519008457660675,-0.42325595021247864,0.0009015798568725586,0.3511022627353668
0,2094,0.4291456639766693,-0.21585111320018768,1.1582982540130615,0.20678791403770447,-0.5178172588348389,-0.4257379174232483,0.0009119510650634766,0.3626168966293335
0,2095,0.42944514751434326,-0.21593961119651794,1.1584967374801636,0.20797421038150787,-0.5166234374046326,-0.4282194674015045,0.0009216070175170898,0.37430012226104736
0,2096,0.42974716424942017,-0.21602493524551392,1.1586936712265015,0.20915618538856506,-0.5154249668121338,-0.43069764971733093,0.0009284019470214844,0.38512176275253296
0,2097,0.4300538897514343,-0.21610380709171295,1.158888339996338,0.21033595502376556,-0.5142194628715515,-0.43317046761512756,0.0009303092956542969,0.3951526880264282
0,2098,0.4303678274154663,-0.2161724865436554,1.1590795516967773,0.2115163505077362,-0.5130041241645813,-0.43563711643218994,0.0009247064590454102,0.40348297357559204
0,2099,0.43069136142730713,-0.216227725148201,1.1592658758163452,0.21269947290420532,-0.51177579164505,-0.4380965530872345,0.0009084939956665039,0.4111690819263458
0,2100,0.4310258626937866,-0.21626770496368408,1.1594470739364624,0.21388675272464752,-0.5105340480804443,-0.4405485689640045,0.0008808374404907227,0.41637101769447327
0,2101,0.43137097358703613,-0.2162928432226181,1.1596230268478394,0.2150776982307434,-0.5092787146568298,-0.4429932236671448,0.0008418560028076172,0.4205792546272278
0,2102,0.43172481656074524,-0.21630580723285675,1.1597946882247925,0.21626999974250793,-0.5080112218856812,-0.4454312324523926,0.00079345703125,0.42336151003837585
0,2103,0.43208441138267517,-0.21631057560443878,1.1599634885787964,0.2174605429172516,-0.5067352056503296,-0.4478635787963867,0.0007390975952148438,0.42704302072525024
0,2104,0.4324466288089752,-0.2163114696741104,1.1601307392120361,0.2186465710401535,-0.5054528713226318,-0.45029205083847046,0.0006819963455200195,0.429783433675766
0,2105,0.43280819058418274,-0.21631279587745667,1.1602981090545654,0.2198256552219391,-0.5041666030883789,-0.4527190327644348,0.0006256103515625,0.4334103763103485
0,2106,0.43316569924354553,-0.2163190245628357,1.1604670286178589,0.22099563479423523,-0.5028775930404663,-0.45514824986457825,0.0005736351013183594,0.4379018247127533
0,2107,0.433515340089798,-0.21633489429950714,1.1606391668319702,0.2221546620130539,-0.5015851259231567,-0.4575841724872589,0.0005298852920532227,0.4432314932346344
0,2108,0.4338533878326416,-0.21636506915092468,1.1608160734176636,0.22330163419246674,-0.5002890825271606,-0.46003231406211853,0.0004982948303222656,0.4502395987510681
0,2109,0.4341769814491272,-0.21641306579113007,1.1609991788864136,0.22443531453609467,-0.49898889660835266,-0.46249619126319885,0.0004818439483642578,0.4579954743385315
0,2110,0.43448519706726074,-0.21648009121418,1.1611888408660889,0.22555534541606903,-0.4976847171783447,-0.46497732400894165,0.0004813671112060547,0.4677187502384186
0,2111,0.4347793757915497,-0.2165643572807312,1.1613842248916626,0.22666269540786743,-0.4963763356208801,-0.4674741327762604,0.0004953145980834961,0.4784723222255707
0,2112,0.43506285548210144,-0.2166617214679718,1.1615841388702393,0.2277587205171585,-0.4950639009475708,-0.46998172998428345,0.0005205869674682617,0.4901885688304901
0,2113,0.4353397488594055,-0.21676701307296753,1.1617867946624756,0.2288454920053482,-0.49374842643737793,-0.47249501943588257,0.0005526542663574219,0.5020211338996887
0,2114,0.43561410903930664,-0.2168750762939453,1.1619905233383179,0.2299250215291977,-0.4924292266368866,-0.47500866651535034,0.0005875825881958008,0.5135811567306519
0,2115,0.4358896017074585,-0.21698133647441864,1.1621943712234497,0.23099996149539948,-0.4911058843135834,-0.4775185286998749,0.0006222724914550781,0.5256316661834717
0,2116,0.43616941571235657,-0.21708127856254578,1.1623971462249756,0.23207396268844604,-0.48977601528167725,-0.4800221025943756,0.0006535053253173828,0.5366833806037903
0,2117,0.43645671010017395,-0.21717055141925812,1.1625986099243164,0.233150452375412,-0.48843666911125183,-0.4825161099433899,0.0006792545318603516,0.5467968583106995
0,2118,0.4367542266845703,-0.21724535524845123,1.1627980470657349,0.23423346877098083,-0.48708575963974,-0.48499929904937744,0.000697016716003418,0.5567266345024109
0,2119,0.437063604593277,-0.2173032909631729,1.1629953384399414,0.23532527685165405,-0.4857206642627716,-0.4874701499938965,0.0007059574127197266,0.5647525787353516
0,2120,0.4373847544193268,-0.21734441816806793,1.163190245628357,0.2364257425069809,-0.48434126377105713,-0.4899289906024933,0.0007058382034301758,0.5719823241233826
0,2121,0.43771588802337646,-0.21737125515937805,1.1633832454681396,0.23753203451633453,-0.4829493761062622,-0.49237701296806335,0.000698089599609375,0.5781072974205017
0,2122,0.43805402517318726,-0.21738801896572113,1.1635749340057373,0.23863987624645233,-0.4815481901168823,-0.4948163628578186,0.0006853342056274414,0.584168016910553
0,2123,0.43839582800865173,-0.21739935874938965,1.163765788078308,0.23974484205245972,-0.4801403284072876,-0.49724993109703064,0.0006698369979858398,0.5901665091514587
0,2124,0.43873798847198486,-0.2174099087715149,1.1639565229415894,0.24084272980690002,-0.47872796654701233,-0.49968111515045166,0.0006543397903442383,0.5961046814918518
0,2125,0.4390772879123688,-0.21742422878742218,1.1641477346420288,0.2419300228357315,-0.4773123860359192,-0.5021145343780518,0.0006413459777832031,0.6026340126991272
0,2126,0.43941032886505127,-0.21744699776172638,1.1643403768539429,0.24300327897071838,-0.4758930206298828,-0.5045560002326965,0.0006338357925415039,0.6097355484962463
0,2127,0.4397336542606354,-0.21748296916484833,1.1645351648330688,0.2440595179796219,-0.47446927428245544,-0.5070117115974426,0.0006345510482788086,0.6177063584327698
0,2128,0.44004446268081665,-0.2175360769033432,1.1647330522537231,0.24509629607200623,-0.47304093837738037,-0.5094872713088989,0.0006459951400756836,0.625575602054596
0,2129,0.44034144282341003,-0.21760810911655426,1.1649341583251953,0.2461124211549759,-0.4716072082519531,-0.511985182762146,0.0006690025329589844,0.6355060935020447
0,2130,0.44062548875808716,-0.21769781410694122,1.1651384830474854,0.2471088469028473,-0.47016894817352295,-0.5145038962364197,0.0007032155990600586,0.6452838182449341
0,2131,0.4408993422985077,-0.21780146658420563,1.165345311164856,0.24808815121650696,-0.4687260091304779,-0.5170383453369141,0.0007461309432983398,0.6555128693580627
0,2132,0.4411666989326477,-0.2179138958454132,1.1655535697937012,0.24905388057231903,-0.4672796428203583,-0.5195818543434143,0.000794529914855957,0.6667596101760864
0,2133,0.44143146276474,-0.21802979707717896,1.1657624244689941,0.250009685754776,-0.4658297002315521,-0.5221276879310608,0.0008454322814941406,0.6778197884559631
0,2134,0.4416974186897278,-0.21814414858818054,1.1659709215164185,0.25095975399017334,-0.4643757939338684,-0.5246710181236267,0.000895380973815918,0.688702404499054
0,2135,0.44196823239326477,-0.21825218200683594,1.1661782264709473,0.25190767645835876,-0.46291583776474,-0.5272073149681091,0.0009416341781616211,0.6988558769226074
0,2136,0.44224774837493896,-0.2183491587638855,1.1663836240768433,0.25285810232162476,-0.4614470601081848,-0.5297338962554932,0.0009810924530029297,0.7088640332221985
0,2137,0.4425395727157593,-0.21843060851097107,1.1665862798690796,0.2538148760795593,-0.4599663317203522,-0.5322480797767639,0.0010110139846801758,0.7176429629325867
0,2138,0.44284602999687195,-0.2184935063123703,1.1667859554290771,0.25478073954582214,-0.4584712088108063,-0.5347483158111572,0.0010296106338500977,0.7257768511772156
0,2139,0.44316765666007996,-0.21853724122047424,1.1669822931289673,0.2557561695575714,-0.45696163177490234,-0.5372342467308044,0.0010364055633544922,0.7322188019752502
0,2140,0.4435025751590729,-0.21856403350830078,1.1671758890151978,0.2567387521266937,-0.45543843507766724,-0.5397071838378906,0.0010330677032470703,0.7380746006965637
0,2141,0.44384729862213135,-0.2185782939195633,1.1673672199249268,0.25772419571876526,-0.4539049565792084,-0.5421696901321411,0.0010222196578979492,0.7428314089775085
0,2142,0.4441976547241211,-0.21858520805835724,1.1675572395324707,0.2587074637413025,-0.4523639380931854,-0.5446246862411499,0.001007080078125,0.748342752456665
0,2143,0.4445495903491974,-0.2185898870229721,1.167746901512146,0.2596839964389801,-0.45081827044487,-0.5470763444900513,0.000991225242614746,0.7532944679260254
0,2144,0.44489920139312744,-0.21859735250473022,1.1679370403289795,0.26064953207969666,-0.44926971197128296,-0.5495295524597168,0.0009775161743164062,0.758729875087738
0,2145,0.44524240493774414,-0.2186126410961151,1.1681288480758667,0.26159974932670593,-0.44771742820739746,-0.5519900918006897,0.0009695291519165039,0.7646385431289673
0,2146,0.44557511806488037,-0.21864105761051178,1.1683235168457031,0.26253098249435425,-0.44616103172302246,-0.5544653534889221,0.0009708404541015625,0.7712634205818176
0,2147,0.4458937644958496,-0.2186872363090515,1.1685220003128052,0.2634395658969879,-0.4445992708206177,-0.556961715221405,0.0009844303131103516,0.778586208820343
0,2148,0.44619643688201904,-0.21875359117984772,1.168724775314331,0.2643238604068756,-0.4430316388607025,-0.5594825744628906,0.0010118484497070312,0.7863386273384094
0,2149,0.4464836120605469,-0.21883948147296906,1.1689318418502808,0.2651844322681427,-0.44145843386650085,-0.5620273947715759,0.0010528564453125,0.7950004935264587
0,2150,0.44675812125205994,-0.2189413160085678,1.1691426038742065,0.2660239040851593,-0.43988046050071716,-0.5645909905433655,0.0011049509048461914,0.80405592918396
0,2151,0.4470241963863373,-0.21905364096164703,1.1693555116653442,0.26684677600860596,-0.43829891085624695,-0.5671663880348206,0.0011644363403320312,0.8142129778862
0,2152,0.44728636741638184,-0.2191706746816635,1.169569492340088,0.2676575183868408,-0.4367142915725708,-0.5697458982467651,0.0012273788452148438,0.824482262134552
0,2153,0.44754889607429504,-0.2192872017621994,1.1697832345962524,0.2684604227542877,-0.43512609601020813,-0.572323739528656,0.0012902021408081055,0.8343907594680786
0,2154,0.44781583547592163,-0.21939820051193237,1.1699954271316528,0.2692596912384033,-0.43353205919265747,-0.5748953223228455,0.001349329948425293,0.8444147109985352
0,2155,0.4480912685394287,-0.2194988876581192,1.1702053546905518,0.27005961537361145,-0.4319296181201935,-0.5774571299552917,0.001401662826538086,0.8538628220558167
0,2156,0.4483790993690491,-0.2195846289396286,1.1704117059707642,0.27086418867111206,-0.43031492829322815,-0.5800065398216248,0.001443624496459961,0.8623003363609314
0,2157,0.4486822485923767,-0.219651997089386,1.1706140041351318,0.2716762125492096,-0.4286852478981018,-0.5825415849685669,0.001473069190979004,0.869981586933136
0,2158,0.4490017592906952,-0.219699889421463,1.1708115339279175,0.27249670028686523,-0.4270394444465637,-0.5850616097450256,0.0014889240264892578,0.8771495223045349
0,2159,0.44933611154556274,-0.21973001956939697,1.171005129814148,0.2733236849308014,-0.4253789782524109,-0.5875678658485413,0.0014928579330444336,0.8824873566627502
0,2160,0.44968181848526,-0.21974630653858185,1.171195387840271,0.2741531431674957,-0.42370671033859253,-0.5900624990463257,0.0014873743057250977,0.8875726461410522
0,2161,0.45003461837768555,-0.21975384652614594,1.1713833808898926,0.2749806344509125,-0.42202651500701904,-0.5925490260124207,0.0014761686325073242,0.89240962266922
0,2162,0.4503902792930603,-0.21975764632225037,1.171570062637329,0.2758011519908905,-0.42034149169921875,-0.5950313806533813,0.0014624595642089844,0.8970025181770325
0,2163,0.4507448673248291,-0.2197621613740921,1.1717559099197388,0.27661028504371643,-0.4186538755893707,-0.5975149869918823,0.001448988914489746,0.9022228121757507
0,2164,0.4510948359966278,-0.2197716236114502,1.1719411611557007,0.27740347385406494,-0.4169643819332123,-0.6000058650970459,0.0014379024505615234,0.907413125038147
0,2165,0.45143672823905945,-0.21979020535945892,1.172126054763794,0.27817609906196594,-0.41527360677719116,-0.6025118827819824,0.001431584358215332,0.9125739336013794
0,2166,0.4517673850059509,-0.21982155740261078,1.1723103523254395,0.27892380952835083,-0.4135807156562805,-0.6050401926040649,0.0014312267303466797,0.9187711477279663
0,2167,0.4520849585533142,-0.21986790001392365,1.1724940538406372,0.2796439826488495,-0.4118855595588684,-0.6075953245162964,0.0014380216598510742,0.925138533115387
0,2168,0.4523894786834717,-0.21992909908294678,1.172676920890808,0.2803370952606201,-0.4101882576942444,-0.6101776361465454,0.001451730728149414,0.931882381439209
0,2169,0.4526829719543457,-0.2200029045343399,1.1728594303131104,0.28100571036338806,-0.4084891378879547,-0.6127824187278748,0.001471400260925293,0.9389945864677429
0,2170,0.4529687166213989,-0.22008547186851501,1.1730413436889648,0.2816545367240906,-0.40678852796554565,-0.6154024004936218,0.0014952421188354492,0.9462602138519287
0,2171,0.4532504081726074,-0.2201724499464035,1.1732228994369507,0.2822885811328888,-0.40508636832237244,-0.6180291175842285,0.0015212297439575195,0.9538809061050415
0,2172,0.45353150367736816,-0.22025984525680542,1.173404335975647,0.2829127013683319,-0.40338143706321716,-0.6206558346748352,0.0015478134155273438,0.9612375497817993
0,2173,0.45381519198417664,-0.22034409642219543,1.1735855340957642,0.28353142738342285,-0.40167146921157837,-0.6232770681381226,0.0015730857849121094,0.9683363437652588
0,2174,0.45410463213920593,-0.22042177617549896,1.173766851425171,0.2841488718986511,-0.39995235204696655,-0.6258888244628906,0.001595616340637207,0.9755840301513672
0,2175,0.454402893781662,-0.22048954665660858,1.1739482879638672,0.28476908802986145,-0.39822039008140564,-0.6284874081611633,0.0016137361526489258,0.9823799729347229
0,2176,0.4547123610973358,-0.2205447554588318,1.1741300821304321,0.2853947579860687,-0.396470308303833,-0.6310703754425049,0.0016264915466308594,0.98893141746521
0,2177,0.45503419637680054,-0.22058619558811188,1.1743121147155762,0.2860274910926819,-0.39470070600509644,-0.6336365342140198,0.0016331672668457031,0.9952431321144104
0,2178,0.4553675949573517,-0.22061465680599213,1.1744945049285889,0.2866658866405487,-0.3929126560688019,-0.6361867189407349,0.0016342401504516602,1.0009287595748901
0,2179,0.45571011304855347,-0.22063274681568146,1.1746770143508911,0.28730663657188416,-0.3911096453666687,-0.6387233734130859,0.001631021499633789,1.0067766904830933
0,2180,0.45605844259262085,-0.22064407169818878,1.174859642982483,0.28794506192207336,-0.38929641246795654,-0.641250729560852,0.0016251802444458008,1.012590765953064
0,2181,0.4564090073108673,-0.22065255045890808,1.1750425100326538,0.28857651352882385,-0.38747742772102356,-0.6437727212905884,0.0016188621520996094,1.0183717012405396
0,2182,0.4567582607269287,-0.2206621915102005,1.1752263307571411,0.28919684886932373,-0.38565611839294434,-0.6462947726249695,0.001614689826965332,1.0241199731826782
0,2183,0.45710253715515137,-0.22067728638648987,1.1754118204116821,0.28980132937431335,-0.3838331401348114,-0.6488226056098938,0.0016154050827026367,1.0302162170410156
0,2184,0.4574378728866577,-0.22070255875587463,1.1756007671356201,0.29038578271865845,-0.3820090591907501,-0.6513636708259583,0.0016249418258666992,1.036653995513916
0,2185,0.45776060223579407,-0.22074255347251892,1.1757944822311401,0.29094550013542175,-0.3801831603050232,-0.6539249420166016,0.0016463994979858398,1.0432398319244385
0,2186,0.45806798338890076,-0.22080034017562866,1.1759941577911377,0.29147785902023315,-0.3783545196056366,-0.656511127948761,0.0016825199127197266,1.0507159233093262
0,2187,0.45835959911346436,-0.2208765745162964,1.176200032234192,0.2919822633266449,-0.37652352452278137,-0.6591238379478455,0.0017336606979370117,1.058693766593933
0,2188,0.4586372971534729,-0.22096902132034302,1.1764113903045654,0.29246094822883606,-0.3746910095214844,-0.6617592573165894,0.0017980337142944336,1.0671621561050415
0,2189,0.4589046835899353,-0.22107315063476562,1.1766266822814941,0.29291832447052,-0.37285667657852173,-0.6644105911254883,0.0018723011016845703,1.0762914419174194
0,2190,0.4591662287712097,-0.2211838662624359,1.1768441200256348,0.2933591902256012,-0.3710211515426636,-0.6670705080032349,0.001952052116394043,1.0858848094940186
0,2191,0.4594261646270752,-0.22129623591899872,1.177061915397644,0.29378828406333923,-0.3691847324371338,-0.6697319746017456,0.0020334720611572266,1.0953940153121948
0,2192,0.4596884250640869,-0.22140567004680634,1.1772781610488892,0.29420942068099976,-0.36734485626220703,-0.6723899841308594,0.002112269401550293,1.1049984693527222
0,2193,0.4599570631980896,-0.2215077131986618,1.1774910688400269,0.2946262061595917,-0.3654991090297699,-0.6750404834747314,0.0021848678588867188,1.1145201921463013
0,2194,0.46023622155189514,-0.22159799933433533,1.1776986122131348,0.29504188895225525,-0.36364275217056274,-0.6776801347732544,0.0022467374801635742,1.1234389543533325
0,2195,0.4605294466018677,-0.22167274355888367,1.1778992414474487,0.29545921087265015,-0.3617721498012543,-0.6803067922592163,0.002294778823852539,1.1315958499908447
0,2196,0.4608386158943176,-0.22172991931438446,1.1780917644500732,0.29587921500205994,-0.3598850965499878,-0.682918906211853,0.0023266077041625977,1.1384919881820679
0,2197,0.4611632525920868,-0.22177013754844666,1.178276538848877,0.2963012754917145,-0.3579818606376648,-0.6855173110961914,0.0023430585861206055,1.1450047492980957
0,2198,0.46150052547454834,-0.22179631888866425,1.1784549951553345,0.2967229187488556,-0.3560657501220703,-0.6881038546562195,0.002347111701965332,1.150290608406067
0,2199,0.46184635162353516,-0.2218128889799118,1.1786290407180786,0.29714077711105347,-0.3541409373283386,-0.6906813383102417,0.002342700958251953,1.1550439596176147
0,2200,0.4621961712837219,-0.22182466089725494,1.1788007020950317,0.29755085706710815,-0.352211594581604,-0.6932541728019714,0.0023344755172729492,1.1596091985702515
0,2201,0.46254590153694153,-0.221836119890213,1.1789723634719849,0.29794934391975403,-0.3502808213233948,-0.6958264708518982,0.0023267269134521484,1.1639883518218994
0,2202,0.46289169788360596,-0.2218516618013382,1.1791458129882812,0.2983327805995941,-0.3483504354953766,-0.6984038949012756,0.0023233890533447266,1.1685187816619873
0,2203,0.4632296562194824,-0.22187569737434387,1.1793229579925537,0.29869651794433594,-0.3464202582836151,-0.7009934782981873,0.0023283958435058594,1.1736985445022583
0,2204,0.46355608105659485,-0.22191248834133148,1.1795060634613037,0.29903632402420044,-0.34449031949043274,-0.7036017775535583,0.0023458003997802734,1.1791876554489136
0,2205,0.4638681411743164,-0.22196520864963531,1.1796962022781372,0.29934948682785034,-0.342560350894928,-0.7062346935272217,0.002378106117248535,1.1856420040130615
0,2206,0.46416494250297546,-0.2220349907875061,1.1798940896987915,0.29963454604148865,-0.34063002467155457,-0.7088941335678101,0.0024263858795166016,1.1928819417953491
0,2207,0.464447945356369,-0.2221202254295349,1.1800990104675293,0.29989320039749146,-0.3386997878551483,-0.7115773558616638,0.0024892091751098633,1.2013819217681885
0,2208,0.46472030878067017,-0.2222171574831009,1.1803091764450073,0.30012956261634827,-0.33676984906196594,-0.7142787575721741,0.002562999725341797,1.2103073596954346
0,2209,0.46498608589172363,-0.22232109308242798,1.1805224418640137,0.30034807324409485,-0.3348403573036194,-0.7169902920722961,0.0026437044143676758,1.2196487188339233
0,2210,0.4652493894100189,-0.2224273532629013,1.1807366609573364,0.30055323243141174,-0.33291172981262207,-0.71970534324646,0.002727031707763672,1.2298743724822998
0,2211,0.4655141532421112,-0.22253182530403137,1.1809492111206055,0.3007485866546631,-0.3309817910194397,-0.7224183082580566,0.002808213233947754,1.2395421266555786
0,2212,0.46578413248062134,-0.22263047099113464,1.1811580657958984,0.3009372353553772,-0.3290482759475708,-0.7251248359680176,0.0028835535049438477,1.2489783763885498
0,2213,0.46606314182281494,-0.2227194607257843,1.1813603639602661,0.3011217713356018,-0.32710742950439453,-0.7278223633766174,0.0029480457305908203,1.2580326795578003
0,2214,0.46635472774505615,-0.22279544174671173,1.1815540790557861,0.3013041317462921,-0.3251555860042572,-0.730508029460907,0.0029979944229125977,1.266095519065857
0,2215,0.46666091680526733,-0.22285622358322144,1.1817373037338257,0.3014853298664093,-0.3231906294822693,-0.7331801652908325,0.003030538558959961,1.2724167108535767
0,2216,0.4669817090034485,-0.2229018360376358,1.1819102764129639,0.30166491866111755,-0.3212117552757263,-0.7358390092849731,0.0030460357666015625,1.2777880430221558
0,2217,0.4673148989677429,-0.2229345142841339,1.1820744276046753,0.3018414080142975,-0.31922227144241333,-0.7384863495826721,0.0030469894409179688,1.2817635536193848
0,2218,0.46765682101249695,-0.22295790910720825,1.18223237991333,0.3020123243331909,-0.3172256648540497,-0.7411250472068787,0.0030379295349121094,1.284661054611206
0,2219,0.46800342202186584,-0.22297610342502594,1.1823869943618774,0.30217495560646057,-0.3152259290218353,-0.7437586188316345,0.003023862838745117,1.2874000072479248
0,2220,0.4683508276939392,-0.22299303114414215,1.182540774345398,0.3023264706134796,-0.31322595477104187,-0.7463914155960083,0.0030089616775512695,1.289526343345642
0,2221,0.46869543194770813,-0.22301244735717773,1.1826963424682617,0.30246374011039734,-0.31122708320617676,-0.7490283846855164,0.0029979944229125977,1.2916489839553833
0,2222,0.46903371810913086,-0.22303812205791473,1.1828560829162598,0.30258309841156006,-0.30922970175743103,-0.7516758441925049,0.0029947757720947266,1.2946754693984985
0,2223,0.4693622589111328,-0.2230737954378128,1.1830227375030518,0.302681028842926,-0.3072337210178375,-0.7543405890464783,0.003003835678100586,1.2981473207473755
0,2224,0.46967822313308716,-0.2231225073337555,1.1831984519958496,0.3027542531490326,-0.3052387237548828,-0.7570282816886902,0.0030286312103271484,1.3029621839523315
0,2225,0.4699804186820984,-0.2231856733560562,1.183383822441101,0.3028014004230499,-0.3032445013523102,-0.7597420811653137,0.003070354461669922,1.309254765510559
0,2226,0.47026965022087097,-0.22326231002807617,1.183578610420227,0.30282357335090637,-0.3012511730194092,-0.7624799013137817,0.0031281709671020508,1.3167067766189575
0,2227,0.47054848074913025,-0.22334949672222137,1.1837804317474365,0.3028238117694855,-0.29925933480262756,-0.7652368545532227,0.0031986236572265625,1.3252986669540405
0,2228,0.4708206057548523,-0.22344335913658142,1.1839869022369385,0.3028058111667633,-0.29726913571357727,-0.7680057287216187,0.003277301788330078,1.3350083827972412
0,2229,0.47108981013298035,-0.22353988885879517,1.1841949224472046,0.3027736246585846,-0.2952812612056732,-0.7707794904708862,0.0033593177795410156,1.344648003578186
0,2230,0.47135958075523376,-0.22363559901714325,1.184401512145996,0.3027302920818329,-0.2932944595813751,-0.773552656173706,0.0034400224685668945,1.3547968864440918
0,2231,0.47163310647010803,-0.22372731566429138,1.1846038103103638,0.30267781019210815,-0.2913075089454651,-0.7763211131095886,0.0035151243209838867,1.3640098571777344
0,2232,0.47191375494003296,-0.22381210327148438,1.1847984790802002,0.30261778831481934,-0.2893180847167969,-0.7790821194648743,0.0035794973373413086,1.3728759288787842
0,2233,0.4722045660018921,-0.2238873541355133,1.1849820613861084,0.3025513291358948,-0.2873229384422302,-0.7818329930305481,0.003628373146057129,1.3801263570785522
0,2234,0.4725075662136078,-0.22395123541355133,1.185152530670166,0.30247870087623596,-0.285319983959198,-0.7845723032951355,0.003658771514892578,1.385927438735962
0,2235,0.4728231728076935,-0.22400355339050293,1.185309648513794,0.30239999294281006,-0.28330937027931213,-0.7872999310493469,0.003670334815979004,1.3898754119873047
0,2236,0.4731499254703522,-0.2240455448627472,1.1854547262191772,0.30231428146362305,-0.2812920808792114,-0.7900170683860779,0.0036650896072387695,1.3924075365066528
0,2237,0.47348490357398987,-0.22407980263233185,1.1855911016464233,0.30222055315971375,-0.27927151322364807,-0.7927262187004089,0.003647923469543457,1.3932504653930664
0,2238,0.473824679851532,-0.2241092473268509,1.1857222318649292,0.30211758613586426,-0.27725034952163696,-0.7954307794570923,0.0036237239837646484,1.393531322479248
0,2239,0.4741659462451935,-0.2241368144750595,1.1858516931533813,0.30200350284576416,-0.2752300202846527,-0.7981339693069458,0.003597736358642578,1.3933910131454468
0,2240,0.47450578212738037,-0.2241651862859726,1.1859827041625977,0.3018766939640045,-0.2732122242450714,-0.8008401393890381,0.0035746097564697266,1.3928290605545044
0,2241,0.47484123706817627,-0.22419707477092743,1.186118721961975,0.30173468589782715,-0.2711962163448334,-0.8035549521446228,0.0035592317581176758,1.3932504653930664
0,2242,0.47516950964927673,-0.22423520684242249,1.1862629652023315,0.3015751540660858,-0.26918166875839233,-0.8062843680381775,0.003555893898010254,1.3942333459854126
0,2243,0.47548815608024597,-0.22428195178508759,1.1864184141159058,0.3013952374458313,-0.26716700196266174,-0.809033989906311,0.0035687685012817383,1.396897554397583
0,2244,0.47579583525657654,-0.22433850169181824,1.1865864992141724,0.3011937439441681,-0.26515161991119385,-0.8118069171905518,0.003599882125854492,1.4012336730957031
0,2245,0.4760928153991699,-0.22440451383590698,1.1867669820785522,0.30097097158432007,-0.26313573122024536,-0.8146026730537415,0.0036487579345703125,1.4072259664535522
0,2246,0.4763810634613037,-0.22447824478149414,1.1869577169418335,0.30072861909866333,-0.2611207067966461,-0.8174169659614563,0.0037124156951904297,1.41471529006958
0,2247,0.4766633212566376,-0.22455695271492004,1.18715500831604,0.3004698157310486,-0.2591078579425812,-0.8202434182167053,0.00378572940826416,1.4234031438827515
0,2248,0.4769425690174103,-0.22463788092136383,1.1873550415039062,0.30019688606262207,-0.2570979595184326,-0.8230758905410767,0.0038635730743408203,1.4325847625732422
0,2249,0.4772215783596039,-0.22471876442432404,1.187554121017456,0.29991182684898376,-0.25509169697761536,-0.8259093165397644,0.003941178321838379,1.4415720701217651
0,2250,0.4775027632713318,-0.22479775547981262,1.1877483129501343,0.2996155917644501,-0.25308871269226074,-0.8287400603294373,0.004013180732727051,1.450234055519104
0,2251,0.4777883291244507,-0.2248734086751938,1.1879335641860962,0.2993081510066986,-0.2510882019996643,-0.8315653800964355,0.004074811935424805,1.4581736326217651
0,2252,0.47808051109313965,-0.2249443680047989,1.1881059408187866,0.2989891469478607,-0.24908854067325592,-0.8343836665153503,0.004121065139770508,1.4648683071136475
0,2253,0.4783809185028076,-0.22500978410243988,1.1882621049880981,0.2986583411693573,-0.24708904325962067,-0.8371934294700623,0.004147887229919434,1.4696696996688843
0,2254,0.47869008779525757,-0.22506938874721527,1.1884011030197144,0.2983154058456421,-0.24508951604366302,-0.8399945497512817,0.004154205322265625,1.4729949235916138
0,2255,0.4790072441101074,-0.22512362897396088,1.188524603843689,0.29796016216278076,-0.24309006333351135,-0.842787504196167,0.004142045974731445,1.4745882749557495
0,2256,0.4793305993080139,-0.22517360746860504,1.1886358261108398,0.29759320616722107,-0.24109184741973877,-0.8455744981765747,0.004115462303161621,1.4747209548950195
0,2257,0.4796578288078308,-0.2252207100391388,1.1887396574020386,0.29721498489379883,-0.23909741640090942,-0.8483576774597168,0.004080295562744141,1.4739245176315308
0,2258,0.47998669743537903,-0.22526618838310242,1.188840627670288,0.2968255281448364,-0.23710636794567108,-0.8511399626731873,0.004042267799377441,1.472729206085205
0,2259,0.48031526803970337,-0.22531118988990784,1.188942790031433,0.2964245080947876,-0.23511835932731628,-0.8539242744445801,0.004006028175354004,1.4711337089538574
0,2260,0.4806419014930725,-0.22535668313503265,1.189050316810608,0.29601144790649414,-0.23313233256340027,-0.8567147850990295,0.003976702690124512,1.4699360132217407
0,2261,0.4809650480747223,-0.2254035621881485,1.1891674995422363,0.2955857217311859,-0.2311464548110962,-0.8595162034034729,0.003958940505981445,1.4692703485488892
0,2262,0.4812834560871124,-0.22545261681079865,1.189298152923584,0.2951461374759674,-0.22915834188461304,-0.862332820892334,0.003957390785217285,1.470069169998169
0,2263,0.4815962314605713,-0.2255042940378189,1.1894444227218628,0.2946920394897461,-0.22716659307479858,-0.865167498588562,0.003974437713623047,1.4720646142959595
0,2264,0.4819033741950989,-0.22555862367153168,1.1896063089370728,0.2942231595516205,-0.22517098486423492,-0.8680202960968018,0.00400996208190918,1.4752516746520996
0,2265,0.4822056293487549,-0.22561505436897278,1.1897814273834229,0.2937401831150055,-0.22317345440387726,-0.8708885312080383,0.004061222076416016,1.4798871278762817
0,2266,0.48250436782836914,-0.22567282617092133,1.1899657249450684,0.29324376583099365,-0.22117628157138824,-0.8737678527832031,0.004123806953430176,1.4854304790496826
0,2267,0.48280099034309387,-0.22573122382164001,1.1901545524597168,0.29273489117622375,-0.21918192505836487,-0.8766531944274902,0.004192233085632324,1.4914783239364624
0,2268,0.4830968379974365,-0.22578978538513184,1.1903433799743652,0.29221388697624207,-0.2171931117773056,-0.8795408010482788,0.004261493682861328,1.4973710775375366
0,2269,0.48339277505874634,-0.2258485108613968,1.1905275583267212,0.29167965054512024,-0.2152104526758194,-0.882427990436554,0.0043267011642456055,1.503240704536438
0,2270,0.483689546585083,-0.22590787708759308,1.190702199935913,0.291130930185318,-0.21323496103286743,-0.8853127956390381,0.00438237190246582,1.5084388256072998
0,2271,0.48398783802986145,-0.22596853971481323,1.1908621788024902,0.2905658483505249,-0.2112671285867691,-0.8881942629814148,0.004423379898071289,1.5134899616241455
0,2272,0.4842880368232727,-0.22603119909763336,1.191003441810608,0.289982408285141,-0.20930686593055725,-0.8910717964172363,0.004445433616638184,1.5176219940185547
0,2273,0.4845902919769287,-0.22609612345695496,1.1911242008209229,0.28937995433807373,-0.2073543816804886,-0.8939451575279236,0.004446864128112793,1.5213568210601807
0,2274,0.48489463329315186,-0.22616326808929443,1.1912256479263306,0.2887592017650604,-0.2054101675748825,-0.8968150019645691,0.0044286251068115234,1.5240557193756104
0,2275,0.4852006435394287,-0.22623199224472046,1.1913118362426758,0.28812170028686523,-0.20347365736961365,-0.8996816277503967,0.004395008087158203,1.5266215801239014
0,2276,0.48550790548324585,-0.22630155086517334,1.1913880109786987,0.2874695956707001,-0.2015444040298462,-0.9025461077690125,0.004351615905761719,1.5282870531082153
0,2277,0.4858161509037018,-0.226371169090271,1.191460132598877,0.28680548071861267,-0.19962216913700104,-0.9054092168807983,0.004304170608520508,1.529567003250122
0,2278,0.48612552881240845,-0.22644010186195374,1.1915339231491089,0.28613153100013733,-0.1977061629295349,-0.9082710146903992,0.004258632659912109,1.5308458805084229
0,2279,0.4864366054534912,-0.22650772333145142,1.1916154623031616,0.28544965386390686,-0.19579526782035828,-0.9111312627792358,0.00422060489654541,1.5311015844345093
0,2280,0.48675045371055603,-0.22657348215579987,1.1917105913162231,0.2847612798213959,-0.193886861205101,-0.9139887690544128,0.004195809364318848,1.530590295791626
0,2281,0.48706814646720886,-0.2266368269920349,1.1918253898620605,0.2840680480003357,-0.19197961688041687,-0.9168425798416138,0.004189610481262207,1.5287991762161255
0,2282,0.48739054799079895,-0.22669737040996552,1.19196355342865,0.28337088227272034,-0.19007207453250885,-0.9196915626525879,0.004205584526062012,1.5255956649780273
0,2283,0.48771774768829346,-0.22675496339797974,1.1921262741088867,0.28266987204551697,-0.1881641000509262,-0.92253577709198,0.004244804382324219,1.5209708213806152
0,2284,0.488049179315567,-0.2268097847700119,1.1923102140426636,0.2819643020629883,-0.18625600636005402,-0.9253755807876587,0.004304289817810059,1.514782428741455
0,2285,0.4883836805820465,-0.22686243057250977,1.1925097703933716,0.28125256299972534,-0.18434996902942657,-0.9282124638557434,0.004378795623779297,1.5077900886535645
0,2286,0.48871976137161255,-0.22691358625888824,1.192718505859375,0.2805328369140625,-0.18244849145412445,-0.9310479164123535,0.004462480545043945,1.4999825954437256
0,2287,0.48905596137046814,-0.2269640862941742,1.1929296255111694,0.2798028290271759,-0.1805528700351715,-0.9338840842247009,0.004549264907836914,1.491871953010559
0,2288,0.4893907606601715,-0.22701503336429596,1.1931370496749878,0.27906012535095215,-0.17866437137126923,-0.9367231130599976,0.004633545875549316,1.4838488101959229
0,2289,0.48972243070602417,-0.22706805169582367,1.1933344602584839,0.27830129861831665,-0.17678332328796387,-0.939568281173706,0.004709601402282715,1.476444959640503
0,2290,0.49004891514778137,-0.2271251529455185,1.1935150623321533,0.2775219976902008,-0.17490966618061066,-0.9424236416816711,0.004771590232849121,1.4707345962524414
0,2291,0.4903682470321655,-0.22718828916549683,1.1936724185943604,0.27671822905540466,-0.17304351925849915,-0.9452931880950928,0.004813671112060547,1.4671376943588257
0,2292,0.4906791150569916,-0.2272588461637497,1.1938023567199707,0.27588731050491333,-0.17118525505065918,-0.9481795430183411,0.004832267761230469,1.4662036895751953
0,2293,0.49098142981529236,-0.2273370623588562,1.1939043998718262,0.2750288248062134,-0.16933412849903107,-0.9510834813117981,0.004826784133911133,1.468204379081726
0,2294,0.4912763237953186,-0.2274218201637268,1.1939821243286133,0.2741452157497406,-0.16749119758605957,-0.9540022611618042,0.004800319671630859,1.472729206085205
0,2295,0.4915658235549927,-0.2275112420320511,1.1940420866012573,0.27324071526527405,-0.16565647721290588,-0.9569323658943176,0.0047588348388671875,1.4790935516357422
0,2296,0.4918523132801056,-0.22760288417339325,1.1940919160842896,0.2723202705383301,-0.1638304442167282,-0.9598686695098877,0.004708766937255859,1.4863524436950684
0,2297,0.4921380281448364,-0.22769415378570557,1.1941382884979248,0.2713891267776489,-0.1620124876499176,-0.9628066420555115,0.004655957221984863,1.4941002130508423
0,2298,0.49242496490478516,-0.22778235375881195,1.1941869258880615,0.27045154571533203,-0.1602022647857666,-0.9657411575317383,0.004605531692504883,1.5016776323318481
0,2299,0.49271509051322937,-0.2278645783662796,1.19424307346344,0.2695125639438629,-0.15839883685112,-0.9686673879623413,0.004561901092529297,1.5076602697372437
0,2300,0.49301040172576904,-0.2279377281665802,1.194311499595642,0.26857662200927734,-0.15660056471824646,-0.9715797305107117,0.004528999328613281,1.511808156967163
0,2301,0.4933125376701355,-0.22799895703792572,1.194395899772644,0.2676473557949066,-0.1548060029745102,-0.974473774433136,0.004509925842285156,1.5132312774658203
0,2302,0.49362221360206604,-0.22804675996303558,1.1944984197616577,0.266727089881897,-0.15301448106765747,-0.977346658706665,0.004506707191467285,1.511808156967163
0,2303,0.4939391314983368,-0.22808167338371277,1.1946181058883667,0.26581501960754395,-0.15122631192207336,-0.9801996946334839,0.004518270492553711,1.5071409940719604
0,2304,0.49426186084747314,-0.22810596227645874,1.1947518587112427,0.2649078965187073,-0.14944207668304443,-0.9830368757247925,0.004542350769042969,1.4999825954437256
0,2305,0.4945884943008423,-0.22812287509441376,1.1948949098587036,0.2640008330345154,-0.14766333997249603,-0.985863447189331,0.004574894905090332,1.4909534454345703
0,2306,0.4949168860912323,-0.22813580930233002,1.195042371749878,0.26308903098106384,-0.1458914428949356,-0.9886852502822876,0.004611849784851074,1.4809446334838867
0,2307,0.4952450692653656,-0.22814802825450897,1.1951899528503418,0.262167751789093,-0.14412721991539001,-0.9915080070495605,0.004649519920349121,1.4707345962524414
0,2308,0.4955710172653198,-0.22816284000873566,1.1953333616256714,0.2612316906452179,-0.14237014949321747,-0.9943373799324036,0.004684567451477051,1.461256980895996
0,2309,0.4958924949169159,-0.2281840443611145,1.1954680681228638,0.26027530431747437,-0.14061997830867767,-0.9971796870231628,0.004713296890258789,1.4533343315124512
0,2310,0.4962068498134613,-0.22821587324142456,1.1955894231796265,0.25929179787635803,-0.13887561857700348,-1.000042200088501,0.00473177433013916,1.448073387145996
0,2311,0.4965117275714874,-0.22826217114925385,1.1956926584243774,0.25827518105506897,-0.13713638484477997,-1.0029315948486328,0.00473630428314209,1.4468566179275513
0,2312,0.4968058466911316,-0.22832533717155457,1.1957753896713257,0.25722208619117737,-0.1354014128446579,-1.0058515071868896,0.004724860191345215,1.450098991394043
0,2313,0.4970894455909729,-0.2284049540758133,1.1958379745483398,0.2561330795288086,-0.13367165625095367,-1.0088016986846924,0.004697680473327637,1.4579051733016968
0,2314,0.4973643720149994,-0.22849798202514648,1.1958842277526855,0.25501301884651184,-0.13194796442985535,-1.0117768049240112,0.004657864570617676,1.469536542892456
0,2315,0.4976334869861603,-0.2285999208688736,1.1959192752838135,0.253868967294693,-0.1302316039800644,-1.0147689580917358,0.004609465599060059,1.4838488101959229
0,2316,0.4978998899459839,-0.22870588302612305,1.1959484815597534,0.2527087330818176,-0.12852343916893005,-1.0177701711654663,0.004556536674499512,1.4995911121368408
0,2317,0.4981665313243866,-0.22881130874156952,1.1959770917892456,0.2515392601490021,-0.12682391703128815,-1.0207717418670654,0.004503607749938965,1.5154281854629517
0,2318,0.4984363615512848,-0.22891190648078918,1.1960093975067139,0.25036704540252686,-0.12513205409049988,-1.0237668752670288,0.004453539848327637,1.530206561088562
0,2319,0.4987124800682068,-0.22900348901748657,1.1960495710372925,0.24919870495796204,-0.12344614416360855,-1.026747226715088,0.004409670829772949,1.542181134223938
0,2320,0.4989979863166809,-0.2290818989276886,1.1961015462875366,0.24804040789604187,-0.12176407128572464,-1.02970552444458,0.004374861717224121,1.5502811670303345
0,2321,0.49929532408714294,-0.22914382815361023,1.1961681842803955,0.2468971461057663,-0.12008359283208847,-1.0326359272003174,0.004351019859313965,1.5529297590255737
0,2322,0.4996053874492645,-0.22918805480003357,1.1962506771087646,0.24577055871486664,-0.11840388923883438,-1.035535454750061,0.0043392181396484375,1.550028681755066
0,2323,0.4999271631240845,-0.22921590507030487,1.196347713470459,0.24465830624103546,-0.116724893450737,-1.0384074449539185,0.004338622093200684,1.5416735410690308
0,2324,0.5002580285072327,-0.22923071682453156,1.1964560747146606,0.24355573952198029,-0.11504926532506943,-1.0412575006484985,0.004346728324890137,1.528927206993103
0,2325,0.5005945563316345,-0.2292368859052658,1.1965714693069458,0.24245592951774597,-0.11337839066982269,-1.044094443321228,0.004360675811767578,1.513360619544983
0,2326,0.5009335875511169,-0.22923892736434937,1.1966897249221802,0.24135220050811768,-0.11171462386846542,-1.0469259023666382,0.0043773651123046875,1.496325135231018
0,2327,0.5012720823287964,-0.22924093902111053,1.1968073844909668,0.24023839831352234,-0.11005939543247223,-1.0497599840164185,0.0043942928314208984,1.4793580770492554
0,2328,0.5016070008277893,-0.22924692928791046,1.1969208717346191,0.23910841345787048,-0.10841280221939087,-1.0526039600372314,0.004409074783325195,1.4637993574142456
0,2329,0.5019351840019226,-0.22926141321659088,1.197026252746582,0.237955242395401,-0.10677387565374374,-1.055465817451477,0.004418611526489258,1.4510433673858643
0,2330,0.5022532343864441,-0.22928935289382935,1.1971197128295898,0.2367713898420334,-0.10514185577630997,-1.0583550930023193,0.004420280456542969,1.4427932500839233
0,2331,0.5025581121444702,-0.2293350249528885,1.1971977949142456,0.23555035889148712,-0.10351602733135223,-1.061279296875,0.004411458969116211,1.4406216144561768
0,2332,0.5028486251831055,-0.22940053045749664,1.1972590684890747,0.23428906500339508,-0.10189660638570786,-1.0642421245574951,0.004391312599182129,1.4453680515289307
0,2333,0.5031254291534424,-0.22948476672172546,1.1973042488098145,0.23298940062522888,-0.10028402507305145,-1.0672414302825928,0.0043599605560302734,1.4565622806549072
0,2334,0.5033912062644958,-0.22958393394947052,1.1973366737365723,0.23165684938430786,-0.09867867827415466,-1.0702708959579468,0.004319906234741211,1.473393440246582
0,2335,0.5036498308181763,-0.22969266772270203,1.1973605155944824,0.23030032217502594,-0.09708281606435776,-1.073319673538208,0.004274249076843262,1.4937071800231934
0,2336,0.5039053559303284,-0.22980532050132751,1.1973801851272583,0.2289280742406845,-0.09549580514431,-1.0763779878616333,0.004225730895996094,1.5156863927841187
0,2337,0.5041616559028625,-0.2299167811870575,1.1973997354507446,0.22754855453968048,-0.09391824156045914,-1.0794363021850586,0.0041773319244384766,1.5374789237976074
0,2338,0.5044224262237549,-0.2300221174955368,1.1974225044250488,0.22616910934448242,-0.09234780073165894,-1.0824854373931885,0.004131197929382324,1.5572082996368408
0,2339,0.5046917796134949,-0.23011653125286102,1.1974513530731201,0.224796861410141,-0.09078162908554077,-1.0855158567428589,0.004088997840881348,1.5729631185531616
0,2340,0.5049733519554138,-0.23019547760486603,1.1974892616271973,0.2234388291835785,-0.0892164558172226,-1.0885192155838013,0.004052400588989258,1.5828847885131836
0,2341,0.5052698850631714,-0.2302556186914444,1.1975382566452026,0.2220999002456665,-0.08764950931072235,-1.0914894342422485,0.004022836685180664,1.5858491659164429
0,2342,0.5055821537971497,-0.23029613494873047,1.1975985765457153,0.22078126668930054,-0.08607996255159378,-1.0944246053695679,0.004000306129455566,1.5806578397750854
0,2343,0.5059084296226501,-0.23031900823116302,1.1976689100265503,0.2194797247648239,-0.08450865745544434,-1.097328782081604,0.003984212875366211,1.568852186203003
0,2344,0.5062451958656311,-0.23032830655574799,1.197746753692627,0.21818892657756805,-0.08293850719928741,-1.1002097129821777,0.0039730072021484375,1.5516690015792847
0,2345,0.506588339805603,-0.23032905161380768,1.1978291273117065,0.21690131723880768,-0.08137308806180954,-1.1030774116516113,0.003965139389038086,1.5309736728668213
0,2346,0.5069338083267212,-0.2303261160850525,1.1979130506515503,0.215609610080719,-0.07981504499912262,-1.1059410572052002,0.0039588212966918945,1.5090874433517456
0,2347,0.5072780251502991,-0.23032395541667938,1.1979960203170776,0.21430693566799164,-0.07826591283082962,-1.1088088750839233,0.0039528608322143555,1.4874054193496704
0,2348,0.5076174736022949,-0.2303270399570465,1.1980754137039185,0.21298670768737793,-0.07672641426324844,-1.111689567565918,0.003945350646972656,1.4678044319152832
0,2349,0.5079485177993774,-0.23034045100212097,1.1981490850448608,0.21164172887802124,-0.0751960277557373,-1.1145925521850586,0.003935337066650391,1.4522565603256226
0,2350,0.5082672834396362,-0.23036935925483704,1.1982144117355347,0.21026423573493958,-0.07367464900016785,-1.1175273656845093,0.003921389579772949,1.4427932500839233
0,2351,0.5085709095001221,-0.23041774332523346,1.198269248008728,0.20884820818901062,-0.07216091454029083,-1.1205021142959595,0.003901958465576172,1.440757393836975
0,2352,0.5088582038879395,-0.2304871678352356,1.1983132362365723,0.20739194750785828,-0.07065538316965103,-1.1235191822052002,0.0038771629333496094,1.447127103805542
0,2353,0.509130597114563,-0.230575829744339,1.1983469724655151,0.2058975249528885,-0.06915821135044098,-1.1265748739242554,0.003846883773803711,1.4609891176223755
0,2354,0.5093914270401001,-0.23067925870418549,1.1983729600906372,0.20437222719192505,-0.06767086684703827,-1.1296613216400146,0.0038126707077026367,1.4809446334838867
0,2355,0.5096450448036194,-0.23079168796539307,1.198393702507019,0.20282436907291412,-0.06619378179311752,-1.1327672004699707,0.0037757158279418945,1.5048019886016846
0,2356,0.509895920753479,-0.2309071570634842,1.1984121799468994,0.20126281678676605,-0.06472670286893845,-1.1358814239501953,0.003737807273864746,1.529950737953186
0,2357,0.5101483464241028,-0.23102028667926788,1.1984305381774902,0.1996958702802658,-0.06326930224895477,-1.138993740081787,0.003699779510498047,1.5544410943984985
0,2358,0.5104066133499146,-0.23112596571445465,1.1984504461288452,0.1981310248374939,-0.06181824579834938,-1.1420941352844238,0.003662109375,1.5759462118148804
0,2359,0.510675311088562,-0.23121896386146545,1.1984734535217285,0.19657593965530396,-0.06036965548992157,-1.1451725959777832,0.003625154495239258,1.5923759937286377
0,2360,0.5109584331512451,-0.23129461705684662,1.198500633239746,0.19503770768642426,-0.058919671922922134,-1.148220419883728,0.0035889148712158203,1.6014444828033447
0,2361,0.5112584829330444,-0.23135001957416534,1.1985329389572144,0.19352011382579803,-0.05746506154537201,-1.1512317657470703,0.003553628921508789,1.6016888618469238
0,2362,0.5115756988525391,-0.2313849925994873,1.1985701322555542,0.1920233517885208,-0.05600561201572418,-1.154206395149231,0.003519296646118164,1.5932360887527466
0,2363,0.5119074583053589,-0.23140232264995575,1.1986114978790283,0.19054314494132996,-0.05454341694712639,-1.1571497917175293,0.0034857988357543945,1.5770633220672607
0,2364,0.5122496485710144,-0.23140670359134674,1.1986558437347412,0.18907253444194794,-0.05308225378394127,-1.1600712537765503,0.0034532546997070312,1.5553221702575684
0,2365,0.5125977993011475,-0.23140361905097961,1.1987018585205078,0.18760351836681366,-0.051625993102788925,-1.1629812717437744,0.0034216642379760742,1.530462384223938
0,2366,0.5129478573799133,-0.23139820992946625,1.1987484693527222,0.18612881004810333,-0.05017852783203125,-1.1658885478973389,0.0033909082412719727,1.5044118165969849
0,2367,0.5132966041564941,-0.23139545321464539,1.1987956762313843,0.18464192748069763,-0.048740848898887634,-1.1688026189804077,0.003361940383911133,1.4790935516357422
0,2368,0.5136410593986511,-0.23140062391757965,1.1988437175750732,0.18313609063625336,-0.04731341451406479,-1.1717321872711182,0.0033358335494995117,1.4560247659683228
0,2369,0.5139784812927246,-0.23141971230506897,1.198893427848816,0.1816040575504303,-0.04589592292904854,-1.1746858358383179,0.0033142566680908203,1.437085509300232
0,2370,0.5143063068389893,-0.23145842552185059,1.1989456415176392,0.1800384223461151,-0.04448683187365532,-1.1776734590530396,0.003298640251159668,1.4238154888153076
0,2371,0.5146227478981018,-0.2315206229686737,1.1990009546279907,0.17843498289585114,-0.04308641701936722,-1.1807000637054443,0.0032901763916015625,1.417479157447815
0,2372,0.5149276852607727,-0.2316068410873413,1.1990596055984497,0.17679327726364136,-0.04169471189379692,-1.183767318725586,0.003288865089416504,1.4185831546783447
0,2373,0.5152226686477661,-0.23171372711658478,1.1991208791732788,0.17511692643165588,-0.04031217470765114,-1.1868690252304077,0.003293752670288086,1.4257384538650513
0,2374,0.5155102610588074,-0.23183538019657135,1.1991840600967407,0.17341358959674835,-0.03894020617008209,-1.1899967193603516,0.0033031702041625977,1.4372215270996094
0,2375,0.5157937407493591,-0.23196497559547424,1.19924795627594,0.17169180512428284,-0.03757915645837784,-1.1931394338607788,0.003314971923828125,1.4517176151275635
0,2376,0.5160761475563049,-0.23209603130817413,1.1993111371994019,0.16995938122272491,-0.03622916713356972,-1.196286916732788,0.003327012062072754,1.4667375087738037
0,2377,0.5163604617118835,-0.2322225570678711,1.1993721723556519,0.16822390258312225,-0.034888334572315216,-1.1994298696517944,0.0033370256423950195,1.4806803464889526
0,2378,0.5166500210762024,-0.23233884572982788,1.1994290351867676,0.16649243235588074,-0.033553265035152435,-1.202559471130371,0.0033419132232666016,1.4912159442901611
0,2379,0.5169480443000793,-0.23243917524814606,1.1994798183441162,0.1647721529006958,-0.032220251858234406,-1.2056666612625122,0.0033391714096069336,1.4968481063842773
0,2380,0.5172572135925293,-0.23251880705356598,1.1995224952697754,0.16306860744953156,-0.03088490664958954,-1.2087440490722656,0.003325939178466797,1.4955402612686157
0,2381,0.5175789594650269,-0.23257534205913544,1.1995559930801392,0.16138432919979095,-0.029544634744524956,-1.211788535118103,0.0033010244369506836,1.4864840507507324
0,2382,0.5179128646850586,-0.23260974884033203,1.1995809078216553,0.15971878170967102,-0.028200125321745872,-1.2148008346557617,0.0032651424407958984,1.470069169998169
0,2383,0.5182564854621887,-0.2326260507106781,1.1995985507965088,0.15806598961353302,-0.026854218915104866,-1.2177882194519043,0.003220200538635254,1.4472624063491821
0,2384,0.5186063647270203,-0.23263001441955566,1.1996111869812012,0.15641920268535614,-0.02551155909895897,-1.2207586765289307,0.003169417381286621,1.420650839805603
0,2385,0.518959105014801,-0.2326275259256363,1.1996212005615234,0.1547718197107315,-0.0241764634847641,-1.2237221002578735,0.003116130828857422,1.3917046785354614
0,2386,0.5193111896514893,-0.23262394964694977,1.1996302604675293,0.1531170904636383,-0.022851496934890747,-1.226686716079712,0.003062725067138672,1.3630051612854004
0,2387,0.5196593999862671,-0.2326241135597229,1.1996400356292725,0.15144982933998108,-0.021538805216550827,-1.2296605110168457,0.0030118227005004883,1.3355945348739624
0,2388,0.5199999809265137,-0.23263312876224518,1.199652075767517,0.14976482093334198,-0.020239103585481644,-1.2326511144638062,0.002965688705444336,1.3125388622283936
0,2389,0.520328938961029,-0.23265615105628967,1.1996675729751587,0.14805619418621063,-0.01895196922123432,-1.2356669902801514,0.002926349639892578,1.2952799797058105
0,2390,0.5206429958343506,-0.23269754648208618,1.1996878385543823,0.14631997048854828,-0.017677713185548782,-1.238715410232544,0.0028957128524780273,1.285422444343567
0,2391,0.5209405422210693,-0.23275946080684662,1.1997135877609253,0.1445537954568863,-0.01641630381345749,-1.2417994737625122,0.00287473201751709,1.284051537513733
0,2392,0.5212222337722778,-0.23284073173999786,1.1997443437576294,0.1427592635154724,-0.0151681462302804,-1.244917392730713,0.0028628110885620117,1.2911944389343262
0,2393,0.5214911103248596,-0.23293742537498474,1.1997790336608887,0.1409398913383484,-0.013932883739471436,-1.248063325881958,0.0028581619262695312,1.3049131631851196
0,2394,0.5217516422271729,-0.23304402828216553,1.1998159885406494,0.13910211622714996,-0.012710525654256344,-1.2512269020080566,0.0028579235076904297,1.3226381540298462
0,2395,0.5220082402229309,-0.23315471410751343,1.199853539466858,0.1372520625591278,-0.011500872671604156,-1.2543998956680298,0.0028595924377441406,1.34275484085083
0,2396,0.5222651958465576,-0.23326437175273895,1.1998896598815918,0.1353948563337326,-0.010301440954208374,-1.2575738430023193,0.0028603076934814453,1.362287163734436
0,2397,0.522526741027832,-0.2333684116601944,1.1999222040176392,0.13353541493415833,-0.009110081009566784,-1.2607412338256836,0.0028569698333740234,1.3795589208602905
0,2398,0.5227969288825989,-0.23346224427223206,1.1999485492706299,0.13167791068553925,-0.007921204902231693,-1.2638955116271973,0.002846240997314453,1.3922669887542725
0,2399,0.5230796933174133,-0.23354172706604004,1.1999660730361938,0.12982603907585144,-0.006730465684086084,-1.2670297622680664,0.0028246641159057617,1.3985776901245117
0,2400,0.5233777761459351,-0.2336040735244751,1.1999729871749878,0.12798252701759338,-0.00553421163931489,-1.270140290260315,0.002790093421936035,1.3967574834823608
0,2401,0.5236918330192566,-0.23364859819412231,1.1999688148498535,0.12614741921424866,-0.004331024829298258,-1.2732259035110474,0.0027419328689575195,1.3870567083358765
0,2402,0.5240200161933899,-0.23367717862129211,1.199954628944397,0.12431912124156952,-0.0031235567294061184,-1.2762892246246338,0.0026818513870239258,1.3700220584869385
0,2403,0.5243587493896484,-0.23369364440441132,1.1999326944351196,0.12249366194009781,-0.0019154187757521868,-1.2793371677398682,0.0026127099990844727,1.3475555181503296
0,2404,0.5247037410736084,-0.23370252549648285,1.199906349182129,0.12066753953695297,-0.0007129908190108836,-1.2823755741119385,0.0025386810302734375,1.3216021060943604
0,2405,0.5250508189201355,-0.23370830714702606,1.1998783349990845,0.11883634328842163,0.00048021230031736195,-1.2854119539260864,0.0024635791778564453,1.2946754693984985
0,2406,0.525396466255188,-0.23371513187885284,1.1998519897460938,0.11699708551168442,0.0016609587473794818,-1.2884527444839478,0.0023910999298095703,1.26825749874115
0,2407,0.5257373452186584,-0.2337271273136139,1.199830174446106,0.11514625698328018,0.0028283633291721344,-1.291503667831421,0.0023249387741088867,1.2437971830368042
0,2408,0.526070237159729,-0.23374861478805542,1.1998168230056763,0.11328114569187164,0.0039816307835280895,-1.294571876525879,0.0022693872451782227,1.2234934568405151
0,2409,0.5263922810554504,-0.2337833195924759,1.199815273284912,0.1113998293876648,0.005120124667882919,-1.2976627349853516,0.0022284984588623047,1.208203673362732
0,2410,0.5267017483711243,-0.23383364081382751,1.1998275518417358,0.10950025171041489,0.006244711112231016,-1.3007800579071045,0.002204298973083496,1.1995887756347656
0,2411,0.5269985198974609,-0.23389968276023865,1.199853539466858,0.10758279263973236,0.007354888133704662,-1.3039237260818481,0.002196788787841797,1.1973028182983398
0,2412,0.527284562587738,-0.23397894203662872,1.199891209602356,0.10564902424812317,0.008451130241155624,-1.307089924812317,0.0022034645080566406,1.200078010559082
0,2413,0.5275627374649048,-0.23406735062599182,1.199937105178833,0.10370196402072906,0.009533139877021313,-1.310272216796875,0.0022202730178833008,1.2069071531295776
0,2414,0.5278365015983582,-0.23416049778461456,1.1999868154525757,0.101744644343853,0.010601160116493702,-1.313463807106018,0.0022422075271606445,1.21595299243927
0,2415,0.5281087756156921,-0.2342544049024582,1.2000362873077393,0.09977947920560837,0.01165685337036848,-1.3166584968566895,0.002264738082885742,1.2254111766815186
0,2416,0.5283824801445007,-0.23434582352638245,1.2000812292099,0.09780867397785187,0.01270198728889227,-1.319850206375122,0.0022829771041870117,1.2343213558197021
0,2417,0.5286600589752197,-0.23443184792995453,1.2001172304153442,0.09583432227373123,0.013739105314016342,-1.3230334520339966,0.002292156219482422,1.2408044338226318
0,2418,0.5289440155029297,-0.2345098853111267,1.2001395225524902,0.09385732561349869,0.014772986061871052,-1.3262038230895996,0.0022870302200317383,1.2442691326141357
0,2419,0.5292364358901978,-0.2345779836177826,1.2001442909240723,0.09187908470630646,0.015806442126631737,-1.329357385635376,0.002263784408569336,1.243167757987976
0,2420,0.5295381546020508,-0.23463527858257294,1.2001298666000366,0.08990003913640976,0.016840780153870583,-1.3324923515319824,0.0022203922271728516,1.237646222114563
0,2421,0.529848575592041,-0.2346823364496231,1.2000973224639893,0.08791972696781158,0.017875490710139275,-1.3356094360351562,0.0021581649780273438,1.227804183959961
0,2422,0.53016597032547,-0.23472121357917786,1.2000503540039062,0.08593669533729553,0.018907368183135986,-1.3387129306793213,0.00208127498626709,1.2143425941467285
0,2423,0.5304880142211914,-0.23475444316864014,1.1999939680099487,0.08394986391067505,0.019933098927140236,-1.3418081998825073,0.0019948482513427734,1.1984463930130005
0,2424,0.5308126211166382,-0.23478470742702484,1.1999340057373047,0.08195820450782776,0.020948495715856552,-1.3449002504348755,0.001905202865600586,1.18101167678833
0,2425,0.5311384201049805,-0.23481455445289612,1.1998765468597412,0.07996007055044174,0.021952424198389053,-1.3479942083358765,0.0018187761306762695,1.163315773010254
0,2426,0.5314651727676392,-0.23484636843204498,1.1998274326324463,0.07795543223619461,0.02294311486184597,-1.3510948419570923,0.0017414093017578125,1.1453464031219482
0,2427,0.5317931175231934,-0.2348824441432953,1.199794054031372,0.07594402879476547,0.023921500891447067,-1.3542068004608154,0.001680612564086914,1.127264380455017
0,2428,0.5321230888366699,-0.23492488265037537,1.1997828483581543,0.0739254578948021,0.024888457730412483,-1.3573347330093384,0.0016429424285888672,1.108534574508667
0,2429,0.5324555039405823,-0.23497512936592102,1.1997987031936646,0.07189948111772537,0.02584480121731758,-1.3604816198349,0.0016331672668457031,1.0896625518798828
0,2430,0.53279048204422,-0.23503342270851135,1.1998423337936401,0.06986619532108307,0.026790395379066467,-1.3636479377746582,0.0016522407531738281,1.0702749490737915
0,2431,0.5331276059150696,-0.23509864509105682,1.1999105215072632,0.06782563030719757,0.02772502973675728,-1.366831660270691,0.0016968250274658203,1.0507159233093262
0,2432,0.533466100692749,-0.23516874015331268,1.1999965906143188,0.06577838957309723,0.028647731989622116,-1.3700282573699951,0.001760244369506836,1.0305960178375244
0,2433,0.5338048934936523,-0.23524150252342224,1.2000925540924072,0.0637245625257492,0.02955716848373413,-1.373232364654541,0.0018345117568969727,1.010656476020813
0,2434,0.5341427326202393,-0.23531517386436462,1.2001906633377075,0.06166447699069977,0.030452677980065346,-1.376439094543457,0.0019118785858154297,0.9911056160926819
0,2435,0.5344781875610352,-0.23538869619369507,1.2002836465835571,0.059598688036203384,0.03133364021778107,-1.379643440246582,0.00198519229888916,0.9725707769393921
0,2436,0.5348093509674072,-0.2354617416858673,1.2003637552261353,0.05752737075090408,0.032200612127780914,-1.382839322090149,0.0020465850830078125,0.9553157687187195
0,2437,0.5351340174674988,-0.23553454875946045,1.2004233598709106,0.05545082688331604,0.03305396810173988,-1.3860218524932861,0.0020886659622192383,0.940660297870636
0,2438,0.5354503989219666,-0.23560748994350433,1.2004554271697998,0.053369078785181046,0.03389463201165199,-1.389186143875122,0.002104640007019043,0.9287273287773132
0,2439,0.5357573628425598,-0.23568080365657806,1.2004563808441162,0.051283009350299835,0.03472298011183739,-1.3923287391662598,0.0020906925201416016,0.9208985567092896
0,2440,0.5360550284385681,-0.23575459420681,1.2004270553588867,0.049192458391189575,0.03553890064358711,-1.3954505920410156,0.0020477771759033203,0.9164254069328308
0,2441,0.5363451242446899,-0.2358286827802658,1.2003728151321411,0.047096963971853256,0.03634271025657654,-1.3985553979873657,0.001980900764465332,0.9142876863479614
0,2442,0.5366300940513611,-0.23590268194675446,1.2003014087677002,0.044996824115514755,0.037133876234292984,-1.401648998260498,0.0018979310989379883,0.9145017862319946
0,2443,0.5369125008583069,-0.23597586154937744,1.2002216577529907,0.042892616242170334,0.03791195526719093,-1.4047367572784424,0.0018072128295898438,0.915357232093811
0,2444,0.5371950268745422,-0.23604707419872284,1.2001415491104126,0.04078597575426102,0.03867626562714577,-1.407823085784912,0.00171661376953125,0.9159983396530151
0,2445,0.5374804139137268,-0.23611482977867126,1.2000678777694702,0.038678113371133804,0.03942842781543732,-1.410913348197937,0.0016326904296875,0.915357232093811
0,2446,0.5377715229988098,-0.23617702722549438,1.2000081539154053,0.036572203040122986,0.040169209241867065,-1.4140100479125977,0.0015628337860107422,0.9115011692047119
0,2447,0.5380711555480957,-0.23623132705688477,1.1999690532684326,0.034471310675144196,0.040900226682424545,-1.4171168804168701,0.0015134811401367188,0.9033065438270569
0,2448,0.5383816361427307,-0.23627591133117676,1.1999555826187134,0.03237782046198845,0.04162304475903511,-1.4202362298965454,0.001489400863647461,0.8897745013237
0,2449,0.5387037396430969,-0.23631002008914948,1.1999694108963013,0.030293401330709457,0.04233753681182861,-1.423368215560913,0.0014923810958862305,0.869981586933136
0,2450,0.5390362739562988,-0.23633436858654022,1.2000082731246948,0.028216207399964333,0.04304322972893715,-1.426512598991394,0.0015202760696411133,0.8451095819473267
0,2451,0.5393767356872559,-0.23635095357894897,1.200066328048706,0.026143571361899376,0.04373926669359207,-1.42966628074646,0.0015674829483032227,0.8158935308456421
0,2452,0.539721667766571,-0.236362487077713,1.2001358270645142,0.024072473868727684,0.04442264512181282,-1.4328255653381348,0.0016264915466308594,0.7845947742462158
0,2453,0.5400674939155579,-0.23637208342552185,1.200209379196167,0.021998457610607147,0.04509282857179642,-1.4359872341156006,0.0016903877258300781,0.7527747750282288
0,2454,0.5404106378555298,-0.2363831251859665,1.2002800703048706,0.01991911046206951,0.0457472987473011,-1.4391475915908813,0.0017523765563964844,0.7219924330711365
0,2455,0.5407472252845764,-0.23639968037605286,1.2003411054611206,0.017831088975071907,0.04638490453362465,-1.4423041343688965,0.001806020736694336,0.6946433186531067
0,2456,0.54107266664505,-0.23642654716968536,1.2003854513168335,0.01573130115866661,0.047003939747810364,-1.4454526901245117,0.0018445253372192383,0.6726034283638
0,2457,0.5413826704025269,-0.23646870255470276,1.2004064321517944,0.013617118820548058,0.04760304465889931,-1.4485902786254883,0.001861572265625,0.6581939458847046
0,2458,0.5416741967201233,-0.2365296185016632,1.200399398803711,0.01148718036711216,0.04818127304315567,-1.451714277267456,0.0018525123596191406,0.6534199118614197
0,2459,0.5419465899467468,-0.23661020398139954,1.200363278388977,0.00934047345072031,0.04873907193541527,-1.4548243284225464,0.001816391944885254,0.6573014259338379
0,2460,0.5422019958496094,-0.23670831322669983,1.2003014087677002,0.007179278414696455,0.04927695170044899,-1.4579215049743652,0.0017561912536621094,0.6696879267692566
0,2461,0.5424445867538452,-0.23681935667991638,1.2002203464508057,0.005006266292184591,0.049796365201473236,-1.46100914478302,0.0016781091690063477,0.688702404499054
0,2462,0.5426797866821289,-0.23693756759166718,1.2001277208328247,0.0028249849565327168,0.05029961094260216,-1.464091181755066,0.0015894174575805664,0.7110689282417297
0,2463,0.542913019657135,-0.2370571792125702,1.2000311613082886,0.0006406111642718315,0.05078813433647156,-1.4671696424484253,0.0014972686767578125,0.7343536019325256
0,2464,0.5431497097015381,-0.23717254400253296,1.1999379396438599,-0.0015426750760525465,0.05126429721713066,-1.4702481031417847,0.001408696174621582,0.7558876276016235
0,2465,0.54339599609375,-0.23727764189243317,1.1998549699783325,-0.0037197137717157602,0.05173097178339958,-1.4733290672302246,0.0013301372528076172,0.7722775936126709
0,2466,0.543658435344696,-0.23736612498760223,1.19978928565979,-0.005883729550987482,0.052190836519002914,-1.476414442062378,0.0012685060501098633,0.7808448672294617
0,2467,0.5439426898956299,-0.2374323457479477,1.19974684715271,-0.008028694428503513,0.05264658480882645,-1.4795050621032715,0.0012292861938476562,0.7783348560333252
0,2468,0.5442520976066589,-0.23747308552265167,1.1997312307357788,-0.01015219185501337,0.053099412471055984,-1.482602834701538,0.0012161731719970703,0.7628450393676758
0,2469,0.5445859432220459,-0.2374887615442276,1.1997414827346802,-0.012254312634468079,0.05354941263794899,-1.48570716381073,0.00122833251953125,0.7354186773300171
0,2470,0.5449399352073669,-0.2374834567308426,1.1997731924057007,-0.01433960348367691,0.05399433523416519,-1.4888170957565308,0.0012617111206054688,0.697735071182251
0,2471,0.545307457447052,-0.23746350407600403,1.1998189687728882,-0.016414424404501915,0.05443102866411209,-1.491930603981018,0.0013093948364257812,0.6537193655967712
0,2472,0.5456817746162415,-0.23743560910224915,1.1998714208602905,-0.01848554238677025,0.0548563078045845,-1.49504554271698,0.0013643503189086914,0.6068403720855713
0,2473,0.5460571050643921,-0.23740600049495697,1.1999237537384033,-0.020559152588248253,0.055267542600631714,-1.4981606006622314,0.001420140266418457,0.5598808526992798
0,2474,0.5464286804199219,-0.23738078773021698,1.1999691724777222,-0.022640476003289223,0.05566234514117241,-1.50127375125885,0.0014702081680297852,0.5151028633117676
0,2475,0.5467920899391174,-0.2373666763305664,1.200000286102295,-0.024734405800700188,0.056038420647382736,-1.5043830871582031,0.001507401466369629,0.4743652045726776
0,2476,0.5471428036689758,-0.2373710721731186,1.2000092267990112,-0.026847051456570625,0.05639307200908661,-1.5074872970581055,0.0015240907669067383,0.44190511107444763
0,2477,0.5474768280982971,-0.23740078508853912,1.199988603591919,-0.02898341789841652,0.05672449246048927,-1.5105839967727661,0.0015130043029785156,0.41730982065200806
0,2478,0.5477919578552246,-0.23745979368686676,1.1999342441558838,-0.031146423891186714,0.05703187733888626,-1.5136725902557373,0.0014702081680297852,0.40251192450523376
0,2479,0.548088788986206,-0.2375475913286209,1.199846625328064,-0.033335037529468536,0.05731528252363205,-1.5167529582977295,0.0013959407806396484,0.39712849259376526
0,2480,0.5483703017234802,-0.23765923082828522,1.199731469154358,-0.035545267164707184,0.05757614225149155,-1.519826054573059,0.0012955665588378906,0.39909449219703674
0,2481,0.5486412048339844,-0.23778706789016724,1.199596881866455,-0.03777091205120087,0.05781770497560501,-1.522894263267517,0.0011769533157348633,0.4059005379676819
0,2482,0.5489065051078796,-0.23792313039302826,1.1994513273239136,-0.040005553513765335,0.05804268643260002,-1.525959849357605,0.0010482072830200195,0.41637101769447327
0,2483,0.5491705536842346,-0.2380606085062027,1.19930100440979,-0.04224373772740364,0.05825455114245415,-1.5290263891220093,0.0009154081344604492,0.42704302072525024
0,2484,0.5494371056556702,-0.2381940335035324,1.1991498470306396,-0.04448097571730614,0.05845726281404495,-1.532098412513733,0.000782012939453125,0.4379018247127533
0,2485,0.5497095584869385,-0.23831887543201447,1.1989997625350952,-0.046714141964912415,0.0586552768945694,-1.5351811647415161,0.0006501674652099609,0.4454333484172821
0,2486,0.5499911904335022,-0.23843124508857727,1.1988515853881836,-0.04894059896469116,0.05885307490825653,-1.538280963897705,0.0005203485488891602,0.4476243853569031
0,2487,0.5502843260765076,-0.23852819204330444,1.198705792427063,-0.05115765705704689,0.05905444547533989,-1.5414026975631714,0.00039327144622802734,0.44499385356903076
0,2488,0.5505897402763367,-0.23860876262187958,1.1985623836517334,-0.05336511880159378,0.05926060304045677,-1.5445477962493896,0.00026869773864746094,0.4356618821620941
0,2489,0.550906240940094,-0.23867417871952057,1.1984210014343262,-0.05556267127394676,0.05946970358490944,-1.5477153062820435,0.00014662742614746094,0.4210442304611206
0,2490,0.5512304902076721,-0.23872748017311096,1.1982814073562622,-0.057748615741729736,0.05967826023697853,-1.550899863243103,2.6702880859375e-05,0.4020254611968994
0,2491,0.5515570044517517,-0.23877257108688354,1.1981438398361206,-0.0599115714430809,0.05988159403204918,-1.554095983505249,9.083747863769531e-05,0.3810354769229889
0,2492,0.5518772006034851,-0.2388129085302353,1.1980104446411133,-0.06201919540762901,0.060076430439949036,-1.5572998523712158,0.0002040863037109375,0.35936465859413147
0,2493,0.5521773099899292,-0.23885083198547363,1.1978864669799805,-0.06400203704833984,0.060263536870479584,-1.5605114698410034,0.0003083944320678711,0.338619589805603
0,2494,0.5524371862411499,-0.2388876974582672,1.197780966758728,-0.06574362516403198,0.06044779345393181,-1.5637346506118774,0.0003961324691772461,0.3220335841178894
0,2495,0.5526430010795593,-0.23893198370933533,1.1976732015609741,-0.06713391840457916,0.060668859630823135,-1.566980004310608,0.0004886388778686523,0.3077413737773895
0,2496,0.5527852177619934,-0.2389950454235077,1.197525143623352,-0.06808877736330032,0.06098770722746849,-1.5702612400054932,0.0006240606307983398,0.29541367292404175
0,2497,0.552858293056488,-0.23908467590808868,1.197311282157898,-0.06855081766843796,0.061446357518434525,-1.5735867023468018,0.000827789306640625,0.28599026799201965
0,2498,0.5528618097305298,-0.23920167982578278,1.1970291137695312,-0.06851527094841003,0.062053244560956955,-1.5769579410552979,0.0011026859283447266,0.2797648012638092
0,2499,0.552800714969635,-0.23933929204940796,1.196701169013977,-0.0680316835641861,0.06277965754270554,-1.5803675651550293,0.001426100730895996,0.2776586413383484
0,2500,0.5526838302612305,-0.2394859492778778,1.1963659524917603,-0.06718659400939941,0.06357134878635406,-1.5838011503219604,0.001759648323059082,0.28254860639572144
0,2501,0.5525209307670593,-0.23962965607643127,1.1960642337799072,-0.06607042998075485,0.06436817348003387,-1.5872442722320557,0.002062559127807617,0.29341983795166016
0,2502,0.5523207783699036,-0.2397615760564804,1.195827841758728,-0.06475399434566498,0.06511883437633514,-1.5906842947006226,0.002302885055541992,0.31027427315711975
0,2503,0.5520898699760437,-0.23987765610218048,1.1956745386123657,-0.06327768415212631,0.06578714400529861,-1.5941122770309448,0.0024625062942504883,0.32805344462394714
0,2504,0.5518333315849304,-0.23997816443443298,1.19560968875885,-0.06165602430701256,0.06635008752346039,-1.5975204706192017,0.002535700798034668,0.34661510586738586
0,2505,0.5515552759170532,-0.24006614089012146,1.1956313848495483,-0.0598866268992424,0.06679191440343857,-1.6009043455123901,0.0025238990783691406,0.36045196652412415
0,2506,0.5512585043907166,-0.24014493823051453,1.1957348585128784,-0.05796177685260773,0.0671025812625885,-1.6042600870132446,0.0024312734603881836,0.36690837144851685
0,2507,0.5509442687034607,-0.24021635949611664,1.195916771888733,-0.055874548852443695,0.06727945804595947,-1.6075859069824219,0.0022608041763305664,0.3685047924518585
0,2508,0.5506114959716797,-0.24027982354164124,1.196177363395691,-0.0536230206489563,0.06732752174139023,-1.6108829975128174,0.0020123720169067383,0.36207687854766846
0,2509,0.5502572655677795,-0.24033218622207642,1.1965198516845703,-0.05121058225631714,0.06725723296403885,-1.6141546964645386,0.0016829967498779297,0.3511022627353668
0,2510,0.5498770475387573,-0.24036873877048492,1.1969490051269531,-0.04864406958222389,0.06708402931690216,-1.6174060106277466,0.001268148422241211,0.3368815779685974
0,2511,0.549466073513031,-0.24038420617580414,1.1974694728851318,-0.04593057185411453,0.06682250648736954,-1.6206424236297607,0.0007634162902832031,0.32264062762260437
0,2512,0.5490576028823853,-0.2404000610113144,1.1979671716690063,-0.043247248977422714,0.06659030169248581,-1.623881459236145,0.0002802610397338867,0.31027427315711975
0,2513,0.5486922860145569,-0.24044270813465118,1.1983060836791992,-0.040799420326948166,0.06651921570301056,-1.627142071723938,4.863739013671875e-05,0.30066588521003723
0,2514,0.5483421683311462,-0.24049142003059387,1.1985443830490112,-0.03851260244846344,0.06656531989574432,-1.6304272413253784,0.0002785921096801758,0.29408594965934753
0,2515,0.5479897856712341,-0.2405322641134262,1.198712706565857,-0.03634808957576752,0.06670726090669632,-1.6337403059005737,0.00043904781341552734,0.29870712757110596
0,2516,0.5476223230361938,-0.24055510759353638,1.1988328695297241,-0.03427813574671745,0.0669289380311966,-1.6370850801467896,0.0005506277084350586,0.31651782989501953
0,2517,0.5472332835197449,-0.24055510759353638,1.1989197731018066,-0.03228187933564186,0.06721751391887665,-1.6404610872268677,0.0006278753280639648,0.34774231910705566
0,2518,0.5468228459358215,-0.2405329793691635,1.198983073234558,-0.03034183941781521,0.06756088137626648,-1.6438640356063843,0.0006806850433349609,0.39316701889038086
0,2519,0.5463958978652954,-0.24049371480941772,1.199029803276062,-0.028443219140172005,0.06794638186693192,-1.647286057472229,0.0007168054580688477,0.44936954975128174
0,2520,0.5459599494934082,-0.24044455587863922,1.199063777923584,-0.02657245844602585,0.06836220622062683,-1.650719165802002,0.0007407665252685547,0.5109071731567383
0,2521,0.5455230474472046,-0.24039319157600403,1.199087381362915,-0.024718906730413437,0.0687972903251648,-1.6541547775268555,0.0007555484771728516,0.5743720531463623
0,2522,0.5450934171676636,-0.2403477132320404,1.1991010904312134,-0.02287350408732891,0.0692412406206131,-1.6575857400894165,0.0007622241973876953,0.6355060935020447
0,2523,0.5446799397468567,-0.24031677842140198,1.1991037130355835,-0.021027829498052597,0.0696839839220047,-1.661005973815918,0.000760197639465332,0.6892703771591187
0,2524,0.5442920327186584,-0.24030980467796326,1.1990927457809448,-0.0191742442548275,0.07011397182941437,-1.6644090414047241,0.0007474422454833984,0.730613648891449
0,2525,0.543938159942627,-0.2403354048728943,1.199065923690796,-0.017305685207247734,0.07052165269851685,-1.6677902936935425,0.0007219314575195312,0.7556287050247192
0,2526,0.543623149394989,-0.24039842188358307,1.1990219354629517,-0.015418188646435738,0.07090152055025101,-1.6711465120315552,0.0006824731826782227,0.7615614533424377
0,2527,0.5433459877967834,-0.2404981404542923,1.1989617347717285,-0.013511248864233494,0.07125388085842133,-1.6744786500930786,0.0006297826766967773,0.74886554479599
0,2528,0.5430999398231506,-0.24062815308570862,1.1988883018493652,-0.011588073335587978,0.0715850293636322,-1.6777899265289307,0.0005661249160766602,0.7206360101699829
0,2529,0.5428749918937683,-0.24077869951725006,1.1988059282302856,-0.009654581546783447,0.07190483808517456,-1.681086540222168,0.0004951953887939453,0.6821362972259521
0,2530,0.5426604151725769,-0.2409391850233078,1.1987191438674927,-0.007716830354183912,0.07222398370504379,-1.6843749284744263,0.0004209280014038086,0.6379646062850952
0,2531,0.5424466133117676,-0.2411000281572342,1.1986322402954102,-0.005780633073300123,0.0725524052977562,-1.687661051750183,0.00034689903259277344,0.5938024520874023
0,2532,0.5422251224517822,-0.24125254154205322,1.1985485553741455,-0.003852726425975561,0.07289935648441315,-1.6909512281417847,0.0002760887145996094,0.5532006621360779
0,2533,0.541987955570221,-0.24138833582401276,1.198472023010254,-0.0019384644692763686,0.07327371090650558,-1.6942522525787354,0.00021195411682128906,0.5207697749137878
0,2534,0.5417277812957764,-0.24149955809116364,1.1984061002731323,-4.408923632581718e-05,0.07368391007184982,-1.6975706815719604,0.00015747547149658203,0.49967703223228455
0,2535,0.5414389967918396,-0.24158009886741638,1.1983531713485718,0.0018252101726830006,0.07413695007562637,-1.7009118795394897,0.0001150369644165039,0.4933716356754303
0,2536,0.5411195755004883,-0.24162770807743073,1.1983141899108887,0.003667697310447693,0.07463471591472626,-1.7042768001556396,8.559226989746094e-05,0.5024107098579407
0,2537,0.5407720804214478,-0.24164491891860962,1.1982876062393188,0.005485109519213438,0.07517451792955399,-1.7076640129089355,6.783008575439453e-05,0.5256316661834717
0,2538,0.5404027700424194,-0.2416382133960724,1.198270559310913,0.0072818719781935215,0.07574905455112457,-1.7110676765441895,5.936622619628906e-05,0.5609284043312073
0,2539,0.5400197505950928,-0.2416161745786667,1.1982591152191162,0.00906472560018301,0.07634951174259186,-1.7144807577133179,5.6743621826171875e-05,0.6023092865943909
0,2540,0.539631187915802,-0.2415875494480133,1.198249101638794,0.010839641094207764,0.07696620374917984,-1.7178961038589478,5.650520324707031e-05,0.6464956402778625
0,2541,0.5392447710037231,-0.24156059324741364,1.1982365846633911,0.012612669728696346,0.07759056985378265,-1.7213072776794434,5.4717063903808594e-05,0.6901215314865112
0,2542,0.5388679504394531,-0.24154336750507355,1.1982176303863525,0.014389787800610065,0.07821502536535263,-1.7247099876403809,4.8041343688964844e-05,0.7284679412841797
0,2543,0.5385081768035889,-0.24154409766197205,1.1981881856918335,0.016175854951143265,0.07883162051439285,-1.7280982732772827,3.230571746826172e-05,0.75795578956604
0,2544,0.5381722450256348,-0.24157023429870605,1.1981443166732788,0.017975956201553345,0.07943394035100937,-1.7314685583114624,3.933906555175781e-06,0.7755644917488098
0,2545,0.5378643274307251,-0.24162650108337402,1.198083758354187,0.019793393090367317,0.08001761883497238,-1.7348182201385498,3.9577484130859375e-05,0.7783348560333252
0,2546,0.5375847816467285,-0.24171333014965057,1.1980066299438477,0.021628787741065025,0.08058225363492966,-1.7381467819213867,9.810924530029297e-05,0.7669382691383362
0,2547,0.5373294353485107,-0.2418264001607895,1.1979151964187622,0.02347911335527897,0.08113206923007965,-1.7414573431015015,0.0001697540283203125,0.7430947422981262
0,2548,0.5370912551879883,-0.24195809662342072,1.1978133916854858,0.025339346379041672,0.08167422562837601,-1.7447534799575806,0.00025081634521484375,0.7102428674697876
0,2549,0.5368622541427612,-0.2420998066663742,1.1977059841156006,0.02720380201935768,0.08221644908189774,-1.7480409145355225,0.0003368854522705078,0.6726034283638
0,2550,0.5366348028182983,-0.24224340915679932,1.1975972652435303,0.029067058116197586,0.08276721090078354,-1.7513244152069092,0.00042366981506347656,0.6342732906341553
0,2551,0.5364019274711609,-0.2423814833164215,1.1974904537200928,0.030923068523406982,0.08333465456962585,-1.7546089887619019,0.0005081892013549805,0.5980709791183472
0,2552,0.5361568927764893,-0.2425069659948349,1.1973892450332642,0.032765842974185944,0.08392788469791412,-1.7579004764556885,0.0005869865417480469,0.5685510635375977
0,2553,0.5358930230140686,-0.24261300265789032,1.197296380996704,0.034588489681482315,0.08455558866262436,-1.7612040042877197,0.0006570816040039062,0.5489397644996643
0,2554,0.5356049537658691,-0.24269388616085052,1.197214126586914,0.03638578578829765,0.08522555232048035,-1.7645244598388672,0.0007165670394897461,0.5403170585632324
0,2555,0.5352901220321655,-0.24274691939353943,1.1971439123153687,0.03815486654639244,0.08594174683094025,-1.7678642272949219,0.0007636547088623047,0.5464388728141785
0,2556,0.534949779510498,-0.2427733987569809,1.197084665298462,0.03989654779434204,0.08670175075531006,-1.7712221145629883,0.0007992982864379883,0.5654451251029968
0,2557,0.5345889925956726,-0.2427782416343689,1.1970340013504028,0.041615080088377,0.08749937266111374,-1.7745939493179321,0.0008256435394287109,0.5951191186904907
0,2558,0.5342147350311279,-0.24276860058307648,1.196988582611084,0.04331691935658455,0.08832445740699768,-1.7779731750488281,0.0008460283279418945,0.6314907073974609
0,2559,0.5338340401649475,-0.24275189638137817,1.1969448328018188,0.04500916972756386,0.08916771411895752,-1.7813547849655151,0.0008636713027954102,0.6705638766288757
0,2560,0.5334531664848328,-0.24273492395877838,1.1968986988067627,0.046697456389665604,0.09002062678337097,-1.7847330570220947,0.0008827447891235352,0.709967315196991
0,2561,0.5330777764320374,-0.24272416532039642,1.1968460083007812,0.048386961221694946,0.09087613970041275,-1.7881040573120117,0.0009073019027709961,0.7462480068206787
0,2562,0.5327131748199463,-0.24272605776786804,1.1967822313308716,0.05008284002542496,0.09172811359167099,-1.7914634943008423,0.0009418725967407227,0.7765730619430542
0,2563,0.532364010810852,-0.2427465319633484,1.1967027187347412,0.05178944021463394,0.09257016330957413,-1.7948079109191895,0.000991225242614746,0.7986839413642883
0,2564,0.5320335030555725,-0.24278980493545532,1.1966044902801514,0.05351020768284798,0.09339924901723862,-1.7981350421905518,0.001058340072631836,0.8103586435317993
0,2565,0.5317224264144897,-0.24285684525966644,1.1964865922927856,0.05524598807096481,0.0942140594124794,-1.80144464969635,0.0011442899703979492,0.8122881054878235
0,2566,0.5314285159111023,-0.24294500052928925,1.196351408958435,0.05699477344751358,0.09501738101243973,-1.8047380447387695,0.0012469291687011719,0.80405592918396
0,2567,0.531147301197052,-0.2430487871170044,1.1962029933929443,0.05875244736671448,0.09581461548805237,-1.808018445968628,0.0013622045516967773,0.7893191576004028
0,2568,0.5308733582496643,-0.2431616336107254,1.1960467100143433,0.060513924807310104,0.09661191701889038,-1.81128990650177,0.0014847517013549805,0.7707558274269104
0,2569,0.5306016802787781,-0.2432771474123001,1.1958876848220825,0.062274038791656494,0.09741608798503876,-1.8145557641983032,0.0016094446182250977,0.7506923675537109
0,2570,0.530327558517456,-0.24338968098163605,1.195730209350586,0.0640271008014679,0.09823430329561234,-1.8178212642669678,0.0017319917678833008,0.7324860692024231
0,2571,0.530046820640564,-0.2434939742088318,1.1955782175064087,0.06576661765575409,0.09907402843236923,-1.8210893869400024,0.001848459243774414,0.7173702716827393
0,2572,0.529755175113678,-0.24358490109443665,1.1954357624053955,0.06748640537261963,0.09994388371706009,-1.8243657350540161,0.001954793930053711,0.7083117365837097
0,2573,0.5294491648674011,-0.2436581254005432,1.1953060626983643,0.06918004155158997,0.10085102915763855,-1.8276535272598267,0.002047419548034668,0.7072058320045471
0,2574,0.5291268229484558,-0.24371114373207092,1.1951907873153687,0.07084393501281738,0.10179972648620605,-1.8309553861618042,0.002124786376953125,0.714911162853241
0,2575,0.5287885069847107,-0.2437443733215332,1.1950896978378296,0.07247820496559143,0.10278946906328201,-1.8342713117599487,0.002186894416809082,0.7314167022705078
0,2576,0.5284370183944702,-0.24376100301742554,1.195000171661377,0.07408685237169266,0.10381444543600082,-1.837598204612732,0.002236485481262207,0.7553697228431702
0,2577,0.5280766487121582,-0.24376606941223145,1.1949185132980347,0.07567644864320755,0.10486678779125214,-1.8409310579299927,0.0022771358489990234,0.7838462591171265
0,2578,0.5277119278907776,-0.24376511573791504,1.1948405504226685,0.07725312560796738,0.10593708604574203,-1.844265341758728,0.0023130178451538086,0.8149335980415344
0,2579,0.5273474454879761,-0.24376341700553894,1.194762945175171,0.07882306724786758,0.10701806098222733,-1.8475970029830933,0.0023478269577026367,0.8458039164543152
0,2580,0.5269876718521118,-0.2437661588191986,1.1946825981140137,0.08039048314094543,0.10810347646474838,-1.8509225845336914,0.002384662628173828,0.8742446899414062
0,2581,0.5266373753547668,-0.24377872049808502,1.1945970058441162,0.08195895701646805,0.10918807238340378,-1.8542388677597046,0.0024262666702270508,0.8976566791534424
0,2582,0.526301383972168,-0.24380649626255035,1.1945037841796875,0.08353113383054733,0.11026725172996521,-1.8575433492660522,0.002475261688232422,0.9138596057891846
0,2583,0.5259833335876465,-0.2438535988330841,1.1944012641906738,0.08510967344045639,0.11133790016174316,-1.860833764076233,0.0025336742401123047,0.9213234186172485
0,2584,0.5256845951080322,-0.24392169713974,1.194288730621338,0.08669472485780716,0.11239872127771378,-1.8641101121902466,0.002602219581604004,0.9194098711013794
0,2585,0.525403618812561,-0.2440090775489807,1.194167137145996,0.08828606456518173,0.11345130950212479,-1.8673722743988037,0.002680182456970215,0.908490777015686
0,2586,0.5251362919807434,-0.24411138892173767,1.19403874874115,0.08988125622272491,0.11449921876192093,-1.870623230934143,0.0027649402618408203,0.8908734321594238
0,2587,0.5248773694038391,-0.24422287940979004,1.1939058303833008,0.09147672355175018,0.11554727703332901,-1.8738657236099243,0.0028542280197143555,0.8693065643310547
0,2588,0.5246216654777527,-0.24433781206607819,1.1937708854675293,0.09306998550891876,0.11660127341747284,-1.8771026134490967,0.0029451847076416016,0.8458039164543152
0,2589,0.5243644118309021,-0.2444511502981186,1.1936358213424683,0.09465619921684265,0.11766563355922699,-1.8803373575210571,0.0030356645584106445,0.8230569958686829
0,2590,0.5241013765335083,-0.24455834925174713,1.1935021877288818,0.09623245149850845,0.11874707043170929,-1.8835734128952026,0.0031238794326782227,0.8030818700790405
0,2591,0.523828387260437,-0.24465511739253998,1.193371057510376,0.0977933406829834,0.11985086649656296,-1.8868145942687988,0.0032085180282592773,0.7875818610191345
0,2592,0.5235417485237122,-0.24473774433135986,1.1932436227798462,0.09933504462242126,0.12098304182291031,-1.8900642395019531,0.0032879114151000977,0.7788375020027161
0,2593,0.5232391357421875,-0.24480386078357697,1.1931201219558716,0.1008542999625206,0.12214715033769608,-1.893324613571167,0.003361821174621582,0.7783348560333252
0,2594,0.5229204297065735,-0.2448531985282898,1.1930007934570312,0.1023510992527008,0.12334362417459488,-1.8965965509414673,0.0034296512603759766,0.7850934267044067
0,2595,0.5225879549980164,-0.24488800764083862,1.1928848028182983,0.10382698476314545,0.12456867098808289,-1.8998771905899048,0.003492593765258789,0.7984389066696167
0,2596,0.522245466709137,-0.24491211771965027,1.192771077156067,0.10528669506311417,0.12581686675548553,-1.9031635522842407,0.0035517215728759766,0.8166126608848572
0,2597,0.5218973755836487,-0.24492985010147095,1.1926584243774414,0.10673455148935318,0.12708139419555664,-1.9064511060714722,0.0036084651947021484,0.8376675248146057
0,2598,0.5215476155281067,-0.24494540691375732,1.1925456523895264,0.10817427933216095,0.12835624814033508,-1.9097362756729126,0.0036644935607910156,0.8588897585868835
0,2599,0.5211999416351318,-0.24496276676654816,1.1924316883087158,0.10960908979177475,0.12963713705539703,-1.9130157232284546,0.0037211179733276367,0.8793776035308838
0,2600,0.5208576917648315,-0.24498578906059265,1.1923152208328247,0.11104117333889008,0.13091941177845,-1.9162869453430176,0.003779768943786621,0.8967843651771545
0,2601,0.520524263381958,-0.24501827359199524,1.1921952962875366,0.11247237771749496,0.1322001814842224,-1.9195469617843628,0.0038417577743530273,0.9099971652030945
0,2602,0.5202023386955261,-0.24506345391273499,1.1920708417892456,0.11390412598848343,0.1334763765335083,-1.922793984413147,0.003908514976501465,0.9172791838645935
0,2603,0.5198931694030762,-0.2451229989528656,1.1919413805007935,0.11533647775650024,0.1347464919090271,-1.9260271787643433,0.003980517387390137,0.9187711477279663
0,2604,0.5195961594581604,-0.245196133852005,1.1918072700500488,0.11676966398954391,0.13601143658161163,-1.9292463064193726,0.004057645797729492,0.9142876863479614
0,2605,0.5193087458610535,-0.24528007209300995,1.1916693449020386,0.11820250749588013,0.13727357983589172,-1.932454228401184,0.0041387081146240234,0.9050378799438477
0,2606,0.519027590751648,-0.24537093937397003,1.1915290355682373,0.11963340640068054,0.13853618502616882,-1.9356528520584106,0.00422215461730957,0.8928480744361877
0,2607,0.5187492966651917,-0.2454647570848465,1.191387414932251,0.12106044590473175,0.1398036777973175,-1.9388458728790283,0.0043065547943115234,0.8787097930908203
0,2608,0.518470823764801,-0.2455582469701767,1.1912453174591064,0.12248142808675766,0.14107899367809296,-1.9420363903045654,0.0043909549713134766,0.8647929430007935
0,2609,0.5181896686553955,-0.24564868211746216,1.1911033391952515,0.12389428913593292,0.14236564934253693,-1.9452273845672607,0.004474282264709473,0.8522571325302124
0,2610,0.517903745174408,-0.24573366343975067,1.1909618377685547,0.12529616057872772,0.14366725087165833,-1.9484219551086426,0.004556179046630859,0.8413967490196228
0,2611,0.517611026763916,-0.2458113133907318,1.1908206939697266,0.1266845166683197,0.1449877768754959,-1.9516247510910034,0.004636526107788086,0.833686888217926
0,2612,0.5173102021217346,-0.24588020145893097,1.1906802654266357,0.1280573159456253,0.14632906019687653,-1.9548379182815552,0.0047147274017333984,0.8296871781349182
0,2613,0.5170010924339294,-0.24593999981880188,1.1905403137207031,0.12941376864910126,0.1476917713880539,-1.9580620527267456,0.004790902137756348,0.8296871781349182
0,2614,0.5166845321655273,-0.2459915578365326,1.1904007196426392,0.13075481355190277,0.14907445013523102,-1.9612950086593628,0.004865288734436035,0.8327475190162659
0,2615,0.5163623094558716,-0.24603666365146637,1.1902613639831543,0.13208281993865967,0.15047410130500793,-1.964534878730774,0.0049381256103515625,0.8386014103889465
0,2616,0.516036331653595,-0.24607744812965393,1.1901217699050903,0.1334005445241928,0.1518864929676056,-1.9677762985229492,0.005010128021240234,0.8458039164543152
0,2617,0.5157082080841064,-0.24611583352088928,1.1899818181991577,0.13471060991287231,0.15330836176872253,-1.971016526222229,0.005081534385681152,0.8538628220558167
0,2618,0.5153789520263672,-0.24615338444709778,1.189840316772461,0.1360144317150116,0.15473680198192596,-1.974251389503479,0.005153656005859375,0.8618463277816772
0,2619,0.5150488615036011,-0.24619139730930328,1.189696192741394,0.1373133659362793,0.15616923570632935,-1.9774783849716187,0.005227327346801758,0.8697566390037537
0,2620,0.5147180557250977,-0.2462308704853058,1.189548134803772,0.13860858976840973,0.1576036661863327,-1.98069429397583,0.00530397891998291,0.8775956630706787
0,2621,0.5143861174583435,-0.24627263844013214,1.1893947124481201,0.13990075886249542,0.15903840959072113,-1.983897089958191,0.00538480281829834,0.8851441740989685
0,2622,0.5140528678894043,-0.24631711840629578,1.189234972000122,0.14119011163711548,0.16047242283821106,-1.987084984779358,0.005470633506774902,0.8928480744361877
0,2623,0.51371830701828,-0.2463642805814743,1.189069151878357,0.14247652888298035,0.16190551221370697,-1.9902582168579102,0.005561351776123047,0.9000513553619385
0,2624,0.513382613658905,-0.24641340970993042,1.1888982057571411,0.14375999569892883,0.16333913803100586,-1.9934191703796387,0.005656003952026367,0.9069817066192627
0,2625,0.5130460262298584,-0.24646370112895966,1.1887236833572388,0.1450394243001938,0.16477516293525696,-1.996570110321045,0.005753159523010254,0.9140737056732178
0,2626,0.5127092599868774,-0.2465144395828247,1.188547134399414,0.14631396532058716,0.1662154346704483,-1.9997144937515259,0.005851387977600098,0.9206860661506653
0,2627,0.5123730301856995,-0.2465653419494629,1.1883699893951416,0.1475827693939209,0.16766151785850525,-2.0028557777404785,0.005949735641479492,0.927040159702301
0,2628,0.5120384097099304,-0.2466166913509369,1.1881937980651855,0.1488444060087204,0.1691145896911621,-2.005997657775879,0.0060465335845947266,0.9320923089981079
0,2629,0.5117072463035583,-0.24666936695575714,1.1880196332931519,0.15009810030460358,0.17057517170906067,-2.009143352508545,0.006141185760498047,0.9358634948730469
0,2630,0.5113810896873474,-0.2467244416475296,1.187848687171936,0.15134228765964508,0.17204421758651733,-2.0122971534729004,0.0062329769134521484,0.9377434253692627
0,2631,0.5110615491867065,-0.24678285419940948,1.1876819133758545,0.15257596969604492,0.1735227108001709,-2.0154623985290527,0.006320953369140625,0.9369084239006042
0,2632,0.5107491612434387,-0.2468450963497162,1.1875191926956177,0.15379834175109863,0.1750108152627945,-2.0186405181884766,0.0064057111740112305,0.932931661605835
0,2633,0.5104433298110962,-0.24691085517406464,1.1873605251312256,0.15500980615615845,0.17650818824768066,-2.0218303203582764,0.0064868927001953125,0.9266179800033569
0,2634,0.5101425647735596,-0.24697916209697723,1.187205195426941,0.15621143579483032,0.1780140995979309,-2.0250279903411865,0.006564974784851074,0.917918860912323
0,2635,0.5098448395729065,-0.24704881012439728,1.1870520114898682,0.15740422904491425,0.1795274317264557,-2.028228998184204,0.006641030311584473,0.908490777015686
0,2636,0.5095481276512146,-0.24711845815181732,1.1869001388549805,0.1585892289876938,0.18104799091815948,-2.0314295291900635,0.00671541690826416,0.8983103632926941
0,2637,0.5092507004737854,-0.24718691408634186,1.1867493391036987,0.15976613759994507,0.1825752556324005,-2.034626007080078,0.006788015365600586,0.8880134224891663
0,2638,0.5089508295059204,-0.24725306034088135,1.186599612236023,0.16093437373638153,0.1841086745262146,-2.037814140319824,0.0068585872650146484,0.8789324164390564
0,2639,0.5086468458175659,-0.24731586873531342,1.18645179271698,0.16209274530410767,0.18564783036708832,-2.0409915447235107,0.006925821304321289,0.8711054921150208
0,2640,0.5083374381065369,-0.24737432599067688,1.1863068342208862,0.16323970258235931,0.18719267845153809,-2.0441548824310303,0.006988644599914551,0.8654714822769165
0,2641,0.5080216526985168,-0.2474278062582016,1.1861649751663208,0.1643744707107544,0.18874295055866241,-2.04730224609375,0.0070465803146362305,0.8627540469169617
0,2642,0.5076994299888611,-0.24747633934020996,1.1860263347625732,0.16549651324748993,0.19029809534549713,-2.050433874130249,0.0070993900299072266,0.8627540469169617
0,2643,0.5073716640472412,-0.24752043187618256,1.1858904361724854,0.16660696268081665,0.19185850024223328,-2.05355167388916,0.007147669792175293,0.8645666241645813
0,2644,0.5070400238037109,-0.24756120145320892,1.1857564449310303,0.16770745813846588,0.1934242695569992,-2.0566585063934326,0.0071926116943359375,0.8681803345680237
0,2645,0.5067063570022583,-0.2476000189781189,1.1856234073638916,0.16879966855049133,0.19499512016773224,-2.059757709503174,0.007235527038574219,0.8722279071807861
0,2646,0.5063726305961609,-0.24763847887516022,1.1854902505874634,0.169885516166687,0.19657012820243835,-2.0628530979156494,0.007277846336364746,0.8762567639350891
0,2647,0.5060412883758545,-0.24767865240573883,1.1853559017181396,0.17096614837646484,0.19814848899841309,-2.065948963165283,0.00732111930847168,0.8787097930908203
0,2648,0.5057148933410645,-0.24772317707538605,1.1852195262908936,0.17204353213310242,0.19972862303256989,-2.0690486431121826,0.007366538047790527,0.8787097930908203
0,2649,0.5053965449333191,-0.24777500331401825,1.18507981300354,0.17311914265155792,0.20130787789821625,-2.072157144546509,0.007416248321533203,0.8751394748687744
0,2650,0.5050886273384094,-0.24783670902252197,1.1849358081817627,0.1741941124200821,0.2028844654560089,-2.0752780437469482,0.007471442222595215,0.8663753271102905
0,2651,0.5047925114631653,-0.24790966510772705,1.184787392616272,0.17526908218860626,0.20445747673511505,-2.0784130096435547,0.007532715797424316,0.8529456257820129
0,2652,0.5045076012611389,-0.2479933500289917,1.1846343278884888,0.17634348571300507,0.2060275822877884,-2.08156156539917,0.007600188255310059,0.8343907594680786
0,2653,0.5042314529418945,-0.24808543920516968,1.1844779253005981,0.17741629481315613,0.20759646594524384,-2.0847206115722656,0.00767207145690918,0.8118061423301697
0,2654,0.5039607882499695,-0.24818271398544312,1.1843194961547852,0.17848603427410126,0.20916634798049927,-2.0878849029541016,0.007746577262878418,0.7865874171257019
0,2655,0.503692090511322,-0.24828174710273743,1.1841599941253662,0.1795502007007599,0.21074004471302032,-2.091049909591675,0.007822036743164062,0.7605329751968384
0,2656,0.5034218430519104,-0.2483791708946228,1.1840013265609741,0.18060699105262756,0.2123192697763443,-2.0942111015319824,0.007895827293395996,0.7354186773300171
0,2657,0.5031464099884033,-0.24847163259983063,1.1838445663452148,0.18165332078933716,0.21390578150749207,-2.097364902496338,0.007966279983520508,0.7118939757347107
0,2658,0.5028619170188904,-0.24855567514896393,1.1836915016174316,0.18268607556819916,0.21550101041793823,-2.100508213043213,0.00803065299987793,0.6918206214904785
0,2659,0.502564549446106,-0.24862796068191528,1.1835434436798096,0.1837015599012375,0.21710573136806488,-2.1036367416381836,0.008086800575256348,0.6778197884559631
0,2660,0.5022516846656799,-0.24868613481521606,1.1834015846252441,0.18469758331775665,0.21872113645076752,-2.1067490577697754,0.0081329345703125,0.6696879267692566
0,2661,0.501922607421875,-0.24872955679893494,1.1832659244537354,0.18567340075969696,0.22034677863121033,-2.10984468460083,0.008168816566467285,0.6685181260108948
0,2662,0.501579225063324,-0.2487596869468689,1.1831358671188354,0.18663066625595093,0.22198186814785004,-2.112924575805664,0.008195281028747559,0.6726034283638
0,2663,0.5012251138687134,-0.24877963960170746,1.1830098628997803,0.1875724494457245,0.22362545132637024,-2.115992546081543,0.008214831352233887,0.6812751293182373
0,2664,0.5008646845817566,-0.248793363571167,1.1828861236572266,0.18850255012512207,0.22527526319026947,-2.119051933288574,0.008229851722717285,0.6918206214904785
0,2665,0.5005026459693909,-0.24880503118038177,1.1827629804611206,0.18942470848560333,0.2269291877746582,-2.1221070289611816,0.008243203163146973,0.7027649283409119
0,2666,0.5001435279846191,-0.24881884455680847,1.1826387643814087,0.19034188985824585,0.22858448326587677,-2.1251614093780518,0.008257508277893066,0.7121688723564148
0,2667,0.4997921884059906,-0.2488396018743515,1.182511568069458,0.19125717878341675,0.2302366942167282,-2.1282196044921875,0.008275747299194336,0.7184605002403259
0,2668,0.4994540214538574,-0.2488725185394287,1.182379961013794,0.19217409193515778,0.23188169300556183,-2.131286382675171,0.008300423622131348,0.7192770838737488
0,2669,0.4991335868835449,-0.24892225861549377,1.182242512702942,0.19309493899345398,0.23351475596427917,-2.1343655586242676,0.00833427906036377,0.71271812915802
0,2670,0.498833566904068,-0.2489917129278183,1.1820982694625854,0.19402164220809937,0.23513337969779968,-2.1374597549438477,0.008378863334655762,0.6985758543014526
0,2671,0.4985535442829132,-0.24908052384853363,1.1819477081298828,0.1949535757303238,0.23673787713050842,-2.140568256378174,0.008433699607849121,0.6766640543937683
0,2672,0.4982900023460388,-0.24918530881404877,1.1817917823791504,0.19588923454284668,0.23833142220973969,-2.143688440322876,0.008496999740600586,0.6489124298095703
0,2673,0.49803754687309265,-0.2493007928133011,1.181632399559021,0.19682519137859344,0.23991970717906952,-2.146815538406372,0.008565902709960938,0.6173895001411438
0,2674,0.4977900981903076,-0.24942108988761902,1.1814714670181274,0.19775761663913727,0.24150718748569489,-2.149944543838501,0.008637070655822754,0.5848375558853149
0,2675,0.49754196405410767,-0.2495408058166504,1.1813108921051025,0.19868287444114685,0.2430984228849411,-2.153071165084839,0.008707284927368164,0.5539076328277588
0,2676,0.49728772044181824,-0.24965478479862213,1.1811527013778687,0.1995970755815506,0.24469658732414246,-2.156191110610962,0.008773207664489746,0.5263757109642029
0,2677,0.49702173471450806,-0.24975793063640594,1.1809990406036377,0.20049527287483215,0.24630464613437653,-2.159301280975342,0.008831381797790527,0.5035777688026428
0,2678,0.49673834443092346,-0.24984516203403473,1.180851936340332,0.2013719379901886,0.2479238659143448,-2.162397623062134,0.008878469467163086,0.4877876043319702
0,2679,0.49643322825431824,-0.2499125450849533,1.1807130575180054,0.2022240310907364,0.24955634772777557,-2.165478229522705,0.008911371231079102,0.47969764471054077
0,2680,0.4961048662662506,-0.24995861947536469,1.180582880973816,0.20304913818836212,0.2512017488479614,-2.1685421466827393,0.00892949104309082,0.47969764471054077
0,2681,0.4957551062107086,-0.24998493492603302,1.1804605722427368,0.20384936034679413,0.2528592646121979,-2.1715900897979736,0.008933782577514648,0.4861803650856018
0,2682,0.49538877606391907,-0.24999570846557617,1.1803443431854248,0.20462855696678162,0.2545270025730133,-2.1746253967285156,0.008927106857299805,0.4973219037055969
0,2683,0.4950120747089386,-0.24999640882015228,1.1802315711975098,0.20539189875125885,0.2562020719051361,-2.177651882171631,0.008913636207580566,0.5112900733947754
0,2684,0.4946315288543701,-0.24999289214611053,1.1801199913024902,0.2061450034379959,0.2578815817832947,-2.180673599243164,0.008897185325622559,0.5263757109642029
0,2685,0.49425339698791504,-0.24999094009399414,1.1800074577331543,0.20689259469509125,0.2595612704753876,-2.1836941242218018,0.008881449699401855,0.5403170585632324
0,2686,0.49388381838798523,-0.2499963641166687,1.1798917055130005,0.2076386660337448,0.26123571395874023,-2.1867175102233887,0.008870363235473633,0.5517840385437012
0,2687,0.49352920055389404,-0.25001534819602966,1.1797704696655273,0.20838621258735657,0.2628990411758423,-2.1897475719451904,0.008867740631103516,0.5588314533233643
0,2688,0.49319547414779663,-0.2500538229942322,1.1796419620513916,0.20913909375667572,0.26454511284828186,-2.1927883625030518,0.008877038955688477,0.5598808526992798
0,2689,0.49288633465766907,-0.2501154839992523,1.1795049905776978,0.20989897847175598,0.2661696672439575,-2.1958422660827637,0.00890052318572998,0.5556711554527283
0,2690,0.49260213971138,-0.2502007782459259,1.1793594360351562,0.21066631376743317,0.26777297258377075,-2.1989095211029053,0.00893855094909668,0.5460806488990784
0,2691,0.49233928322792053,-0.2503063678741455,1.1792068481445312,0.21143954992294312,0.26935821771621704,-2.2019877433776855,0.008988618850708008,0.5337586402893066
0,2692,0.4920915365219116,-0.25042635202407837,1.179049015045166,0.2122148871421814,0.27093178033828735,-2.2050728797912598,0.009047508239746094,0.5211454033851624
0,2693,0.4918518662452698,-0.25055399537086487,1.1788886785507202,0.21298837661743164,0.2725006341934204,-2.2081613540649414,0.009110569953918457,0.5109071731567383
0,2694,0.4916134774684906,-0.25068289041519165,1.1787281036376953,0.21375583112239838,0.274070680141449,-2.2112483978271484,0.009173870086669922,0.5047421455383301
0,2695,0.4913698136806488,-0.2508070468902588,1.1785697937011719,0.21451210975646973,0.27564603090286255,-2.2143306732177734,0.00923299789428711,0.5039661526679993
0,2696,0.49111446738243103,-0.25092077255249023,1.1784162521362305,0.2152515947818756,0.2772296667098999,-2.217404365539551,0.009283900260925293,0.5078340172767639
0,2697,0.49084094166755676,-0.25101831555366516,1.1782701015472412,0.2159680873155594,0.27882394194602966,-2.2204668521881104,0.009321808815002441,0.5162412524223328
0,2698,0.49054399132728577,-0.2510949969291687,1.178133487701416,0.21665652096271515,0.2804306149482727,-2.223515033721924,0.009343385696411133,0.5271186232566833
0,2699,0.49022096395492554,-0.2511485517024994,1.1780076026916504,0.21731416881084442,0.28204959630966187,-2.2265477180480957,0.009346246719360352,0.5403170585632324
0,2700,0.48987317085266113,-0.2511799931526184,1.1778916120529175,0.21794208884239197,0.2836805284023285,-2.2295658588409424,0.009331822395324707,0.554260790348053
0,2701,0.4895055592060089,-0.25119340419769287,1.1777833700180054,0.21854472160339355,0.2853214144706726,-2.232572078704834,0.00930321216583252,0.5685510635375977
0,2702,0.48912501335144043,-0.25119471549987793,1.1776801347732544,0.21912816166877747,0.2869696319103241,-2.235569953918457,0.009265303611755371,0.5834977030754089
0,2703,0.48873868584632874,-0.251190185546875,1.1775788068771362,0.219698965549469,0.2886216342449188,-2.23856258392334,0.009222984313964844,0.5980709791183472
0,2704,0.48835334181785583,-0.2511858642101288,1.1774767637252808,0.22026245296001434,0.290273517370224,-2.241553544998169,0.009180784225463867,0.6122974753379822
0,2705,0.48797541856765747,-0.25118759274482727,1.1773713827133179,0.22082319855690002,0.2919205129146576,-2.2445461750030518,0.009143352508544922,0.6271376609802246
0,2706,0.4876113533973694,-0.25120145082473755,1.177259922027588,0.22138407826423645,0.29355543851852417,-2.2475426197052,0.009115219116210938,0.6416346430778503
0,2707,0.48726707696914673,-0.2512331008911133,1.1771401166915894,0.22194750607013702,0.2951717972755432,-2.25054669380188,0.00910043716430664,0.6558112502098083
0,2708,0.48694685101509094,-0.25128671526908875,1.177010178565979,0.2225160449743271,0.2967647314071655,-2.2535600662231445,0.009102225303649902,0.6705638766288757
0,2709,0.486651748418808,-0.2513633668422699,1.1768701076507568,0.2230900377035141,0.2983330190181732,-2.2565829753875732,0.009120941162109375,0.6864256262779236
0,2710,0.4863789677619934,-0.25146058201789856,1.1767207384109497,0.2236682027578354,0.2998795509338379,-2.2596139907836914,0.00915515422821045,0.7038777470588684
0,2711,0.4861227869987488,-0.2515731751918793,1.1765645742416382,0.2242480218410492,0.3014107048511505,-2.262651205062866,0.009200572967529297,0.7241573929786682
0,2712,0.48587629199028015,-0.25169461965560913,1.1764044761657715,0.22482596337795258,0.3029339015483856,-2.265691041946411,0.009252429008483887,0.7470342516899109
0,2713,0.4856327772140503,-0.25181883573532104,1.1762434244155884,0.22539860010147095,0.304455429315567,-2.268730401992798,0.009305715560913086,0.7725309133529663
0,2714,0.4853859841823578,-0.25194022059440613,1.1760841608047485,0.2259613424539566,0.30598026514053345,-2.2717669010162354,0.009355783462524414,0.800152599811554
0,2715,0.48512980341911316,-0.252053439617157,1.1759294271469116,0.22650805115699768,0.3075108230113983,-2.274796962738037,0.009398102760314941,0.8280346393585205
0,2716,0.4848581552505493,-0.25215333700180054,1.175782561302185,0.2270326465368271,0.3090492784976959,-2.277818441390991,0.009427309036254883,0.8554655313491821
0,2717,0.484565794467926,-0.2522355020046234,1.1756459474563599,0.22752922773361206,0.3105970621109009,-2.2808289527893066,0.009439349174499512,0.881821870803833
0,2718,0.4842497408390045,-0.25229740142822266,1.1755213737487793,0.2279944270849228,0.3121541142463684,-2.283827304840088,0.00943148136138916,0.9054702520370483
0,2719,0.483910471200943,-0.2523393929004669,1.1754083633422852,0.2284282147884369,0.31371989846229553,-2.286813735961914,0.00940406322479248,0.9264068007469177
0,2720,0.483551949262619,-0.2523646354675293,1.175304889678955,0.22883516550064087,0.3152933120727539,-2.289789915084839,0.009360432624816895,0.9450187087059021
0,2721,0.48318031430244446,-0.2523781955242157,1.1752078533172607,0.2292216569185257,0.31687232851982117,-2.2927589416503906,0.009305477142333984,0.9618480801582336
0,2722,0.4828021228313446,-0.2523854970932007,1.1751136779785156,0.22959406673908234,0.3184547424316406,-2.2957234382629395,0.009244799613952637,0.9781880378723145
0,2723,0.482423335313797,-0.25239166617393494,1.1750192642211914,0.22995752096176147,0.32003700733184814,-2.2986857891082764,0.009183406829833984,0.994653046131134
0,2724,0.4820494055747986,-0.2524015009403229,1.1749217510223389,0.23031581938266754,0.3216152489185333,-2.3016481399536133,0.009125947952270508,1.011817455291748
0,2725,0.481685608625412,-0.2524198293685913,1.1748181581497192,0.230671226978302,0.32318350672721863,-2.304612159729004,0.009077072143554688,1.0300261974334717
0,2726,0.4813370108604431,-0.2524513006210327,1.1747056245803833,0.23102523386478424,0.32473552227020264,-2.3075788021087646,0.009041547775268555,1.0501569509506226
0,2727,0.48100745677948,-0.2524995803833008,1.1745821237564087,0.23137912154197693,0.3262665569782257,-2.31054949760437,0.00902247428894043,1.0731961727142334
0,2728,0.48069828748703003,-0.2525660991668701,1.1744468212127686,0.23173272609710693,0.3277738094329834,-2.3135242462158203,0.009021282196044922,1.0991390943527222
0,2729,0.4804079234600067,-0.2526494562625885,1.1743007898330688,0.23208603262901306,0.3292596936225891,-2.3165030479431152,0.009036421775817871,1.127611517906189
0,2730,0.480132132768631,-0.2527458369731903,1.1741464138031006,0.23243805766105652,0.3307296335697174,-2.3194844722747803,0.009064435958862305,1.1589339971542358
0,2731,0.4798654317855835,-0.2528502643108368,1.1739869117736816,0.23278678953647614,0.33219003677368164,-2.322467088699341,0.009099960327148438,1.1917330026626587
0,2732,0.47960230708122253,-0.252957820892334,1.1738253831863403,0.23312973976135254,0.333647221326828,-2.325449228286743,0.00913846492767334,1.225730538368225
0,2733,0.4793378710746765,-0.2530641555786133,1.173665165901184,0.2334633767604828,0.3351050019264221,-2.3284294605255127,0.009174704551696777,1.259898066520691
0,2734,0.4790676236152649,-0.2531655728816986,1.1735093593597412,0.23378399014472961,0.33656662702560425,-2.331406354904175,0.00920414924621582,1.2936170101165771
0,2735,0.47878727316856384,-0.2532585561275482,1.1733611822128296,0.23408623039722443,0.3380328118801117,-2.3343777656555176,0.009222030639648438,1.3261843919754028
0,2736,0.4784929156303406,-0.2533400356769562,1.1732234954833984,0.23436413705348969,0.33950409293174744,-2.3373422622680664,0.009224176406860352,1.3568174839019775
0,2737,0.4781821668148041,-0.2534081041812897,1.1730983257293701,0.23461410403251648,0.3409804403781891,-2.340299129486084,0.009207606315612793,1.385080099105835
0,2738,0.4778549373149872,-0.25346261262893677,1.1729856729507446,0.23483631014823914,0.34246185421943665,-2.343247890472412,0.009172201156616211,1.4106981754302979
0,2739,0.47751352190971375,-0.25350531935691833,1.1728839874267578,0.23503343760967255,0.34394747018814087,-2.3461899757385254,0.00912022590637207,1.4342230558395386
0,2740,0.4771619141101837,-0.2535393536090851,1.1727899312973022,0.2352108657360077,0.34543606638908386,-2.3491265773773193,0.009056448936462402,1.4560247659683228
0,2741,0.47680461406707764,-0.2535681426525116,1.1726998090744019,0.23537351191043854,0.3469270169734955,-2.352060317993164,0.008986115455627441,1.4771075248718262
0,2742,0.47644561529159546,-0.2535950243473053,1.1726102828979492,0.2355264127254486,0.3484179675579071,-2.3549914360046387,0.008913993835449219,1.498024344444275
0,2743,0.4760885536670685,-0.2536230683326721,1.1725184917449951,0.235672727227211,0.3499065637588501,-2.357921600341797,0.008844137191772461,1.5189108848571777
0,2744,0.47573667764663696,-0.25365516543388367,1.1724210977554321,0.23581218719482422,0.35138803720474243,-2.3608503341674805,0.008781075477600098,1.5409116744995117
0,2745,0.47539305686950684,-0.2536941468715668,1.1723151206970215,0.23594573140144348,0.3528580069541931,-2.3637776374816895,0.008728981018066406,1.5638548135757446
0,2746,0.47506019473075867,-0.2537422776222229,1.1721980571746826,0.23607277870178223,0.3543119430541992,-2.3667027950286865,0.008691191673278809,1.5889312028884888
0,2747,0.47473931312561035,-0.2538008391857147,1.172068476676941,0.23619255423545837,0.35574764013290405,-2.369626045227051,0.008669614791870117,1.6157997846603394
0,2748,0.474429726600647,-0.25386929512023926,1.1719270944595337,0.23630540072917938,0.357165664434433,-2.3725473880767822,0.008663415908813477,1.6443723440170288
0,2749,0.47412919998168945,-0.25394558906555176,1.1717761754989624,0.23641140758991241,0.358569860458374,-2.37546706199646,0.008669495582580566,1.6745619773864746
0,2750,0.47383466362953186,-0.2540269196033478,1.171619176864624,0.2365112453699112,0.35996532440185547,-2.378385305404663,0.008683443069458008,1.7057090997695923
0,2751,0.4735429286956787,-0.2541106045246124,1.1714593172073364,0.23660443723201752,0.36135682463645935,-2.3813023567199707,0.008700728416442871,1.737199306488037
0,2752,0.4732513725757599,-0.2541942298412323,1.1713000535964966,0.23668983578681946,0.3627479374408722,-2.384218454360962,0.008717060089111328,1.7690141201019287
0,2753,0.47295767068862915,-0.25427600741386414,1.1711446046829224,0.23676495254039764,0.36414042115211487,-2.3871331214904785,0.008728384971618652,1.800266981124878
0,2754,0.4726599454879761,-0.2543546259403229,1.170996069908142,0.23682616651058197,0.36553508043289185,-2.390045642852783,0.008730769157409668,1.8307727575302124
0,2755,0.4723566174507141,-0.2544289529323578,1.1708576679229736,0.23686997592449188,0.3669317960739136,-2.3929555416107178,0.00872039794921875,1.8604633808135986
0,2756,0.47204649448394775,-0.25449827313423157,1.170731782913208,0.23689305782318115,0.36833059787750244,-2.3958616256713867,0.00869441032409668,1.8889623880386353
0,2757,0.4717293381690979,-0.2545624375343323,1.1706187725067139,0.23689481616020203,0.36973097920417786,-2.3987648487091064,0.008652329444885254,1.916323184967041
0,2758,0.47140589356422424,-0.2546219527721405,1.1705172061920166,0.23687657713890076,0.371132493019104,-2.4016647338867188,0.008595705032348633,1.942392349243164
0,2759,0.47107771039009094,-0.25467777252197266,1.1704241037368774,0.23684170842170715,0.3725353479385376,-2.404561996459961,0.008528351783752441,1.9678181409835815
0,2760,0.47074660658836365,-0.25473108887672424,1.1703362464904785,0.23679448664188385,0.37393897771835327,-2.4074580669403076,0.008454084396362305,1.9925267696380615
0,2761,0.47041425108909607,-0.254783034324646,1.1702499389648438,0.23673798143863678,0.3753430247306824,-2.4103522300720215,0.008377313613891602,2.0170300006866455
0,2762,0.47008180618286133,-0.25483444333076477,1.1701619625091553,0.23667296767234802,0.37674564123153687,-2.4132447242736816,0.008301615715026855,2.041239023208618
0,2763,0.4697500765323639,-0.2548859715461731,1.1700694561004639,0.2365991324186325,0.3781443238258362,-2.4161338806152344,0.008230209350585938,2.065638303756714
0,2764,0.4694197475910187,-0.25493836402893066,1.1699692010879517,0.23651471734046936,0.37953680753707886,-2.419018030166626,0.00816655158996582,2.090127468109131
0,2765,0.4690912663936615,-0.2549920976161957,1.1698582172393799,0.23641714453697205,0.38091930747032166,-2.4218950271606445,0.008113861083984375,2.1148884296417236
0,2766,0.46876487135887146,-0.25504738092422485,1.169735074043274,0.23630516231060028,0.3822902739048004,-2.4247634410858154,0.008073568344116211,2.1395456790924072
0,2767,0.4684404730796814,-0.2551042139530182,1.1696003675460815,0.23617972433567047,0.38364991545677185,-2.427623748779297,0.008045196533203125,2.1644649505615234
0,2768,0.46811774373054504,-0.25516220927238464,1.1694557666778564,0.2360413521528244,0.3849999010562897,-2.4304773807525635,0.008026838302612305,2.189458131790161
0,2769,0.4677962064743042,-0.25522086024284363,1.1693042516708374,0.23589220643043518,0.38634368777275085,-2.433326482772827,0.00801539421081543,2.214611530303955
0,2770,0.46747544407844543,-0.2552798390388489,1.169149398803711,0.23573490977287292,0.38768404722213745,-2.4361729621887207,0.008007049560546875,2.2398319244384766
0,2771,0.4671552777290344,-0.2553390860557556,1.1689941883087158,0.2355705052614212,0.3890231251716614,-2.4390182495117188,0.007998943328857422,2.2647716999053955
0,2772,0.4668358266353607,-0.25539878010749817,1.16884183883667,0.23539835214614868,0.3903625011444092,-2.441864013671875,0.007987618446350098,2.289867639541626
0,2773,0.4665174186229706,-0.255459725856781,1.168695330619812,0.23521728813648224,0.39170247316360474,-2.4447102546691895,0.007970452308654785,2.3150293827056885
0,2774,0.46620070934295654,-0.2555226683616638,1.16855788230896,0.23502567410469055,0.39304301142692566,-2.447557210922241,0.007944345474243164,2.3402554988861084
0,2775,0.46588611602783203,-0.2555884122848511,1.1684318780899048,0.23482179641723633,0.39438390731811523,-2.450404405593872,0.007906913757324219,2.36529541015625
0,2776,0.46557381749153137,-0.25565728545188904,1.1683180332183838,0.23460441827774048,0.39572492241859436,-2.4532525539398193,0.007857799530029297,2.39064621925354
0,2777,0.4652636647224426,-0.25572916865348816,1.1682156324386597,0.2343744933605194,0.3970660865306854,-2.456101417541504,0.007797360420227051,2.41605544090271
0,2778,0.46495527029037476,-0.2558031976222992,1.1681220531463623,0.23413318395614624,0.3984071612358093,-2.4589502811431885,0.0077283382415771484,2.441520929336548
0,2779,0.4646477699279785,-0.25587841868400574,1.1680338382720947,0.23388251662254333,0.39974847435951233,-2.4617996215820312,0.00765383243560791,2.4669618606567383
0,2780,0.4643403887748718,-0.2559536397457123,1.1679478883743286,0.23362357914447784,0.4010896682739258,-2.464648485183716,0.007576704025268555,2.4922215938568115
0,2781,0.4640321135520935,-0.2560276985168457,1.1678612232208252,0.23335599899291992,0.4024302661418915,-2.4674952030181885,0.0074994564056396484,2.517150402069092
0,2782,0.4637215733528137,-0.25609928369522095,1.1677708625793457,0.23307783901691437,0.4037691652774811,-2.470337390899658,0.007424473762512207,2.5415267944335938
0,2783,0.4634072184562683,-0.2561670243740082,1.1676740646362305,0.23278595507144928,0.4051052927970886,-2.4731717109680176,0.007354140281677246,2.565061569213867
0,2784,0.4630875587463379,-0.25622957944869995,1.167568325996399,0.23247607052326202,0.4064369201660156,-2.4759950637817383,0.007290005683898926,2.5873990058898926
0,2785,0.4627615809440613,-0.25628599524497986,1.1674519777297974,0.23214620351791382,0.40776342153549194,-2.4788050651550293,0.007233619689941406,2.6083450317382812
0,2786,0.4624291956424713,-0.2563362419605255,1.1673250198364258,0.23179581761360168,0.4090840518474579,-2.4816012382507324,0.007184624671936035,2.6279327869415283
0,2787,0.46209120750427246,-0.2563810646533966,1.1671886444091797,0.23142696917057037,0.4103996455669403,-2.4843862056732178,0.007142424583435059,2.6463403701782227
0,2788,0.46174928545951843,-0.2564218044281006,1.1670455932617188,0.23104329407215118,0.41171160340309143,-2.4871628284454346,0.007104754447937012,2.6635923385620117
0,2789,0.4614053964614868,-0.25646018981933594,1.1668986082077026,0.23064884543418884,0.4130213260650635,-2.4899353981018066,0.007069706916809082,2.680514097213745
0,2790,0.4610614776611328,-0.25649815797805786,1.1667507886886597,0.23024684190750122,0.4143298268318176,-2.492706060409546,0.007034897804260254,2.6971850395202637
0,2791,0.4607195556163788,-0.2565377354621887,1.1666045188903809,0.2298387587070465,0.4156379699707031,-2.4954779148101807,0.006999015808105469,2.714113712310791
0,2792,0.46038198471069336,-0.25658130645751953,1.166462779045105,0.2294256091117859,0.4169461131095886,-2.4982516765594482,0.006959795951843262,2.731224775314331
0,2793,0.4600510001182556,-0.2566314935684204,1.1663280725479126,0.2290073037147522,0.4182542562484741,-2.501028537750244,0.0069158077239990234,2.74936842918396
0,2794,0.4597287178039551,-0.2566905617713928,1.1662029027938843,0.22858338057994843,0.4195627272129059,-2.5038087368011475,0.006865382194519043,2.768312931060791
0,2795,0.45941615104675293,-0.2567596733570099,1.166088342666626,0.2281537801027298,0.4208710491657257,-2.506592273712158,0.006807684898376465,2.7885324954986572
0,2796,0.45911288261413574,-0.25683850049972534,1.1659839153289795,0.2277185022830963,0.4221796691417694,-2.5093793869018555,0.006743311882019043,2.8097918033599854
0,2797,0.4588170349597931,-0.2569250762462616,1.165887713432312,0.22727727890014648,0.42348796129226685,-2.512169122695923,0.006673336029052734,2.831789970397949
0,2798,0.45852604508399963,-0.2570165991783142,1.1657969951629639,0.22683027386665344,0.42479628324508667,-2.514961004257202,0.00659942626953125,2.854304790496826
0,2799,0.45823705196380615,-0.25710996985435486,1.1657087802886963,0.22637681663036346,0.42610427737236023,-2.5177536010742188,0.006523489952087402,2.877119779586792
0,2800,0.4579472541809082,-0.2572023868560791,1.1656203269958496,0.2259150743484497,0.4274117350578308,-2.5205445289611816,0.0064470767974853516,2.8994853496551514
0,2801,0.4576537609100342,-0.2572910487651825,1.165529489517212,0.22544223070144653,0.4287186563014984,-2.5233306884765625,0.006371259689331055,2.9211440086364746
0,2802,0.45735347270965576,-0.25737300515174866,1.1654338836669922,0.22495365142822266,0.43002453446388245,-2.5261077880859375,0.006296753883361816,2.941312313079834
0,2803,0.45704349875450134,-0.25744545459747314,1.165331482887268,0.22444456815719604,0.43132904171943665,-2.528871536254883,0.0062247514724731445,2.9595582485198975
0,2804,0.45672157406806946,-0.25750643014907837,1.165220856666565,0.22391140460968018,0.43263161182403564,-2.531618118286133,0.00615537166595459,2.9752588272094727
0,2805,0.4563872814178467,-0.25755539536476135,1.1651012897491455,0.22335299849510193,0.43393200635910034,-2.5343470573425293,0.006089210510253906,2.988323450088501
0,2806,0.4560419023036957,-0.25759357213974,1.1649740934371948,0.22277161478996277,0.4352303445339203,-2.537060499191284,0.006025552749633789,2.9990475177764893
0,2807,0.4556882083415985,-0.2576234042644501,1.164840817451477,0.22217144072055817,0.4365265965461731,-2.539762496948242,0.005963921546936035,3.0081069469451904
0,2808,0.4553297758102417,-0.25764819979667664,1.1647038459777832,0.2215578705072403,0.437821626663208,-2.5424575805664062,0.005903482437133789,3.0159709453582764
0,2809,0.45497003197669983,-0.2576712369918823,1.1645655632019043,0.22093576192855835,0.4391154646873474,-2.5451507568359375,0.0058432817459106445,3.0234262943267822
0,2810,0.4546123743057251,-0.2576958239078522,1.1644281148910522,0.2203083634376526,0.4404086470603943,-2.547844409942627,0.005782723426818848,3.031057119369507
0,2811,0.4542602002620697,-0.25772565603256226,1.1642935276031494,0.21967758238315582,0.4417015314102173,-2.5505411624908447,0.005721092224121094,3.03924822807312
0,2812,0.4539170265197754,-0.2577643394470215,1.1641639471054077,0.21904481947422028,0.4429943263530731,-2.5532422065734863,0.0056580305099487305,3.048637866973877
0,2813,0.4535861015319824,-0.2578153908252716,1.1640416383743286,0.21841123700141907,0.44428759813308716,-2.5559475421905518,0.00559234619140625,3.0594706535339355
0,2814,0.4532690942287445,-0.2578808665275574,1.1639273166656494,0.2177770435810089,0.44558125734329224,-2.5586585998535156,0.005524277687072754,3.072050094604492
0,2815,0.4529658257961273,-0.25796064734458923,1.1638212203979492,0.21714220941066742,0.44687557220458984,-2.5613744258880615,0.00545346736907959,3.0863547325134277
0,2816,0.4526739716529846,-0.2580522298812866,1.1637219190597534,0.21650569140911102,0.44817012548446655,-2.5640947818756104,0.005380392074584961,3.1021716594696045
0,2817,0.4523898959159851,-0.2581518888473511,1.1636273860931396,0.21586628258228302,0.4494647681713104,-2.5668184757232666,0.00530552864074707,3.1189754009246826
0,2818,0.4521096348762512,-0.25825536251068115,1.163535237312317,0.2152222841978073,0.45075878500938416,-2.5695438385009766,0.005229592323303223,3.136251211166382
0,2819,0.45182937383651733,-0.25835874676704407,1.1634434461593628,0.21457095444202423,0.4520522356033325,-2.57226824760437,0.005153059959411621,3.153308153152466
0,2820,0.45154547691345215,-0.25845837593078613,1.1633503437042236,0.21390913426876068,0.4533449113368988,-2.574988603591919,0.005075812339782715,3.16947078704834
0,2821,0.4512541890144348,-0.2585505247116089,1.1632543802261353,0.2132318913936615,0.45463690161705017,-2.577699661254883,0.004997968673706055,3.184199094772339
0,2822,0.4509517550468445,-0.2586316168308258,1.163153886795044,0.212533637881279,0.4559277296066284,-2.5803964138031006,0.004919290542602539,3.19659423828125
0,2823,0.4506351947784424,-0.2586989402770996,1.1630476713180542,0.21181003749370575,0.45721760392189026,-2.5830745697021484,0.004839658737182617,3.2059507369995117
0,2824,0.45030340552330017,-0.2587512731552124,1.1629353761672974,0.211059108376503,0.4585064649581909,-2.585732936859131,0.004759073257446289,3.2121124267578125
0,2825,0.44995760917663574,-0.25878971815109253,1.1628172397613525,0.21028241515159607,0.45979392528533936,-2.588372230529785,0.0046776533126831055,3.215280532836914
0,2826,0.44960105419158936,-0.25881725549697876,1.1626944541931152,0.20948439836502075,0.4610801637172699,-2.5909979343414307,0.004595637321472168,3.216071844100952
0,2827,0.44923803210258484,-0.25883764028549194,1.1625685691833496,0.20867124199867249,0.46236521005630493,-2.5936152935028076,0.004513382911682129,3.215402126312256
0,2828,0.4488731622695923,-0.2588547170162201,1.1624412536621094,0.20784832537174225,0.4636487066745758,-2.5962295532226562,0.004431486129760742,3.2138795852661133
0,2829,0.44851118326187134,-0.2588721513748169,1.1623135805130005,0.2070203572511673,0.46493107080459595,-2.598844051361084,0.004351139068603516,3.2122344970703125
0,2830,0.44815734028816223,-0.2588934004306793,1.162186622619629,0.20619046688079834,0.46621230244636536,-2.6014628410339355,0.004273653030395508,3.211015462875366
0,2831,0.4478171467781067,-0.25892171263694763,1.162061095237732,0.2053607553243637,0.4674921929836273,-2.604086399078369,0.004201292991638184,3.210710287094116
0,2832,0.4474959075450897,-0.25896015763282776,1.1619377136230469,0.2045333832502365,0.46877163648605347,-2.606717109680176,0.0041359663009643555,3.211625099182129
0,2833,0.4471971094608307,-0.25901085138320923,1.161816954612732,0.20370928943157196,0.47005000710487366,-2.6093549728393555,0.004079103469848633,3.214001417160034
0,2834,0.44692113995552063,-0.25907400250434875,1.161698818206787,0.2028883844614029,0.4713277220726013,-2.611999750137329,0.004030942916870117,3.217836618423462
0,2835,0.44666483998298645,-0.25914788246154785,1.1615829467773438,0.2020689696073532,0.4726044237613678,-2.6146512031555176,0.00399017333984375,3.2231252193450928
0,2836,0.4464227259159088,-0.259229451417923,1.1614689826965332,0.20124976336956024,0.4738803207874298,-2.617307662963867,0.003954529762268066,3.2293756008148193
0,2837,0.4461885094642639,-0.25931522250175476,1.1613560914993286,0.20042814314365387,0.47515520453453064,-2.619966745376587,0.0039217472076416016,3.2362186908721924
0,2838,0.44595611095428467,-0.2594018280506134,1.1612436771392822,0.19960054755210876,0.47642913460731506,-2.6226260662078857,0.0038890838623046875,3.2431681156158447
0,2839,0.44571974873542786,-0.25948625802993774,1.1611311435699463,0.19876283407211304,0.4777017831802368,-2.6252822875976562,0.00385439395904541,3.249560832977295
0,2840,0.4454737603664398,-0.25956547260284424,1.1610183715820312,0.19791042804718018,0.4789734482765198,-2.6279296875,0.003814697265625,3.2547378540039062
0,2841,0.44521254301071167,-0.2596365511417389,1.1609050035476685,0.19703789055347443,0.48024415969848633,-2.6305627822875977,0.0037676095962524414,3.2583446502685547
0,2842,0.44493138790130615,-0.2596971094608307,1.1607909202575684,0.19614006578922272,0.4815140962600708,-2.633175849914551,0.003710627555847168,3.259186029434204
0,2843,0.44462794065475464,-0.25974583625793457,1.1606758832931519,0.1952143758535385,0.4827834963798523,-2.6357674598693848,0.0036426782608032227,3.2571427822113037
0,2844,0.4443032443523407,-0.25978323817253113,1.1605600118637085,0.19426222145557404,0.48405200242996216,-2.6383371353149414,0.0035643577575683594,3.2523908615112305
0,2845,0.44396156072616577,-0.2598114609718323,1.1604435443878174,0.1932877004146576,0.4853195250034332,-2.640890121459961,0.00347745418548584,3.245400905609131
0,2846,0.4436086118221283,-0.25983351469039917,1.1603264808654785,0.19229678809642792,0.4865858852863312,-2.643432855606079,0.0033849477767944336,3.236823797225952
0,2847,0.44325029850006104,-0.25985264778137207,1.1602094173431396,0.19129548966884613,0.4878508448600769,-2.6459710597991943,0.0032892227172851562,3.2274959087371826
0,2848,0.44289156794548035,-0.2598721385002136,1.1600925922393799,0.1902879774570465,0.48911386728286743,-2.6485090255737305,0.0031925439834594727,3.2182016372680664
0,2849,0.44253647327423096,-0.2598954141139984,1.1599767208099365,0.18927744030952454,0.4903753101825714,-2.651049852371216,0.0030961036682128906,3.209246873855591
0,2850,0.44218847155570984,-0.259925901889801,1.1598626375198364,0.18826597929000854,0.49163469672203064,-2.653594970703125,0.0030008554458618164,3.2014288902282715
0,2851,0.44185057282447815,-0.2599671185016632,1.159751057624817,0.18725499510765076,0.4928921163082123,-2.6561450958251953,0.002907276153564453,3.195185422897339
0,2852,0.44152477383613586,-0.2600216269493103,1.1596426963806152,0.18624581396579742,0.49414774775505066,-2.6586997509002686,0.002815723419189453,3.1908321380615234
0,2853,0.4412115812301636,-0.26009005308151245,1.1595377922058105,0.1852385401725769,0.49540117383003235,-2.661259412765503,0.0027260780334472656,3.1887452602386475
0,2854,0.44090962409973145,-0.26017093658447266,1.1594359874725342,0.18423247337341309,0.4966528117656708,-2.6638238430023193,0.002638101577758789,3.1883156299591064
0,2855,0.4406161308288574,-0.260261207818985,1.1593366861343384,0.183226078748703,0.49790260195732117,-2.666391611099243,0.0025513172149658203,3.189359188079834
0,2856,0.4403277635574341,-0.2603571116924286,1.1592389345169067,0.18221734464168549,0.49915069341659546,-2.6689624786376953,0.002464890480041504,3.1912615299224854
0,2857,0.44004127383232117,-0.2604547441005707,1.1591416597366333,0.181203693151474,0.5003966093063354,-2.671534299850464,0.002378702163696289,3.1932852268218994
0,2858,0.43975359201431274,-0.26055076718330383,1.1590445041656494,0.1801825314760208,0.501640796661377,-2.674104690551758,0.002291560173034668,3.1950016021728516
0,2859,0.439461886882782,-0.26064205169677734,1.1589468717575073,0.17915019392967224,0.50288325548172,-2.676668882369995,0.0022028684616088867,3.1956140995025635
0,2860,0.4391631782054901,-0.2607254683971405,1.1588482856750488,0.17810213565826416,0.5041233897209167,-2.679222345352173,0.002111673355102539,3.1943273544311523
0,2861,0.4388549327850342,-0.2607981562614441,1.1587482690811157,0.17703382670879364,0.5053614974021912,-2.681759834289551,0.0020171403884887695,3.190586805343628
0,2862,0.4385356903076172,-0.26085859537124634,1.158646583557129,0.17594298720359802,0.5065970420837402,-2.6842782497406006,0.0019189119338989258,3.1838300228118896
0,2863,0.43820568919181824,-0.2609069049358368,1.1585432291030884,0.17482973635196686,0.5078303813934326,-2.6867785453796387,0.0018171072006225586,3.174099922180176
0,2864,0.43786677718162537,-0.26094505190849304,1.1584386825561523,0.17369721829891205,0.5090614557266235,-2.689263343811035,0.001712203025817871,3.1619880199432373
0,2865,0.4375218451023102,-0.26097607612609863,1.1583330631256104,0.17255011200904846,0.510290265083313,-2.6917383670806885,0.0016051530838012695,3.148026704788208
0,2866,0.4371739327907562,-0.2610033452510834,1.1582270860671997,0.1713930368423462,0.511516809463501,-2.694209098815918,0.0014967918395996094,3.1331286430358887
0,2867,0.4368257522583008,-0.2610299289226532,1.1581207513809204,0.1702292561531067,0.5127404928207397,-2.6966800689697266,0.0013884305953979492,3.1180965900421143
0,2868,0.4364796578884125,-0.2610587179660797,1.1580150127410889,0.16906191408634186,0.5139614343643188,-2.699153184890747,0.001280069351196289,3.103370428085327
0,2869,0.4361378252506256,-0.2610926926136017,1.1579099893569946,0.16789275407791138,0.5151781439781189,-2.701629638671875,0.0011726617813110352,3.089461326599121
0,2870,0.435802161693573,-0.26113462448120117,1.157806158065796,0.1667228788137436,0.5163897275924683,-2.7041094303131104,0.001066446304321289,3.0768892765045166
0,2871,0.4354741871356964,-0.26118674874305725,1.1577037572860718,0.16555306315422058,0.517595112323761,-2.7065927982330322,0.0009618997573852539,3.0659902095794678
0,2872,0.43515440821647644,-0.26124998927116394,1.157603144645691,0.16438376903533936,0.5187944173812866,-2.7090792655944824,0.0008587837219238281,3.056974172592163
0,2873,0.43484219908714294,-0.261323481798172,1.1575042009353638,0.16321489214897156,0.5199878215789795,-2.71156907081604,0.0007570981979370117,3.0497934818267822
0,2874,0.4345359802246094,-0.26140499114990234,1.1574064493179321,0.16204504668712616,0.5211758613586426,-2.7140612602233887,0.0006564855575561523,3.043882369995117
0,2875,0.4342336058616638,-0.26149144768714905,1.157309651374817,0.1608729213476181,0.5223600268363953,-2.7165560722351074,0.0005564689636230469,3.038668394088745
0,2876,0.43393293023109436,-0.26157987117767334,1.1572132110595703,0.15969668328762054,0.5235408544540405,-2.719052791595459,0.00045669078826904297,3.0340263843536377
0,2877,0.4336321949958801,-0.2616676390171051,1.1571170091629028,0.1585145741701126,0.5247193574905396,-2.7215490341186523,0.00035631656646728516,3.029118776321411
0,2878,0.4333295524120331,-0.26175227761268616,1.1570206880569458,0.15732388198375702,0.5258957743644714,-2.7240419387817383,0.0002551078796386719,3.023491144180298
0,2879,0.4330233931541443,-0.261831670999527,1.1569241285324097,0.15612192451953888,0.5270702838897705,-2.726527452468872,0.00015246868133544922,3.0164904594421387
0,2880,0.43271225690841675,-0.2619037926197052,1.1568273305892944,0.15490591526031494,0.5282425880432129,-2.729001045227051,4.756450653076172e-05,3.007716655731201
0,2881,0.43239521980285645,-0.2619672417640686,1.156730055809021,0.15367332100868225,0.5294129848480225,-2.7314600944519043,5.9604644775390625e-05,2.9968276023864746
0,2882,0.4320722222328186,-0.26202192902565,1.1566323041915894,0.1524244248867035,0.5305814743041992,-2.7339043617248535,0.0001691579818725586,2.9836032390594482
0,2883,0.43174412846565247,-0.26206904649734497,1.1565343141555786,0.1511608362197876,0.5317479372024536,-2.7363359928131104,0.0002808570861816406,2.9685399532318115
0,2884,0.43141239881515503,-0.26211053133010864,1.1564360857009888,0.14988534152507782,0.5329120755195618,-2.7387595176696777,0.0003941059112548828,2.951941728591919
0,2885,0.4310786724090576,-0.2621487081050873,1.1563376188278198,0.148601233959198,0.5340738296508789,-2.7411789894104004,0.0005081892013549805,2.934515953063965
0,2886,0.43074437975883484,-0.2621857225894928,1.1562391519546509,0.1473107933998108,0.535232424736023,-2.743597984313965,0.000622868537902832,2.916918992996216
0,2887,0.43041056394577026,-0.2622235119342804,1.1561408042907715,0.14601607620716095,0.5363867282867432,-2.746018886566162,0.0007376670837402344,2.899350166320801
0,2888,0.43007802963256836,-0.26226410269737244,1.1560425758361816,0.14471840858459473,0.5375345945358276,-2.748441457748413,0.0008523464202880859,2.8825576305389404
0,2889,0.42974743247032166,-0.2623092830181122,1.1559444665908813,0.14341817796230316,0.5386735796928406,-2.7508656978607178,0.0009667873382568359,2.8666226863861084
0,2890,0.42941921949386597,-0.2623606026172638,1.1558467149734497,0.14211580157279968,0.539801836013794,-2.753290891647339,0.001081228256225586,2.8517661094665527
0,2891,0.4290935695171356,-0.26241883635520935,1.1557490825653076,0.14081120491027832,0.5409181118011475,-2.7557168006896973,0.0011954307556152344,2.8383493423461914
0,2892,0.4287702739238739,-0.262483686208725,1.155651569366455,0.1395040601491928,0.5420225858688354,-2.758143663406372,0.0013092756271362305,2.826115846633911
0,2893,0.42844897508621216,-0.262553870677948,1.155554175376892,0.1381942480802536,0.5431168675422668,-2.760571241378784,0.001422882080078125,2.8149423599243164
0,2894,0.4281291365623474,-0.262627512216568,1.1554570198059082,0.13688190281391144,0.5442041158676147,-2.763000249862671,0.0015366077423095703,2.8044919967651367
0,2895,0.4278102517127991,-0.26270273327827454,1.1553601026535034,0.13556593656539917,0.5452864170074463,-2.7654309272766113,0.0016504526138305664,2.794282913208008
0,2896,0.4274918735027313,-0.26277804374694824,1.1552631855010986,0.13424590229988098,0.5463654398918152,-2.76786208152771,0.001764059066772461,2.7843177318573
0,2897,0.42717382311820984,-0.26285216212272644,1.1551663875579834,0.1329205483198166,0.5474426746368408,-2.7702927589416504,0.0018777847290039062,2.773963689804077
0,2898,0.426856130361557,-0.2629241645336151,1.1550697088241577,0.13158926367759705,0.5485190153121948,-2.7727198600769043,0.0019913911819458008,2.763146162033081
0,2899,0.42653876543045044,-0.2629932761192322,1.154973030090332,0.13025078177452087,0.5495949387550354,-2.7751405239105225,0.002104520797729492,2.751646041870117
0,2900,0.42622172832489014,-0.2630589008331299,1.154876470565796,0.12890399992465973,0.5506701469421387,-2.777552843093872,0.0022172927856445312,2.7390968799591064
0,2901,0.4259050488471985,-0.26312100887298584,1.1547799110412598,0.12754890322685242,0.5517448782920837,-2.779956102371216,0.002329707145690918,2.725485324859619
0,2902,0.4255887567996979,-0.26317986845970154,1.1546833515167236,0.12618573009967804,0.5528193116188049,-2.7823517322540283,0.0024416446685791016,2.7112276554107666
0,2903,0.4252728521823883,-0.2632361948490143,1.154586911201477,0.12481579929590225,0.5538926720619202,-2.7847421169281006,0.002553224563598633,2.696023464202881
0,2904,0.42495742440223694,-0.26329073309898376,1.154490351676941,0.12344026565551758,0.5549641251564026,-2.7871298789978027,0.0026644468307495117,2.6807332038879395
0,2905,0.42464250326156616,-0.26334401965141296,1.1543937921524048,0.12206017971038818,0.556032657623291,-2.789517879486084,0.0027753114700317383,2.665208578109741
0,2906,0.42432844638824463,-0.26339635252952576,1.1542962789535522,0.12067592144012451,0.5570955276489258,-2.7919070720672607,0.0028847455978393555,2.649740695953369
0,2907,0.42401576042175293,-0.26344746351242065,1.1541972160339355,0.11928762495517731,0.5581502914428711,-2.794297456741333,0.002991795539855957,2.63447904586792
0,2908,0.423705130815506,-0.2634969651699066,1.1540955305099487,0.11789587140083313,0.5591927766799927,-2.796687602996826,0.003094911575317383,2.619128942489624
0,2909,0.42339712381362915,-0.26354435086250305,1.1539902687072754,0.11650016158819199,0.5602195858955383,-2.799076795578003,0.0031926631927490234,2.6038384437561035
0,2910,0.42309221625328064,-0.26358935236930847,1.1538807153701782,0.11510051041841507,0.5612280964851379,-2.801464557647705,0.003283977508544922,2.588609218597412
0,2911,0.4227902591228485,-0.2636319696903229,1.1537669897079468,0.11369685083627701,0.5622185468673706,-2.8038501739501953,0.0033690929412841797,2.573213577270508
0,2912,0.4224908947944641,-0.26367250084877014,1.1536498069763184,0.11228960007429123,0.5631936192512512,-2.80623459815979,0.003448963165283203,2.5580313205718994
0,2913,0.4221934378147125,-0.2637116014957428,1.153530240058899,0.11087869852781296,0.5641569495201111,-2.8086187839508057,0.003525257110595703,2.542681932449341
0,2914,0.42189720273017883,-0.2637501060962677,1.1534096002578735,0.1094646081328392,0.565112829208374,-2.8110036849975586,0.0035996437072753906,2.5277037620544434
0,2915,0.42160168290138245,-0.26378899812698364,1.153288722038269,0.10804718732833862,0.5660648345947266,-2.8133902549743652,0.0036736726760864258,2.5127921104431152
0,2916,0.4213067293167114,-0.26382941007614136,1.1531689167022705,0.10662699490785599,0.5670152306556702,-2.815777540206909,0.003748655319213867,2.4984183311462402
0,2917,0.4210122525691986,-0.2638728618621826,1.1530512571334839,0.1052042692899704,0.5679659843444824,-2.818164825439453,0.003826141357421875,2.4845919609069824
0,2918,0.42071840167045593,-0.2639210820198059,1.152936577796936,0.10377982258796692,0.5689185857772827,-2.8205502033233643,0.003906965255737305,2.4716384410858154
0,2919,0.42042529582977295,-0.2639754116535187,1.1528258323669434,0.10235412418842316,0.5698741674423218,-2.822932720184326,0.003992199897766113,2.4595720767974854
0,2920,0.42013293504714966,-0.26403653621673584,1.152719259262085,0.10092702507972717,0.5708327889442444,-2.8253118991851807,0.004082202911376953,2.448725461959839
0,2921,0.41984134912490845,-0.26410385966300964,1.1526166200637817,0.09949851036071777,0.5717942118644714,-2.8276875019073486,0.004176616668701172,2.438793897628784
0,2922,0.4195502996444702,-0.26417601108551025,1.1525169610977173,0.09806791692972183,0.5727569460868835,-2.830061435699463,0.004274487495422363,2.4297080039978027
0,2923,0.41925933957099915,-0.26425114274024963,1.1524193286895752,0.09663490206003189,0.5737196207046509,-2.832434892654419,0.004374980926513672,2.421558141708374
0,2924,0.4189678132534027,-0.26432719826698303,1.1523231267929077,0.09519881755113602,0.574679970741272,-2.834808111190796,0.004477381706237793,2.4136240482330322
0,2925,0.4186742901802063,-0.2644024193286896,1.1522274017333984,0.09375794976949692,0.5756347179412842,-2.837181806564331,0.0045816898345947266,2.40566349029541
0,2926,0.4183766543865204,-0.26447489857673645,1.1521319150924683,0.09231068938970566,0.5765795111656189,-2.8395538330078125,0.004688620567321777,2.3975136280059814
0,2927,0.41807207465171814,-0.2645426392555237,1.1520365476608276,0.0908549427986145,0.5775097012519836,-2.841921806335449,0.004799604415893555,2.3886804580688477
0,2928,0.41775763034820557,-0.2646039128303528,1.1519412994384766,0.08938837051391602,0.5784196853637695,-2.844282865524292,0.00491642951965332,2.3784162998199463
0,2929,0.4174313545227051,-0.26465755701065063,1.1518460512161255,0.08790997415781021,0.5793063044548035,-2.846635103225708,0.00503993034362793,2.366619110107422
0,2930,0.41709303855895996,-0.2647034823894501,1.1517508029937744,0.08641970902681351,0.5801688432693481,-2.84897780418396,0.005170345306396484,2.353349447250366
0,2931,0.41674429178237915,-0.26474255323410034,1.151655673980713,0.08491861075162888,0.581010103225708,-2.8513128757476807,0.00530695915222168,2.3384149074554443
0,2932,0.41638827323913574,-0.2647766172885895,1.1515607833862305,0.08340882509946823,0.5818357467651367,-2.8536429405212402,0.005447864532470703,2.3225417137145996
0,2933,0.4160284698009491,-0.2648078501224518,1.151465892791748,0.08189309388399124,0.5826508402824402,-2.855970621109009,0.005591154098510742,2.306304931640625
0,2934,0.41566842794418335,-0.26483866572380066,1.1513715982437134,0.08037345856428146,0.5834599733352661,-2.8582990169525146,0.005735158920288086,2.290294885635376
0,2935,0.41531163454055786,-0.2648715674877167,1.1512782573699951,0.07885149866342545,0.5842661261558533,-2.860628843307495,0.005878567695617676,2.2748606204986572
0,2936,0.4149618446826935,-0.26490941643714905,1.1511868238449097,0.07732900232076645,0.5850714445114136,-2.862959861755371,0.006020069122314453,2.260619878768921
0,2937,0.4146229326725006,-0.2649553120136261,1.1510982513427734,0.07580677419900894,0.5858766436576843,-2.8652923107147217,0.006158709526062012,2.2480309009552
0,2938,0.4142981171607971,-0.2650119960308075,1.1510133743286133,0.07428595423698425,0.5866817235946655,-2.8676252365112305,0.0062934160232543945,2.237733840942383
0,2939,0.41398900747299194,-0.2650807797908783,1.1509326696395874,0.07276678085327148,0.5874871015548706,-2.86995792388916,0.006423830986022949,2.2298483848571777
0,2940,0.41369497776031494,-0.26516127586364746,1.1508560180664062,0.07124870270490646,0.5882921814918518,-2.8722903728485107,0.006550312042236328,2.2242236137390137
0,2941,0.4134131073951721,-0.2652512788772583,1.150782823562622,0.06973142921924591,0.58909672498703,-2.8746230602264404,0.006673693656921387,2.220524787902832
0,2942,0.4131392240524292,-0.2653473913669586,1.150712013244629,0.06821292638778687,0.5898991227149963,-2.8769562244415283,0.006795167922973633,2.21832013130188
0,2943,0.4128689169883728,-0.26544612646102905,1.1506425142288208,0.06669110804796219,0.5906976461410522,-2.8792896270751953,0.006916165351867676,2.216731548309326
0,2944,0.4125979542732239,-0.2655441164970398,1.1505738496780396,0.06516247987747192,0.5914879441261292,-2.8816213607788086,0.007038474082946777,2.2152299880981445
0,2945,0.4123222231864929,-0.26563790440559387,1.1505051851272583,0.06362225860357285,0.59226393699646,-2.8839471340179443,0.007163286209106445,2.212578058242798
0,2946,0.4120374619960785,-0.2657240927219391,1.1504364013671875,0.06206333637237549,0.5930166244506836,-2.8862619400024414,0.007292985916137695,2.207796096801758
0,2947,0.4117394983768463,-0.2657994031906128,1.150367259979248,0.06047878414392471,0.5937371253967285,-2.8885598182678223,0.00742948055267334,2.199803113937378
0,2948,0.4114254415035248,-0.2658613622188568,1.1502978801727295,0.05886365473270416,0.5944182872772217,-2.890835762023926,0.00757443904876709,2.1876697540283203
0,2949,0.4110944867134094,-0.26590922474861145,1.1502279043197632,0.0572165921330452,0.5950580835342407,-2.893087863922119,0.007728099822998047,2.1709656715393066
0,2950,0.4107484221458435,-0.26594430208206177,1.1501576900482178,0.05554040148854256,0.5956598520278931,-2.8953189849853516,0.007889628410339355,2.150312662124634
0,2951,0.4103911221027374,-0.2659696936607361,1.1500869989395142,0.05384143069386482,0.5962324142456055,-2.8975343704223633,0.00805675983428955,2.126884698867798
0,2952,0.4100273847579956,-0.2659892439842224,1.1500158309936523,0.052126504480838776,0.5967848300933838,-2.89974045753479,0.008226990699768066,2.10152006149292
0,2953,0.40966227650642395,-0.2660070061683655,1.1499437093734741,0.05040096864104271,0.5973240733146667,-2.901942014694214,0.00839698314666748,2.0754685401916504
0,2954,0.4093007743358612,-0.2660270631313324,1.1498701572418213,0.04866691678762436,0.597852885723114,-2.9041404724121094,0.008563637733459473,2.0498499870300293
0,2955,0.40894827246665955,-0.2660539448261261,1.149793028831482,0.04692208394408226,0.5983690619468689,-2.906334638595581,0.00872182846069336,2.0245840549468994
0,2956,0.408610463142395,-0.2660924792289734,1.1497102975845337,0.04516194015741348,0.5988671183586121,-2.9085214138031006,0.008866429328918457,2.0002710819244385
0,2957,0.4082924723625183,-0.26614704728126526,1.1496200561523438,0.04338133707642555,0.5993407368659973,-2.9106967449188232,0.008993029594421387,1.9768478870391846
0,2958,0.4079972803592682,-0.2662202715873718,1.149520754814148,0.04157661274075508,0.5997856855392456,-2.912858009338379,0.009098172187805176,1.954445719718933
0,2959,0.407724529504776,-0.2663121819496155,1.1494125127792358,0.03974774107336998,0.6002014875411987,-2.9150049686431885,0.009182453155517578,1.932796835899353
0,2960,0.4074704945087433,-0.2664196193218231,1.149296522140503,0.03789777308702469,0.6005922555923462,-2.9171407222747803,0.009248971939086914,1.9119267463684082
0,2961,0.40722939372062683,-0.26653772592544556,1.1491745710372925,0.03603171929717064,0.600963294506073,-2.9192676544189453,0.009302496910095215,1.8913437128067017
0,2962,0.4069949984550476,-0.2666613459587097,1.1490471363067627,0.034152790904045105,0.6013179421424866,-2.9213879108428955,0.009347081184387207,1.8707436323165894
0,2963,0.40676161646842957,-0.26678553223609924,1.148911952972412,0.03225871920585632,0.601654052734375,-2.9235005378723145,0.009383440017700195,1.8490676879882812
0,2964,0.4065242111682892,-0.2669057846069336,1.148762822151184,0.030340854078531265,0.6019614338874817,-2.9255998134613037,0.009407997131347656,1.824991226196289
0,2965,0.40627801418304443,-0.26701799035072327,1.1485897302627563,0.028384163975715637,0.6022223234176636,-2.9276745319366455,0.00941324234008789,1.7966760396957397
0,2966,0.40601837635040283,-0.26711809635162354,1.1483808755874634,0.026370203122496605,0.602414608001709,-2.9297125339508057,0.009389877319335938,1.7614753246307373
0,2967,0.40574175119400024,-0.2672029137611389,1.1481261253356934,0.024283168837428093,0.602520227432251,-2.9317023754119873,0.009329676628112793,1.7178276777267456
0,2968,0.4054465889930725,-0.2672709822654724,1.1478208303451538,0.02211565338075161,0.6025306582450867,-2.9336395263671875,0.009228706359863281,1.6643635034561157
0,2969,0.4051342010498047,-0.26732322573661804,1.1474682092666626,0.01987246610224247,0.602452278137207,-2.9355273246765137,0.00908958911895752,1.602055311203003
0,2970,0.4048081338405609,-0.26736268401145935,1.1470779180526733,0.017569012939929962,0.602303147315979,-2.937376022338867,0.008919954299926758,1.5325068235397339
0,2971,0.4044729471206665,-0.2673935294151306,1.1466609239578247,0.01522434875369072,0.6021052598953247,-2.9391980171203613,0.008728384971618652,1.4583078622817993
0,2972,0.4041329026222229,-0.2674197256565094,1.1462247371673584,0.012854261323809624,0.6018763780593872,-2.9410037994384766,0.008520245552062988,1.3812601566314697
0,2973,0.40379080176353455,-0.26744428277015686,1.1457682847976685,0.010465203784406185,0.6016231179237366,-2.942798137664795,0.008292913436889648,1.3026617765426636
0,2974,0.40344804525375366,-0.267469584941864,1.145281195640564,0.008053969591856003,0.6013401746749878,-2.944579601287842,0.008035659790039062,1.2217328548431396
0,2975,0.4031049609184265,-0.26749733090400696,1.1447452306747437,0.005609455518424511,0.6010125875473022,-2.9463417530059814,0.007730007171630859,1.1386638879776
0,2976,0.4027612805366516,-0.26752862334251404,1.1441400051116943,0.003117190208286047,0.6006226539611816,-2.9480764865875244,0.007356047630310059,1.0516465902328491
0,2977,0.40241652727127075,-0.26756396889686584,1.1434509754180908,0.0005662100738845766,0.6001569032669067,-2.9497780799865723,0.006899714469909668,0.9594037532806396
0,2978,0.40207019448280334,-0.26760295033454895,1.1426758766174316,-0.0020455156918615103,0.5996139049530029,-2.9514451026916504,0.006358742713928223,0.8623003363609314
0,2979,0.40172213315963745,-0.2676445543766022,1.1418262720108032,-0.004707775078713894,0.599003791809082,-2.9530789852142334,0.00574493408203125,0.7605329751968384
0,2980,0.40137213468551636,-0.26768743991851807,1.1409244537353516,-0.007397109642624855,0.5983477830886841,-2.954681873321533,0.005080461502075195,0.6549155116081238
0,2981,0.4010199010372162,-0.26773038506507874,1.1399985551834106,-0.010071040131151676,0.5976754426956177,-2.956244707107544,0.004393339157104492,0.5500081181526184
0,2982,0.40066444873809814,-0.267772912979126,1.1390810012817383,-0.012652870267629623,0.5970256328582764,-2.957733154296875,0.003716588020324707,0.4484977722167969
0,2983,0.4003036320209503,-0.26781556010246277,1.138210654258728,-0.015013172291219234,0.5964515209197998,-2.959073781967163,0.0030906200408935547,0.35553276538848877
0,2984,0.3999341130256653,-0.26786014437675476,1.1374353170394897,-0.016959911212325096,0.5960243940353394,-2.9601478576660156,0.002565741539001465,0.2797648012638092
0,2985,0.39956292510032654,-0.26792216300964355,1.1367491483688354,-0.01839449070394039,0.5957880616188049,-2.9608726501464844,0.0021337270736694336,0.22899729013442993
0,2986,0.39918553829193115,-0.2680087685585022,1.1361333131790161,-0.01929343119263649,0.5957700610160828,-2.961226463317871,0.001779794692993164,0.20367176830768585
0,2987,0.39880111813545227,-0.2681230306625366,1.1355737447738647,-0.01963784731924534,0.5959837436676025,-2.9611878395080566,0.0014908313751220703,0.20076893270015717
0,2988,0.3984101414680481,-0.26826396584510803,1.1350740194320679,-0.0194314606487751,0.5964230298995972,-2.960761547088623,0.0012700557708740234,0.22899729013442993
0,2989,0.3980143368244171,-0.2684268653392792,1.1346529722213745,-0.018698256462812424,0.5970644950866699,-2.959974527359009,0.0011345148086547852,0.2804633378982544
0,2990,0.39761626720428467,-0.26860496401786804,1.1343377828598022,-0.017472516745328903,0.5978740453720093,-2.958864450454712,0.0011085271835327148,0.35387781262397766
0,2991,0.39721933007240295,-0.2687907814979553,1.1341543197631836,-0.01578640192747116,0.5988160967826843,-2.9574639797210693,0.001214742660522461,0.4467492699623108
0,2992,0.39682772755622864,-0.2689770758152008,1.1341216564178467,-0.01366138644516468,0.5998575687408447,-2.95578932762146,0.0014685392379760742,0.5567266345024109
0,2993,0.39644700288772583,-0.26915639638900757,1.1342501640319824,-0.011105857789516449,0.6009693741798401,-2.95383620262146,0.001875162124633789,0.6818493604660034
0,2994,0.3960840106010437,-0.26932087540626526,1.1345441341400146,-0.008118408732116222,0.6021222472190857,-2.9515838623046875,0.0024334192276000977,0.8190053701400757
0,2995,0.3957458734512329,-0.26946279406547546,1.1350045204162598,-0.004692574962973595,0.6032891869544983,-2.9490036964416504,0.003138303756713867,0.966920793056488
0,2996,0.39543092250823975,-0.26956331729888916,1.1356223821640015,-0.0008355834288522601,0.6044461727142334,-2.9460806846618652,0.003979086875915527,1.1225676536560059
0,2997,0.39510422945022583,-0.26955026388168335,1.1363508701324463,0.0033824131824076176,0.6055675745010376,-2.942847490310669,0.00492095947265625,1.2750283479690552
0,2998,0.3947709798812866,-0.26944226026535034,1.137199878692627,0.007977950386703014,0.6066637635231018,-2.9393038749694824,0.005973100662231445,1.4269732236862183
0,2999,0.3944856524467468,-0.2693602740764618,1.137885332107544,0.012162549421191216,0.607569694519043,-2.935915946960449,0.006834149360656738,1.5605977773666382
0,3000,0.394243985414505,-0.26932451128959656,1.138380527496338,0.015838727355003357,0.6082949638366699,-2.932769536972046,0.007483124732971191,1.675146222114563
0,3001,0.3940238654613495,-0.26931822299957275,1.1387485265731812,0.01916603185236454,0.608900785446167,-2.929795503616333,0.007995128631591797,1.7767411470413208
0,3002,0.39381033182144165,-0.2693316638469696,1.1390286684036255,0.022251607850193977,0.6094220876693726,-2.92693829536438,0.008417963981628418,1.8696972131729126
0,3003,0.3935898244380951,-0.26935628056526184,1.1392453908920288,0.025161173194646835,0.6098723411560059,-2.924154043197632,0.008783578872680664,1.955446720123291
0,3004,0.3933497369289398,-0.2693847715854645,1.1394129991531372,0.027931325137615204,0.6102515459060669,-2.921407699584961,0.009113550186157227,2.0343239307403564
0,3005,0.3930794298648834,-0.26941144466400146,1.1395397186279297,0.030581796541810036,0.6105520725250244,-2.9186723232269287,0.00942230224609375,2.1057066917419434
0,3006,0.39277246594429016,-0.26943233609199524,1.1396311521530151,0.03312578424811363,0.6107695698738098,-2.9159297943115234,0.009718894958496094,2.169703245162964
0,3007,0.39242854714393616,-0.2694458067417145,1.139692783355713,0.03557822108268738,0.610908031463623,-2.9131715297698975,0.010008811950683594,2.226773977279663
0,3008,0.39205360412597656,-0.26945242285728455,1.1397308111190796,0.03795742243528366,0.6109791994094849,-2.9103972911834717,0.010294437408447266,2.2779557704925537
0,3009,0.39165741205215454,-0.26945430040359497,1.1397517919540405,0.040283724665641785,0.6109996438026428,-2.9076120853424072,0.010576128959655762,2.3252367973327637
0,3010,0.39125096797943115,-0.2694541811943054,1.1397613286972046,0.04257522523403168,0.61098313331604,-2.904819965362549,0.010852694511413574,2.369924783706665
0,3011,0.3908448815345764,-0.2694550156593323,1.1397626399993896,0.04484236612915993,0.6109358072280884,-2.9020233154296875,0.011120915412902832,2.413137197494507
0,3012,0.39044928550720215,-0.26946017146110535,1.139756202697754,0.047086603939533234,0.6108519434928894,-2.899219274520874,0.011374950408935547,2.4548726081848145
0,3013,0.3900744915008545,-0.2694734036922455,1.139740228652954,0.04930137097835541,0.6107152700424194,-2.8964016437530518,0.011607050895690918,2.4944982528686523
0,3014,0.38973066210746765,-0.2694987654685974,1.1397114992141724,0.0514746755361557,0.610504686832428,-2.8935623168945312,0.011807680130004883,2.530489921569824
0,3015,0.38942578434944153,-0.269539475440979,1.13966703414917,0.05359480157494545,0.610201358795166,-2.8906946182250977,0.011969327926635742,2.5622365474700928
0,3016,0.3891630470752716,-0.2695969045162201,1.1396056413650513,0.055655647069215775,0.6097971796989441,-2.8877956867218018,0.012088894844055176,2.5890626907348633
0,3017,0.3889392614364624,-0.26966989040374756,1.1395282745361328,0.057659558951854706,0.6092984676361084,-2.8848681449890137,0.012169361114501953,2.611419916152954
0,3018,0.3887459635734558,-0.2697550654411316,1.1394383907318115,0.05961708724498749,0.6087239980697632,-2.8819186687469482,0.012219071388244629,2.6304640769958496
0,3019,0.38857167959213257,-0.2698479890823364,1.1393400430679321,0.06154176592826843,0.6080980896949768,-2.878955602645874,0.012249112129211426,2.6470799446105957
0,3020,0.3884047269821167,-0.2699439525604248,1.1392362117767334,0.06344585120677948,0.6074426174163818,-2.875986099243164,0.012269377708435059,2.6630043983459473
0,3021,0.3882337510585785,-0.2700386941432953,1.13912832736969,0.06533905863761902,0.6067731976509094,-2.8730127811431885,0.01228797435760498,2.678541660308838
0,3022,0.38804733753204346,-0.2701280415058136,1.1390156745910645,0.06722588837146759,0.6060985326766968,-2.8700356483459473,0.012310981750488281,2.6939172744750977
0,3023,0.3878336250782013,-0.2702077329158783,1.1388956308364868,0.06910765171051025,0.6054223775863647,-2.867051601409912,0.012343168258666992,2.7090606689453125
0,3024,0.3875816762447357,-0.27027374505996704,1.1387652158737183,0.07098334282636642,0.6047459244728088,-2.864056348800659,0.012387633323669434,2.7231860160827637
0,3025,0.3872842788696289,-0.2703235149383545,1.1386221647262573,0.07285258919000626,0.6040693521499634,-2.8610470294952393,0.012446761131286621,2.7364516258239746
0,3026,0.38694053888320923,-0.27035653591156006,1.1384658813476562,0.07471416145563126,0.6033923029899597,-2.858022928237915,0.012520194053649902,2.7484428882598877
0,3027,0.3865565359592438,-0.2703748047351837,1.1382977962493896,0.07656750828027725,0.6027134656906128,-2.8549866676330566,0.012605786323547363,2.7593178749084473
0,3028,0.3861435353755951,-0.2703823149204254,1.1381210088729858,0.07841368019580841,0.602031946182251,-2.8519413471221924,0.012699723243713379,2.769514560699463
0,3029,0.3857143521308899,-0.27038368582725525,1.1379389762878418,0.08025255054235458,0.6013451814651489,-2.8488922119140625,0.012797832489013672,2.7793920040130615
0,3030,0.38528135418891907,-0.2703837454319,1.1377544403076172,0.08208408951759338,0.6006490588188171,-2.845841407775879,0.012895464897155762,2.7891643047332764
0,3031,0.3848561644554138,-0.27038732171058655,1.1375693082809448,0.08390676230192184,0.5999366044998169,-2.842790126800537,0.012987852096557617,2.799112319946289
0,3032,0.3844503164291382,-0.27039963006973267,1.1373848915100098,0.08571796119213104,0.5991973280906677,-2.8397367000579834,0.013069391250610352,2.8091647624969482
0,3033,0.38407519459724426,-0.2704264223575592,1.1372017860412598,0.08751437813043594,0.5984184741973877,-2.836679220199585,0.013134360313415527,2.8192505836486816
0,3034,0.38374048471450806,-0.27047237753868103,1.137020468711853,0.08929230272769928,0.5975885987281799,-2.8336148262023926,0.013177752494812012,2.82936954498291
0,3035,0.38345101475715637,-0.2705402672290802,1.1368412971496582,0.09104982018470764,0.5967018008232117,-2.83054256439209,0.013197064399719238,2.839521646499634
0,3036,0.3832048773765564,-0.27062925696372986,1.1366639137268066,0.09278673678636551,0.5957598686218262,-2.827462911605835,0.013193249702453613,2.849912166595459
0,3037,0.3829936981201172,-0.27073538303375244,1.1364881992340088,0.09450577944517136,0.5947723388671875,-2.8243775367736816,0.013171076774597168,2.860607385635376
0,3038,0.3828054666519165,-0.2708527743816376,1.136313557624817,0.09621008485555649,0.5937532782554626,-2.821289539337158,0.013136863708496094,2.8718080520629883
0,3039,0.38262712955474854,-0.2709752023220062,1.1361392736434937,0.09790249168872833,0.5927164554595947,-2.818202257156372,0.013097286224365234,2.8835082054138184
0,3040,0.3824463188648224,-0.2710968255996704,1.1359643936157227,0.0995856374502182,0.5916752219200134,-2.815117359161377,0.013058662414550781,2.895634651184082
0,3041,0.38225075602531433,-0.27121207118034363,1.135788083076477,0.10126101225614548,0.590640664100647,-2.8120362758636475,0.013027071952819824,2.9079794883728027
0,3042,0.38202768564224243,-0.27131518721580505,1.1356089115142822,0.1029292494058609,0.5896227955818176,-2.8089587688446045,0.013008594512939453,2.920138359069824
0,3043,0.3817647695541382,-0.27140092849731445,1.1354255676269531,0.10459065437316895,0.5886317491531372,-2.805884838104248,0.013008952140808105,2.9317128658294678
0,3044,0.3814530372619629,-0.2714652419090271,1.1352370977401733,0.10624514520168304,0.5876739025115967,-2.80281400680542,0.013032197952270508,2.942044258117676
0,3045,0.3810900151729584,-0.2715068757534027,1.1350430250167847,0.1078929603099823,0.5867514610290527,-2.79974627494812,0.013079285621643066,2.9512784481048584
0,3046,0.3806808292865753,-0.2715279757976532,1.1348437070846558,0.10953366011381149,0.5858607292175293,-2.7966818809509277,0.013147592544555664,2.9592273235321045
0,3047,0.38023674488067627,-0.27153316140174866,1.1346403360366821,0.11116749048233032,0.5849930047988892,-2.7936203479766846,0.013231515884399414,2.966297149658203
0,3048,0.3797715902328491,-0.2715283930301666,1.1344345808029175,0.1127951368689537,0.584138035774231,-2.7905614376068115,0.013324737548828125,2.97282338142395
0,3049,0.37929871678352356,-0.27151966094970703,1.1342275142669678,0.11441682279109955,0.5832850337028503,-2.7875044345855713,0.013420581817626953,2.979335308074951
0,3050,0.3788304328918457,-0.27151262760162354,1.1340203285217285,0.11603305488824844,0.5824241638183594,-2.7844483852386475,0.013513326644897461,2.985964298248291
0,3051,0.3783787786960602,-0.2715132534503937,1.1338138580322266,0.11764521896839142,0.5815442800521851,-2.7813899517059326,0.01359701156616211,2.9934287071228027
0,3052,0.37795644998550415,-0.2715279161930084,1.133609414100647,0.11925539374351501,0.580633819103241,-2.778324842453003,0.01366567611694336,3.0020484924316406
0,3053,0.377575546503067,-0.2715628147125244,1.133407473564148,0.12086482346057892,0.579680860042572,-2.775249481201172,0.013713359832763672,3.012139081954956
0,3054,0.37724459171295166,-0.2716226279735565,1.1332087516784668,0.12247473746538162,0.5786768198013306,-2.772160768508911,0.01373589038848877,3.024203062057495
0,3055,0.37696561217308044,-0.27170851826667786,1.1330134868621826,0.1240854263305664,0.5776199102401733,-2.7690582275390625,0.013732671737670898,3.0384106636047363
0,3056,0.376732736825943,-0.2718175947666168,1.1328212022781372,0.1256953775882721,0.5765151977539062,-2.7659435272216797,0.013706445693969727,3.0546679496765137
0,3057,0.37653425335884094,-0.2719440758228302,1.1326313018798828,0.1273031234741211,0.5753738880157471,-2.7628207206726074,0.013663530349731445,3.0726871490478516
0,3058,0.37635618448257446,-0.27208060026168823,1.132442831993103,0.12890614569187164,0.5742089152336121,-2.7596940994262695,0.013610482215881348,3.0918681621551514
0,3059,0.37618499994277954,-0.27221983671188354,1.1322544813156128,0.1305021047592163,0.5730341076850891,-2.7565674781799316,0.013553500175476074,3.1117489337921143
0,3060,0.37600839138031006,-0.27235478162765503,1.1320654153823853,0.13208989799022675,0.5718611478805542,-2.7534420490264893,0.013498663902282715,3.1315035820007324
0,3061,0.37581461668014526,-0.2724781334400177,1.1318738460540771,0.13366784155368805,0.5707018375396729,-2.7503180503845215,0.0134505033493042,3.1504509449005127
0,3062,0.37559211254119873,-0.27258220314979553,1.1316782236099243,0.13523496687412262,0.569568395614624,-2.7471938133239746,0.013413310050964355,3.1673080921173096
0,3063,0.37533098459243774,-0.27266019582748413,1.1314771175384521,0.13679049909114838,0.5684707164764404,-2.744067668914795,0.01339101791381836,3.181246519088745
0,3064,0.3750256597995758,-0.2727082669734955,1.1312695741653442,0.13833388686180115,0.5674151182174683,-2.740938425064087,0.013385295867919922,3.191629648208618
0,3065,0.37467724084854126,-0.272726833820343,1.1310555934906006,0.1398656666278839,0.5664010643959045,-2.7378058433532715,0.01339566707611084,3.1984310150146484
0,3066,0.37429332733154297,-0.2727208137512207,1.1308363676071167,0.14138710498809814,0.5654204487800598,-2.734670400619507,0.013419151306152344,3.202101469039917
0,3067,0.3738851845264435,-0.27269789576530457,1.1306133270263672,0.1428990662097931,0.5644621253013611,-2.731534481048584,0.013451099395751953,3.203751802444458
0,3068,0.3734647333621979,-0.27266621589660645,1.1303884983062744,0.14440348744392395,0.563513994216919,-2.7283992767333984,0.01348733901977539,3.2044239044189453
0,3069,0.3730427324771881,-0.2726331055164337,1.1301631927490234,0.14590127766132355,0.5625643134117126,-2.7252652645111084,0.013523340225219727,3.2050347328186035
0,3070,0.3726288974285126,-0.2726055681705475,1.1299387216567993,0.1473938226699829,0.5616030097007751,-2.7221314907073975,0.013555765151977539,3.206134080886841
0,3071,0.37223318219184875,-0.27259114384651184,1.1297167539596558,0.14888307452201843,0.56061851978302,-2.7189953327178955,0.013580918312072754,3.208941698074341
0,3072,0.3718658685684204,-0.2725978493690491,1.1294982433319092,0.15037083625793457,0.5595993995666504,-2.7158541679382324,0.013594627380371094,3.214184284210205
0,3073,0.371535986661911,-0.2726326584815979,1.1292848587036133,0.1518588662147522,0.5585352182388306,-2.712704658508301,0.013594388961791992,3.2227609157562256
0,3074,0.3712483048439026,-0.2726993262767792,1.1290773153305054,0.15334764122962952,0.5574202537536621,-2.709545135498047,0.013578295707702637,3.2351901531219482
0,3075,0.37100133299827576,-0.2727968394756317,1.1288751363754272,0.1548365205526352,0.5562560558319092,-2.706376314163208,0.01354682445526123,3.2513675689697266
0,3076,0.37078753113746643,-0.2729196548461914,1.1286777257919312,0.1563241332769394,0.5550510287284851,-2.703200340270996,0.013503313064575195,3.2706987857818604
0,3077,0.3705958127975464,-0.27305927872657776,1.1284834146499634,0.1578076332807541,0.553817868232727,-2.7000210285186768,0.013451695442199707,3.2925338745117188
0,3078,0.37041446566581726,-0.2732066512107849,1.1282908916473389,0.15928426384925842,0.5525699853897095,-2.6968424320220947,0.013396739959716797,3.3155248165130615
0,3079,0.3702329099178314,-0.27335333824157715,1.1280988454818726,0.1607498973608017,0.5513209104537964,-2.6936683654785156,0.013342142105102539,3.3384745121002197
0,3080,0.37004148960113525,-0.27349138259887695,1.127906084060669,0.16220036149024963,0.5500836372375488,-2.6905014514923096,0.013291716575622559,3.3603358268737793
0,3081,0.3698306977748871,-0.2736128866672516,1.1277122497558594,0.16363099217414856,0.5488715767860413,-2.687345027923584,0.013249397277832031,3.3798556327819824
0,3082,0.3695918321609497,-0.27371007204055786,1.127516269683838,0.1650364100933075,0.5476981997489929,-2.684201717376709,0.013218522071838379,3.3954598903656006
0,3083,0.3693183958530426,-0.2737773358821869,1.1273179054260254,0.16641312837600708,0.5465739369392395,-2.6810731887817383,0.013201713562011719,3.406283140182495
0,3084,0.3690084218978882,-0.2738129794597626,1.1271171569824219,0.16776061058044434,0.5455021262168884,-2.6779603958129883,0.013200044631958008,3.4120259284973145
0,3085,0.3686653673648834,-0.27381977438926697,1.1269139051437378,0.1690807044506073,0.5444780588150024,-2.6748619079589844,0.013211369514465332,3.4130585193634033
0,3086,0.3682969808578491,-0.2738042175769806,1.126708984375,0.17037878930568695,0.5434904098510742,-2.6717746257781982,0.013232707977294922,3.410074472427368
0,3087,0.3679125905036926,-0.27377432584762573,1.1265026330947876,0.17166051268577576,0.5425256490707397,-2.6686954498291016,0.01326000690460205,3.4049031734466553
0,3088,0.36752086877822876,-0.2737378478050232,1.126295804977417,0.17293141782283783,0.5415699481964111,-2.6656205654144287,0.013289809226989746,3.3986873626708984
0,3089,0.3671289086341858,-0.2737015187740326,1.1260889768600464,0.17419593036174774,0.540612518787384,-2.662546157836914,0.01331949234008789,3.3924601078033447
0,3090,0.3667427599430084,-0.273671954870224,1.125882863998413,0.17545852065086365,0.5396429300308228,-2.65946626663208,0.01334691047668457,3.38720440864563
0,3091,0.36636868119239807,-0.27365660667419434,1.125678539276123,0.17672358453273773,0.5386491417884827,-2.6563735008239746,0.013370752334594727,3.3839659690856934
0,3092,0.36601313948631287,-0.273663729429245,1.1254764795303345,0.17799481749534607,0.5376198291778564,-2.65325927734375,0.013388752937316895,3.383850336074829
0,3093,0.365681916475296,-0.27370086312294006,1.1252776384353638,0.17927595973014832,0.5365433692932129,-2.650115966796875,0.013399600982666016,3.3880136013031006
0,3094,0.3653782308101654,-0.27377229928970337,1.1250827312469482,0.18056941032409668,0.535413384437561,-2.646937847137451,0.013402819633483887,3.396958827972412
0,3095,0.3651011288166046,-0.27387699484825134,1.1248916387557983,0.18187406659126282,0.5342313051223755,-2.6437270641326904,0.013398885726928711,3.41041898727417
0,3096,0.36484575271606445,-0.2740088999271393,1.1247038841247559,0.18318608403205872,0.5330061912536621,-2.6404895782470703,0.013389229774475098,3.427940607070923
0,3097,0.3646048307418823,-0.2741588056087494,1.1245181560516357,0.18449942767620087,0.5317516326904297,-2.6372361183166504,0.013375639915466309,3.447929859161377
0,3098,0.3643709123134613,-0.2743171155452728,1.1243336200714111,0.18580813705921173,0.5304825305938721,-2.633976459503174,0.013360261917114258,3.469271659851074
0,3099,0.36413732171058655,-0.27447471022605896,1.1241493225097656,0.1871059089899063,0.5292133092880249,-2.630721092224121,0.013344764709472656,3.4903147220611572
0,3100,0.36389800906181335,-0.2746231257915497,1.1239646673202515,0.18838584423065186,0.5279586315155029,-2.627479076385498,0.013330817222595215,3.5098376274108887
0,3101,0.36364734172821045,-0.27475395798683167,1.1237789392471313,0.1896408498287201,0.5267331600189209,-2.6242589950561523,0.013319611549377441,3.526366710662842
0,3102,0.36338010430336,-0.2748589813709259,1.1235915422439575,0.19086295366287231,0.5255521535873413,-2.6210691928863525,0.013312339782714844,3.538339376449585
0,3103,0.3630925714969635,-0.2749320864677429,1.1234018802642822,0.19204656779766083,0.5244268774986267,-2.6179158687591553,0.013309597969055176,3.5445313453674316
0,3104,0.36278340220451355,-0.2749713361263275,1.123210072517395,0.19319044053554535,0.5233613848686218,-2.6148014068603516,0.013311982154846191,3.544752597808838
0,3105,0.3624546527862549,-0.2749796509742737,1.1230162382125854,0.1942979246377945,0.5223506093025208,-2.611721992492676,0.013318777084350586,3.539335250854492
0,3106,0.3621108829975128,-0.2749638259410858,1.1228206157684326,0.19537612795829773,0.5213825702667236,-2.608670234680176,0.0133284330368042,3.529585599899292
0,3107,0.3617575466632843,-0.27493253350257874,1.1226239204406738,0.19643394649028778,0.5204417705535889,-2.6056365966796875,0.013339877128601074,3.517026424407959
0,3108,0.36139988899230957,-0.274893581867218,1.1224266290664673,0.19747932255268097,0.5195135474205017,-2.6026124954223633,0.013351678848266602,3.503304958343506
0,3109,0.36104223132133484,-0.27485334873199463,1.122228980064392,0.19851844012737274,0.5185867547988892,-2.5995898246765137,0.013362526893615723,3.4891927242279053
0,3110,0.36068883538246155,-0.274817556142807,1.1220310926437378,0.19955633580684662,0.5176512002944946,-2.596560478210449,0.013370990753173828,3.4758119583129883
0,3111,0.3603444993495941,-0.274792343378067,1.1218327283859253,0.20059777796268463,0.516696572303772,-2.593514919281006,0.013374924659729004,3.464075803756714
0,3112,0.3600151836872101,-0.2747849225997925,1.1216334104537964,0.20164871215820312,0.515710711479187,-2.590439796447754,0.013371467590332031,3.454737424850464
0,3113,0.35970720648765564,-0.27480295300483704,1.1214327812194824,0.2027147263288498,0.5146800875663757,-2.587322473526001,0.013357996940612793,3.44917893409729
0,3114,0.35942521691322327,-0.27485230565071106,1.1212304830551147,0.2038002610206604,0.5135951638221741,-2.5841522216796875,0.013332247734069824,3.447929859161377
0,3115,0.3591705858707428,-0.2749345600605011,1.1210265159606934,0.20490597188472748,0.5124529600143433,-2.5809266567230225,0.013293743133544922,3.451505422592163
0,3116,0.3589405119419098,-0.27504637837409973,1.1208209991455078,0.20602856576442719,0.5112590789794922,-2.5776515007019043,0.013244032859802246,3.459211587905884
0,3117,0.35872891545295715,-0.2751806080341339,1.1206145286560059,0.20716169476509094,0.5100257992744446,-2.5743401050567627,0.013185858726501465,3.470174551010132
0,3118,0.35852834582328796,-0.2753281891345978,1.1204074621200562,0.20829738676548004,0.508768618106842,-2.5710084438323975,0.013122797012329102,3.4830710887908936
0,3119,0.3583313226699829,-0.2754802703857422,1.120200514793396,0.20942705869674683,0.5075039863586426,-2.567673683166504,0.01305842399597168,3.4965920448303223
0,3120,0.35813072323799133,-0.2756284773349762,1.1199946403503418,0.2105417102575302,0.506247878074646,-2.564352512359619,0.012996554374694824,3.50950288772583
0,3121,0.3579196035861969,-0.2757648229598999,1.1197909116744995,0.21163204312324524,0.5050188899040222,-2.5610623359680176,0.01294100284576416,3.5204763412475586
0,3122,0.35769087076187134,-0.27588117122650146,1.119590401649475,0.21268661320209503,0.5038353204727173,-2.557821750640869,0.012895464897155762,3.527754545211792
0,3123,0.3574381172657013,-0.27597030997276306,1.119394302368164,0.21369539201259613,0.5027143955230713,-2.5546486377716064,0.012863874435424805,3.530362129211426
0,3124,0.3571576476097107,-0.2760279178619385,1.1192028522491455,0.2146526277065277,0.501667320728302,-2.5515525341033936,0.012847542762756348,3.527255058288574
0,3125,0.35684990882873535,-0.27605438232421875,1.1190162897109985,0.21555963158607483,0.5006934404373169,-2.548532485961914,0.012846708297729492,3.5186405181884766
0,3126,0.35651925206184387,-0.27605459094047546,1.1188337802886963,0.21642424166202545,0.49978160858154297,-2.545576333999634,0.01285851001739502,3.505260467529297
0,3127,0.35617250204086304,-0.2760361135005951,1.1186541318893433,0.21725782752037048,0.49891379475593567,-2.542665958404541,0.012879133224487305,3.488800048828125
0,3128,0.3558165729045868,-0.27600666880607605,1.118476152420044,0.21807195246219635,0.4980718493461609,-2.5397822856903076,0.012904524803161621,3.470400094985962
0,3129,0.3554571270942688,-0.27597248554229736,1.1182987689971924,0.21887582540512085,0.4972411096096039,-2.53691029548645,0.012931227684020996,3.451448678970337
0,3130,0.35509803891181946,-0.27593785524368286,1.11812162399292,0.21967552602291107,0.4964112341403961,-2.534039258956909,0.012957572937011719,3.4323928356170654
0,3131,0.35474255681037903,-0.27590638399124146,1.1179438829421997,0.22047507762908936,0.4955751597881317,-2.531161308288574,0.012981295585632324,3.414091110229492
0,3132,0.35439473390579224,-0.2758824825286865,1.1177653074264526,0.22127877175807953,0.494724303483963,-2.528266668319702,0.01300060749053955,3.3970162868499756
0,3133,0.35406023263931274,-0.27587196230888367,1.1175847053527832,0.2220909148454666,0.4938476085662842,-2.5253427028656006,0.013012051582336426,3.381882667541504
0,3134,0.35374578833580017,-0.27588212490081787,1.1174007654190063,0.2229168713092804,0.49293163418769836,-2.522374153137207,0.013011574745178223,3.3695290088653564
0,3135,0.3534577786922455,-0.27591973543167114,1.1172130107879639,0.22376282513141632,0.4919637143611908,-2.519345998764038,0.012996554374694824,3.3609185218811035
0,3136,0.35319945216178894,-0.27598837018013,1.1170204877853394,0.2246307134628296,0.490936815738678,-2.5162510871887207,0.012964606285095215,3.356255054473877
0,3137,0.35296979546546936,-0.2760869860649109,1.116823673248291,0.2255192995071411,0.48985275626182556,-2.5130910873413086,0.012916803359985352,3.3555550575256348
0,3138,0.35276344418525696,-0.27621015906333923,1.1166235208511353,0.22642378509044647,0.4887218177318573,-2.509878635406494,0.012856245040893555,3.358062982559204
0,3139,0.35257279872894287,-0.276349812746048,1.116421103477478,0.227336585521698,0.48755934834480286,-2.506631851196289,0.012787222862243652,3.3627822399139404
0,3140,0.35238999128341675,-0.2764975130558014,1.1162174940109253,0.22824977338314056,0.4863809049129486,-2.503368854522705,0.012713789939880371,3.3685410022735596
0,3141,0.3522081971168518,-0.2766459286212921,1.116013526916504,0.2291562706232071,0.4852014183998108,-2.500105857849121,0.012639403343200684,3.374406099319458
0,3142,0.35202139616012573,-0.27678826451301575,1.1158097982406616,0.23004914820194244,0.4840344190597534,-2.4968578815460205,0.01256716251373291,3.3792765140533447
0,3143,0.35182347893714905,-0.27691760659217834,1.1156069040298462,0.23092103004455566,0.4828951954841614,-2.4936399459838867,0.012499690055847168,3.3821139335632324
0,3144,0.3516080379486084,-0.2770264148712158,1.1154050827026367,0.2317638248205185,0.48179954290390015,-2.4904685020446777,0.012439608573913574,3.381708860397339
0,3145,0.35136938095092773,-0.277107834815979,1.1152048110961914,0.23256991803646088,0.4807629883289337,-2.4873576164245605,0.012389421463012695,3.3768420219421387
0,3146,0.3511042892932892,-0.2771580219268799,1.1150058507919312,0.23333550989627838,0.47979408502578735,-2.484316349029541,0.012349963188171387,3.366971492767334
0,3147,0.3508135676383972,-0.2771778106689453,1.114808440208435,0.23406225442886353,0.4788917601108551,-2.481341600418091,0.012321114540100098,3.3521692752838135
0,3148,0.35050168633461,-0.2771722376346588,1.1146122217178345,0.23475605249404907,0.4780447483062744,-2.4784226417541504,0.012300610542297363,3.3333098888397217
0,3149,0.350175142288208,-0.2771490514278412,1.1144167184829712,0.23542624711990356,0.477236807346344,-2.475543260574341,0.012285709381103516,3.3119208812713623
0,3150,0.34984052181243896,-0.2771158218383789,1.1142218112945557,0.23608212172985077,0.4764510989189148,-2.4726855754852295,0.012273907661437988,3.289083480834961
0,3151,0.3495028614997864,-0.2770783603191376,1.1140271425247192,0.23673085868358612,0.47567546367645264,-2.469837188720703,0.012262821197509766,3.265906572341919
0,3152,0.34916549921035767,-0.2770404517650604,1.113832712173462,0.23737627267837524,0.4749011993408203,-2.466989040374756,0.01225125789642334,3.242926597595215
0,3153,0.34883108735084534,-0.2770051658153534,1.113638162612915,0.23802119493484497,0.47412237524986267,-2.46413516998291,0.012238025665283203,3.2206339836120605
0,3154,0.3485029637813568,-0.27697616815567017,1.1134434938430786,0.23866842687129974,0.47333207726478577,-2.4612679481506348,0.012221813201904297,3.1992878913879395
0,3155,0.34818601608276367,-0.27695873379707336,1.113248348236084,0.2393212467432022,0.47252076864242554,-2.458376169204712,0.012200474739074707,3.1796460151672363
0,3156,0.3478865921497345,-0.27695992588996887,1.113052248954773,0.2399841994047165,0.4716751277446747,-2.4554452896118164,0.012171268463134766,3.1623594760894775
0,3157,0.3476110100746155,-0.276986688375473,1.1128547191619873,0.2406614124774933,0.4707818627357483,-2.4524612426757812,0.012131571769714355,3.1480889320373535
0,3158,0.3473634719848633,-0.2770436406135559,1.1126554012298584,0.24135573208332062,0.4698326289653778,-2.449413776397705,0.012079358100891113,3.137312173843384
0,3159,0.34714415669441223,-0.27713102102279663,1.1124546527862549,0.24206680059432983,0.46882691979408264,-2.446303129196167,0.012015223503112793,3.130002975463867
0,3160,0.3469489514827728,-0.2772444188594818,1.1122524738311768,0.24279111623764038,0.4677726924419403,-2.443138360977173,0.011940717697143555,3.1254963874816895
0,3161,0.3467710614204407,-0.2773764133453369,1.1120494604110718,0.24352335929870605,0.46668368577957153,-2.4399354457855225,0.011858940124511719,3.1230525970458984
0,3162,0.3466029465198517,-0.2775188684463501,1.1118459701538086,0.24425755441188812,0.4655751883983612,-2.436710834503174,0.011772990226745605,3.121861457824707
0,3163,0.3464381992816925,-0.2776644825935364,1.1116423606872559,0.2449883371591568,0.4644605815410614,-2.4334795475006104,0.011685609817504883,3.1211087703704834
0,3164,0.34627142548561096,-0.27780675888061523,1.1114388704299927,0.24571064114570618,0.463351845741272,-2.4302542209625244,0.011598825454711914,3.1197285652160645
0,3165,0.3460977077484131,-0.2779392600059509,1.111235499382019,0.24641968309879303,0.462260365486145,-2.4270458221435547,0.01151430606842041,3.1169662475585938
0,3166,0.34591206908226013,-0.27805474400520325,1.1110326051712036,0.24711015820503235,0.4611985981464386,-2.4238650798797607,0.011433601379394531,3.11187481880188
0,3167,0.34570929408073425,-0.2781457304954529,1.110830307006836,0.24777626991271973,0.4601794481277466,-2.4207234382629395,0.011358380317687988,3.1031811237335205
0,3168,0.34548524022102356,-0.2782061696052551,1.1106287240982056,0.24841366708278656,0.4592136740684509,-2.417630910873413,0.01129007339477539,3.090094804763794
0,3169,0.34523844718933105,-0.27823394536972046,1.110427737236023,0.2490210235118866,0.458305299282074,-2.414590358734131,0.011228799819946289,3.072368860244751
0,3170,0.3449708819389343,-0.278231680393219,1.1102274656295776,0.24960115551948547,0.4574495553970337,-2.4115965366363525,0.01117408275604248,3.050499439239502
0,3171,0.34468716382980347,-0.2782059609889984,1.11002779006958,0.2501596212387085,0.45663607120513916,-2.4086403846740723,0.011124134063720703,3.025303363800049
0,3172,0.34439295530319214,-0.27816468477249146,1.1098283529281616,0.250702828168869,0.4558504819869995,-2.4057083129882812,0.011077165603637695,2.9982643127441406
0,3173,0.3440934121608734,-0.27811524271965027,1.1096291542053223,0.25123703479766846,0.45508038997650146,-2.4027888774871826,0.011031508445739746,2.9701883792877197
0,3174,0.34379228949546814,-0.2780630886554718,1.1094304323196411,0.25176697969436646,0.4543163776397705,-2.399873971939087,0.01098620891571045,2.942243814468384
0,3175,0.3434922695159912,-0.27801191806793213,1.109231948852539,0.2522949278354645,0.4535520672798157,-2.3969576358795166,0.0109405517578125,2.914703369140625
0,3176,0.34319573640823364,-0.2779653072357178,1.1090335845947266,0.2528226375579834,0.45278191566467285,-2.3940348625183105,0.010893464088439941,2.8881208896636963
0,3177,0.34290602803230286,-0.2779279351234436,1.1088353395462036,0.25335243344306946,0.451998233795166,-2.3910984992980957,0.010844111442565918,2.8628647327423096
0,3178,0.34262770414352417,-0.2779066860675812,1.1086375713348389,0.2538873255252838,0.4511907398700714,-2.3881397247314453,0.010791659355163574,2.839728355407715
0,3179,0.3423658609390259,-0.2779090106487274,1.1084399223327637,0.2544296383857727,0.450347363948822,-2.385148048400879,0.010734319686889648,2.8194587230682373
0,3180,0.3421250283718109,-0.2779414653778076,1.1082425117492676,0.25498202443122864,0.44945818185806274,-2.382114887237549,0.010671019554138184,2.802536964416504
0,3181,0.34190699458122253,-0.27800673246383667,1.1080454587936401,0.2555454671382904,0.44851842522621155,-2.3790359497070312,0.010601520538330078,2.789304733276367
0,3182,0.3417101502418518,-0.2781026363372803,1.1078485250473022,0.2561180889606476,0.4475316107273102,-2.3759145736694336,0.010526061058044434,2.7792510986328125
0,3183,0.34153008460998535,-0.278222918510437,1.107651948928833,0.2566973567008972,0.4465075135231018,-2.372760057449341,0.010446310043334961,2.77170467376709
0,3184,0.3413609266281128,-0.278359055519104,1.1074557304382324,0.25727924704551697,0.4454593360424042,-2.3695836067199707,0.01036381721496582,2.7659783363342285
0,3185,0.34119707345962524,-0.27850285172462463,1.1072595119476318,0.25785958766937256,0.44440019130706787,-2.366396903991699,0.01027977466583252,2.7610909938812256
0,3186,0.341033935546875,-0.2786475718021393,1.1070634126663208,0.25843533873558044,0.44334062933921814,-2.3632097244262695,0.010195612907409668,2.756194829940796
0,3187,0.34086742997169495,-0.2787874639034271,1.1068674325942993,0.2590031325817108,0.44228920340538025,-2.36003041267395,0.010112404823303223,2.7508633136749268
0,3188,0.34069329500198364,-0.27891644835472107,1.1066715717315674,0.25955936312675476,0.44125619530677795,-2.356868267059326,0.010031342506408691,2.7442374229431152
0,3189,0.3405066430568695,-0.27902740240097046,1.1064757108688354,0.2600996196269989,0.4402517080307007,-2.3537325859069824,0.009953498840332031,2.7355215549468994
0,3190,0.3403025269508362,-0.27911317348480225,1.1062800884246826,0.26062074303627014,0.43928736448287964,-2.3506338596343994,0.009880542755126953,2.723832845687866
0,3191,0.34007716178894043,-0.27916833758354187,1.1060847043991089,0.26111897826194763,0.4383714497089386,-2.3475801944732666,0.009813189506530762,2.708627223968506
0,3192,0.33982962369918823,-0.27919143438339233,1.1058894395828247,0.26159361004829407,0.43750646710395813,-2.344573736190796,0.009751677513122559,2.689772367477417
0,3193,0.3395622670650482,-0.27918580174446106,1.1056941747665405,0.26204714179039,0.4366873502731323,-2.341609001159668,0.009694933891296387,2.667851209640503
0,3194,0.33927983045578003,-0.27915823459625244,1.105499029159546,0.2624843418598175,0.4359041452407837,-2.338676929473877,0.00964200496673584,2.6437501907348633
0,3195,0.33898797631263733,-0.2791166603565216,1.1053041219711304,0.2629103660583496,0.435144305229187,-2.3357646465301514,0.009591460227966309,2.6185309886932373
0,3196,0.33869150280952454,-0.2790679633617401,1.105109453201294,0.26333004236221313,0.43439725041389465,-2.332862615585327,0.009541749954223633,2.5929911136627197
0,3197,0.3383937478065491,-0.27901703119277954,1.1049151420593262,0.2637464702129364,0.4336555302143097,-2.3299636840820312,0.009492278099060059,2.5679595470428467
0,3198,0.33809688687324524,-0.2789672315120697,1.1047214269638062,0.26416125893592834,0.4329138994216919,-2.3270628452301025,0.009442806243896484,2.5435285568237305
0,3199,0.33780279755592346,-0.2789217531681061,1.1045290231704712,0.26457536220550537,0.43216800689697266,-2.32415771484375,0.009393572807312012,2.520181179046631
0,3200,0.33751380443573,-0.2788850963115692,1.1043387651443481,0.2649898827075958,0.43141087889671326,-2.3212432861328125,0.009345054626464844,2.4984183311462402
0,3201,0.3372332751750946,-0.278863787651062,1.1041520833969116,0.26540571451187134,0.4306337535381317,-2.31831431388855,0.009298205375671387,2.478597640991211
0,3202,0.3369652330875397,-0.27886539697647095,1.103971004486084,0.2658245861530304,0.42982587218284607,-2.315363645553589,0.009254217147827148,2.46116304397583
0,3203,0.3367132246494293,-0.27889662981033325,1.103797197341919,0.26624754071235657,0.4289771616458893,-2.312384605407715,0.009214401245117188,2.4470465183258057
0,3204,0.33647873997688293,-0.27896058559417725,1.1036311388015747,0.26667505502700806,0.42808374762535095,-2.3093748092651367,0.009178996086120605,2.4358224868774414
0,3205,0.3362608551979065,-0.27905550599098206,1.1034724712371826,0.26710620522499084,0.4271477162837982,-2.306335926055908,0.0091477632522583,2.4275319576263428
0,3206,0.3360561430454254,-0.2791752517223358,1.1033200025558472,0.2675396502017975,0.4261777400970459,-2.3032734394073486,0.009120464324951172,2.4213156700134277
0,3207,0.33586016297340393,-0.27931132912635803,1.1031715869903564,0.26797300577163696,0.4251860976219177,-2.3001956939697266,0.009095430374145508,2.416703462600708
0,3208,0.33566874265670776,-0.27945592999458313,1.1030253171920776,0.26840415596961975,0.42418384552001953,-2.297110080718994,0.009071826934814453,2.4126505851745605
0,3209,0.33547842502593994,-0.2796027958393097,1.1028798818588257,0.26883167028427124,0.4231799840927124,-2.294023036956787,0.009048700332641602,2.4089159965515137
0,3210,0.33528652787208557,-0.27974727749824524,1.102734088897705,0.26925399899482727,0.4221806228160858,-2.290938377380371,0.0090254545211792,2.405012845993042
0,3211,0.3350903391838074,-0.27988457679748535,1.1025869846343994,0.26966938376426697,0.4211922585964203,-2.2878620624542236,0.009001612663269043,2.4004509449005127
0,3212,0.3348864018917084,-0.28000885248184204,1.1024374961853027,0.2700757384300232,0.4202221930027008,-2.284799814224243,0.00897681713104248,2.394899845123291
0,3213,0.3346705138683319,-0.280113160610199,1.1022841930389404,0.27047020196914673,0.41927874088287354,-2.281759023666382,0.008950471878051758,2.3877792358398438
0,3214,0.33443865180015564,-0.2801907956600189,1.1021257638931274,0.2708504796028137,0.4183703660964966,-2.27874755859375,0.00892174243927002,2.3786630630493164
0,3215,0.334188312292099,-0.2802378237247467,1.101961612701416,0.27121490240097046,0.41750213503837585,-2.2757694721221924,0.008890748023986816,2.367363214492798
0,3216,0.3339199423789978,-0.280254602432251,1.101791501045227,0.27156391739845276,0.4166734218597412,-2.2728240489959717,0.008857011795043945,2.3541810512542725
0,3217,0.33363649249076843,-0.28024592995643616,1.1016165018081665,0.2718997597694397,0.415878564119339,-2.2699062824249268,0.008820772171020508,2.3395862579345703
0,3218,0.333342581987381,-0.2802194356918335,1.101438283920288,0.27222585678100586,0.4151082932949066,-2.267007350921631,0.008782744407653809,2.324310779571533
0,3219,0.3330426812171936,-0.2801826298236847,1.1012582778930664,0.272545725107193,0.41435325145721436,-2.2641196250915527,0.008743762969970703,2.3093578815460205
0,3220,0.3327403664588928,-0.28014126420021057,1.101077675819397,0.2728617191314697,0.41360607743263245,-2.2612359523773193,0.008704066276550293,2.294990062713623
0,3221,0.3324379622936249,-0.28009921312332153,1.100897192955017,0.27317574620246887,0.41286182403564453,-2.258352518081665,0.00866389274597168,2.2815613746643066
0,3222,0.3321370780467987,-0.28005895018577576,1.1007169485092163,0.2734888195991516,0.4121164381504059,-2.255465269088745,0.008623123168945312,2.269174814224243
0,3223,0.33183959126472473,-0.2800233066082001,1.1005373001098633,0.2738014757633209,0.4113653302192688,-2.252570867538452,0.008581757545471191,2.257934331893921
0,3224,0.3315483033657074,-0.2799965441226959,1.1003578901290894,0.27411484718322754,0.4106006324291229,-2.2496631145477295,0.00853884220123291,2.247856855392456
0,3225,0.3312672972679138,-0.27998486161231995,1.1001790761947632,0.27443045377731323,0.4098113775253296,-2.246732711791992,0.008493781089782715,2.2389581203460693
0,3226,0.33100107312202454,-0.27999502420425415,1.1000007390975952,0.2747505307197571,0.40898534655570984,-2.243769884109497,0.00844573974609375,2.2309012413024902
0,3227,0.3307531774044037,-0.2800324261188507,1.099822998046875,0.2750755548477173,0.408112496137619,-2.240767002105713,0.008394002914428711,2.2237837314605713
0,3228,0.33052489161491394,-0.280099093914032,1.099645733833313,0.27540627121925354,0.40718936920166016,-2.2377209663391113,0.008338451385498047,2.2171730995178223
0,3229,0.33031460642814636,-0.2801925837993622,1.0994689464569092,0.27574145793914795,0.40621981024742126,-2.234635353088379,0.00827932357788086,2.2108967304229736
0,3230,0.33011820912361145,-0.280306875705719,1.099292516708374,0.2760787308216095,0.4052150547504425,-2.2315187454223633,0.008217573165893555,2.204780101776123
0,3231,0.32993078231811523,-0.28043442964553833,1.0991164445877075,0.27641603350639343,0.40418851375579834,-2.2283825874328613,0.008154153823852539,2.198735237121582
0,3232,0.3297475576400757,-0.2805684804916382,1.0989408493041992,0.27675119042396545,0.4031520485877991,-2.2252368927001953,0.00809025764465332,2.192673921585083
0,3233,0.32956480979919434,-0.28070375323295593,1.0987656116485596,0.2770821750164032,0.40211525559425354,-2.222090244293213,0.008026719093322754,2.1869537830352783
0,3234,0.3293793499469757,-0.28083595633506775,1.0985910892486572,0.2774072587490082,0.4010853171348572,-2.218949317932129,0.007964372634887695,2.181039333343506
0,3235,0.3291874825954437,-0.2809607684612274,1.0984179973602295,0.277724027633667,0.4000694751739502,-2.215822458267212,0.007905006408691406,2.1756484508514404
0,3236,0.32898464798927307,-0.2810730040073395,1.0982472896575928,0.2780296802520752,0.3990752696990967,-2.212719440460205,0.0078507661819458,2.170424699783325
0,3237,0.3287656307220459,-0.2811668813228607,1.0980803966522217,0.2783210277557373,0.3981119990348816,-2.2096521854400635,0.007804393768310547,2.1659111976623535
0,3238,0.3285259008407593,-0.2812374234199524,1.0979183912277222,0.27859535813331604,0.39718708395957947,-2.206630229949951,0.007768034934997559,2.1624746322631836
0,3239,0.32826343178749084,-0.2812821865081787,1.0977617502212524,0.27885159850120544,0.39630478620529175,-2.2036585807800293,0.007742762565612793,2.160301446914673
0,3240,0.3279794454574585,-0.2813025712966919,1.0976101160049438,0.2790907323360443,0.3954627215862274,-2.2007341384887695,0.007727503776550293,2.159576654434204
0,3241,0.32767823338508606,-0.2813033163547516,1.0974626541137695,0.27931568026542664,0.39465391635894775,-2.197847366333008,0.007720589637756348,2.1605732440948486
0,3242,0.327365517616272,-0.281290739774704,1.0973179340362549,0.2795308232307434,0.3938681483268738,-2.194985866546631,0.007718682289123535,2.163379669189453
0,3243,0.32704663276672363,-0.2812707722187042,1.097175121307373,0.27974018454551697,0.3930967152118683,-2.1921377182006836,0.007719635963439941,2.167537212371826
0,3244,0.32672548294067383,-0.28124773502349854,1.097032904624939,0.27994588017463684,0.39233261346817017,-2.1892943382263184,0.0077211856842041016,2.173128366470337
0,3245,0.3264043629169464,-0.28122416138648987,1.0968908071517944,0.2801491618156433,0.391571581363678,-2.186450242996216,0.007722258567810059,2.1800520420074463
0,3246,0.32608485221862793,-0.2812020480632782,1.0967488288879395,0.2803514301776886,0.39080965518951416,-2.1836016178131104,0.007722377777099609,2.188117027282715
0,3247,0.3257688581943512,-0.28118371963500977,1.0966063737869263,0.28055331110954285,0.39004167914390564,-2.180743932723999,0.0077207088470458984,2.1967761516571045
0,3248,0.32545918226242065,-0.28117263317108154,1.0964629650115967,0.28075554966926575,0.3892599046230316,-2.177870035171509,0.007715940475463867,2.2062883377075195
0,3249,0.3251599073410034,-0.2811737060546875,1.0963175296783447,0.2809586226940155,0.38845303654670715,-2.1749699115753174,0.007706165313720703,2.2152299880981445
0,3250,0.32487568259239197,-0.2811928689479828,1.0961694717407227,0.2811642587184906,0.3876073360443115,-2.1720314025878906,0.007689952850341797,2.223167657852173
0,3251,0.32461023330688477,-0.28123483061790466,1.0960179567337036,0.28137338161468506,0.386711984872818,-2.1690449714660645,0.007665514945983887,2.228970527648926
0,3252,0.32436487078666687,-0.2813014090061188,1.095862627029419,0.2815852165222168,0.385763019323349,-2.1660077571868896,0.007632613182067871,2.232304573059082
0,3253,0.32413816452026367,-0.2813906669616699,1.0957038402557373,0.28179940581321716,0.38476428389549255,-2.1629228591918945,0.007591724395751953,2.2330057621002197
0,3254,0.3239259719848633,-0.281497597694397,1.0955424308776855,0.2820146381855011,0.38372763991355896,-2.1598010063171387,0.007544755935668945,2.2316906452178955
0,3255,0.32372310757637024,-0.2816159427165985,1.09537935256958,0.28222858905792236,0.38266727328300476,-2.1566548347473145,0.0074939727783203125,2.228970527648926
0,3256,0.32352492213249207,-0.28173989057540894,1.0952154397964478,0.2824394106864929,0.38159629702568054,-2.153496265411377,0.007441043853759766,2.22563099861145
0,3257,0.32332777976989746,-0.2818649709224701,1.0950514078140259,0.2826462686061859,0.38052427768707275,-2.150334358215332,0.007387638092041016,2.222287178039551
0,3258,0.32312899827957153,-0.2819875180721283,1.094887614250183,0.2828480005264282,0.3794578015804291,-2.147174835205078,0.007334589958190918,2.218937635421753
0,3259,0.32292574644088745,-0.28210383653640747,1.0947240591049194,0.2830424904823303,0.37840211391448975,-2.144024133682251,0.007282376289367676,2.2162017822265625
0,3260,0.3227148950099945,-0.2822094261646271,1.0945613384246826,0.2832280695438385,0.37736254930496216,-2.1408872604370117,0.007232069969177246,2.214611530303955
0,3261,0.32249271869659424,-0.28229889273643494,1.094399333000183,0.2834021747112274,0.37634527683258057,-2.1377720832824707,0.007184267044067383,2.214346408843994
0,3262,0.32225582003593445,-0.2823672294616699,1.09423828125,0.2835625410079956,0.37535595893859863,-2.1346845626831055,0.007139682769775391,2.2159366607666016
0,3263,0.3220023214817047,-0.2824118733406067,1.0940783023834229,0.28370827436447144,0.3743976056575775,-2.1316285133361816,0.007098555564880371,2.2196433544158936
0,3264,0.32173293828964233,-0.2824336588382721,1.093919277191162,0.2838395833969116,0.3734688460826874,-2.1286017894744873,0.007060647010803223,2.225806951522827
0,3265,0.3214505910873413,-0.2824367880821228,1.0937613248825073,0.28395935893058777,0.3725658059120178,-2.1255996227264404,0.007025480270385742,2.2342326641082764
0,3266,0.32115936279296875,-0.2824269235134125,1.0936039686203003,0.28407013416290283,0.3716810345649719,-2.1226134300231934,0.006991863250732422,2.244371175765991
0,3267,0.3208633065223694,-0.2824096977710724,1.093447208404541,0.28417494893074036,0.3708082139492035,-2.119636058807373,0.006959199905395508,2.256200075149536
0,3268,0.32056528329849243,-0.28238940238952637,1.0932906866073608,0.28427574038505554,0.3699420988559723,-2.116661548614502,0.006926417350769043,2.269261121749878
0,3269,0.3202672600746155,-0.2823687791824341,1.0931344032287598,0.28437381982803345,0.3690792918205261,-2.1136860847473145,0.0068933963775634766,2.28310489654541
0,3270,0.31997063755989075,-0.28234994411468506,1.0929784774780273,0.2844694256782532,0.3682155907154083,-2.1107070446014404,0.006859898567199707,2.2975473403930664
0,3271,0.3196769654750824,-0.2823353707790375,1.0928229093551636,0.2845631241798401,0.3673456311225891,-2.1077194213867188,0.006825923919677734,2.3124070167541504
0,3272,0.319388747215271,-0.28232890367507935,1.0926679372787476,0.2846549451351166,0.36646100878715515,-2.10471773147583,0.006791234016418457,2.326751470565796
0,3273,0.31910908222198486,-0.2823353707790375,1.0925133228302002,0.28474417328834534,0.36555078625679016,-2.101694107055664,0.006755352020263672,2.3400044441223145
0,3274,0.3188411593437195,-0.2823599576950073,1.092359185218811,0.2848306894302368,0.3646031320095062,-2.0986404418945312,0.0067179203033447266,2.3510193824768066
0,3275,0.3185873329639435,-0.28240615129470825,1.0922057628631592,0.2849142253398895,0.3636094629764557,-2.095550537109375,0.006679058074951172,2.3589980602264404
0,3276,0.31834787130355835,-0.2824745178222656,1.0920531749725342,0.28499457240104675,0.3625691533088684,-2.092423915863037,0.006638884544372559,2.363722562789917
0,3277,0.31812089681625366,-0.282562255859375,1.0919013023376465,0.28507131338119507,0.36148813366889954,-2.089264392852783,0.0065975189208984375,2.365709066390991
0,3278,0.3179030418395996,-0.28266412019729614,1.091749906539917,0.28514373302459717,0.36037856340408325,-2.0860815048217773,0.006555438041687012,2.3653781414031982
0,3279,0.3176906108856201,-0.2827743887901306,1.0915987491607666,0.2852116525173187,0.3592533469200134,-2.0828843116760254,0.0065125226974487305,2.363970994949341
0,3280,0.3174804747104645,-0.2828882932662964,1.0914480686187744,0.2852749824523926,0.3581225275993347,-2.0796799659729004,0.0064697265625,2.361983060836792
0,3281,0.3172701597213745,-0.28300201892852783,1.0912976264953613,0.2853333652019501,0.35699406266212463,-2.076475143432617,0.00642704963684082,2.360159397125244
0,3282,0.3170575797557831,-0.28311246633529663,1.0911474227905273,0.2853859066963196,0.35587307810783386,-2.0732734203338623,0.006384611129760742,2.3588321208953857
0,3283,0.31684038043022156,-0.28321635723114014,1.0909979343414307,0.2854311764240265,0.3547634780406952,-2.070079803466797,0.006343245506286621,2.3585002422332764
0,3284,0.31661561131477356,-0.28330931067466736,1.0908490419387817,0.2854669988155365,0.3536696135997772,-2.066899299621582,0.006303310394287109,2.3599934577941895
0,3285,0.3163801431655884,-0.28338688611984253,1.0907012224197388,0.2854914665222168,0.35259637236595154,-2.0637378692626953,0.006265521049499512,2.363474130630493
0,3286,0.3161315321922302,-0.2834456264972687,1.0905548334121704,0.28550300002098083,0.3515469431877136,-2.0605995655059814,0.006230592727661133,2.369924783706665
0,3287,0.31586894392967224,-0.28348419070243835,1.090409755706787,0.2855008840560913,0.3505234718322754,-2.057486057281494,0.006198406219482422,2.3794033527374268
0,3288,0.31559357047080994,-0.2835043668746948,1.0902659893035889,0.28548651933670044,0.3495233356952667,-2.0543951988220215,0.006168723106384277,2.391956090927124
0,3289,0.31530827283859253,-0.28351014852523804,1.0901232957839966,0.2854616641998291,0.3485427796840668,-2.051321268081665,0.0061408281326293945,2.407127857208252
0,3290,0.3150164783000946,-0.28350651264190674,1.0899814367294312,0.2854292392730713,0.3475763201713562,-2.0482583045959473,0.0061141252517700195,2.424062490463257
0,3291,0.3147214353084564,-0.2834978997707367,1.089840054512024,0.2853911221027374,0.34661924839019775,-2.0452003479003906,0.006087660789489746,2.4424827098846436
0,3292,0.3144252896308899,-0.2834875285625458,1.0896990299224854,0.2853492200374603,0.3456677198410034,-2.042142868041992,0.006061196327209473,2.4614813327789307
0,3293,0.31412962079048157,-0.2834775447845459,1.0895583629608154,0.2853040397167206,0.3447186052799225,-2.0390830039978027,0.006034493446350098,2.4813599586486816
0,3294,0.3138357102870941,-0.2834700644016266,1.0894180536270142,0.2852555811405182,0.343767374753952,-2.036017417907715,0.00600743293762207,2.5010807514190674
0,3295,0.313545286655426,-0.2834678590297699,1.089278221130371,0.2852034270763397,0.3428073823451996,-2.0329418182373047,0.005980014801025391,2.520336627960205
0,3296,0.3132608234882355,-0.2834746241569519,1.0891388654708862,0.2851463258266449,0.34182971715927124,-2.029849052429199,0.005951881408691406,2.5382132530212402
0,3297,0.31298527121543884,-0.2834949493408203,1.0890004634857178,0.2850832939147949,0.34082263708114624,-2.0267317295074463,0.00592350959777832,2.5535130500793457
0,3298,0.3127211332321167,-0.2835327684879303,1.0888630151748657,0.2850131690502167,0.33977648615837097,-2.023582935333252,0.005894660949707031,2.565366744995117
0,3299,0.3124695122241974,-0.28358983993530273,1.088726282119751,0.2849346995353699,0.3386867344379425,-2.020399332046509,0.005864858627319336,2.5731375217437744
0,3300,0.3122296929359436,-0.2836652100086212,1.0885907411575317,0.284848153591156,0.33755621314048767,-2.0171830654144287,0.005835056304931641,2.57709002494812
0,3301,0.31199929118156433,-0.2837550640106201,1.0884559154510498,0.2847537696361542,0.3363936245441437,-2.0139408111572266,0.005804777145385742,2.5778493881225586
0,3302,0.3117751479148865,-0.28385451436042786,1.0883218050003052,0.2846525013446808,0.33521130681037903,-2.0106797218322754,0.005774497985839844,2.5764822959899902
0,3303,0.31155410408973694,-0.28395897150039673,1.0881881713867188,0.28454557061195374,0.3340212106704712,-2.0074095726013184,0.0057440996170043945,2.5742783546447754
0,3304,0.3113338053226471,-0.28406471014022827,1.088054895401001,0.2844330668449402,0.3328307867050171,-2.0041353702545166,0.005713939666748047,2.571767807006836
0,3305,0.3111124038696289,-0.2841688394546509,1.0879220962524414,0.2843151390552521,0.33164650201797485,-2.000861883163452,0.00568389892578125,2.5697121620178223
0,3306,0.3108879029750824,-0.2842686176300049,1.0877896547317505,0.28419050574302673,0.3304719030857086,-1.997592806816101,0.005654335021972656,2.5687978267669678
0,3307,0.31065791845321655,-0.28436076641082764,1.0876579284667969,0.284058153629303,0.32931026816368103,-1.9943326711654663,0.0056258440017700195,2.569178819656372
0,3308,0.31041964888572693,-0.28444117307662964,1.0875273942947388,0.28391653299331665,0.3281654715538025,-1.9910863637924194,0.005599021911621094,2.5720722675323486
0,3309,0.3101704716682434,-0.2845061421394348,1.0873982906341553,0.2837637960910797,0.32704126834869385,-1.9878579378128052,0.005574226379394531,2.57769775390625
0,3310,0.30990883708000183,-0.2845534682273865,1.0872706174850464,0.28359898924827576,0.325939804315567,-1.9846508502960205,0.005551695823669434,2.587172031402588
0,3311,0.30963507294654846,-0.28458353877067566,1.0871442556381226,0.28342205286026,0.32486093044281006,-1.9814635515213013,0.005531191825866699,2.599776029586792
0,3312,0.3093513548374176,-0.2845993936061859,1.0870193243026733,0.283235102891922,0.3238014578819275,-1.9782925844192505,0.0055124759674072266,2.615464448928833
0,3313,0.309060662984848,-0.28460535407066345,1.0868953466415405,0.283039927482605,0.3227567672729492,-1.9751324653625488,0.005494832992553711,2.6335132122039795
0,3314,0.30876603722572327,-0.28460565209388733,1.0867722034454346,0.28283897042274475,0.32172277569770813,-1.9719775915145874,0.0054779052734375,2.652988910675049
0,3315,0.30846983194351196,-0.28460362553596497,1.0866495370864868,0.2826332747936249,0.32069575786590576,-1.968824028968811,0.005460977554321289,2.6733481884002686
0,3316,0.30817359685897827,-0.28460147976875305,1.0865274667739868,0.28242406249046326,0.31967291235923767,-1.9656685590744019,0.005444049835205078,2.6940624713897705
0,3317,0.3078785538673401,-0.2846009433269501,1.086405634880066,0.28221040964126587,0.3186509609222412,-1.9625080823898315,0.005426883697509766,2.7148351669311523
0,3318,0.3075862228870392,-0.2846042215824127,1.0862842798233032,0.2819918096065521,0.31762439012527466,-1.9593390226364136,0.00540924072265625,2.7349491119384766
0,3319,0.3072986900806427,-0.28461453318595886,1.0861635208129883,0.281766802072525,0.3165852427482605,-1.9561549425125122,0.005391478538513184,2.7536368370056152
0,3320,0.30701857805252075,-0.2846359312534332,1.0860437154769897,0.28153273463249207,0.31552302837371826,-1.9529494047164917,0.005373716354370117,2.769514560699463
0,3321,0.30674847960472107,-0.2846721410751343,1.085924744606018,0.2812874913215637,0.31442829966545105,-1.9497144222259521,0.005355715751647949,2.781644821166992
0,3322,0.3064897060394287,-0.284725159406662,1.0858067274093628,0.28102949261665344,0.3132956922054291,-1.9464466571807861,0.0053375959396362305,2.789374828338623
0,3323,0.3062420189380646,-0.2847946286201477,1.0856900215148926,0.28075888752937317,0.31212589144706726,-1.9431465864181519,0.005319714546203613,2.7926013469696045
0,3324,0.3060034513473511,-0.28487786650657654,1.0855742692947388,0.28047695755958557,0.3109264373779297,-1.9398193359375,0.005302071571350098,2.7921805381774902
0,3325,0.3057711124420166,-0.2849704623222351,1.0854592323303223,0.2801854610443115,0.30970868468284607,-1.9364734888076782,0.005284428596496582,2.789374828338623
0,3326,0.30554211139678955,-0.2850680649280548,1.085344672203064,0.27988648414611816,0.3084833323955536,-1.9331165552139282,0.005266785621643066,2.785231351852417
0,3327,0.3053140938282013,-0.28516724705696106,1.0852307081222534,0.27958133816719055,0.307258665561676,-1.9297544956207275,0.005249500274658203,2.7807300090789795
0,3328,0.3050852119922638,-0.28526538610458374,1.085117220878601,0.2792704701423645,0.30604010820388794,-1.9263923168182373,0.005232334136962891,2.776573657989502
0,3329,0.3048537075519562,-0.28536006808280945,1.0850040912628174,0.2789539098739624,0.30483150482177734,-1.9230328798294067,0.0052155256271362305,2.773469924926758
0,3330,0.3046174943447113,-0.2854484021663666,1.084891676902771,0.2786310613155365,0.303635835647583,-1.9196807146072388,0.005199551582336426,2.7721283435821533
0,3331,0.30437394976615906,-0.28552693128585815,1.0847803354263306,0.2783007025718689,0.30245667695999146,-1.9163401126861572,0.005184650421142578,2.7730462551116943
0,3332,0.3041207492351532,-0.2855922281742096,1.0846703052520752,0.2779618501663208,0.30129706859588623,-1.9130152463912964,0.005171418190002441,2.777278423309326
0,3333,0.3038562536239624,-0.28564226627349854,1.0845617055892944,0.27761369943618774,0.3001593351364136,-1.909709095954895,0.005159974098205566,2.785161256790161
0,3334,0.30358055233955383,-0.28567710518836975,1.0844545364379883,0.27725669741630554,0.29904311895370483,-1.9064209461212158,0.0051500797271728516,2.7967336177825928
0,3335,0.303295373916626,-0.28569892048835754,1.0843485593795776,0.27689123153686523,0.2979465126991272,-1.90314781665802,0.005141496658325195,2.8114631175994873
0,3336,0.3030034303665161,-0.28571146726608276,1.0842435359954834,0.2765190899372101,0.2968660593032837,-1.8998852968215942,0.0051337480545043945,2.8288159370422363
0,3337,0.3027074635028839,-0.2857185900211334,1.084139347076416,0.27614128589630127,0.29579687118530273,-1.8966275453567505,0.005126476287841797,2.8475759029388428
0,3338,0.3024097681045532,-0.28572338819503784,1.0840357542037964,0.27575886249542236,0.29473575949668884,-1.8933707475662231,0.00511932373046875,2.8673055171966553
0,3339,0.3021119236946106,-0.2857278287410736,1.0839325189590454,0.2753724455833435,0.2936805188655853,-1.890112280845642,0.005112051963806152,2.8875107765197754
0,3340,0.3018151521682739,-0.28573381900787354,1.0838297605514526,0.2749813497066498,0.29262715578079224,-1.8868483304977417,0.005104541778564453,2.907508373260498
0,3341,0.3015209436416626,-0.2857433259487152,1.0837275981903076,0.27458393573760986,0.2915714681148529,-1.8835753202438354,0.005097031593322754,2.926633834838867
0,3342,0.3012314438819885,-0.28575921058654785,1.0836257934570312,0.2741777002811432,0.2905064821243286,-1.8802872896194458,0.005089163780212402,2.944106101989746
0,3343,0.3009491264820099,-0.28578490018844604,1.083524465560913,0.2737598121166229,0.2894236147403717,-1.8769773244857788,0.005080819129943848,2.9585659503936768
0,3344,0.3006764054298401,-0.28582367300987244,1.0834237337112427,0.27332714200019836,0.28831472992897034,-1.87363862991333,0.005072236061096191,2.968803882598877
0,3345,0.3004145622253418,-0.28587743639945984,1.0833238363265991,0.27287793159484863,0.28717517852783203,-1.8702678680419922,0.005063652992248535,2.974271774291992
0,3346,0.300163209438324,-0.2859456241130829,1.0832245349884033,0.27241209149360657,0.2860066592693329,-1.8668655157089233,0.005054831504821777,2.9751272201538086
0,3347,0.2999204695224762,-0.28602564334869385,1.0831258296966553,0.27193155884742737,0.2848156690597534,-1.8634369373321533,0.0050460100173950195,2.9720990657806396
0,3348,0.29968366026878357,-0.28611382842063904,1.083027720451355,0.27143943309783936,0.2836107611656189,-1.8599895238876343,0.005037188529968262,2.9665610790252686
0,3349,0.2994498908519745,-0.2862064242362976,1.082930088043213,0.27093905210494995,0.2824021875858307,-1.8565312623977661,0.005028486251831055,2.959690570831299
0,3350,0.29921698570251465,-0.286300390958786,1.082832932472229,0.2704322040081024,0.28119605779647827,-1.853068232536316,0.0050199031829833984,2.9526047706604004
0,3351,0.2989831566810608,-0.28639334440231323,1.0827362537384033,0.26992011070251465,0.2799978256225586,-1.8496042490005493,0.0050116777420043945,2.9459009170532227
0,3352,0.29874664545059204,-0.2864830493927002,1.0826400518417358,0.26940321922302246,0.2788108289241791,-1.8461434841156006,0.005003571510314941,2.9403138160705566
0,3353,0.29850539565086365,-0.28656691312789917,1.0825448036193848,0.26888158917427063,0.2776375710964203,-1.8426896333694458,0.0049964189529418945,2.9365830421447754
0,3354,0.29825684428215027,-0.2866416871547699,1.0824503898620605,0.2683548927307129,0.276482492685318,-1.8392479419708252,0.004990100860595703,2.9355831146240234
0,3355,0.2979985773563385,-0.28670433163642883,1.0823571681976318,0.26782292127609253,0.2753487229347229,-1.8358227014541626,0.0049849748611450195,2.9383158683776855
0,3356,0.2977293133735657,-0.28675323724746704,1.0822653770446777,0.26728564500808716,0.27423757314682007,-1.8324159383773804,0.004981279373168945,2.945103406906128
0,3357,0.2974492311477661,-0.2867887616157532,1.0821748971939087,0.26674342155456543,0.273149311542511,-1.829027771949768,0.00497889518737793,2.955984354019165
0,3358,0.2971601188182831,-0.286812961101532,1.0820856094360352,0.2661961317062378,0.27208131551742554,-1.8256548643112183,0.00497746467590332,2.970319986343384
0,3359,0.296864777803421,-0.2868293523788452,1.081997275352478,0.265644371509552,0.2710292339324951,-1.822291612625122,0.004976749420166016,2.9872751235961914
0,3360,0.2965658903121948,-0.28684136271476746,1.0819097757339478,0.26508858799934387,0.2699889838695526,-1.8189321756362915,0.004976391792297363,3.0056982040405273
0,3361,0.296265572309494,-0.28685158491134644,1.0818226337432861,0.2645289897918701,0.26895803213119507,-1.8155733346939087,0.004975795745849609,3.0249152183532715
0,3362,0.2959653437137604,-0.28686198592185974,1.0817360877990723,0.2639649510383606,0.2679331600666046,-1.812211275100708,0.004975318908691406,3.0444610118865967
0,3363,0.29566651582717896,-0.28687405586242676,1.0816497802734375,0.2633953094482422,0.2669115364551544,-1.808842658996582,0.004974365234375,3.0634992122650146
0,3364,0.2953707277774811,-0.28688982129096985,1.0815637111663818,0.26281794905662537,0.2658888101577759,-1.8054633140563965,0.004973053932189941,3.0813398361206055
0,3365,0.29508018493652344,-0.28691187500953674,1.0814775228500366,0.26222923398017883,0.2648593485355377,-1.802066683769226,0.0049707889556884766,3.0969924926757812
0,3366,0.2947973310947418,-0.28694337606430054,1.0813912153244019,0.26162537932395935,0.26381611824035645,-1.798646330833435,0.004967808723449707,3.1089797019958496
0,3367,0.29452431201934814,-0.28698670864105225,1.0813045501708984,0.26100289821624756,0.262753427028656,-1.7951956987380981,0.004963517189025879,3.116589307785034
0,3368,0.29426202178001404,-0.287043035030365,1.0812172889709473,0.26036015152931213,0.261669397354126,-1.7917119264602661,0.004957914352416992,3.1189754009246826
0,3369,0.29400986433029175,-0.2871116101741791,1.0811296701431274,0.2596980631351471,0.26056554913520813,-1.7881972789764404,0.0049512386322021484,3.116652250289917
0,3370,0.2937656044960022,-0.287189781665802,1.081041932106018,0.25901952385902405,0.25944796204566956,-1.7846581935882568,0.004943966865539551,3.11055326461792
0,3371,0.2935265004634857,-0.2872743308544159,1.0809540748596191,0.2583286166191101,0.2583240866661072,-1.7811013460159302,0.004936099052429199,3.1021084785461426
0,3372,0.29328998923301697,-0.2873621881008148,1.0808666944503784,0.2576292157173157,0.25720083713531494,-1.77753484249115,0.004928231239318848,3.092501163482666
0,3373,0.29305383563041687,-0.28745076060295105,1.080779790878296,0.25692421197891235,0.25608330965042114,-1.7739639282226562,0.0049207210540771484,3.0826735496520996
0,3374,0.2928163409233093,-0.28753799200057983,1.0806934833526611,0.2562152147293091,0.2549756169319153,-1.7703930139541626,0.004913449287414551,3.0736427307128906
0,3375,0.2925756275653839,-0.2876218557357788,1.0806077718734741,0.2555026113986969,0.25388094782829285,-1.7668265104293823,0.0049065351486206055,3.0659902095794678
0,3376,0.2923295497894287,-0.28769978880882263,1.0805232524871826,0.2547875642776489,0.2528025805950165,-1.7632683515548706,0.004900574684143066,3.060558319091797
0,3377,0.29207566380500793,-0.2877689599990845,1.080439805984497,0.25407055020332336,0.25174427032470703,-1.7597242593765259,0.004895567893981934,3.0584466457366943
0,3378,0.2918119430541992,-0.2878272831439972,1.0803579092025757,0.2533518373966217,0.2507086992263794,-1.7561982870101929,0.00489199161529541,3.060302257537842
0,3379,0.29153749346733093,-0.28787365555763245,1.0802778005599976,0.25263193249702454,0.24969716370105743,-1.7526918649673462,0.004889965057373047,3.0668203830718994
0,3380,0.2912529408931732,-0.28790876269340515,1.0801992416381836,0.25191089510917664,0.24870871007442474,-1.7492042779922485,0.004889249801635742,3.077334403991699
0,3381,0.2909604012966156,-0.28793489933013916,1.0801219940185547,0.25118836760520935,0.24773991107940674,-1.745729923248291,0.004889369010925293,3.0913615226745605
0,3382,0.29066240787506104,-0.28795504570007324,1.0800458192825317,0.25046366453170776,0.2467874437570572,-1.7422646284103394,0.0048902034759521484,3.1075940132141113
0,3383,0.29036152362823486,-0.2879718840122223,1.079970359802246,0.2497362345457077,0.2458474338054657,-1.7388023138046265,0.004891157150268555,3.1254963874816895
0,3384,0.2900596261024475,-0.28798773884773254,1.0798954963684082,0.24900567531585693,0.24491676688194275,-1.7353391647338867,0.004892110824584961,3.1439197063446045
0,3385,0.28975823521614075,-0.2880041003227234,1.079820990562439,0.2482706904411316,0.2439928650856018,-1.7318716049194336,0.004892826080322266,3.1621737480163574
0,3386,0.289458692073822,-0.2880224287509918,1.0797463655471802,0.24752934277057648,0.2430732548236847,-1.7283958196640015,0.004892826080322266,3.17983078956604
0,3387,0.28916287422180176,-0.288044810295105,1.0796715021133423,0.24677813053131104,0.24215388298034668,-1.72490656375885,0.004891872406005859,3.195797920227051
0,3388,0.2888730764389038,-0.28807348012924194,1.079595685005188,0.2460128217935562,0.2412300705909729,-1.7213966846466064,0.004889249801635742,3.208941698074341
0,3389,0.2885917127132416,-0.2881109118461609,1.0795180797576904,0.24522817134857178,0.24029727280139923,-1.7178597450256348,0.004884123802185059,3.217836618423462
0,3390,0.28832054138183594,-0.2881588935852051,1.0794382095336914,0.24442070722579956,0.239352285861969,-1.7142897844314575,0.0048760175704956055,3.221606492996216
0,3391,0.28805986046791077,-0.2882177531719208,1.07935631275177,0.24358989298343658,0.23839449882507324,-1.7106868028640747,0.004865288734436035,3.2201478481292725
0,3392,0.287808358669281,-0.2882862091064453,1.0792725086212158,0.2427380532026291,0.2374267876148224,-1.707053780555725,0.0048520565032958984,3.214062213897705
0,3393,0.28756365180015564,-0.2883618175983429,1.0791876316070557,0.24186971783638,0.23645354807376862,-1.7033976316452026,0.0048372745513916016,3.2045462131500244
0,3394,0.287322998046875,-0.28844180703163147,1.0791021585464478,0.24098995327949524,0.2354811429977417,-1.6997265815734863,0.0048215389251708984,3.193040132522583
0,3395,0.28708401322364807,-0.28852376341819763,1.0790168046951294,0.24010293185710907,0.2345140427350998,-1.6960474252700806,0.004805564880371094,3.1808156967163086
0,3396,0.28684478998184204,-0.2886057198047638,1.0789319276809692,0.23921175301074982,0.23355622589588165,-1.6923649311065674,0.00478971004486084,3.1686675548553467
0,3397,0.2866035997867584,-0.28868594765663147,1.0788480043411255,0.2383180558681488,0.23261037468910217,-1.688684344291687,0.004774570465087891,3.157341241836548
0,3398,0.2863585948944092,-0.2887626588344574,1.0787655115127563,0.2374233603477478,0.23167943954467773,-1.6850095987319946,0.0047605037689208984,3.1479644775390625
0,3399,0.2861074209213257,-0.2888335585594177,1.07868492603302,0.23652872443199158,0.2307668775320053,-1.681345820426941,0.004748106002807617,3.1413655281066895
0,3400,0.28584781289100647,-0.28889644145965576,1.0786066055297852,0.23563498258590698,0.22987620532512665,-1.6776986122131348,0.004737734794616699,3.1384353637695312
0,3401,0.2855781614780426,-0.28894978761672974,1.0785311460494995,0.23474302887916565,0.22900940477848053,-1.6740710735321045,0.004729866981506348,3.1399319171905518
0,3402,0.285298228263855,-0.2889932692050934,1.0784586668014526,0.23385322093963623,0.2281673550605774,-1.6704641580581665,0.004724621772766113,3.145911455154419
0,3403,0.2850092351436615,-0.289028137922287,1.0783885717391968,0.23296517133712769,0.22734767198562622,-1.666874647140503,0.004721283912658691,3.156162738800049
0,3404,0.2847135365009308,-0.28905653953552246,1.0783206224441528,0.23207777738571167,0.22654707729816437,-1.6632975339889526,0.0047196149826049805,3.169285535812378
0,3405,0.2844136357307434,-0.28908097743988037,1.0782543420791626,0.23119015991687775,0.2257615029811859,-1.6597265005111694,0.0047190189361572266,3.1844449043273926
0,3406,0.2841116786003113,-0.2891034781932831,1.0781887769699097,0.23030099272727966,0.2249881625175476,-1.6561572551727295,0.0047185420989990234,3.200756311416626
0,3407,0.2838093638420105,-0.2891257107257843,1.0781238079071045,0.2294091135263443,0.22422413527965546,-1.6525850296020508,0.00471806526184082,3.2172281742095947
0,3408,0.2835080027580261,-0.2891489267349243,1.0780588388442993,0.22851262986660004,0.22346800565719604,-1.649006724357605,0.004716992378234863,3.2334952354431152
0,3409,0.28320908546447754,-0.2891743779182434,1.0779932737350464,0.22760838270187378,0.22271710634231567,-1.6454176902770996,0.004714608192443848,3.248476028442383
0,3410,0.2829146683216095,-0.28920379281044006,1.0779262781143188,0.22669164836406708,0.22196844220161438,-1.641811728477478,0.004710197448730469,3.2612874507904053
0,3411,0.282627135515213,-0.28923922777175903,1.0778565406799316,0.22575682401657104,0.22121907770633698,-1.6381810903549194,0.004702329635620117,3.270399332046509
0,3412,0.28234851360321045,-0.28928259015083313,1.0777831077575684,0.22479845583438873,0.22046582400798798,-1.6345194578170776,0.004690289497375488,3.2748265266418457
0,3413,0.2820799946784973,-0.28933486342430115,1.0777056217193604,0.22381393611431122,0.21970705687999725,-1.6308228969573975,0.004673480987548828,3.2736902236938477
0,3414,0.28182119131088257,-0.28939568996429443,1.0776240825653076,0.22280415892601013,0.21894413232803345,-1.6270928382873535,0.004652261734008789,3.267285108566284
0,3415,0.2815702557563782,-0.28946352005004883,1.077539324760437,0.22177313268184662,0.21818001568317413,-1.6233350038528442,0.004627227783203125,3.2567222118377686
0,3416,0.281324565410614,-0.28953614830970764,1.0774527788162231,0.22072739899158478,0.21741807460784912,-1.6195570230484009,0.004600167274475098,3.243288993835449
0,3417,0.28108155727386475,-0.2896113693714142,1.077365517616272,0.2196725755929947,0.21666225790977478,-1.6157673597335815,0.004572033882141113,3.228405475616455
0,3418,0.2808391749858856,-0.2896873652935028,1.0772784948349,0.21861299872398376,0.2159157246351242,-1.6119719743728638,0.004543662071228027,3.213209390640259
0,3419,0.2805958390235901,-0.2897627055644989,1.0771923065185547,0.21755138039588928,0.21518073976039886,-1.6081750392913818,0.004515886306762695,3.1984310150146484
0,3420,0.28034988045692444,-0.289836049079895,1.077107548713684,0.21648991107940674,0.21446040272712708,-1.6043815612792969,0.00448918342590332,3.184998035430908
0,3421,0.2800992429256439,-0.2899058163166046,1.077025294303894,0.21542935073375702,0.21375617384910583,-1.6005959510803223,0.004464626312255859,3.1738531589508057
0,3422,0.27984175086021423,-0.2899700403213501,1.0769461393356323,0.21437110006809235,0.21307194232940674,-1.5968236923217773,0.004442691802978516,3.165700674057007
0,3423,0.279575377702713,-0.290026992559433,1.0768706798553467,0.21331645548343658,0.21241077780723572,-1.5930694341659546,0.004424095153808594,3.1616783142089844
0,3424,0.27929916977882385,-0.2900758981704712,1.0767995119094849,0.21226580440998077,0.21177373826503754,-1.589335322380066,0.004409193992614746,3.162235736846924
0,3425,0.2790135145187378,-0.290117084980011,1.0767323970794678,0.2112194001674652,0.21116045117378235,-1.5856209993362427,0.004397749900817871,3.1670608520507812
0,3426,0.2787202000617981,-0.290151983499527,1.076668620109558,0.21017561852931976,0.21056772768497467,-1.5819214582443237,0.004388928413391113,3.175518274307251
0,3427,0.27842167019844055,-0.2901826798915863,1.0766074657440186,0.2091340273618698,0.20999251306056976,-1.5782307386398315,0.0043822526931762695,3.186350107192993
0,3428,0.2781202793121338,-0.2902110815048218,1.0765477418899536,0.2080928385257721,0.20943161845207214,-1.5745439529418945,0.0043762922286987305,3.1986758708953857
0,3429,0.27781781554222107,-0.29023873805999756,1.0764890909194946,0.20705074071884155,0.20888228714466095,-1.5708558559417725,0.004370689392089844,3.211625099182129
0,3430,0.2775157392024994,-0.2902667224407196,1.0764305591583252,0.2060062289237976,0.2083427459001541,-1.5671629905700684,0.004364728927612305,3.224461555480957
0,3431,0.2772153317928314,-0.29029616713523865,1.076371669769287,0.20495569705963135,0.20781145989894867,-1.563461184501648,0.004357695579528809,3.2364606857299805
0,3432,0.2769182324409485,-0.2903282940387726,1.0763112306594849,0.20389492809772491,0.2072872817516327,-1.5597445964813232,0.004348635673522949,3.2466073036193848
0,3433,0.2766265869140625,-0.2903646230697632,1.0762479305267334,0.20281744003295898,0.20676764845848083,-1.5560059547424316,0.004336118698120117,3.253654718399048
0,3434,0.2763424217700958,-0.290406733751297,1.0761802196502686,0.20171719789505005,0.20625156164169312,-1.5522382259368896,0.004318833351135254,3.2564213275909424
0,3435,0.276067316532135,-0.29045581817626953,1.076107382774353,0.2005893886089325,0.20573747158050537,-1.548435926437378,0.004295945167541504,3.253775119781494
0,3436,0.2758014500141144,-0.29051199555397034,1.0760291814804077,0.1994335800409317,0.2052258849143982,-1.5445988178253174,0.004267334938049316,3.2457025051116943
0,3437,0.27554360032081604,-0.29057443141937256,1.07594633102417,0.19825278222560883,0.20471781492233276,-1.540730357170105,0.004233717918395996,3.2328896522521973
0,3438,0.27529168128967285,-0.2906416058540344,1.0758602619171143,0.19705365598201752,0.2042156159877777,-1.5368380546569824,0.004196643829345703,3.2165586948394775
0,3439,0.27504321932792664,-0.2907116413116455,1.0757725238800049,0.19584307074546814,0.2037218064069748,-1.5329303741455078,0.004157662391662598,3.198186159133911
0,3440,0.27479615807533264,-0.29078301787376404,1.0756845474243164,0.19462697207927704,0.2032378613948822,-1.5290136337280273,0.004118084907531738,3.179030179977417
0,3441,0.27454888820648193,-0.29085445404052734,1.0755971670150757,0.19340939819812775,0.20276585221290588,-1.5250935554504395,0.00407862663269043,3.1598823070526123
0,3442,0.2742998003959656,-0.29092472791671753,1.07551109790802,0.19219210743904114,0.20230764150619507,-1.5211745500564575,0.004040241241455078,3.1416149139404297
0,3443,0.2740471363067627,-0.29099252820014954,1.0754272937774658,0.19097687304019928,0.20186561346054077,-1.5172605514526367,0.0040035247802734375,3.1251204013824463
0,3444,0.2737888693809509,-0.2910563349723816,1.0753464698791504,0.18976470828056335,0.20144200325012207,-1.5133569240570068,0.0039691925048828125,3.111245632171631
0,3445,0.2735229730606079,-0.29111459851264954,1.0752695798873901,0.1885564774274826,0.20103994011878967,-1.5094680786132812,0.003938198089599609,3.1009092330932617
0,3446,0.2732481062412262,-0.2911662757396698,1.0751969814300537,0.18735255300998688,0.20066052675247192,-1.5055968761444092,0.003910660743713379,3.0947792530059814
0,3447,0.2729641795158386,-0.2912112772464752,1.0751289129257202,0.1861535906791687,0.20030418038368225,-1.5017434358596802,0.0038868188858032227,3.09269118309021
0,3448,0.2726724445819855,-0.2912504971027374,1.075064778327942,0.1849588304758072,0.19996953010559082,-1.4979052543640137,0.0038660764694213867,3.094209909439087
0,3449,0.2723750174045563,-0.29128560423851013,1.0750036239624023,0.18376736342906952,0.19965337216854095,-1.4940773248672485,0.003847479820251465,3.098572254180908
0,3450,0.2720741629600525,-0.29131820797920227,1.0749446153640747,0.18257807195186615,0.1993529051542282,-1.4902539253234863,0.0038303136825561523,3.1045055389404297
0,3451,0.27177172899246216,-0.2913498878479004,1.0748869180679321,0.1813894361257553,0.1990656703710556,-1.4864306449890137,0.0038137435913085938,3.111245632171631
0,3452,0.27146920561790466,-0.2913816571235657,1.0748298168182373,0.18020042777061462,0.19878993928432465,-1.4826035499572754,0.003797292709350586,3.1180965900421143
0,3453,0.2711678147315979,-0.29141438007354736,1.0747727155685425,0.17900754511356354,0.1985253244638443,-1.4787684679031372,0.0037801265716552734,3.1243059635162354
0,3454,0.2708689272403717,-0.29144906997680664,1.0747145414352417,0.17780660092830658,0.1982709765434265,-1.4749207496643066,0.0037614107131958008,3.1290018558502197
0,3455,0.27057430148124695,-0.29148703813552856,1.074654221534729,0.17659015953540802,0.19802601635456085,-1.471052885055542,0.0037401914596557617,3.1308159828186035
0,3456,0.27028581500053406,-0.29152971506118774,1.0745906829833984,0.17535163462162018,0.1977902352809906,-1.4671586751937866,0.00371551513671875,3.1288769245147705
0,3457,0.2700050175189972,-0.2915780246257782,1.074522852897644,0.17408502101898193,0.1975630819797516,-1.463230848312378,0.0036864280700683594,3.121861457824707
0,3458,0.26973238587379456,-0.29163244366645813,1.0744503736495972,0.17278891801834106,0.1973447948694229,-1.4592679738998413,0.0036525726318359375,3.109546422958374
0,3459,0.26946714520454407,-0.29169246554374695,1.074373722076416,0.1714656949043274,0.19713614881038666,-1.4552727937698364,0.0036145448684692383,3.092374563217163
0,3460,0.269207626581192,-0.29175683856010437,1.0742939710617065,0.17012132704257965,0.196938619017601,-1.4512525796890259,0.003573298454284668,3.0714128017425537
0,3461,0.26895174384117126,-0.2918241024017334,1.074212670326233,0.16876450181007385,0.19675211608409882,-1.447214126586914,0.003530263900756836,3.0479955673217773
0,3462,0.26869747042655945,-0.291892945766449,1.0741310119628906,0.16740228235721588,0.1965777575969696,-1.4431657791137695,0.00348663330078125,3.023750066757202
0,3463,0.2684432864189148,-0.29196205735206604,1.0740498304367065,0.1660386621952057,0.19641615450382233,-1.4391123056411743,0.003443121910095215,2.999112844467163
0,3464,0.2681877315044403,-0.2920304536819458,1.0739697217941284,0.16467638313770294,0.19626905024051666,-1.4350587129592896,0.003400087356567383,2.9751930236816406
0,3465,0.267929345369339,-0.2920970022678375,1.073891282081604,0.16331680119037628,0.19613753259181976,-1.431007742881775,0.0033582448959350586,2.9526047706604004
0,3466,0.2676662802696228,-0.2921603322029114,1.0738146305084229,0.16195999085903168,0.19602400064468384,-1.4269635677337646,0.0033173561096191406,2.93204665184021
0,3467,0.2673966884613037,-0.29221901297569275,1.0737402439117432,0.16060572862625122,0.19593080878257751,-1.4229294061660767,0.0032777786254882812,2.914501905441284
0,3468,0.26711928844451904,-0.29227200150489807,1.073668360710144,0.15925413370132446,0.19585928320884705,-1.4189084768295288,0.0032396316528320312,2.9002954959869385
0,3469,0.2668338716030121,-0.2923191785812378,1.073599100112915,0.15790513157844543,0.1958097368478775,-1.414900541305542,0.0032029151916503906,2.8896117210388184
0,3470,0.2665412724018097,-0.29236122965812683,1.073532223701477,0.15655939280986786,0.19578079879283905,-1.4109039306640625,0.0031675100326538086,2.8822181224823
0,3471,0.26624321937561035,-0.29239946603775024,1.0734673738479614,0.15521609783172607,0.1957712024450302,-1.406915545463562,0.003133058547973633,2.877051830291748
0,3472,0.2659418284893036,-0.29243534803390503,1.0734041929244995,0.15387536585330963,0.19577792286872864,-1.4029300212860107,0.0030994415283203125,2.873647928237915
0,3473,0.2656388580799103,-0.29247036576271057,1.0733423233032227,0.15253682434558868,0.19579878449440002,-1.3989442586898804,0.0030663013458251953,2.8708534240722656
0,3474,0.26533564925193787,-0.2925054728984833,1.073281168937683,0.15119867026805878,0.1958329677581787,-1.3949544429779053,0.0030333995819091797,2.8681247234344482
0,3475,0.2650332748889923,-0.2925415337085724,1.0732207298278809,0.14985784888267517,0.19587989151477814,-1.390956997871399,0.003000617027282715,2.864778518676758
0,3476,0.2647329568862915,-0.29257938265800476,1.0731606483459473,0.14850889146327972,0.19593940675258636,-1.3869469165802002,0.00296783447265625,2.8598544597625732
0,3477,0.26443612575531006,-0.29262009263038635,1.0731003284454346,0.1471441388130188,0.1960124373435974,-1.3829169273376465,0.002934575080871582,2.852383852005005
0,3478,0.2641442120075226,-0.29266470670700073,1.0730394124984741,0.14575518667697906,0.19609946012496948,-1.3788599967956543,0.0029006004333496094,2.8410377502441406
0,3479,0.2638583779335022,-0.2927142083644867,1.0729777812957764,0.14433595538139343,0.1962004154920578,-1.3747702836990356,0.002866029739379883,2.8250768184661865
0,3480,0.2635789215564728,-0.29276883602142334,1.0729151964187622,0.1428840458393097,0.19631658494472504,-1.3706468343734741,0.0028306245803833008,2.804142951965332
0,3481,0.2633052170276642,-0.29282814264297485,1.0728518962860107,0.1414036601781845,0.19644783437252045,-1.3664919137954712,0.0027947425842285156,2.7786877155303955
0,3482,0.26303598284721375,-0.2928910553455353,1.0727883577346802,0.1399019956588745,0.1965940296649933,-1.3623119592666626,0.002758622169494629,2.74979567527771
0,3483,0.262769490480423,-0.29295632243156433,1.0727249383926392,0.13838790357112885,0.1967555433511734,-1.358115315437317,0.002722501754760742,2.7187256813049316
0,3484,0.2625042796134949,-0.29302284121513367,1.0726618766784668,0.1368691772222519,0.19693131744861603,-1.353908658027649,0.0026863813400268555,2.686641216278076
0,3485,0.26223912835121155,-0.2930894196033478,1.072598934173584,0.13535068929195404,0.19712136685848236,-1.3496960401535034,0.0026499032974243164,2.654242992401123
0,3486,0.26197299361228943,-0.2931548058986664,1.072535514831543,0.13383367657661438,0.1973261684179306,-1.3454798460006714,0.0026122331619262695,2.6221911907196045
0,3487,0.26170483231544495,-0.2932173013687134,1.0724703073501587,0.13231758773326874,0.197546124458313,-1.3412606716156006,0.0025718212127685547,2.590952157974243
0,3488,0.2614334523677826,-0.29327479004859924,1.0724011659622192,0.13079945743083954,0.19778309762477875,-1.3370392322540283,0.002525925636291504,2.5607845783233643
0,3489,0.26115772128105164,-0.2933254837989807,1.07232666015625,0.12927770614624023,0.19803684949874878,-1.3328142166137695,0.0024728775024414062,2.532036304473877
0,3490,0.26087692379951477,-0.2933681011199951,1.0722455978393555,0.12774993479251862,0.19830888509750366,-1.3285858631134033,0.0024112462997436523,2.504990577697754
0,3491,0.2605910897254944,-0.29340264201164246,1.072157621383667,0.12621653079986572,0.19859929382801056,-1.3243533372879028,0.0023404359817504883,2.4797027111053467
0,3492,0.260300874710083,-0.2934304177761078,1.0720641613006592,0.1246785968542099,0.1989073008298874,-1.3201175928115845,0.0022622346878051758,2.455828905105591
0,3493,0.26000750064849854,-0.29345351457595825,1.0719672441482544,0.12313899397850037,0.1992318034172058,-1.3158782720565796,0.0021790266036987305,2.433089017868042
0,3494,0.2597123682498932,-0.29347407817840576,1.071868896484375,0.12159978598356247,0.19957198202610016,-1.31163489818573,0.0020933151245117188,2.410865068435669
0,3495,0.2594164311885834,-0.29349392652511597,1.0717709064483643,0.12006203830242157,0.19992737472057343,-1.3073880672454834,0.0020072460174560547,2.3890902996063232
0,3496,0.25912049412727356,-0.2935146391391754,1.0716748237609863,0.11852435022592545,0.20029732584953308,-1.3031351566314697,0.001922607421875,2.3667843341827393
0,3497,0.25882503390312195,-0.29353752732276917,1.0715824365615845,0.11698170751333237,0.20068131387233734,-1.2988741397857666,0.0018415451049804688,2.343848943710327
0,3498,0.25853049755096436,-0.2935640811920166,1.0714958906173706,0.11542654037475586,0.20108014345169067,-1.2946009635925293,0.0017663240432739258,2.3191683292388916
0,3499,0.25823745131492615,-0.2935957908630371,1.0714175701141357,0.11385035514831543,0.20149411261081696,-1.2903109788894653,0.0016999244689941406,2.292344808578491
0,3500,0.25794628262519836,-0.29363393783569336,1.0713495016098022,0.1122448742389679,0.2019234299659729,-1.2859985828399658,0.0016444921493530273,2.262437343597412
0,3501,0.25765714049339294,-0.29367923736572266,1.0712924003601074,0.11060596257448196,0.2023693174123764,-1.2816625833511353,0.0016009807586669922,2.228970527648926
0,3502,0.2573699653148651,-0.2937313914299011,1.0712462663650513,0.10893572866916656,0.20283164083957672,-1.27730393409729,0.0015692710876464844,2.192049026489258
0,3503,0.25708436965942383,-0.2937890887260437,1.0712088346481323,0.1072414368391037,0.20331063866615295,-1.2729265689849854,0.0015468597412109375,2.152859687805176
0,3504,0.2567998170852661,-0.29385071992874146,1.0711778402328491,0.10553301870822906,0.20380619168281555,-1.2685354948043823,0.0015312433242797852,2.1115541458129883
0,3505,0.2565156817436218,-0.29391470551490784,1.0711506605148315,0.10381918400526047,0.20431751012802124,-1.2641355991363525,0.001519322395324707,2.069424629211426
0,3506,0.25623127818107605,-0.29397955536842346,1.0711253881454468,0.10210540890693665,0.2048436850309372,-1.259730339050293,0.001508951187133789,2.0269992351531982
0,3507,0.2559458017349243,-0.29404401779174805,1.0711002349853516,0.10039365291595459,0.20538409054279327,-1.2553215026855469,0.0014979839324951172,1.9847520589828491
0,3508,0.25565797090530396,-0.29410699009895325,1.0710738897323608,0.0986810028553009,0.2059374749660492,-1.2509105205535889,0.001484990119934082,1.9430975914001465
0,3509,0.2553662657737732,-0.294167160987854,1.0710445642471313,0.09696482867002487,0.2065010964870453,-1.2464964389801025,0.0014677047729492188,1.9024860858917236
0,3510,0.25506913661956787,-0.29422324895858765,1.0710108280181885,0.09523987025022507,0.20707368850708008,-1.2420803308486938,0.0014445781707763672,1.8634063005447388
0,3511,0.2547655999660492,-0.29427462816238403,1.0709717273712158,0.09350278973579407,0.20765487849712372,-1.2376618385314941,0.0014142990112304688,1.8257416486740112
0,3512,0.2544556260108948,-0.2943212687969208,1.0709272623062134,0.09175380319356918,0.2082437425851822,-1.2332404851913452,0.0013768672943115234,1.7898006439208984
0,3513,0.25414013862609863,-0.2943638861179352,1.0708786249160767,0.08999522030353546,0.2088416963815689,-1.228816032409668,0.0013337135314941406,1.7551312446594238
0,3514,0.2538208067417145,-0.29440388083457947,1.0708273649215698,0.0882311761379242,0.2094510942697525,-1.2243889570236206,0.0012865066528320312,1.721355676651001
0,3515,0.25349926948547363,-0.2944425940513611,1.0707751512527466,0.08646569401025772,0.2100735753774643,-1.2199581861495972,0.0012373924255371094,1.6880638599395752
0,3516,0.25317686796188354,-0.2944811284542084,1.0707234144210815,0.08470018208026886,0.2107095718383789,-1.215522050857544,0.0011879205703735352,1.6544573307037354
0,3517,0.25285470485687256,-0.29452016949653625,1.0706727504730225,0.08293189108371735,0.21135900914669037,-1.2110778093338013,0.0011388063430786133,1.6201540231704712
0,3518,0.2525336742401123,-0.29456016421318054,1.070623755455017,0.08115378022193909,0.21201908588409424,-1.2066179513931274,0.00109100341796875,1.5843676328659058
0,3519,0.2522144913673401,-0.2946012318134308,1.070576786994934,0.07935359328985214,0.21268680691719055,-1.202134609222412,0.001044631004333496,1.5457301139831543
0,3520,0.2518978416919708,-0.2946435809135437,1.0705317258834839,0.07751739770174026,0.21335890889167786,-1.1976183652877808,0.0009999275207519531,1.503370761871338
0,3521,0.25158438086509705,-0.294687420129776,1.0704890489578247,0.07563478499650955,0.21403147280216217,-1.1930609941482544,0.0009572505950927734,1.455890417098999
0,3522,0.25127431750297546,-0.2947327792644501,1.070448637008667,0.07370175421237946,0.2147044837474823,-1.188460111618042,0.000916600227355957,1.4034662246704102
0,3523,0.2509673833847046,-0.29477962851524353,1.0704104900360107,0.07172296196222305,0.21537959575653076,-1.18381929397583,0.0008778572082519531,1.3461025953292847
0,3524,0.2506629526615143,-0.29482796788215637,1.0703743696212769,0.06970970332622528,0.2160610556602478,-1.1791470050811768,0.0008410215377807617,1.2849656343460083
0,3525,0.25036031007766724,-0.29487767815589905,1.0703400373458862,0.06767597049474716,0.21675211191177368,-1.174452304840088,0.0008057355880737305,1.2210919857025146
0,3526,0.2500588297843933,-0.2949286103248596,1.0703061819076538,0.06563319265842438,0.2174556851387024,-1.1697437763214111,0.0007704496383666992,1.1557214260101318
0,3527,0.2497583031654358,-0.29498082399368286,1.0702710151672363,0.06358649581670761,0.21817129850387573,-1.1650264263153076,0.0007336139678955078,1.0891236066818237
0,3528,0.24945886433124542,-0.29503440856933594,1.070231556892395,0.061535660177469254,0.2188940942287445,-1.160298228263855,0.0006922483444213867,1.021249771118164
0,3529,0.24916096031665802,-0.2950894832611084,1.0701833963394165,0.05947396159172058,0.21961858868598938,-1.1555571556091309,0.0006418228149414062,0.9512103199958801
0,3530,0.24886509776115417,-0.2951461672782898,1.0701218843460083,0.05739407613873482,0.2203371524810791,-1.1507976055145264,0.0005779266357421875,0.8787097930908203
0,3531,0.24857176840305328,-0.2952047288417816,1.070043921470642,0.05528928339481354,0.2210438847541809,-1.1460154056549072,0.0004975795745849609,0.802838146686554
0,3532,0.2482810914516449,-0.2952652871608734,1.069948434829712,0.05315762385725975,0.22173763811588287,-1.1412100791931152,0.00039958953857421875,0.7236167192459106
0,3533,0.2479931265115738,-0.29532769322395325,1.0698376893997192,0.0510043203830719,0.22242118418216705,-1.1363848447799683,0.00028634071350097656,0.6410244107246399
0,3534,0.24770818650722504,-0.29539182782173157,1.069716215133667,0.048844773322343826,0.22309894859790802,-1.1315484046936035,0.00016236305236816406,0.5563750267028809
0,3535,0.24742822349071503,-0.2954573929309845,1.0695900917053223,0.046712812036275864,0.22377021610736847,-1.1267200708389282,3.3736228942871094e-05,0.47105368971824646
0,3536,0.24715885519981384,-0.29552385210990906,1.0694661140441895,0.044678132981061935,0.22442060708999634,-1.1219382286071777,9.238719940185547e-05,0.38714876770973206
0,3537,0.24691177904605865,-0.29559022188186646,1.0693519115447998,0.04286973550915718,0.22501032054424286,-1.117272138595581,0.00020778179168701172,0.3083765506744385
0,3538,0.24670617282390594,-0.2956550717353821,1.0692572593688965,0.041488222777843475,0.225469708442688,-1.1128301620483398,0.00030159950256347656,0.24308964610099792
0,3539,0.2465604990720749,-0.2957189977169037,1.0691925287246704,0.040754884481430054,0.2257065325975418,-1.1087493896484375,0.0003619194030761719,0.19683188199996948
0,3540,0.24644452333450317,-0.2958018481731415,1.0691660642623901,0.040641020983457565,0.2256460040807724,-1.1051604747772217,0.00037789344787597656,0.18022575974464417
0,3541,0.2463482916355133,-0.29590925574302673,1.0691828727722168,0.041131094098091125,0.22524066269397736,-1.1021169424057007,0.0003437995910644531,0.20463022589683533
0,3542,0.24627162516117096,-0.2960415482521057,1.0692421197891235,0.04222315549850464,0.22448866069316864,-1.099618911743164,0.00026047229766845703,0.2755363881587982
0,3543,0.2462110072374344,-0.2962042987346649,1.0693373680114746,0.043923623859882355,0.2234335094690323,-1.0976521968841553,0.00013303756713867188,0.39067065715789795
0,3544,0.24621932208538055,-0.2963598370552063,1.0694594383239746,0.04626962170004845,0.22214198112487793,-1.0960147380828857,2.4318695068359375e-05,0.5233933329582214
0,3545,0.24633099138736725,-0.2964857518672943,1.0695987939834595,0.04928997904062271,0.22068241238594055,-1.0945627689361572,0.00019979476928710938,0.6540185809135437
0,3546,0.24657118320465088,-0.29656654596328735,1.069748044013977,0.05300648882985115,0.21910399198532104,-1.093191385269165,0.00038361549377441406,0.7707558274269104
0,3547,0.24695566296577454,-0.29659345746040344,1.0699020624160767,0.05743030458688736,0.2174345850944519,-1.0918395519256592,0.0005692243576049805,0.8677294254302979
0,3548,0.24749280512332916,-0.2965632975101471,1.07005774974823,0.06256621330976486,0.21568302810192108,-1.0904802083969116,0.0007520914077758789,0.9414920210838318
0,3549,0.2481866329908371,-0.296475887298584,1.0702130794525146,0.06841384619474411,0.21384835243225098,-1.0891070365905762,0.0009285211563110352,0.9938659071922302
0,3550,0.24881260097026825,-0.29642048478126526,1.0703552961349487,0.0738459900021553,0.21203632652759552,-1.0877128839492798,0.0010921955108642578,1.0535056591033936
0,3551,0.2493656724691391,-0.2963986396789551,1.070481777191162,0.07883927971124649,0.21025174856185913,-1.0863001346588135,0.0012413263320922852,1.1190760135650635
0,3552,0.2498713582754135,-0.29639995098114014,1.0705941915512085,0.08352858573198318,0.2084817737340927,-1.0848727226257324,0.0013772249221801758,1.1871265172958374
0,3553,0.2503442168235779,-0.2964180111885071,1.070696473121643,0.0879996120929718,0.2067180722951889,-1.0834360122680664,0.0015037059783935547,1.2558531761169434
0,3554,0.2507937550544739,-0.29644834995269775,1.0707926750183105,0.09231496602296829,0.2049528807401657,-1.0819932222366333,0.0016242265701293945,1.3250033855438232
0,3555,0.25122615694999695,-0.2964879870414734,1.0708866119384766,0.09651792794466019,0.20318064093589783,-1.0805484056472778,0.0017426013946533203,1.3946542739868164
0,3556,0.2516455352306366,-0.2965349853038788,1.0709807872772217,0.10063716769218445,0.20139814913272858,-1.0791023969650269,0.0018612146377563477,1.4650019407272339
0,3557,0.25205469131469727,-0.2965884208679199,1.0710766315460205,0.10469025373458862,0.19960181415081024,-1.0776538848876953,0.0019812583923339844,1.5360780954360962
0,3558,0.252455472946167,-0.2966480255126953,1.0711743831634521,0.1086849793791771,0.19779136776924133,-1.0762009620666504,0.0021032094955444336,1.6071776151657104
0,3559,0.2528490126132965,-0.29671376943588257,1.0712738037109375,0.11262600868940353,0.19596511125564575,-1.074739933013916,0.0022269487380981445,1.6784141063690186
0,3560,0.25323617458343506,-0.2967855930328369,1.0713746547698975,0.11651619523763657,0.19412297010421753,-1.0732696056365967,0.0023522377014160156,1.749435305595398
0,3561,0.2536179721355438,-0.29686322808265686,1.0714768171310425,0.12035965919494629,0.19226467609405518,-1.071789264678955,0.002478957176208496,1.820266842842102
0,3562,0.25399550795555115,-0.29694584012031555,1.0715806484222412,0.12416325509548187,0.19038917124271393,-1.0703011751174927,0.0026073455810546875,1.8909298181533813
0,3563,0.25436994433403015,-0.2970324158668518,1.0716861486434937,0.12793469429016113,0.18849676847457886,-1.068808913230896,0.002737283706665039,1.9613429307937622
0,3564,0.25474244356155396,-0.29712170362472534,1.0717933177947998,0.13168181478977203,0.18658682703971863,-1.0673155784606934,0.0028685331344604492,2.0316286087036133
0,3565,0.2551140785217285,-0.2972123622894287,1.071901798248291,0.1354091912508011,0.18465998768806458,-1.0658239126205444,0.0030003786087036133,2.1017062664031982
0,3566,0.2554857134819031,-0.29730284214019775,1.0720106363296509,0.13911868631839752,0.1827152669429779,-1.0643343925476074,0.0031316280364990234,2.1715965270996094
0,3567,0.25585809350013733,-0.2973911762237549,1.0721184015274048,0.14280810952186584,0.18075399100780487,-1.062846064567566,0.0032602548599243164,2.2402689456939697
0,3568,0.25623196363449097,-0.2974753677845001,1.0722225904464722,0.14647385478019714,0.17877645790576935,-1.0613566637039185,0.0033833980560302734,2.3079166412353516
0,3569,0.25660786032676697,-0.2975534200668335,1.0723215341567993,0.15011201798915863,0.17678384482860565,-1.0598639249801636,0.0034989118576049805,2.373638391494751
0,3570,0.2569860816001892,-0.297624409198761,1.0724140405654907,0.15372052788734436,0.17477655410766602,-1.0583665370941162,0.003605484962463379,2.4373488426208496
0,3571,0.2573665678501129,-0.2976886034011841,1.072500467300415,0.15730057656764984,0.17275531589984894,-1.0568645000457764,0.0037032365798950195,2.499201774597168
0,3572,0.2577488124370575,-0.2977474629878998,1.0725823640823364,0.1608552485704422,0.1707196682691574,-1.0553603172302246,0.0037943124771118164,2.559408664703369
0,3573,0.25813227891921997,-0.29780319333076477,1.072662115097046,0.16438917815685272,0.16866882145404816,-1.0538558959960938,0.0038813352584838867,2.6185309886932373
0,3574,0.2585162818431854,-0.2978578209877014,1.0727417469024658,0.1679060012102127,0.16660207509994507,-1.0523531436920166,0.0039670467376708984,2.677079916000366
0,3575,0.25890034437179565,-0.2979126274585724,1.0728224515914917,0.17140686511993408,0.1645204722881317,-1.0508532524108887,0.00405275821685791,2.7352354526519775
0,3576,0.2592840790748596,-0.29796847701072693,1.0729049444198608,0.17489035427570343,0.1624232977628708,-1.0493545532226562,0.004139423370361328,2.793231964111328
0,3577,0.25966721773147583,-0.29802554845809937,1.0729891061782837,0.17835260927677155,0.16031219065189362,-1.047855019569397,0.004227042198181152,2.850667715072632
0,3578,0.2600494921207428,-0.2980837821960449,1.0730745792388916,0.1817888617515564,0.1581886261701584,-1.0463511943817139,0.0043152570724487305,2.907508373260498
0,3579,0.26043081283569336,-0.29814302921295166,1.0731608867645264,0.1851951628923416,0.15605317056179047,-1.0448410511016846,0.004403471946716309,2.963656187057495
0,3580,0.26081112027168274,-0.29820311069488525,1.0732479095458984,0.18857069313526154,0.15390636026859283,-1.0433235168457031,0.004491567611694336,3.0188255310058594
0,3581,0.26119059324264526,-0.29826411604881287,1.0733357667922974,0.1919170767068863,0.15174835920333862,-1.0418003797531128,0.004579663276672363,3.0731329917907715
0,3582,0.2615692615509033,-0.29832595586776733,1.0734248161315918,0.19523900747299194,0.14957775175571442,-1.0402737855911255,0.004668235778808594,3.1271870136260986
0,3583,0.2619473934173584,-0.2983887195587158,1.0735154151916504,0.1985413134098053,0.147393599152565,-1.0387471914291382,0.004757523536682129,3.1807539463043213
0,3584,0.2623252272605896,-0.298452228307724,1.0736078023910522,0.20182694494724274,0.1451966017484665,-1.0372231006622314,0.004847884178161621,3.234100818634033
0,3585,0.26270294189453125,-0.29851609468460083,1.073702096939087,0.20509843528270721,0.14298604428768158,-1.0357016324996948,0.004939079284667969,3.287476062774658
0,3586,0.26308077573776245,-0.29857975244522095,1.0737982988357544,0.20835410058498383,0.14076432585716248,-1.0341815948486328,0.005031228065490723,3.340409278869629
0,3587,0.2634589970111847,-0.29864227771759033,1.0738959312438965,0.21159175038337708,0.1385338008403778,-1.0326613187789917,0.0051233768463134766,3.3927488327026367
0,3588,0.2638377547264099,-0.2987028956413269,1.0739948749542236,0.21480834484100342,0.13629676401615143,-1.0311379432678223,0.0052155256271362305,3.44400954246521
0,3589,0.26421716809272766,-0.2987610101699829,1.0740946531295776,0.21800239384174347,0.1340552121400833,-1.02961003780365,0.005306720733642578,3.494239330291748
0,3590,0.26459723711013794,-0.29881665110588074,1.074195384979248,0.2211734652519226,0.13180923461914062,-1.0280773639678955,0.005397319793701172,3.5431501865386963
0,3591,0.2649778425693512,-0.2988702952861786,1.074297308921814,0.22432422637939453,0.12955635786056519,-1.0265412330627441,0.005487561225891113,3.5912868976593018
0,3592,0.26535871624946594,-0.29892298579216003,1.074400544166565,0.22745682299137115,0.12729549407958984,-1.0250052213668823,0.005577802658081055,3.6386802196502686
0,3593,0.2657395899295807,-0.29897552728652954,1.07450532913208,0.23057416081428528,0.12502402067184448,-1.0234711170196533,0.00566864013671875,3.6858363151550293
0,3594,0.2661203444004059,-0.29902857542037964,1.0746119022369385,0.23367680609226227,0.12274041026830673,-1.0219398736953735,0.00576019287109375,3.732870101928711
0,3595,0.2665008008480072,-0.29908251762390137,1.074719786643982,0.2367638200521469,0.12044499814510345,-1.0204108953475952,0.005852460861206055,3.7798893451690674
0,3596,0.26688095927238464,-0.2991374433040619,1.0748283863067627,0.23983240127563477,0.11813917011022568,-1.0188826322555542,0.005944490432739258,3.8264846801757812
0,3597,0.2672608494758606,-0.299193412065506,1.0749372243881226,0.24287840723991394,0.1158248782157898,-1.0173519849777222,0.006036043167114258,3.872520685195923
0,3598,0.26764044165611267,-0.29925039410591125,1.0750454664230347,0.24589824676513672,0.11350393295288086,-1.0158164501190186,0.006126284599304199,3.917666435241699
0,3599,0.2680196762084961,-0.29930832982063293,1.075153112411499,0.24889051914215088,0.11117752641439438,-1.014275074005127,0.006215095520019531,3.9620516300201416
0,3600,0.26839855313301086,-0.29936715960502625,1.075260043144226,0.2518564760684967,0.10884500294923782,-1.0127286911010742,0.006302475929260254,4.005456924438477
0,3601,0.26877710223197937,-0.299426794052124,1.0753669738769531,0.254799485206604,0.10650541633367538,-1.0111794471740723,0.006389021873474121,4.048349380493164
0,3602,0.2691553831100464,-0.29948723316192627,1.0754743814468384,0.2577235698699951,0.1041560098528862,-1.0096300840377808,0.006475210189819336,4.090840816497803
0,3603,0.2695333659648895,-0.29954832792282104,1.0755831003189087,0.2606322169303894,0.10179661214351654,-1.0080831050872803,0.006561994552612305,4.133275032043457
0,3604,0.26991117000579834,-0.29960981011390686,1.075693130493164,0.2635263204574585,0.09942658245563507,-1.0065395832061768,0.006649017333984375,4.175747871398926
0,3605,0.27028894424438477,-0.2996712327003479,1.0758042335510254,0.2664056718349457,0.09704688936471939,-1.0049982070922852,0.006736278533935547,4.217979431152344
0,3606,0.27066704630851746,-0.29973191022872925,1.0759161710739136,0.2692674398422241,0.09466090053319931,-1.0034573078155518,0.006823062896728516,4.259654998779297
0,3607,0.2710455656051636,-0.2997913360595703,1.0760283470153809,0.2721088230609894,0.09227107465267181,-1.0019150972366333,0.0069086551666259766,4.300609111785889
0,3608,0.2714247405529022,-0.2998490333557129,1.0761401653289795,0.27492809295654297,0.08987969160079956,-1.0003694295883179,0.0069925785064697266,4.340364933013916
0,3609,0.2718046307563782,-0.29990488290786743,1.076251745223999,0.277724951505661,0.08748674392700195,-0.998819887638092,0.007074594497680664,4.379001140594482
0,3610,0.2721850275993347,-0.2999592423439026,1.076363205909729,0.28050094842910767,0.08509113639593124,-0.9972679615020752,0.007155179977416992,4.4166340827941895
0,3611,0.27256572246551514,-0.3000127375125885,1.0764751434326172,0.2832587659358978,0.08269041776657104,-0.9957157969474792,0.007234930992126465,4.453686237335205
0,3612,0.27294641733169556,-0.3000659644603729,1.0765880346298218,0.2860007584095001,0.08028212189674377,-0.9941655397415161,0.007314562797546387,4.49056339263916
0,3613,0.27332693338394165,-0.30011945962905884,1.0767019987106323,0.2887286841869354,0.07786428183317184,-0.9926183819770813,0.007394313812255859,4.527358055114746
0,3614,0.27370724081993103,-0.30017349123954773,1.0768170356750488,0.29144158959388733,0.07543721795082092,-0.9910739064216614,0.007474303245544434,4.564156532287598
0,3615,0.27408745884895325,-0.3002283573150635,1.0769325494766235,0.2941363453865051,0.0730016827583313,-0.9895310401916504,0.0075539350509643555,4.600619316101074
0,3616,0.2744676172733307,-0.3002840578556061,1.0770480632781982,0.2968088984489441,0.0705595538020134,-0.9879871606826782,0.007632851600646973,4.636499881744385
0,3617,0.2748478651046753,-0.30034056305885315,1.077162504196167,0.29945528507232666,0.06811365485191345,-0.9864398241043091,0.0077097415924072266,4.671518325805664
0,3618,0.27522826194763184,-0.3003978431224823,1.0772756338119507,0.30207359790802,0.06566553562879562,-0.984887957572937,0.007784485816955566,4.705444812774658
0,3619,0.2756088078022003,-0.30045583844184875,1.0773874521255493,0.3046644926071167,0.06321480870246887,-0.983331561088562,0.007857084274291992,4.738342761993408
0,3620,0.2759894132614136,-0.30051445960998535,1.0774986743927002,0.30723121762275696,0.060759976506233215,-0.9817725419998169,0.007928252220153809,4.770440101623535
0,3621,0.2763698995113373,-0.3005736768245697,1.0776097774505615,0.30977824330329895,0.05829906091094017,-0.980213463306427,0.007998347282409668,4.802159786224365
0,3622,0.2767501175403595,-0.30063337087631226,1.0777215957641602,0.3123090863227844,0.055830392986536026,-0.9786564707756042,0.008068442344665527,4.8339152336120605
0,3623,0.2771301567554474,-0.3006933927536011,1.0778346061706543,0.3148253262042999,0.053352922201156616,-0.9771026968955994,0.008138656616210938,4.86554479598999
0,3624,0.27751001715660095,-0.3007534444332123,1.0779484510421753,0.31732648611068726,0.05086845904588699,-0.975551962852478,0.008208870887756348,4.897210121154785
0,3625,0.2778898775577545,-0.3008131980895996,1.078062891960144,0.3198096454143524,0.04837903752923012,-0.9740028381347656,0.008278489112854004,4.928434371948242
0,3626,0.27827003598213196,-0.30087217688560486,1.0781772136688232,0.32227155566215515,0.04588693380355835,-0.9724527597427368,0.008346915245056152,4.958948612213135
0,3627,0.2786506414413452,-0.30093011260032654,1.0782910585403442,0.32470884919166565,0.043395742774009705,-0.9709007143974304,0.008413434028625488,4.988412380218506
0,3628,0.2790317237377167,-0.3009868562221527,1.0784043073654175,0.3271213471889496,0.040905460715293884,-0.9693461656570435,0.008478045463562012,5.016806125640869
0,3629,0.2794131636619568,-0.3010425269603729,1.078516960144043,0.32951027154922485,0.03841575235128403,-0.9677895307540894,0.008540630340576172,5.044224739074707
0,3630,0.27979472279548645,-0.3010975122451782,1.078629732131958,0.33187931776046753,0.035923078656196594,-0.9662324786186218,0.008602261543273926,5.07103157043457
0,3631,0.280176043510437,-0.3011523485183716,1.0787432193756104,0.33423128724098206,0.03342631086707115,-0.9646769762039185,0.008663654327392578,5.097659111022949
0,3632,0.2805565893650055,-0.3012074828147888,1.0788581371307373,0.3365691304206848,0.030922431498765945,-0.9631240963935852,0.008725523948669434,5.124493598937988
0,3633,0.2809356451034546,-0.30126336216926575,1.0789750814437866,0.33889240026474,0.028412282466888428,-0.9615735411643982,0.00878894329071045,5.151834964752197
0,3634,0.2813120186328888,-0.30132052302360535,1.0790950059890747,0.3411988914012909,0.025897357612848282,-0.9600241184234619,0.008855104446411133,5.17990255355835
0,3635,0.28168442845344543,-0.30137965083122253,1.0792186260223389,0.34348466992378235,0.02337965928018093,-0.9584733843803406,0.008925318717956543,5.208984851837158
0,3636,0.28205162286758423,-0.3014411926269531,1.0793466567993164,0.3457452058792114,0.02086314745247364,-0.9569186568260193,0.009000301361083984,5.23914098739624
0,3637,0.28241291642189026,-0.30150550603866577,1.0794793367385864,0.3479779362678528,0.018349679186940193,-0.9553583860397339,0.009080886840820312,5.270463466644287
0,3638,0.2827683389186859,-0.3015725314617157,1.079616904258728,0.3501829206943512,0.015838898718357086,-0.95379239320755,0.009167313575744629,5.302858352661133
0,3639,0.2831188440322876,-0.3016418516635895,1.0797585248947144,0.3523631989955902,0.013329453766345978,-0.9522227644920349,0.009258270263671875,5.33619499206543
0,3640,0.28346583247184753,-0.30171287059783936,1.079903244972229,0.3545232117176056,0.010817470960319042,-0.9506517648696899,0.009352684020996094,5.370420455932617
0,3641,0.2838108539581299,-0.3017849624156952,1.0800502300262451,0.3566662669181824,0.008300771936774254,-0.9490818977355957,0.009449124336242676,5.4050822257995605
0,3642,0.2841554880142212,-0.3018573522567749,1.0801979303359985,0.35879483819007874,0.005777838174253702,-0.9475150108337402,0.009545683860778809,5.439812183380127
0,3643,0.28450119495391846,-0.3019293546676636,1.0803450345993042,0.3609079122543335,0.003249293426051736,-0.9459514617919922,0.00964045524597168,5.473928451538086
0,3644,0.28484952449798584,-0.3020002245903015,1.0804898738861084,0.36300206184387207,0.0007168949232436717,-0.944390594959259,0.009731411933898926,5.506802082061768
0,3645,0.2852020263671875,-0.3020692765712738,1.0806305408477783,0.36507293581962585,-0.0018162588821724057,-0.94283127784729,0.00981605052947998,5.537464141845703
0,3646,0.28555986285209656,-0.3021358549594879,1.0807656049728394,0.36711642146110535,-0.004347620997577906,-0.9412720203399658,0.009892582893371582,5.565176963806152
0,3647,0.2859235107898712,-0.3021996319293976,1.0808943510055542,0.3691309094429016,-0.006875419989228249,-0.939712405204773,0.009959936141967773,5.58970308303833
0,3648,0.2862924635410309,-0.3022608458995819,1.0810173749923706,0.37111836671829224,-0.009400551207363605,-0.9381527304649353,0.010019063949584961,5.611364364624023
0,3649,0.28666552901268005,-0.30232003331184387,1.0811361074447632,0.3730822801589966,-0.011924474500119686,-0.9365935325622559,0.010071516036987305,5.630889415740967
0,3650,0.2870411276817322,-0.3023779094219208,1.0812524557113647,0.37502747774124146,-0.014450382441282272,-0.9350361227989197,0.010119795799255371,5.649028301239014
0,3651,0.2874179780483246,-0.30243512988090515,1.0813682079315186,0.3769572675228119,-0.016980301588773727,-0.9334809184074402,0.010166168212890625,5.666694641113281
0,3652,0.2877952456474304,-0.3024922311306,1.0814841985702515,0.37887275218963623,-0.019514532759785652,-0.9319280982017517,0.010211586952209473,5.6840996742248535
0,3653,0.2881726920604706,-0.30254942178726196,1.0816010236740112,0.3807717561721802,-0.02205180935561657,-0.9303766489028931,0.01025688648223877,5.701245307922363
0,3654,0.28855040669441223,-0.3026067018508911,1.0817183256149292,0.38264983892440796,-0.02458915486931801,-0.9288254976272583,0.010301709175109863,5.717859745025635
0,3655,0.2889287769794464,-0.30266401171684265,1.0818358659744263,0.384502112865448,-0.027122722938656807,-0.9272722005844116,0.010345697402954102,5.733366966247559
0,3656,0.289308100938797,-0.3027212917804718,1.081953525543213,0.3863251805305481,-0.029650740325450897,-0.9257155656814575,0.010388612747192383,5.747434139251709
0,3657,0.28968843817710876,-0.30277854204177856,1.08207106590271,0.3881184756755829,-0.03217209130525589,-0.9241553544998169,0.010430097579956055,5.760071754455566
0,3658,0.2900696098804474,-0.30283573269844055,1.0821884870529175,0.3898850381374359,-0.034688469022512436,-0.9225923418998718,0.010470390319824219,5.771561622619629
0,3659,0.2904512584209442,-0.3028928339481354,1.0823063850402832,0.3916293680667877,-0.037202637642621994,-0.9210281372070312,0.010509967803955078,5.782215595245361
0,3660,0.2908330261707306,-0.3029499650001526,1.0824247598648071,0.3933565616607666,-0.03971808776259422,-0.9194644689559937,0.010549068450927734,5.79257869720459
0,3661,0.29121455550193787,-0.3030071258544922,1.0825437307357788,0.39506956934928894,-0.04223627969622612,-0.9179021120071411,0.010587930679321289,5.8029913902282715
0,3662,0.29159560799598694,-0.3030644655227661,1.0826634168624878,0.3967684209346771,-0.044756930321455,-0.916342556476593,0.010626673698425293,5.813553810119629
0,3663,0.29197609424591064,-0.30312201380729675,1.0827833414077759,0.39845016598701477,-0.04727817699313164,-0.9147840142250061,0.010664820671081543,5.824097156524658
0,3664,0.29235589504241943,-0.30317986011505127,1.0829030275344849,0.4001103639602661,-0.04979601502418518,-0.9132261872291565,0.010702133178710938,5.834319114685059
0,3665,0.2927350401878357,-0.30323803424835205,1.0830217599868774,0.4017447829246521,-0.05230715125799179,-0.9116678833961487,0.01073765754699707,5.84391975402832
0,3666,0.29311349987983704,-0.3032965362071991,1.0831393003463745,0.4033505916595459,-0.05480961874127388,-0.9101078510284424,0.010771393775939941,5.852667331695557
0,3667,0.29349133372306824,-0.30335533618927,1.0832557678222656,0.4049287438392639,-0.05730361118912697,-0.9085465669631958,0.01080334186553955,5.860666275024414
0,3668,0.2938685417175293,-0.30341437458992004,1.0833715200424194,0.4064830541610718,-0.05979200452566147,-0.9069845080375671,0.01083385944366455,5.868153095245361
0,3669,0.29424527287483215,-0.3034735918045044,1.0834871530532837,0.408018559217453,-0.06227768957614899,-0.9054231643676758,0.010863423347473145,5.875397205352783
0,3670,0.29462161660194397,-0.30353280901908875,1.0836032629013062,0.409539133310318,-0.06476394087076187,-0.9038628339767456,0.010892748832702637,5.882632255554199
0,3671,0.29499784111976624,-0.30359190702438354,1.0837199687957764,0.4110463857650757,-0.06725147366523743,-0.9023041129112244,0.010921716690063477,5.889925003051758
0,3672,0.2953742444515228,-0.30365073680877686,1.083837866783142,0.4125387370586395,-0.06973953545093536,-0.9007459282875061,0.010950803756713867,5.896976470947266
0,3673,0.2957513928413391,-0.3037092685699463,1.0839567184448242,0.41401228308677673,-0.07222398370504379,-0.8991876840591431,0.010979652404785156,5.903354644775391
0,3674,0.2961297631263733,-0.30376729369163513,1.0840767621994019,0.4154619872570038,-0.07470186799764633,-0.897627055644989,0.011008381843566895,5.908565998077393
0,3675,0.2965097725391388,-0.3038245439529419,1.084197759628296,0.41688424348831177,-0.07716871052980423,-0.8960630297660828,0.011036396026611328,5.912147521972656
0,3676,0.2968915104866028,-0.30388110876083374,1.084319829940796,0.4182775020599365,-0.07962363213300705,-0.8944950699806213,0.011063933372497559,5.913970470428467
0,3677,0.29727479815483093,-0.30393698811531067,1.0844427347183228,0.4196445345878601,-0.08206812292337418,-0.8929236531257629,0.011090755462646484,5.914268970489502
0,3678,0.29765915870666504,-0.30399224162101746,1.084566593170166,0.42098960280418396,-0.08450575917959213,-0.8913500308990479,0.011117219924926758,5.913573265075684
0,3679,0.29804399609565735,-0.3040471374988556,1.0846912860870361,0.4223176836967468,-0.08694038540124893,-0.889775812625885,0.011143207550048828,5.912379741668701
0,3680,0.29842880368232727,-0.3041018843650818,1.0848166942596436,0.42363232374191284,-0.08937467634677887,-0.8882022500038147,0.011168956756591797,5.911186218261719
0,3681,0.2988131642341614,-0.30415675044059753,1.0849425792694092,0.424934059381485,-0.09180954098701477,-0.886629581451416,0.011194467544555664,5.910157680511475
0,3682,0.29919663071632385,-0.3042120039463043,1.0850684642791748,0.426220566034317,-0.09424248337745667,-0.8850582838058472,0.011219382286071777,5.909229278564453
0,3683,0.2995789647102356,-0.3042679727077484,1.0851935148239136,0.42748743295669556,-0.09666991978883743,-0.8834871649742126,0.011242985725402832,5.908300399780273
0,3684,0.2999599874019623,-0.3043249249458313,1.085317611694336,0.4287298023700714,-0.09908812493085861,-0.881915271282196,0.011265277862548828,5.90700626373291
0,3685,0.30033954977989197,-0.3043830990791321,1.085439920425415,0.4299444854259491,-0.10149375349283218,-0.8803421258926392,0.011285781860351562,5.905213832855225
0,3686,0.30071765184402466,-0.3044423758983612,1.0855605602264404,0.43113210797309875,-0.10388749837875366,-0.8787674307823181,0.011304259300231934,5.902923107147217
0,3687,0.3010944724082947,-0.30450257658958435,1.0856800079345703,0.43229562044143677,-0.10627111792564392,-0.8771917223930359,0.011321425437927246,5.900332450866699
0,3688,0.3014703691005707,-0.3045632839202881,1.0857986211776733,0.4334403872489929,-0.10864859074354172,-0.8756157755851746,0.01133716106414795,5.897541522979736
0,3689,0.3018456697463989,-0.30462419986724854,1.085917353630066,0.43457067012786865,-0.11102357506752014,-0.8740403056144714,0.01135241985321045,5.894848823547363
0,3690,0.30222076177597046,-0.30468499660491943,1.0860368013381958,0.43568867444992065,-0.11339782178401947,-0.8724652528762817,0.011367559432983398,5.892253875732422
0,3691,0.30259621143341064,-0.30474531650543213,1.0861574411392212,0.43679389357566833,-0.11577049642801285,-0.8708903789520264,0.011382699012756348,5.889459133148193
0,3692,0.30297255516052246,-0.3048049211502075,1.0862795114517212,0.43788284063339233,-0.11813753098249435,-0.869314432144165,0.011398077011108398,5.886063098907471
0,3693,0.30335041880607605,-0.3048635423183441,1.0864036083221436,0.43895119428634644,-0.1204947680234909,-0.8677364587783813,0.01141369342803955,5.881466388702393
0,3694,0.3037303686141968,-0.3049209713935852,1.0865299701690674,0.43999454379081726,-0.12283805757761002,-0.8661544919013977,0.011429786682128906,5.875196933746338
0,3695,0.30411261320114136,-0.3049771189689636,1.0866587162017822,0.4410114586353302,-0.125165656208992,-0.8645684719085693,0.011446356773376465,5.867084503173828
0,3696,0.30449700355529785,-0.30503201484680176,1.0867894887924194,0.4420033395290375,-0.12747842073440552,-0.862978458404541,0.011462926864624023,5.857287406921387
0,3697,0.3048829436302185,-0.3050859272480011,1.0869220495224,0.4429740309715271,-0.12977959215641022,-0.8613854050636292,0.011479735374450684,5.846199989318848
0,3698,0.3052698075771332,-0.30513906478881836,1.0870559215545654,0.44392871856689453,-0.13207483291625977,-0.8597907423973083,0.011496305465698242,5.834554195404053
0,3699,0.30565688014030457,-0.3051917850971222,1.0871906280517578,0.44487088918685913,-0.13436664640903473,-0.8581956624984741,0.01151275634765625,5.822818279266357
0,3700,0.3060435652732849,-0.30524447560310364,1.0873256921768188,0.4458017647266388,-0.13665668666362762,-0.8566007614135742,0.011528611183166504,5.811226844787598
0,3701,0.30642929673194885,-0.3052975833415985,1.0874603986740112,0.44671982526779175,-0.13894352316856384,-0.8550060987472534,0.011543750762939453,5.799882888793945
0,3702,0.30681362748146057,-0.3053515553474426,1.087593913078308,0.4476214051246643,-0.14122356474399567,-0.8534112572669983,0.011557459831237793,5.78872013092041
0,3703,0.30719614028930664,-0.3054068386554718,1.0877258777618408,0.4485018253326416,-0.14349310100078583,-0.851815402507782,0.011569738388061523,5.777535438537598
0,3704,0.30757656693458557,-0.3054637908935547,1.087855577468872,0.44935813546180725,-0.14574909210205078,-0.8502180576324463,0.01157987117767334,5.766193389892578
0,3705,0.30795490741729736,-0.30552247166633606,1.0879830121994019,0.45019012689590454,-0.14799068868160248,-0.8486191630363464,0.011588096618652344,5.754659175872803
0,3706,0.30833137035369873,-0.30558255314826965,1.0881085395812988,0.45100006461143494,-0.1502201110124588,-0.8470190167427063,0.011594533920288086,5.743033409118652
0,3707,0.3087063431739807,-0.30564364790916443,1.0882329940795898,0.4517919719219208,-0.1524408459663391,-0.8454177379608154,0.011599898338317871,5.7314863204956055
0,3708,0.3090801537036896,-0.3057052195072174,1.0883570909500122,0.45257073640823364,-0.15465664863586426,-0.8438162803649902,0.011604547500610352,5.720155715942383
0,3709,0.3094528913497925,-0.30576685070991516,1.088482141494751,0.45333877205848694,-0.15686972439289093,-0.8422143459320068,0.011609792709350586,5.709181308746338
0,3710,0.309824138879776,-0.30582842230796814,1.088609218597412,0.4540962874889374,-0.1590796411037445,-0.8406113386154175,0.011616706848144531,5.698666572570801
0,3711,0.31019315123558044,-0.3058900237083435,1.0887401103973389,0.4548412561416626,-0.16128313541412354,-0.8390066623687744,0.011627435684204102,5.688511848449707
0,3712,0.31055885553359985,-0.3059517741203308,1.0888766050338745,0.4555698335170746,-0.16347570717334747,-0.8373986482620239,0.011644244194030762,5.678821563720703
0,3713,0.3109202980995178,-0.306013822555542,1.0890203714370728,0.4562781751155853,-0.1656521111726761,-0.8357856869697571,0.011669158935546875,5.669426441192627
0,3714,0.31127697229385376,-0.3060762584209442,1.0891718864440918,0.4569647014141083,-0.1678101122379303,-0.8341672420501709,0.011703014373779297,5.6602582931518555
0,3715,0.311629056930542,-0.30613911151885986,1.0893309116363525,0.4576300084590912,-0.16995058953762054,-0.8325435519218445,0.011745452880859375,5.651456356048584
0,3716,0.3119773864746094,-0.306202232837677,1.0894960165023804,0.4582769274711609,-0.17207659780979156,-0.8309158086776733,0.011794686317443848,5.642780303955078
0,3717,0.3123232424259186,-0.3062654733657837,1.089665412902832,0.4589092433452606,-0.17419342696666718,-0.8292848467826843,0.01184844970703125,5.6344380378723145
0,3718,0.3126678764820099,-0.3063286244869232,1.0898367166519165,0.45953091979026794,-0.17630568146705627,-0.8276529312133789,0.011903882026672363,5.626292705535889
0,3719,0.31301257014274597,-0.3063915967941284,1.0900081396102905,0.4601427912712097,-0.17841532826423645,-0.8260205388069153,0.011958718299865723,5.618205547332764
0,3720,0.31335845589637756,-0.3064543306827545,1.0901777744293213,0.4607440233230591,-0.18052193522453308,-0.8243886232376099,0.012010574340820312,5.609757423400879
0,3721,0.31370681524276733,-0.3065167963504791,1.0903434753417969,0.4613315463066101,-0.18262307345867157,-0.8227564096450806,0.012056827545166016,5.600456714630127
0,3722,0.3140588402748108,-0.3065788745880127,1.090503454208374,0.46190211176872253,-0.1847144216299057,-0.8211244940757751,0.012094974517822266,5.589738368988037
0,3723,0.3144153356552124,-0.3066405653953552,1.0906562805175781,0.46245232224464417,-0.1867934763431549,-0.8194921612739563,0.012123465538024902,5.577242851257324
0,3724,0.31477662920951843,-0.3067018687725067,1.090801477432251,0.46298205852508545,-0.18885906040668488,-0.8178594708442688,0.012141704559326172,5.562817096710205
0,3725,0.3151421546936035,-0.3067627251148224,1.0909398794174194,0.4634925127029419,-0.19091159105300903,-0.8162263631820679,0.01215052604675293,5.546658515930176
0,3726,0.3155108690261841,-0.306823194026947,1.0910732746124268,0.46398743987083435,-0.19295558333396912,-0.8145929574966431,0.01215219497680664,5.529389381408691
0,3727,0.3158816397190094,-0.30688321590423584,1.0912036895751953,0.4644702076911926,-0.19499385356903076,-0.8129591941833496,0.012149214744567871,5.511532783508301
0,3728,0.3162534236907959,-0.30694282054901123,1.0913331508636475,0.4649433493614197,-0.1970287561416626,-0.811325192451477,0.012144088745117188,5.493476390838623
0,3729,0.31662583351135254,-0.3070021867752075,1.0914629697799683,0.46540722250938416,-0.1990610659122467,-0.8096907138824463,0.012138128280639648,5.475467205047607
0,3730,0.31699880957603455,-0.30706122517585754,1.0915942192077637,0.4658600687980652,-0.20108778774738312,-0.8080556988716125,0.012132406234741211,5.457255840301514
0,3731,0.31737279891967773,-0.3071199655532837,1.09172785282135,0.46629849076271057,-0.203106090426445,-0.8064190149307251,0.012127995491027832,5.438586711883545
0,3732,0.31774812936782837,-0.3071784973144531,1.0918644666671753,0.4667185842990875,-0.2051113396883011,-0.8047804832458496,0.012125015258789062,5.419022083282471
0,3733,0.3181250989437103,-0.30723685026168823,1.092004418373108,0.46711814403533936,-0.20710119605064392,-0.8031396865844727,0.012123942375183105,5.398334503173828
0,3734,0.31850382685661316,-0.30729496479034424,1.0921475887298584,0.4674973487854004,-0.20907561480998993,-0.8014963865280151,0.01212453842163086,5.376619815826416
0,3735,0.3188839256763458,-0.30735281109809875,1.0922935009002686,0.46785885095596313,-0.21103662252426147,-0.7998512983322144,0.012126326560974121,5.354085445404053
0,3736,0.3192649781703949,-0.30741041898727417,1.092441439628601,0.4682064950466156,-0.21298901736736298,-0.7982044816017151,0.012128949165344238,5.331124782562256
0,3737,0.319646418094635,-0.30746766924858093,1.0925904512405396,0.4685439169406891,-0.21493586897850037,-0.7965565919876099,0.012131690979003906,5.308103084564209
0,3738,0.3200278580188751,-0.30752459168434143,1.0927397012710571,0.46887388825416565,-0.2168799638748169,-0.7949078679084778,0.01213371753692627,5.285351276397705
0,3739,0.3204088509082794,-0.3075811266899109,1.0928884744644165,0.469196617603302,-0.21882055699825287,-0.7932581305503845,0.012134552001953125,5.262836933135986
0,3740,0.32078903913497925,-0.3076372742652893,1.0930358171463013,0.469510942697525,-0.2207556962966919,-0.7916068434715271,0.012133359909057617,5.2406744956970215
0,3741,0.32116809487342834,-0.3076931834220886,1.0931808948516846,0.46981537342071533,-0.2226821929216385,-0.7899539470672607,0.012129545211791992,5.2186431884765625
0,3742,0.32154566049575806,-0.30774882435798645,1.093322992324829,0.47010788321495056,-0.22459717094898224,-0.788299024105072,0.012122631072998047,5.196594715118408
0,3743,0.3219217360019684,-0.3078042268753052,1.0934616327285767,0.47038763761520386,-0.2264987975358963,-0.7866414785385132,0.012112021446228027,5.174528121948242
0,3744,0.3222964107990265,-0.3078593611717224,1.0935972929000854,0.47065529227256775,-0.22838829457759857,-0.7849816679954529,0.012098312377929688,5.1524434089660645
0,3745,0.32266998291015625,-0.30791425704956055,1.0937304496765137,0.47091245651245117,-0.23026785254478455,-0.783319890499115,0.012081742286682129,5.130492687225342
0,3746,0.3230428099632263,-0.3079688251018524,1.0938622951507568,0.4711611568927765,-0.23214127123355865,-0.7816568613052368,0.012063264846801758,5.108678340911865
0,3747,0.32341524958610535,-0.30802324414253235,1.0939937829971313,0.47140252590179443,-0.23401109874248505,-0.7799929976463318,0.012043952941894531,5.087155818939209
0,3748,0.3237876296043396,-0.30807775259017944,1.094125747680664,0.47163626551628113,-0.2358786016702652,-0.7783284783363342,0.012024283409118652,5.065928936004639
0,3749,0.32416027784347534,-0.3081326186656952,1.0942589044570923,0.47186079621315,-0.2377423346042633,-0.7766637206077576,0.012005209922790527,5.044806957244873
0,3750,0.3245333731174469,-0.3081883490085602,1.0943939685821533,0.4720730483531952,-0.23959939181804657,-0.7749988436698914,0.01198720932006836,5.023674488067627
0,3751,0.32490724325180054,-0.30824539065361023,1.094531536102295,0.4722698926925659,-0.241446852684021,-0.7733340859413147,0.011970996856689453,5.002257347106934
0,3752,0.3252820074558258,-0.308304101228714,1.0946719646453857,0.47244909405708313,-0.243282750248909,-0.7716695666313171,0.011956930160522461,4.980551242828369
0,3753,0.3256577253341675,-0.30836451053619385,1.0948154926300049,0.47261032462120056,-0.2451060265302658,-0.7700052857398987,0.011945247650146484,4.95843505859375
0,3754,0.3260342478752136,-0.3084263801574707,1.0949615240097046,0.4727553427219391,-0.24691873788833618,-0.7683407068252563,0.01193535327911377,4.936060428619385
0,3755,0.32641133666038513,-0.30848920345306396,1.0951095819473267,0.47288748621940613,-0.24872367084026337,-0.7666763067245483,0.011926770210266113,4.913624286651611
0,3756,0.3267887532711029,-0.3085523545742035,1.0952587127685547,0.47301021218299866,-0.2505238354206085,-0.7650110125541687,0.011918425559997559,4.891366004943848
0,3757,0.32716619968414307,-0.3086152672767639,1.0954082012176514,0.47312629222869873,-0.2523210048675537,-0.7633447647094727,0.0119096040725708,4.869328022003174
0,3758,0.3275435268878937,-0.3086773753166199,1.0955573320388794,0.4732372760772705,-0.2541152238845825,-0.7616773247718811,0.011899590492248535,4.847634792327881
0,3759,0.327920526266098,-0.30873823165893555,1.0957050323486328,0.47334322333335876,-0.2559048533439636,-0.760007917881012,0.011887192726135254,4.826128005981445
0,3760,0.3282969892024994,-0.30879732966423035,1.0958508253097534,0.4734436273574829,-0.2576879858970642,-0.7583357691764832,0.011872053146362305,4.804647445678711
0,3761,0.32867276668548584,-0.3088543713092804,1.0959936380386353,0.47353795170783997,-0.25946125388145447,-0.7566606402397156,0.01185297966003418,4.783112049102783
0,3762,0.3290477991104126,-0.30890902876853943,1.0961332321166992,0.47362589836120605,-0.26122328639030457,-0.7549819946289062,0.011829733848571777,4.761397361755371
0,3763,0.32942211627960205,-0.3089614510536194,1.0962696075439453,0.4737074673175812,-0.26297464966773987,-0.7533000707626343,0.011802434921264648,4.739459037780762
0,3764,0.32979583740234375,-0.3090120553970337,1.0964035987854004,0.4737829864025116,-0.2647174596786499,-0.7516153454780579,0.011771798133850098,4.717543601989746
0,3765,0.33016908168792725,-0.3090612590312958,1.0965360403060913,0.47385305166244507,-0.26645427942276,-0.7499285340309143,0.011738777160644531,4.695693016052246
0,3766,0.33054208755493164,-0.30910980701446533,1.0966676473617554,0.4739179015159607,-0.2681872844696045,-0.7482404708862305,0.011704206466674805,4.674117565155029
0,3767,0.33091506361961365,-0.3091583847999573,1.0967994928359985,0.47397688031196594,-0.2699180245399475,-0.7465519905090332,0.011669158935546875,4.652863502502441
0,3768,0.33128806948661804,-0.3092077970504761,1.096932291984558,0.4740281403064728,-0.2716464400291443,-0.744863748550415,0.0116347074508667,4.631977081298828
0,3769,0.3316611647605896,-0.3092590868473053,1.0970665216445923,0.4740692377090454,-0.27337056398391724,-0.7431769967079163,0.01160132884979248,4.61142110824585
0,3770,0.3320344388484955,-0.30931317806243896,1.0972028970718384,0.4740971624851227,-0.27508845925331116,-0.7414924502372742,0.011570096015930176,4.59119987487793
0,3771,0.3324079215526581,-0.30937084555625916,1.0973418951034546,0.47410956025123596,-0.27679839730262756,-0.7398108839988708,0.011541604995727539,4.57131814956665
0,3772,0.332781583070755,-0.3094322979450226,1.0974833965301514,0.4741058051586151,-0.2784992754459381,-0.7381325364112854,0.01151585578918457,4.551694393157959
0,3773,0.33315542340278625,-0.30949708819389343,1.0976272821426392,0.47408735752105713,-0.28019222617149353,-0.7364568710327148,0.011492609977722168,4.5324602127075195
0,3774,0.3335294723510742,-0.3095642924308777,1.0977729558944702,0.4740569591522217,-0.28187909722328186,-0.7347829341888428,0.011470913887023926,4.513535499572754
0,3775,0.3339036703109741,-0.3096327781677246,1.0979197025299072,0.4740176200866699,-0.2835617661476135,-0.7331096529960632,0.011449933052062988,4.4950103759765625
0,3776,0.3342778980731964,-0.30970144271850586,1.0980669260025024,0.4739722013473511,-0.2852419912815094,-0.7314357161521912,0.0114288330078125,4.476890563964844
0,3777,0.3346521854400635,-0.30976924300193787,1.0982139110565186,0.4739225208759308,-0.2869199812412262,-0.7297602891921997,0.011406540870666504,4.458960056304932
0,3778,0.33502647280693054,-0.30983513593673706,1.0983600616455078,0.4738696813583374,-0.2885940670967102,-0.7280820608139038,0.011382222175598145,4.4412665367126465
0,3779,0.3354007303714752,-0.3098981976509094,1.0985044240951538,0.4738143980503082,-0.290262907743454,-0.7264005541801453,0.011354923248291016,4.4234137535095215
0,3780,0.3357750177383423,-0.30995747447013855,1.0986465215682983,0.4737567901611328,-0.2919236123561859,-0.7247143387794495,0.01132357120513916,4.40531063079834
0,3781,0.33614927530288696,-0.3100125789642334,1.0987858772277832,0.47369688749313354,-0.2935747802257538,-0.723022997379303,0.011287927627563477,4.386776447296143
0,3782,0.33652347326278687,-0.31006360054016113,1.0989227294921875,0.47363466024398804,-0.29521644115448,-0.7213270664215088,0.011247992515563965,4.367804527282715
0,3783,0.3368976414203644,-0.31011107563972473,1.0990573167800903,0.47356975078582764,-0.2968502938747406,-0.7196266651153564,0.011204361915588379,4.348569869995117
0,3784,0.3372717499732971,-0.3101560175418854,1.0991904735565186,0.47350233793258667,-0.2984788119792938,-0.7179234623908997,0.011157989501953125,4.329250335693359
0,3785,0.33764585852622986,-0.3101995587348938,1.0993226766586304,0.47343143820762634,-0.30010369420051575,-0.7162180542945862,0.011109709739685059,4.310070991516113
0,3786,0.33801987767219543,-0.3102428913116455,1.0994549989700317,0.47335582971572876,-0.30172666907310486,-0.7145119309425354,0.011060833930969238,4.291171550750732
0,3787,0.3383936882019043,-0.31028738617897034,1.0995876789093018,0.47327396273612976,-0.3033483028411865,-0.712806761264801,0.01101219654083252,4.272876262664795
0,3788,0.3387671113014221,-0.31033438444137573,1.0997213125228882,0.47318321466445923,-0.30496716499328613,-0.7111040949821472,0.010964632034301758,4.25519323348999
0,3789,0.33914002776145935,-0.3103853166103363,1.0998561382293701,0.4730813205242157,-0.30658239126205444,-0.709405779838562,0.01091909408569336,4.23826789855957
0,3790,0.33951225876808167,-0.3104412853717804,1.0999923944473267,0.4729660451412201,-0.3081924021244049,-0.7077130079269409,0.010875821113586426,4.222341537475586
0,3791,0.3398836553096771,-0.31050294637680054,1.100130319595337,0.47283637523651123,-0.309796541929245,-0.7060267925262451,0.010835647583007812,4.207286357879639
0,3792,0.34025436639785767,-0.31056979298591614,1.1002696752548218,0.47269314527511597,-0.31139546632766724,-0.7043462991714478,0.010797858238220215,4.193158149719238
0,3793,0.3406246304512024,-0.3106405436992645,1.1004102230072021,0.47253865003585815,-0.3129899799823761,-0.7026697397232056,0.01076209545135498,4.179779052734375
0,3794,0.34099462628364563,-0.31071358919143677,1.1005516052246094,0.4723757803440094,-0.31458142399787903,-0.7009953856468201,0.010727167129516602,4.167156219482422
0,3795,0.3413645625114441,-0.31078729033470154,1.1006932258605957,0.47220736742019653,-0.31617072224617004,-0.6993215084075928,0.010692119598388672,4.154871940612793
0,3796,0.34173473715782166,-0.31086018681526184,1.100834846496582,0.47203508019447327,-0.3177575469017029,-0.6976460814476013,0.010656237602233887,4.142882347106934
0,3797,0.3421054780483246,-0.31093084812164307,1.1009761095046997,0.4718605875968933,-0.3193413019180298,-0.6959673166275024,0.010618448257446289,4.130810260772705
0,3798,0.34247714281082153,-0.3109978139400482,1.10111665725708,0.471684992313385,-0.32092031836509705,-0.694284200668335,0.010578036308288574,4.118465423583984
0,3799,0.34285005927085876,-0.31105977296829224,1.101256251335144,0.47150903940200806,-0.3224922716617584,-0.6925948858261108,0.010534048080444336,4.10546350479126
0,3800,0.34322455525398254,-0.3111158311367035,1.1013946533203125,0.4713333547115326,-0.3240562975406647,-0.6908990144729614,0.01048588752746582,4.091702461242676
0,3801,0.3436006009578705,-0.311165988445282,1.1015318632125854,0.47115781903266907,-0.3256116509437561,-0.6891960501670837,0.010433673858642578,4.076982498168945
0,3802,0.3439779281616211,-0.3112109303474426,1.101667881011963,0.470982164144516,-0.32715970277786255,-0.6874871253967285,0.010377645492553711,4.061582088470459
0,3803,0.34435614943504333,-0.31125202775001526,1.101803183555603,0.4708056151866913,-0.32870203256607056,-0.6857739686965942,0.010318756103515625,4.045736312866211
0,3804,0.34473490715026855,-0.31129083037376404,1.101938009262085,0.47062692046165466,-0.33024081587791443,-0.6840577721595764,0.010258078575134277,4.029877185821533
0,3805,0.3451136648654938,-0.3113290071487427,1.1020725965499878,0.47044476866722107,-0.3317777216434479,-0.6823402643203735,0.010196328163146973,4.014247417449951
0,3806,0.34549179673194885,-0.31136834621429443,1.1022071838378906,0.4702572524547577,-0.3333134651184082,-0.6806237697601318,0.010134577751159668,3.9991941452026367
0,3807,0.3458685874938965,-0.31141069531440735,1.1023417711257935,0.4700620770454407,-0.33484774827957153,-0.6789102554321289,0.01007390022277832,3.9850668907165527
0,3808,0.34624332189559937,-0.31145796179771423,1.1024762392044067,0.46985721588134766,-0.336380273103714,-0.6772027015686035,0.010014772415161133,3.9721710681915283
0,3809,0.3466152548789978,-0.311511754989624,1.1026103496551514,0.4696404039859772,-0.3379095494747162,-0.6755028963088989,0.009958148002624512,3.960716724395752
0,3810,0.3469840884208679,-0.3115730583667755,1.1027443408966064,0.4694103002548218,-0.3394356071949005,-0.6738122701644897,0.00990438461303711,3.951014518737793
0,3811,0.34734997153282166,-0.3116416037082672,1.102878212928772,0.4691673517227173,-0.3409586548805237,-0.6721300482749939,0.009853482246398926,3.9428281784057617
0,3812,0.3477134704589844,-0.3117158114910126,1.1030117273330688,0.4689136743545532,-0.34247875213623047,-0.6704543828964233,0.009804606437683105,3.9359185695648193
0,3813,0.3480754792690277,-0.3117936849594116,1.1031451225280762,0.46865183115005493,-0.34399664402008057,-0.6687828302383423,0.009756803512573242,3.9300928115844727
0,3814,0.34843698143959045,-0.3118729293346405,1.103278636932373,0.4683842360973358,-0.34551331400871277,-0.6671122908592224,0.009709358215332031,3.924757957458496
0,3815,0.34879884123802185,-0.31195157766342163,1.1034122705459595,0.4681132137775421,-0.3470277190208435,-0.665440559387207,0.009661078453063965,3.9196152687072754
0,3816,0.34916210174560547,-0.3120276927947998,1.1035462617874146,0.4678403437137604,-0.34853991866111755,-0.663765549659729,0.009611248970031738,3.914466142654419
0,3817,0.34952786564826965,-0.3120993375778198,1.1036806106567383,0.46756744384765625,-0.3500480353832245,-0.6620852947235107,0.009558796882629395,3.9084584712982178
0,3818,0.3498970568180084,-0.3121648132801056,1.1038155555725098,0.4672958254814148,-0.35154983401298523,-0.6603986024856567,0.009502887725830078,3.901437997817993
0,3819,0.3502705991268158,-0.3122226595878601,1.103951096534729,0.46702638268470764,-0.35304439067840576,-0.6587039232254028,0.009442567825317383,3.893097162246704
0,3820,0.3506486713886261,-0.3122725784778595,1.1040873527526855,0.46675950288772583,-0.35453107953071594,-0.6570010781288147,0.009377837181091309,3.8833773136138916
0,3821,0.35103076696395874,-0.3123153746128082,1.1042243242263794,0.4664945602416992,-0.3560103178024292,-0.6552908420562744,0.009309172630310059,3.8722171783447266
0,3822,0.3514159023761749,-0.31235271692276,1.104361653327942,0.4662303924560547,-0.3574846088886261,-0.6535749435424805,0.009237170219421387,3.8603146076202393
0,3823,0.3518027663230896,-0.3123866617679596,1.104499340057373,0.465965211391449,-0.35895484685897827,-0.6518551111221313,0.009163141250610352,3.848019599914551
0,3824,0.352190226316452,-0.31241926550865173,1.1046369075775146,0.4656977951526642,-0.36042335629463196,-0.6501336097717285,0.009087800979614258,3.835787057876587
0,3825,0.3525768518447876,-0.3124527931213379,1.1047742366790771,0.46542587876319885,-0.3618905246257782,-0.6484124660491943,0.009012341499328613,3.8239762783050537
0,3826,0.3529612720012665,-0.3124895691871643,1.1049107313156128,0.4651470482349396,-0.3633570373058319,-0.6466944217681885,0.008937597274780273,3.813310146331787
0,3827,0.3533419072628021,-0.312531977891922,1.105046033859253,0.4648590385913849,-0.3648218512535095,-0.644982099533081,0.008864879608154297,3.804158926010132
0,3828,0.3537174165248871,-0.31258222460746765,1.1051795482635498,0.4645597040653229,-0.36628490686416626,-0.6432784795761108,0.008794784545898438,3.7967398166656494
0,3829,0.3540869951248169,-0.31264156103134155,1.1053109169006348,0.46424758434295654,-0.3677458167076111,-0.6415848731994629,0.00872802734375,3.791475296020508
0,3830,0.35445067286491394,-0.3127099275588989,1.1054402589797974,0.46392256021499634,-0.369204044342041,-0.6399011611938477,0.008664369583129883,3.788271903991699
0,3831,0.3548094928264618,-0.312785804271698,1.1055676937103271,0.46358662843704224,-0.37066027522087097,-0.6382254362106323,0.008603215217590332,3.7868244647979736
0,3832,0.3551650047302246,-0.312866747379303,1.105694055557251,0.4632420539855957,-0.3721148669719696,-0.6365551352500916,0.008543848991394043,3.7866172790527344
0,3833,0.3555188775062561,-0.31295013427734375,1.1058199405670166,0.4628913700580597,-0.37356844544410706,-0.634886622428894,0.008485198020935059,3.787341356277466
0,3834,0.3558727502822876,-0.3130333721637726,1.1059457063674927,0.4625371992588043,-0.375020295381546,-0.6332175135612488,0.00842595100402832,3.788116931915283
0,3835,0.35622814297676086,-0.31311437487602234,1.106072187423706,0.46218177676200867,-0.3764705955982208,-0.6315457224845886,0.008365631103515625,3.7887890338897705
0,3836,0.3565865755081177,-0.31319090723991394,1.1061997413635254,0.46182703971862793,-0.3779183328151703,-0.6298695802688599,0.008302927017211914,3.7888405323028564
0,3837,0.35694950819015503,-0.3132610023021698,1.1063292026519775,0.46147453784942627,-0.3793623149394989,-0.6281878352165222,0.008237361907958984,3.787755012512207
0,3838,0.35731813311576843,-0.3133229911327362,1.1064608097076416,0.4611263573169708,-0.3808017373085022,-0.6264995336532593,0.00816810131072998,3.78537654876709
0,3839,0.3576928377151489,-0.31337615847587585,1.1065948009490967,0.46078282594680786,-0.38223573565483093,-0.6248041987419128,0.00809478759765625,3.78128719329834
0,3840,0.35807326436042786,-0.31342124938964844,1.1067309379577637,0.4604434072971344,-0.38366463780403137,-0.6231023669242859,0.008017778396606445,3.775742530822754
0,3841,0.3584580719470978,-0.3134599030017853,1.106868863105774,0.46010640263557434,-0.38509005308151245,-0.6213951110839844,0.00793766975402832,3.769254207611084
0,3842,0.3588458299636841,-0.3134942650794983,1.1070079803466797,0.4597701132297516,-0.38651272654533386,-0.6196841597557068,0.007855534553527832,3.7622344493865967
0,3843,0.35923483967781067,-0.31352663040161133,1.107147455215454,0.4594324231147766,-0.38793325424194336,-0.6179709434509277,0.007771968841552734,3.75494122505188
0,3844,0.35962358117103577,-0.31355923414230347,1.1072865724563599,0.4590909481048584,-0.3893526494503021,-0.61625736951828,0.007687807083129883,3.748103618621826
0,3845,0.3600107729434967,-0.313594251871109,1.1074246168136597,0.45874327421188354,-0.39077070355415344,-0.614545464515686,0.007603764533996582,3.741986036300659
0,3846,0.3603951334953308,-0.3136337399482727,1.1075608730316162,0.45838749408721924,-0.39218661189079285,-0.6128376126289368,0.007520198822021484,3.736959457397461
0,3847,0.3607754111289978,-0.3136797249317169,1.1076945066452026,0.4580211937427521,-0.3935999274253845,-0.6111358404159546,0.0074378252029418945,3.733341932296753
0,3848,0.361150860786438,-0.31373360753059387,1.1078249216079712,0.45764288306236267,-0.3950093686580658,-0.6094417572021484,0.007356762886047363,3.731505870819092
0,3849,0.3615213930606842,-0.3137955069541931,1.1079519987106323,0.4572526812553406,-0.3964155912399292,-0.6077557802200317,0.007277011871337891,3.7312958240509033
0,3850,0.3618876338005066,-0.31386426091194153,1.1080763339996338,0.4568515717983246,-0.3978181481361389,-0.6060764193534851,0.0071985721588134766,3.7325551509857178
0,3851,0.3622508645057678,-0.3139379322528839,1.108198642730713,0.4564417004585266,-0.3992188572883606,-0.6044012904167175,0.007120847702026367,3.7349674701690674
0,3852,0.3626123368740082,-0.3140142858028412,1.108319878578186,0.4560258686542511,-0.4006175398826599,-0.6027284264564514,0.007043361663818359,3.738006830215454
0,3853,0.362973153591156,-0.31409135460853577,1.10844087600708,0.4556061327457428,-0.4020153284072876,-0.6010555028915405,0.006965994834899902,3.74161958694458
0,3854,0.3633342385292053,-0.31416749954223633,1.1085624694824219,0.45518478751182556,-0.4034131169319153,-0.5993813276290894,0.006888389587402344,3.7452290058135986
0,3855,0.36369624733924866,-0.31424134969711304,1.1086853742599487,0.4547639787197113,-0.40481096506118774,-0.5977054834365845,0.006810545921325684,3.7487823963165283
0,3856,0.3640596568584442,-0.3143117129802704,1.108810544013977,0.45434603095054626,-0.4062095880508423,-0.5960280895233154,0.006732821464538574,3.752124071121216
0,3857,0.3644249439239502,-0.3143775165081024,1.1089383363723755,0.4539327323436737,-0.40760889649391174,-0.5943486094474792,0.006655097007751465,3.754784345626831
0,3858,0.36479219794273376,-0.3144384026527405,1.1090693473815918,0.45352494716644287,-0.40900856256484985,-0.5926678776741028,0.006577730178833008,3.757026433944702
0,3859,0.36516132950782776,-0.3144945502281189,1.1092032194137573,0.4531223475933075,-0.4104093313217163,-0.5909854769706726,0.006500363349914551,3.75885009765625
0,3860,0.3655320703983307,-0.31454676389694214,1.109339714050293,0.4527234137058258,-0.4118107855319977,-0.589301347732544,0.006423234939575195,3.7601521015167236
0,3861,0.36590391397476196,-0.3145963251590729,1.1094777584075928,0.45232582092285156,-0.41321244835853577,-0.5876159071922302,0.006345987319946289,3.761401653289795
0,3862,0.36627650260925293,-0.3146442472934723,1.1096163988113403,0.4519273042678833,-0.4146137237548828,-0.5859291553497314,0.006268143653869629,3.762547016143799
0,3863,0.36664968729019165,-0.314691424369812,1.1097549200057983,0.45152604579925537,-0.4160134792327881,-0.5842410326004028,0.006189107894897461,3.7637956142425537
0,3864,0.36702364683151245,-0.31473857164382935,1.1098921298980713,0.45111995935440063,-0.41741079092025757,-0.5825519561767578,0.00610804557800293,3.765200138092041
0,3865,0.3673986494541168,-0.31478622555732727,1.1100270748138428,0.4507076144218445,-0.4188034236431122,-0.5808627605438232,0.006023764610290527,3.7667598724365234
0,3866,0.3677751123905182,-0.3148348033428192,1.1101588010787964,0.4502876102924347,-0.4201904237270355,-0.5791743993759155,0.005935311317443848,3.76847505569458
0,3867,0.3681533932685852,-0.31488466262817383,1.1102865934371948,0.44985857605934143,-0.42156997323036194,-0.5774868726730347,0.005841851234436035,3.7703969478607178
0,3868,0.3685336410999298,-0.3149358928203583,1.110410213470459,0.4494204521179199,-0.4229421317577362,-0.5758006572723389,0.005742907524108887,3.7725257873535156
0,3869,0.3689156472682953,-0.31498828530311584,1.1105300188064575,0.4489741921424866,-0.4243069887161255,-0.5741156935691833,0.005639076232910156,3.774808883666992
0,3870,0.36929893493652344,-0.3150413930416107,1.1106468439102173,0.44852107763290405,-0.4256664514541626,-0.572431206703186,0.00553131103515625,3.7774016857147217
0,3871,0.3696829676628113,-0.3150949478149414,1.1107618808746338,0.4480625092983246,-0.4270225167274475,-0.5707464814186096,0.005421042442321777,3.7799925804138184
0,3872,0.3700670003890991,-0.31514880061149597,1.1108763217926025,0.447600394487381,-0.4283769726753235,-0.5690613985061646,0.005309939384460449,3.78299617767334
0,3873,0.3704499900341034,-0.3152032494544983,1.1109907627105713,0.4471363127231598,-0.42973217368125916,-0.5673767924308777,0.005199313163757324,3.7864108085632324
0,3874,0.3708307147026062,-0.3152589797973633,1.1111059188842773,0.4466720223426819,-0.43108949065208435,-0.5656935572624207,0.0050907135009765625,3.7904422283172607
0,3875,0.37120765447616577,-0.31531697511672974,1.1112223863601685,0.44620877504348755,-0.4324517846107483,-0.5640138387680054,0.004986286163330078,3.795295238494873
0,3876,0.3715794086456299,-0.3153783082962036,1.1113405227661133,0.4457484781742096,-0.43382033705711365,-0.5623399019241333,0.004887223243713379,3.8012754917144775
0,3877,0.3719450831413269,-0.3154435455799103,1.111460566520691,0.44529199600219727,-0.43519604206085205,-0.5606726408004761,0.004794716835021973,3.8084805011749268
0,3878,0.372304767370224,-0.31551268696784973,1.1115823984146118,0.4448387920856476,-0.43657922744750977,-0.5590120553970337,0.004708528518676758,3.8169033527374268
0,3879,0.3726594150066376,-0.31558507680892944,1.1117058992385864,0.44438815116882324,-0.43796801567077637,-0.5573568344116211,0.004627704620361328,3.8263823986053467
0,3880,0.3730106055736542,-0.3156595826148987,1.1118303537368774,0.4439381957054138,-0.4393606185913086,-0.5557047724723816,0.004550457000732422,3.836552858352661
0,3881,0.37336018681526184,-0.3157348334789276,1.1119552850723267,0.4434870779514313,-0.44075465202331543,-0.5540533065795898,0.004474639892578125,3.847154140472412
0,3882,0.373710036277771,-0.31580933928489685,1.1120798587799072,0.4430335760116577,-0.44214704632759094,-0.5524003505706787,0.004397749900817871,3.8578286170959473
0,3883,0.3740620017051697,-0.3158816695213318,1.1122030019760132,0.4425765573978424,-0.44353392720222473,-0.5507436394691467,0.0043174028396606445,3.8681693077087402
0,3884,0.3744180500507355,-0.31595003604888916,1.1123238801956177,0.4421151578426361,-0.44491228461265564,-0.5490811467170715,0.0042307376861572266,3.87762451171875
0,3885,0.37478020787239075,-0.31601276993751526,1.1124411821365356,0.44164881110191345,-0.44627660512924194,-0.5474112629890442,0.004135012626647949,3.885998249053955
0,3886,0.37515005469322205,-0.3160684406757355,1.1125537157058716,0.441177099943161,-0.447624146938324,-0.5457324385643005,0.004027366638183594,3.892644166946411
0,3887,0.37552836537361145,-0.3161163926124573,1.1126611232757568,0.4407000243663788,-0.4489527642726898,-0.544044017791748,0.003906965255737305,3.8975207805633545
0,3888,0.37591448426246643,-0.3161570727825165,1.1127638816833496,0.44021785259246826,-0.450264036655426,-0.5423465967178345,0.0037746429443359375,3.9008357524871826
0,3889,0.3763066828250885,-0.3161919116973877,1.1128628253936768,0.439731240272522,-0.4515620768070221,-0.5406419634819031,0.0036329030990600586,3.9029431343078613
0,3890,0.3767026662826538,-0.31622305512428284,1.112959384918213,0.43924105167388916,-0.4528500437736511,-0.5389325618743896,0.003484964370727539,3.904348134994507
0,3891,0.3771001398563385,-0.316252738237381,1.113054633140564,0.4387475252151489,-0.45413294434547424,-0.5372205972671509,0.0033341646194458008,3.9055514335632324
0,3892,0.37749671936035156,-0.316283255815506,1.113149881362915,0.43825075030326843,-0.4554136097431183,-0.5355084538459778,0.0031838417053222656,3.907155752182007
0,3893,0.377890020608902,-0.31631720066070557,1.113245964050293,0.4377504885196686,-0.45669376850128174,-0.5337991714477539,0.003037095069885254,3.909660577774048
0,3894,0.37827742099761963,-0.3163575232028961,1.113343358039856,0.43724673986434937,-0.4579741656780243,-0.5320965647697449,0.002896904945373535,3.9134654998779297
0,3895,0.3786565065383911,-0.3164069652557373,1.1134428977966309,0.4367387890815735,-0.4592548906803131,-0.5304034948348999,0.0027664899826049805,3.9190659523010254
0,3896,0.3790256679058075,-0.31646737456321716,1.1135449409484863,0.43622642755508423,-0.46053609251976013,-0.52872234582901,0.0026475191116333008,3.926753282546997
0,3897,0.37938472628593445,-0.3165390193462372,1.1136493682861328,0.43570929765701294,-0.46181750297546387,-0.5270532369613647,0.0025403499603271484,3.936366319656372
0,3898,0.37973496317863464,-0.3166203796863556,1.1137559413909912,0.4351879358291626,-0.46309903264045715,-0.5253945589065552,0.0024434328079223633,3.947890520095825
0,3899,0.38007888197898865,-0.31670865416526794,1.1138640642166138,0.43466222286224365,-0.4643797278404236,-0.5237426161766052,0.0023537874221801758,3.960716724395752
0,3900,0.38041913509368896,-0.31680068373680115,1.1139733791351318,0.4341326355934143,-0.4656582474708557,-0.5220935344696045,0.002268552780151367,3.974241018295288
0,3901,0.38075825572013855,-0.31689342856407166,1.1140834093093872,0.43359896540641785,-0.46693089604377747,-0.5204428434371948,0.002184748649597168,3.9878177642822266
0,3902,0.38109853863716125,-0.31698381900787354,1.114194631576538,0.4330601096153259,-0.4681910574436188,-0.5187857747077942,0.002100706100463867,4.000907897949219
0,3903,0.3814419209957123,-0.31706908345222473,1.1143075227737427,0.43251439929008484,-0.4694295823574066,-0.5171171426773071,0.002014636993408203,4.012442111968994
0,3904,0.3817901611328125,-0.31714630126953125,1.114423155784607,0.4319595694541931,-0.4706341624259949,-0.5154313445091248,0.0019259452819824219,4.021656036376953
0,3905,0.3821448087692261,-0.3172130584716797,1.1145424842834473,0.4313940405845642,-0.4717944264411926,-0.5137239694595337,0.001833796501159668,4.027835369110107
0,3906,0.3825065791606903,-0.31726810336112976,1.1146658658981323,0.43081697821617126,-0.47290459275245667,-0.5119924545288086,0.0017377138137817383,4.030411720275879
0,3907,0.38287514448165894,-0.31731194257736206,1.1147931814193726,0.4302290081977844,-0.47396549582481384,-0.510237991809845,0.0016379356384277344,4.029682636260986
0,3908,0.38324934244155884,-0.31734660267829895,1.1149235963821411,0.4296320080757141,-0.4749865233898163,-0.5084649324417114,0.0015350580215454102,4.026230812072754
0,3909,0.38362744450569153,-0.3173750340938568,1.1150565147399902,0.42902761697769165,-0.4759794771671295,-0.5066786408424377,0.0014301538467407227,4.020876884460449
0,3910,0.3840077817440033,-0.3174004852771759,1.1151913404464722,0.42841726541519165,-0.4769546389579773,-0.5048854351043701,0.001324772834777832,4.0148820877075195
0,3911,0.38438940048217773,-0.3174259066581726,1.1153287887573242,0.427800714969635,-0.4779181480407715,-0.5030897259712219,0.0012209415435791016,4.008633613586426
0,3912,0.38477176427841187,-0.3174542486667633,1.115470290184021,0.4271755814552307,-0.47887006402015686,-0.5012956857681274,0.0011214017868041992,4.002717971801758
0,3913,0.3851547837257385,-0.31748834252357483,1.1156187057495117,0.42653748393058777,-0.4798048734664917,-0.49950629472732544,0.0010296106338500977,3.997382164001465
0,3914,0.385538786649704,-0.3175309896469116,1.1157771348953247,0.42588141560554504,-0.48071566224098206,-0.49772417545318604,0.0009493827819824219,3.992823362350464
0,3915,0.3859240710735321,-0.31758421659469604,1.11594820022583,0.42520391941070557,-0.4815968871116638,-0.49595120549201965,0.0008836984634399414,3.9890449047088623
0,3916,0.3863106667995453,-0.3176485300064087,1.116132378578186,0.4245041608810425,-0.482445627450943,-0.49418842792510986,0.0008330345153808594,3.986098527908325
0,3917,0.38669857382774353,-0.31772273778915405,1.1163283586502075,0.42378392815589905,-0.48326465487480164,-0.4924342632293701,0.0007959604263305664,3.983886957168579
0,3918,0.38708746433258057,-0.31780433654785156,1.1165335178375244,0.4230476915836334,-0.4840603768825531,-0.4906862676143646,0.0007692575454711914,3.982412099838257
0,3919,0.38747692108154297,-0.3178902566432953,1.1167442798614502,0.42230018973350525,-0.48483893275260925,-0.4889407753944397,0.000748753547668457,3.981330394744873
0,3920,0.3878662884235382,-0.317977637052536,1.1169579029083252,0.42154499888420105,-0.48560357093811035,-0.48719385266304016,0.0007314682006835938,3.980297327041626
0,3921,0.3882545232772827,-0.3180638551712036,1.117172122001648,0.42078328132629395,-0.48635050654411316,-0.4854399859905243,0.0007151365280151367,3.978771448135376
0,3922,0.38864022493362427,-0.318146675825119,1.1173856258392334,0.420013427734375,-0.48706936836242676,-0.4836725890636444,0.0006986856460571289,3.9760146141052246
0,3923,0.389021635055542,-0.3182239234447479,1.117598056793213,0.4192318022251129,-0.4877444803714752,-0.48188379406929016,0.0006822347640991211,3.971135377883911
0,3924,0.3893970251083374,-0.3182936906814575,1.1178086996078491,0.41843509674072266,-0.4883590340614319,-0.4800664186477661,0.0006659030914306641,3.9631388187408447
0,3925,0.38976532220840454,-0.3183549642562866,1.1180174350738525,0.4176214337348938,-0.48890239000320435,-0.4782164692878723,0.0006498098373413086,3.9516091346740723
0,3926,0.3901265263557434,-0.3184078335762024,1.1182245016098022,0.41679081320762634,-0.48937559127807617,-0.4763340950012207,0.0006344318389892578,3.9365153312683105
0,3927,0.3904817998409271,-0.3184535801410675,1.1184300184249878,0.4159458875656128,-0.4897884726524353,-0.4744246304035187,0.0006192922592163086,3.918466091156006
0,3928,0.3908330500125885,-0.3184942901134491,1.1186344623565674,0.4150908589363098,-0.49015843868255615,-0.4724962115287781,0.0006041526794433594,3.8984251022338867
0,3929,0.3911823034286499,-0.31853213906288147,1.1188380718231201,0.41422921419143677,-0.49050259590148926,-0.4705570936203003,0.0005887746810913086,3.8774728775024414
0,3930,0.39153143763542175,-0.31856921315193176,1.1190412044525146,0.4133632481098175,-0.4908332824707031,-0.46861451864242554,0.0005725622177124023,3.8564069271087646
0,3931,0.39188215136528015,-0.31860727071762085,1.1192435026168823,0.4124930202960968,-0.4911560118198395,-0.46667373180389404,0.0005548000335693359,3.8356850147247314
0,3932,0.39223605394363403,-0.3186478614807129,1.1194448471069336,0.4116169512271881,-0.4914712607860565,-0.4647388160228729,0.0005345344543457031,3.8155694007873535
0,3933,0.3925945460796356,-0.31869256496429443,1.1196448802947998,0.4107326567173004,-0.49177661538124084,-0.4628133773803711,0.0005109310150146484,3.7964303493499756
0,3934,0.39295879006385803,-0.3187426030635834,1.1198430061340332,0.4098375141620636,-0.49206826090812683,-0.4608997702598572,0.0004831552505493164,3.778334617614746
0,3935,0.3933292627334595,-0.31879839301109314,1.1200392246246338,0.4089306890964508,-0.4923448860645294,-0.45899903774261475,0.0004508495330810547,3.761401653289795
0,3936,0.39370548725128174,-0.3188595175743103,1.1202336549758911,0.40801316499710083,-0.49260663986206055,-0.45711055397987366,0.00041425228118896484,3.7455427646636963
0,3937,0.39408639073371887,-0.3189246952533722,1.1204265356063843,0.4070868492126465,-0.49285608530044556,-0.45523110032081604,0.00037419795989990234,3.7305612564086914
0,3938,0.3944702446460724,-0.31899237632751465,1.120618462562561,0.40615472197532654,-0.4930962920188904,-0.453357070684433,0.0003317594528198242,3.716362476348877
0,3939,0.3948552906513214,-0.3190610408782959,1.1208103895187378,0.40521949529647827,-0.4933294951915741,-0.45148447155952454,0.00028884410858154297,3.702744483947754
0,3940,0.3952396810054779,-0.3191296458244324,1.1210033893585205,0.40428248047828674,-0.4935552477836609,-0.44960808753967285,0.0002473592758178711,3.6891818046569824
0,3941,0.39562124013900757,-0.3191974461078644,1.1211988925933838,0.4033444821834564,-0.49376925826072693,-0.44772273302078247,0.00020992755889892578,3.6754629611968994
0,3942,0.3959977626800537,-0.3192637860774994,1.1213985681533813,0.40240612626075745,-0.49396494030952454,-0.4458220303058624,0.00017964839935302734,3.6609437465667725
0,3943,0.39636698365211487,-0.31932833790779114,1.1216042041778564,0.4014671742916107,-0.4941357374191284,-0.44390004873275757,0.0001595020294189453,3.6452927589416504
0,3944,0.39672723412513733,-0.3193909227848053,1.1218171119689941,0.40052756667137146,-0.4942765533924103,-0.44195303320884705,0.0001519918441772461,3.628171443939209
0,3945,0.39707842469215393,-0.31945154070854187,1.122037410736084,0.39958736300468445,-0.49438613653182983,-0.43998029828071594,0.00015735626220703125,3.609342336654663
0,3946,0.397421658039093,-0.3195103406906128,1.12226402759552,0.39864689111709595,-0.49446821212768555,-0.4379853308200836,0.00017368793487548828,3.5893235206604004
0,3947,0.3977592885494232,-0.31956765055656433,1.122495174407959,0.39770638942718506,-0.494529664516449,-0.43597424030303955,0.00019788742065429688,3.568424701690674
0,3948,0.39809417724609375,-0.31962376832962036,1.122728705406189,0.39676570892333984,-0.4945787191390991,-0.43395358324050903,0.00022590160369873047,3.5471818447113037
0,3949,0.3984292447566986,-0.3196786940097809,1.1229618787765503,0.3958249092102051,-0.49462127685546875,-0.4319298267364502,0.0002530813217163086,3.526033639907837
0,3950,0.3987677991390228,-0.3197322487831116,1.1231918334960938,0.3948836326599121,-0.49466222524642944,-0.42990821599960327,0.00027430057525634766,3.5053722858428955
0,3951,0.39911359548568726,-0.3197838366031647,1.123415470123291,0.393941193819046,-0.4947050213813782,-0.42789363861083984,0.00028395652770996094,3.485374927520752
0,3952,0.3994707763195038,-0.3198327124118805,1.1236289739608765,0.39299675822257996,-0.4947519600391388,-0.42589086294174194,0.0002752542495727539,3.4662227630615234
0,3953,0.39984285831451416,-0.3198782503604889,1.1238291263580322,0.39204949140548706,-0.4948042035102844,-0.42390328645706177,0.00024235248565673828,3.448214054107666
0,3954,0.4002317190170288,-0.3199199438095093,1.124014139175415,0.3910987973213196,-0.49486273527145386,-0.42193272709846497,0.00018227100372314453,3.4312517642974854
0,3955,0.40063685178756714,-0.3199578821659088,1.1241848468780518,0.39014488458633423,-0.49492692947387695,-0.4199785590171814,9.608268737792969e-05,3.4154670238494873
0,3956,0.4010552167892456,-0.31999272108078003,1.124343991279602,0.38918811082839966,-0.4949961304664612,-0.4180375039577484,1.1324882507324219e-05,3.4005303382873535
0,3957,0.4014824628829956,-0.32002535462379456,1.1244953870773315,0.3882296681404114,-0.4950673580169678,-0.416105180978775,0.0001327991485595703,3.386568546295166
0,3958,0.40191397070884705,-0.32005688548088074,1.1246436834335327,0.38727036118507385,-0.49513939023017883,-0.41417643427848816,0.0002605915069580078,3.37318754196167
0,3959,0.40234529972076416,-0.32008862495422363,1.1247936487197876,0.38631123304367065,-0.495209276676178,-0.4122467637062073,0.0003864765167236328,3.360161066055298
0,3960,0.4027721881866455,-0.3201221823692322,1.1249501705169678,0.3853530287742615,-0.4952746033668518,-0.4103114902973175,0.0005023479461669922,3.347376585006714
0,3961,0.4031903147697449,-0.32015931606292725,1.1251189708709717,0.3843967914581299,-0.4953322410583496,-0.40836572647094727,0.0005990266799926758,3.334895372390747
0,3962,0.40359556674957275,-0.3202018737792969,1.1253055334091187,0.38344383239746094,-0.4953795075416565,-0.4064050018787384,0.0006680488586425781,3.322249412536621
0,3963,0.403984934091568,-0.3202511966228485,1.125514030456543,0.3824942708015442,-0.49541419744491577,-0.4044254422187805,0.0007026195526123047,3.3094961643218994
0,3964,0.4043574333190918,-0.3203077018260956,1.1257458925247192,0.3815484941005707,-0.49543529748916626,-0.4024261236190796,0.0007007122039794922,3.296515464782715
0,3965,0.40471476316452026,-0.3203706443309784,1.1259987354278564,0.3806062638759613,-0.4954443871974945,-0.40040919184684753,0.0006660223007202148,3.2833640575408936
0,3966,0.4050605893135071,-0.32043829560279846,1.1262671947479248,0.379667192697525,-0.49544328451156616,-0.39837875962257385,0.0006067752838134766,3.27016019821167
0,3967,0.4053993225097656,-0.3205086290836334,1.1265450716018677,0.37873023748397827,-0.4954354465007782,-0.39634010195732117,0.0005326271057128906,3.2571427822113037
0,3968,0.40573519468307495,-0.3205796778202057,1.1268260478973389,0.3777943551540375,-0.4954237639904022,-0.39429786801338196,0.00045311450958251953,3.2442545890808105
0,3969,0.40607184171676636,-0.32064980268478394,1.1271040439605713,0.3768588900566101,-0.49540990591049194,-0.3922559916973114,0.00037741661071777344,3.2316179275512695
0,3970,0.40641212463378906,-0.32071763277053833,1.1273726224899292,0.37592339515686035,-0.4953950047492981,-0.39021795988082886,0.0003141164779663086,3.2194180488586426
0,3971,0.4067586362361908,-0.32078179717063904,1.127625823020935,0.3749876320362091,-0.4953797161579132,-0.3881869316101074,0.00027120113372802734,3.20759916305542
0,3972,0.4071137607097626,-0.3208412826061249,1.12785804271698,0.37405094504356384,-0.495364785194397,-0.38616517186164856,0.0002561807632446289,3.1962268352508545
0,3973,0.4074786901473999,-0.3208954632282257,1.128066062927246,0.3731131851673126,-0.4953502118587494,-0.38415417075157166,0.0002732276916503906,3.185244083404541
0,3974,0.40785327553749084,-0.3209444284439087,1.1282497644424438,0.3721747398376465,-0.49533575773239136,-0.3821539878845215,0.0003222227096557617,3.1747164726257324
0,3975,0.40823596715927124,-0.3209890127182007,1.128413438796997,0.37123537063598633,-0.4953213334083557,-0.3801627457141876,0.00039780139923095703,3.1645255088806152
0,3976,0.40862444043159485,-0.32103046774864197,1.1285631656646729,0.37029576301574707,-0.49530676007270813,-0.3781776428222656,0.0004918575286865234,3.1546738147735596
0,3977,0.40901607275009155,-0.32107022404670715,1.1287057399749756,0.36935630440711975,-0.49529126286506653,-0.3761952221393585,0.0005954504013061523,3.1452269554138184
0,3978,0.4094083905220032,-0.32110974192619324,1.1288477182388306,0.3684180974960327,-0.49527427554130554,-0.3742123246192932,0.0007001161575317383,3.1360015869140625
0,3979,0.4097990095615387,-0.3211507201194763,1.1289951801300049,0.3674827516078949,-0.4952547550201416,-0.37222597002983093,0.0007976293563842773,3.1269991397857666
0,3980,0.4101856052875519,-0.32119491696357727,1.1291545629501343,0.3665522634983063,-0.4952320456504822,-0.3702320456504822,0.0008796453475952148,3.1179709434509277
0,3981,0.4105660021305084,-0.3212442398071289,1.1293320655822754,0.36562860012054443,-0.4952048361301422,-0.3682268559932709,0.0009378194808959961,3.108790636062622
0,3982,0.4109383821487427,-0.3213001787662506,1.1295325756072998,0.36471372842788696,-0.49517256021499634,-0.36620715260505676,0.0009658336639404297,3.099583148956299
0,3983,0.41130197048187256,-0.32136332988739014,1.1297581195831299,0.363808810710907,-0.4951348602771759,-0.36417192220687866,0.0009608268737792969,3.090221643447876
0,3984,0.41165733337402344,-0.3214332163333893,1.1300069093704224,0.36291319131851196,-0.4950915277004242,-0.36212214827537537,0.0009253025054931641,3.0804500579833984
0,3985,0.41200628876686096,-0.3215082287788391,1.1302739381790161,0.3620252311229706,-0.49504354596138,-0.3600607216358185,0.0008656978607177734,3.070647716522217
0,3986,0.41235119104385376,-0.3215863108634949,1.1305519342422485,0.3611428439617157,-0.494992196559906,-0.35799145698547363,0.0007915496826171875,3.0608139038085938
0,3987,0.41269442439079285,-0.3216654658317566,1.1308332681655884,0.3602652847766876,-0.494937926530838,-0.35591763257980347,0.0007125139236450195,3.0508203506469727
0,3988,0.4130381643772125,-0.3217439353466034,1.1311100721359253,0.3593928813934326,-0.49488121271133423,-0.3538409471511841,0.0006384849548339844,3.040858030319214
0,3989,0.41338425874710083,-0.3218204081058502,1.131373405456543,0.35852858424186707,-0.494821697473526,-0.3517618775367737,0.000579833984375,3.030346393585205
0,3990,0.4137346148490906,-0.3218935430049896,1.1316134929656982,0.35767680406570435,-0.4947580397129059,-0.34967929124832153,0.0005480051040649414,3.019084930419922
0,3991,0.4140908718109131,-0.32196229696273804,1.1318210363388062,0.356842964887619,-0.49468937516212463,-0.34759220480918884,0.0005536079406738281,3.0064797401428223
0,3992,0.4144541025161743,-0.3220261335372925,1.131989598274231,0.35603010654449463,-0.49461448192596436,-0.3454994857311249,0.0006040334701538086,2.992382049560547
0,3993,0.41482430696487427,-0.3220849931240082,1.1321181058883667,0.3552394509315491,-0.494533896446228,-0.3434012830257416,0.0007002353668212891,2.976640224456787
0,3994,0.41520074009895325,-0.3221394717693329,1.1322119235992432,0.35446852445602417,-0.49444764852523804,-0.34129804372787476,0.0008362531661987305,2.9596242904663086
0,3995,0.41558173298835754,-0.32219067215919495,1.1322803497314453,0.35371294617652893,-0.4943574368953705,-0.3391904830932617,0.0010014772415161133,2.941511869430542
0,3996,0.4159654676914215,-0.32224008440971375,1.1323342323303223,0.3529689311981201,-0.4942646324634552,-0.33707913756370544,0.0011832714080810547,2.9226176738739014
0,3997,0.4163500964641571,-0.3222893178462982,1.1323838233947754,0.3522369861602783,-0.49417024850845337,-0.33496302366256714,0.0013697147369384766,2.903196334838867
0,3998,0.41673386096954346,-0.3223401606082916,1.1324386596679688,0.35152244567871094,-0.49407610297203064,-0.33283790946006775,0.001549839973449707,2.882897138595581
0,3999,0.4171150326728821,-0.32239487767219543,1.1325078010559082,0.35083696246147156,-0.49398356676101685,-0.33069688081741333,0.0017125606536865234,2.861154794692993
0,4000,0.4174917936325073,-0.3224560022354126,1.13260018825531,0.35019636154174805,-0.49389412999153137,-0.32853153347969055,0.0018472671508789062,2.836831569671631
0,4001,0.41786259412765503,-0.3225257098674774,1.1327234506607056,0.3496152460575104,-0.4938092827796936,-0.3263336718082428,0.0019446611404418945,2.809234142303467
0,4002,0.41822656989097595,-0.322605162858963,1.1328810453414917,0.34910207986831665,-0.49373018741607666,-0.3240991532802582,0.0020003318786621094,2.7777717113494873
0,4003,0.41858386993408203,-0.32269394397735596,1.133071780204773,0.34865495562553406,-0.4936566948890686,-0.32182952761650085,0.00201570987701416,2.742525100708008
0,4004,0.41893574595451355,-0.3227900266647339,1.1332893371582031,0.3482629954814911,-0.4935877025127411,-0.3195309340953827,0.001998424530029297,2.7042877674102783
0,4005,0.41928401589393616,-0.3228909373283386,1.1335245370864868,0.34791094064712524,-0.4935224950313568,-0.31721168756484985,0.0019598007202148438,2.6635923385620117
0,4006,0.41963064670562744,-0.3229939043521881,1.1337679624557495,0.3475876450538635,-0.4934597909450531,-0.31487858295440674,0.0019109249114990234,2.6214447021484375
0,4007,0.4199773073196411,-0.32309672236442566,1.134010672569275,0.3472921550273895,-0.49339908361434937,-0.3125336170196533,0.0018627643585205078,2.5773940086364746
0,4008,0.42032554745674133,-0.3231976628303528,1.1342449188232422,0.34703531861305237,-0.4933398962020874,-0.3101721405982971,0.0018242597579956055,2.530644416809082
0,4009,0.42067691683769226,-0.32329538464546204,1.1344629526138306,0.3468393385410309,-0.49328428506851196,-0.307784765958786,0.0018048286437988281,2.4797027111053467
0,4010,0.4210326075553894,-0.3233886957168579,1.1346577405929565,0.3467310070991516,-0.493232786655426,-0.30535969138145447,0.0018123388290405273,2.422366142272949
0,4011,0.42139360308647156,-0.3234768509864807,1.1348240375518799,0.3467324376106262,-0.49318727850914,-0.30288833379745483,0.0018529891967773438,2.357254981994629
0,4012,0.42176008224487305,-0.32355961203575134,1.1349601745605469,0.34685105085372925,-0.49314868450164795,-0.30036795139312744,0.0019286870956420898,2.283876419067383
0,4013,0.42213135957717896,-0.32363754510879517,1.1350692510604858,0.34707698225975037,-0.49311748147010803,-0.297804057598114,0.0020356178283691406,2.2028262615203857
0,4014,0.42250627279281616,-0.3237115740776062,1.1351579427719116,0.34738680720329285,-0.4930936098098755,-0.2952077090740204,0.002166152000427246,2.1158134937286377
0,4015,0.42288315296173096,-0.3237825632095337,1.1352347135543823,0.3477542996406555,-0.49307674169540405,-0.29259246587753296,0.0023103952407836914,2.024873971939087
0,4016,0.42326006293296814,-0.32385098934173584,1.1353089809417725,0.3481602966785431,-0.4930666983127594,-0.2899705171585083,0.0024576187133789062,1.931682825088501
0,4017,0.42363476753234863,-0.32391631603240967,1.1353907585144043,0.3486000895500183,-0.4930647611618042,-0.2873522937297821,0.002596616744995117,1.8364297151565552
0,4018,0.424004465341568,-0.32397690415382385,1.1354913711547852,0.3490855097770691,-0.49307289719581604,-0.2847462296485901,0.0027146339416503906,1.7386631965637207
0,4019,0.4243658185005188,-0.3240301012992859,1.1356236934661865,0.3496394455432892,-0.4930950105190277,-0.2821597456932068,0.0027974843978881836,1.6370965242385864
0,4020,0.42471569776535034,-0.32407352328300476,1.1357991695404053,0.3502873480319977,-0.4931352436542511,-0.27959954738616943,0.0028322935104370117,1.53033447265625
0,4021,0.4250520169734955,-0.32410547137260437,1.136025309562683,0.35104602575302124,-0.4931962192058563,-0.27706998586654663,0.002810955047607422,1.417064905166626
0,4022,0.4253747761249542,-0.32412582635879517,1.1363019943237305,0.3519159257411957,-0.49327903985977173,-0.2745712995529175,0.002733469009399414,1.2979965209960938
0,4023,0.4256858825683594,-0.32413625717163086,1.1366214752197266,0.3528808355331421,-0.49338221549987793,-0.27209997177124023,0.0026085376739501953,1.1733651161193848
0,4024,0.4259886145591736,-0.32413941621780396,1.1369714736938477,0.35391393303871155,-0.49350252747535706,-0.2696501612663269,0.002449512481689453,1.045301079750061
0,4025,0.42628616094589233,-0.3241380453109741,1.137339472770691,0.3549867272377014,-0.49363645911216736,-0.26721644401550293,0.002270340919494629,0.9147156476974487
0,4026,0.4265810251235962,-0.32413437962532043,1.1377151012420654,0.356076180934906,-0.49377918243408203,-0.2647993564605713,0.002082347869873047,0.7835965752601624
0,4027,0.4268743395805359,-0.324130117893219,1.1380914449691772,0.35716357827186584,-0.49392426013946533,-0.26241281628608704,0.0018925666809082031,0.6537193655967712
0,4028,0.4271658957004547,-0.3241264820098877,1.138461947441101,0.3582277297973633,-0.49405786395072937,-0.260097473859787,0.001707315444946289,0.5271186232566833
0,4029,0.4274538457393646,-0.32412534952163696,1.1388185024261475,0.3592360019683838,-0.4941539466381073,-0.2579374313354492,0.0015326738357543945,0.40830373764038086
0,4030,0.4277348518371582,-0.32412928342819214,1.1391489505767822,0.3601381778717041,-0.4941695034503937,-0.2560693025588989,0.0013782978057861328,0.30390241742134094
0,4031,0.4280046820640564,-0.3241417706012726,1.1394375562667847,0.3608698546886444,-0.4940476417541504,-0.2546696960926056,0.0012559890747070312,0.2229357808828354
0,4032,0.42825910449028015,-0.3241661489009857,1.1396689414978027,0.36136770248413086,-0.4937322735786438,-0.2539113163948059,0.0011777877807617188,0.1724584996700287
0,4033,0.4284971058368683,-0.32420220971107483,1.1398329734802246,0.3615928292274475,-0.4931863248348236,-0.2538979649543762,0.001153111457824707,0.16071254014968872
0,4034,0.4287187457084656,-0.3242507576942444,1.1399303674697876,0.3615434169769287,-0.4924120306968689,-0.2546284794807434,0.0011811256408691406,0.18345394730567932
0,4035,0.42892056703567505,-0.3243182897567749,1.1399717330932617,0.361259788274765,-0.4914475083351135,-0.25600889325141907,0.0012472867965698242,0.24066270887851715
0,4036,0.42911243438720703,-0.3243935704231262,1.1399736404418945,0.3608103096485138,-0.4903514087200165,-0.2578411400318146,0.0013443231582641602,0.3214254081249237
0,4037,0.429298460483551,-0.3244737684726715,1.1399528980255127,0.36026257276535034,-0.4891834259033203,-0.25993892550468445,0.0014587640762329102,0.414014607667923
0,4038,0.42948219180107117,-0.32455623149871826,1.1399227380752563,0.3596700131893158,-0.48798954486846924,-0.2621571719646454,0.0015805959701538086,0.5128185749053955
0,4039,0.4296656548976898,-0.32463932037353516,1.1398909091949463,0.3590638339519501,-0.4867962598800659,-0.26440829038619995,0.0017036199569702148,0.6132554411888123
0,4040,0.4298498332500458,-0.3247222602367401,1.139860987663269,0.35845839977264404,-0.48561498522758484,-0.26665306091308594,0.001825094223022461,0.7132670283317566
0,4041,0.43003496527671814,-0.32480496168136597,1.139833927154541,0.35785815119743347,-0.4844486117362976,-0.2688809335231781,0.0019443035125732422,0.8122881054878235
0,4042,0.4302211105823517,-0.32488715648651123,1.1398098468780518,0.35726413130760193,-0.4832955002784729,-0.27109354734420776,0.002061128616333008,0.9104271531105042
0,4043,0.4304084777832031,-0.3249686658382416,1.1397892236709595,0.35667884349823,-0.4821526110172272,-0.273296594619751,0.002175450325012207,1.0071653127670288
0,4044,0.43059754371643066,-0.3250487148761749,1.1397732496261597,0.3561093211174011,-0.48101475834846497,-0.27549731731414795,0.002286553382873535,1.1032261848449707
0,4045,0.43078944087028503,-0.3251257836818695,1.1397651433944702,0.35556918382644653,-0.4798731803894043,-0.27770307660102844,0.002392292022705078,1.1968125104904175
0,4046,0.43098583817481995,-0.3251977264881134,1.1397687196731567,0.3550785779953003,-0.4787169396877289,-0.279922217130661,0.002490401268005371,1.2872480154037476
0,4047,0.4311884641647339,-0.3252620995044708,1.1397889852523804,0.35466063022613525,-0.4775334298610687,-0.2821632921695709,0.0025779008865356445,1.3735884428024292
0,4048,0.43139880895614624,-0.32531702518463135,1.1398297548294067,0.35433411598205566,-0.4763123095035553,-0.28443315625190735,0.0026521682739257812,1.4542765617370605
0,4049,0.4316173493862152,-0.32536160945892334,1.1398922204971313,0.35410553216934204,-0.4750484526157379,-0.2867341637611389,0.002712726593017578,1.528927206993103
0,4050,0.43184345960617065,-0.3253966271877289,1.139974594116211,0.35396647453308105,-0.47374483942985535,-0.2890639007091522,0.002760767936706543,1.5981416702270508
0,4051,0.4320754408836365,-0.3254241347312927,1.1400725841522217,0.35389605164527893,-0.4724103808403015,-0.29141631722450256,0.002798795700073242,1.6631873846054077
0,4052,0.4323112964630127,-0.3254467844963074,1.1401807069778442,0.3538684546947479,-0.4710575044155121,-0.29378360509872437,0.0028303861618041992,1.7253302335739136
0,4053,0.4325493574142456,-0.3254668414592743,1.1402945518493652,0.3538610339164734,-0.46969741582870483,-0.296159029006958,0.0028581619262695312,1.7861887216567993
0,4054,0.4327884614467621,-0.3254859447479248,1.1404110193252563,0.3538587987422943,-0.4683377146720886,-0.29853832721710205,0.0028840303421020508,1.84652578830719
0,4055,0.43302831053733826,-0.3255050480365753,1.1405287981033325,0.35385680198669434,-0.46698135137557983,-0.3009205758571625,0.002909064292907715,1.906699299812317
0,4056,0.4332694411277771,-0.3255244791507721,1.1406487226486206,0.353859007358551,-0.4656277596950531,-0.3033076822757721,0.002932429313659668,1.9664251804351807
0,4057,0.43351319432258606,-0.3255445659160614,1.1407732963562012,0.35387951135635376,-0.46427232027053833,-0.30570563673973083,0.0029523372650146484,2.0250673294067383
0,4058,0.43376171588897705,-0.32556554675102234,1.1409063339233398,0.35394206643104553,-0.46290573477745056,-0.3081238567829132,0.0029664039611816406,2.0815887451171875
0,4059,0.43401798605918884,-0.325587660074234,1.1410534381866455,0.3540768027305603,-0.46151724457740784,-0.31057441234588623,0.0029706954956054688,2.1346001625061035
0,4060,0.4342848062515259,-0.3256112039089203,1.1412196159362793,0.3543124496936798,-0.4600954055786133,-0.3130683898925781,0.00296175479888916,2.1824746131896973
0,4061,0.4345637857913971,-0.3256361782550812,1.1414077281951904,0.35466668009757996,-0.45863261818885803,-0.31561246514320374,0.002937793731689453,2.2245755195617676
0,4062,0.4348547160625458,-0.32566240429878235,1.1416175365447998,0.35513728857040405,-0.45712795853614807,-0.3182051479816437,0.0028989315032958984,2.2607064247131348
0,4063,0.4351557195186615,-0.3256895840167999,1.141845464706421,0.35570403933525085,-0.45558762550354004,-0.3208376169204712,0.0028475522994995117,2.2919178009033203
0,4064,0.43546369671821594,-0.32571735978126526,1.1420859098434448,0.35633647441864014,-0.4540218114852905,-0.3234972357749939,0.002787470817565918,2.319758892059326
0,4065,0.43577560782432556,-0.32574528455734253,1.1423332691192627,0.3570050597190857,-0.45244109630584717,-0.32617101073265076,0.002722620964050293,2.345351457595825
0,4066,0.43608903884887695,-0.32577353715896606,1.142582654953003,0.3576894700527191,-0.45085224509239197,-0.3288491666316986,0.0026563405990600586,2.369842290878296
0,4067,0.4364021420478821,-0.325802743434906,1.1428308486938477,0.35838350653648376,-0.44925808906555176,-0.33152568340301514,0.0025904178619384766,2.393428325653076
0,4068,0.43671372532844543,-0.32583388686180115,1.143074631690979,0.35909393429756165,-0.44765597581863403,-0.33419737219810486,0.0025272369384765625,2.415731430053711
0,4069,0.4370226263999939,-0.3258683979511261,1.1433112621307373,0.359834760427475,-0.44604042172431946,-0.336862176656723,0.0024682283401489258,2.435983180999756
0,4070,0.4373278319835663,-0.32590770721435547,1.1435383558273315,0.36062222719192505,-0.44440487027168274,-0.3395193815231323,0.0024149417877197266,2.453516721725464
0,4071,0.437628835439682,-0.3259527087211609,1.143754243850708,0.36146673560142517,-0.44274434447288513,-0.34216806292533875,0.002368450164794922,2.46783447265625
0,4072,0.43792563676834106,-0.32600340247154236,1.1439589262008667,0.3623688519001007,-0.44105780124664307,-0.3448081910610199,0.0023287534713745117,2.4786765575408936
0,4073,0.4382188320159912,-0.32605883479118347,1.1441541910171509,0.363318532705307,-0.43934839963912964,-0.3474404513835907,0.0022945404052734375,2.486560583114624
0,4074,0.43850964307785034,-0.32611751556396484,1.1443428993225098,0.36429980397224426,-0.43762192130088806,-0.3500654995441437,0.00226438045501709,2.4925358295440674
0,4075,0.4387994408607483,-0.32617777585983276,1.1445276737213135,0.3652971684932709,-0.43588489294052124,-0.35268452763557434,0.0022367238998413086,2.497164726257324
0,4076,0.4390897750854492,-0.3262383043766022,1.1447111368179321,0.36630016565322876,-0.43414226174354553,-0.3552982211112976,0.0022104978561401367,2.5009241104125977
0,4077,0.4393821954727173,-0.32629823684692383,1.1448949575424194,0.36730584502220154,-0.4323979616165161,-0.357907235622406,0.0021849870681762695,2.5040528774261475
0,4078,0.43967846035957336,-0.3263568580150604,1.145080804824829,0.36831769347190857,-0.4306531846523285,-0.3605114817619324,0.0021598339080810547,2.5060060024261475
0,4079,0.4399806261062622,-0.326413631439209,1.1452696323394775,0.36934342980384827,-0.4289092719554901,-0.36311107873916626,0.0021355152130126953,2.5062403678894043
0,4080,0.44029027223587036,-0.32646825909614563,1.145462155342102,0.3703898787498474,-0.4271658658981323,-0.36570557951927185,0.0021123886108398438,2.5046780109405518
0,4081,0.44060805439949036,-0.32652053236961365,1.1456588506698608,0.3714606463909149,-0.4254230260848999,-0.36829474568367004,0.0020902156829833984,2.500767469406128
0,4082,0.440933495759964,-0.326570600271225,1.1458592414855957,0.3725539743900299,-0.4236801862716675,-0.3708784878253937,0.0020693540573120117,2.4944982528686523
0,4083,0.44126495718955994,-0.3266189396381378,1.1460624933242798,0.37366342544555664,-0.421936571598053,-0.3734569847583771,0.0020492076873779297,2.486560583114624
0,4084,0.44160032272338867,-0.32666584849357605,1.146267294883728,0.37478068470954895,-0.4201911389827728,-0.3760302662849426,0.002030014991760254,2.4773337841033936
0,4085,0.4419371783733368,-0.32671207189559937,1.1464717388153076,0.3758983612060547,-0.4184419810771942,-0.3785989284515381,0.002011895179748535,2.4675965309143066
0,4086,0.44227340817451477,-0.32675859332084656,1.1466739177703857,0.37701088190078735,-0.4166873097419739,-0.38116317987442017,0.0019952058792114258,2.4575021266937256
0,4087,0.44260674715042114,-0.3268064260482788,1.1468712091445923,0.378115713596344,-0.4149245321750641,-0.3837234377861023,0.001980900764465332,2.447606086730957
0,4088,0.4429348111152649,-0.32685694098472595,1.1470601558685303,0.37921208143234253,-0.41314956545829773,-0.3862800598144531,0.0019707679748535156,2.437991142272949
0,4089,0.4432554841041565,-0.32691144943237305,1.1472376585006714,0.3803001046180725,-0.4113585948944092,-0.38883328437805176,0.001966118812561035,2.428821563720703
0,4090,0.44356727600097656,-0.3269708454608917,1.147401213645935,0.38138043880462646,-0.40954843163490295,-0.3913833200931549,0.0019686222076416016,2.4201834201812744
0,4091,0.4438698887825012,-0.3270353674888611,1.1475505828857422,0.3824533522129059,-0.4077187776565552,-0.3939303755760193,0.0019780397415161133,2.412001609802246
0,4092,0.444164514541626,-0.3271043598651886,1.147687554359436,0.3835184872150421,-0.4058719575405121,-0.39647409319877625,0.001993536949157715,2.40444278717041
0,4093,0.44445329904556274,-0.3271765112876892,1.147815227508545,0.38457560539245605,-0.40401148796081543,-0.39901429414749146,0.002013683319091797,2.397023916244507
0,4094,0.44473886489868164,-0.32725030183792114,1.1479376554489136,0.38562455773353577,-0.4021414816379547,-0.4015505909919739,0.002036571502685547,2.389909267425537
0,4095,0.44502362608909607,-0.3273243308067322,1.1480584144592285,0.3866656720638275,-0.4002659022808075,-0.4040835201740265,0.0020601749420166016,2.3828558921813965
0,4096,0.4453100264072418,-0.3273971974849701,1.1481812000274658,0.3876999318599701,-0.39838701486587524,-0.4066137969493866,0.00208282470703125,2.3753693103790283
0,4097,0.44560039043426514,-0.327467679977417,1.1483094692230225,0.3887294828891754,-0.3965059816837311,-0.40914297103881836,0.0021026134490966797,2.367445945739746
0,4098,0.4458971619606018,-0.327534556388855,1.1484466791152954,0.3897569477558136,-0.3946232497692108,-0.4116731882095337,0.0021179914474487305,2.3588321208953857
0,4099,0.4462023079395294,-0.3275967240333557,1.1485960483551025,0.3907843232154846,-0.3927387297153473,-0.4142058789730072,0.0021271705627441406,2.3491873741149902
0,4100,0.44651684165000916,-0.32765352725982666,1.148758888244629,0.391813188791275,-0.39085230231285095,-0.41674238443374634,0.0021294355392456055,2.3383312225341797
0,4101,0.4468404948711395,-0.32770517468452454,1.1489347219467163,0.3928433358669281,-0.3889644742012024,-0.4192824065685272,0.0021250247955322266,2.3264992237091064
0,4102,0.44717156887054443,-0.32775259017944336,1.1491209268569946,0.39387258887290955,-0.3870740234851837,-0.42182457447052,0.002115488052368164,2.313591480255127
0,4103,0.4475075304508209,-0.32779696583747864,1.149314045906067,0.3948981463909149,-0.38518092036247253,-0.42436683177948,0.0021022558212280273,2.3001863956451416
0,4104,0.44784581661224365,-0.3278396725654602,1.1495100259780884,0.39591681957244873,-0.38328447937965393,-0.42690736055374146,0.0020875930786132812,2.286189079284668
0,4105,0.44818392395973206,-0.3278822898864746,1.149705171585083,0.3969259560108185,-0.3813828229904175,-0.42944544553756714,0.0020732879638671875,2.2723641395568848
0,4106,0.44851934909820557,-0.32792630791664124,1.1498955488204956,0.39792293310165405,-0.3794727325439453,-0.43198132514953613,0.00206148624420166,2.258974075317383
0,4107,0.4488496482372284,-0.32797351479530334,1.150077223777771,0.39890509843826294,-0.37755048274993896,-0.4345163106918335,0.002053976058959961,2.246114730834961
0,4108,0.4491724967956543,-0.3280256390571594,1.1502463817596436,0.399869829416275,-0.37561148405075073,-0.4370518624782562,0.0020530223846435547,2.234407663345337
0,4109,0.44948604702949524,-0.32808396220207214,1.1504002809524536,0.400814950466156,-0.3736525774002075,-0.439589262008667,0.0020598173141479492,2.2242236137390137
0,4110,0.4497898519039154,-0.32814887166023254,1.1505377292633057,0.40174031257629395,-0.37167221307754517,-0.44212910532951355,0.0020753145217895508,2.215583562850952
0,4111,0.4500848650932312,-0.3282197415828705,1.1506606340408325,0.4026464521884918,-0.3696724474430084,-0.444670706987381,0.0020983219146728516,2.208150625228882
0,4112,0.4503731429576874,-0.3282950818538666,1.1507723331451416,0.4035356342792511,-0.36765772104263306,-0.4472127854824066,0.00212705135345459,2.2017595767974854
0,4113,0.4506574869155884,-0.3283730149269104,1.1508772373199463,0.4044106900691986,-0.36563220620155334,-0.44975370168685913,0.0021592378616333008,2.195884943008423
0,4114,0.4509405195713043,-0.32845157384872437,1.150979995727539,0.40527498722076416,-0.3636004626750946,-0.4522925913333893,0.0021924972534179688,2.190351963043213
0,4115,0.4512248635292053,-0.32852891087532043,1.1510852575302124,0.4061312973499298,-0.3615647852420807,-0.45482903718948364,0.0022238492965698242,2.1845362186431885
0,4116,0.45151326060295105,-0.3286032974720001,1.1511982679367065,0.4069826006889343,-0.35952723026275635,-0.45736339688301086,0.0022503137588500977,2.1780760288238525
0,4117,0.4518083333969116,-0.3286730647087097,1.1513242721557617,0.4078322947025299,-0.35748758912086487,-0.4598970115184784,0.002268671989440918,2.170604944229126
0,4118,0.45211249589920044,-0.3287365138530731,1.1514681577682495,0.40868332982063293,-0.35544589161872864,-0.46243128180503845,0.0022755861282348633,2.1618411540985107
0,4119,0.4524272680282593,-0.3287926912307739,1.1516329050064087,0.4095373749732971,-0.353401780128479,-0.4649667739868164,0.002269268035888672,2.151404619216919
0,4120,0.4527525305747986,-0.32884153723716736,1.1518185138702393,0.4103944003582001,-0.351354718208313,-0.46750375628471375,0.002249598503112793,2.1393628120422363
0,4121,0.45308661460876465,-0.32888415455818176,1.1520214080810547,0.4112524092197418,-0.34930500388145447,-0.47004151344299316,0.002219080924987793,2.125964403152466
0,4122,0.4534268081188202,-0.3289222717285156,1.1522362232208252,0.412107914686203,-0.3472527861595154,-0.47257858514785767,0.002180814743041992,2.1115541458129883
0,4123,0.4537701904773712,-0.32895779609680176,1.1524571180343628,0.4129571318626404,-0.34519723057746887,-0.47511395812034607,0.002138495445251465,2.0966718196868896
0,4124,0.45411384105682373,-0.32899272441864014,1.15267813205719,0.41379669308662415,-0.3431374132633209,-0.4776470363140106,0.002095937728881836,2.0818710327148438
0,4125,0.45445501804351807,-0.32902923226356506,1.1528934240341187,0.41462284326553345,-0.3410707116127014,-0.4801786243915558,0.002056717872619629,2.06734299659729
0,4126,0.45479080080986023,-0.3290696442127228,1.1530972719192505,0.4154317080974579,-0.33899301290512085,-0.482710063457489,0.002024412155151367,2.0537607669830322
0,4127,0.4551185071468353,-0.3291162848472595,1.1532838344573975,0.4162195324897766,-0.3369002342224121,-0.48524370789527893,0.0020028352737426758,2.0415265560150146
0,4128,0.4554358124732971,-0.3291710913181305,1.153448224067688,0.41698315739631653,-0.3347882032394409,-0.4877811670303345,0.0019948482513427734,2.031243085861206
0,4129,0.4557417631149292,-0.3292350172996521,1.1535885334014893,0.4177212119102478,-0.3326552212238312,-0.49032336473464966,0.0020017623901367188,2.022939920425415
0,4130,0.45603713393211365,-0.329307496547699,1.1537061929702759,0.4184347093105316,-0.33050262928009033,-0.49286991357803345,0.0020226240158081055,2.016544818878174
0,4131,0.4563242197036743,-0.3293865919113159,1.1538060903549194,0.4191265106201172,-0.32833459973335266,-0.4954192042350769,0.002054572105407715,2.011686086654663
0,4132,0.4566059410572052,-0.32946985960006714,1.1538947820663452,0.4198008179664612,-0.3261556327342987,-0.4979693293571472,0.002093195915222168,2.007791042327881
0,4133,0.4568856358528137,-0.32955458760261536,1.1539790630340576,0.42046189308166504,-0.3239705264568329,-0.5005179643630981,0.0021343231201171875,2.0042786598205566
0,4134,0.45716622471809387,-0.32963836193084717,1.154065728187561,0.42111414670944214,-0.3217817544937134,-0.5030641555786133,0.0021735429763793945,2.0006625652313232
0,4135,0.45745062828063965,-0.32971885800361633,1.154161810874939,0.4217616021633148,-0.31959035992622375,-0.5056076049804688,0.002205967903137207,1.9961576461791992
0,4136,0.45774179697036743,-0.32979363203048706,1.1542747020721436,0.4224088191986084,-0.31739652156829834,-0.5081483125686646,0.002226591110229492,1.990364670753479
0,4137,0.45804253220558167,-0.3298605680465698,1.1544113159179688,0.42305952310562134,-0.3151989281177521,-0.5106865167617798,0.002230525016784668,1.9828776121139526
0,4138,0.4583545923233032,-0.3299182951450348,1.1545764207839966,0.42371615767478943,-0.31299665570259094,-0.5132225155830383,0.002214193344116211,1.9732805490493774
0,4139,0.4586782455444336,-0.32996636629104614,1.1547707319259644,0.4243796169757843,-0.310789555311203,-0.5157566666603088,0.0021772384643554688,1.9612430334091187
0,4140,0.45901206135749817,-0.3300059735774994,1.154990553855896,0.42504727840423584,-0.3085782527923584,-0.5182885527610779,0.0021222829818725586,1.9475241899490356
0,4141,0.4593532383441925,-0.33003905415534973,1.155228853225708,0.42571505904197693,-0.3063625693321228,-0.520817756652832,0.0020540952682495117,1.9321893453598022
0,4142,0.45969855785369873,-0.3300681412220001,1.1554774045944214,0.4263782501220703,-0.30414390563964844,-0.5233443975448608,0.0019785165786743164,1.916016697883606
0,4143,0.46004489064216614,-0.33009594678878784,1.1557281017303467,0.4270319640636444,-0.3019213080406189,-0.5258688926696777,0.0019011497497558594,1.8996037244796753
0,4144,0.46038928627967834,-0.33012494444847107,1.1559727191925049,0.4276716113090515,-0.2996934652328491,-0.5283921360969543,0.0018279552459716797,1.883774995803833
0,4145,0.46072864532470703,-0.3301580548286438,1.1562029123306274,0.4282916784286499,-0.29745709896087646,-0.530916154384613,0.0017648935317993164,1.8688596487045288
0,4146,0.46105995774269104,-0.33019834756851196,1.1564099788665771,0.4288872182369232,-0.29520854353904724,-0.5334439277648926,0.0017180442810058594,1.8556182384490967
0,4147,0.46138060092926025,-0.3302484154701233,1.1565864086151123,0.4294535219669342,-0.2929432988166809,-0.5359779000282288,0.0016930103302001953,1.8446171283721924
0,4148,0.4616892337799072,-0.3303097188472748,1.1567281484603882,0.4299880266189575,-0.2906598150730133,-0.5385194420814514,0.001692652702331543,1.8363231420516968
0,4149,0.4619863033294678,-0.33038198947906494,1.1568365097045898,0.4304910898208618,-0.28835850954055786,-0.5410681962966919,0.0017161369323730469,1.8303452730178833
0,4150,0.4622739553451538,-0.33046308159828186,1.156917691230774,0.43096664547920227,-0.28604254126548767,-0.5436224341392517,0.0017589330673217773,1.8264919519424438
0,4151,0.4625554382801056,-0.3305499851703644,1.1569807529449463,0.4314205050468445,-0.2837165296077728,-0.5461796522140503,0.0018144845962524414,1.8241331577301025
0,4152,0.46283411979675293,-0.33063939213752747,1.1570355892181396,0.43185827136039734,-0.28138452768325806,-0.5487370491027832,0.0018758773803710938,1.822201132774353
0,4153,0.46311312913894653,-0.3307282626628876,1.157091736793518,0.43228575587272644,-0.2790491282939911,-0.5512925982475281,0.001935720443725586,1.820266842842102
0,4154,0.46339544653892517,-0.3308138847351074,1.157158613204956,0.43270787596702576,-0.27671101689338684,-0.5538448691368103,0.0019872188568115234,1.8176846504211426
0,4155,0.46368408203125,-0.3308936655521393,1.1572461128234863,0.43312954902648926,-0.27436935901641846,-0.556393027305603,0.0020227432250976562,1.8134808540344238
0,4156,0.46398186683654785,-0.33096498250961304,1.157363772392273,0.43355533480644226,-0.2720223367214203,-0.5589365363121033,0.0020346641540527344,1.8074274063110352
0,4157,0.46429091691970825,-0.3310258686542511,1.1575186252593994,0.43398886919021606,-0.2696681618690491,-0.5614748001098633,0.0020178556442260742,1.7988531589508057
0,4158,0.46461179852485657,-0.3310756981372833,1.1577129364013672,0.434430867433548,-0.26730647683143616,-0.5640078783035278,0.0019702911376953125,1.7875030040740967
0,4159,0.4649432897567749,-0.33111536502838135,1.157942771911621,0.43487948179244995,-0.26493698358535767,-0.5665359497070312,0.0018951892852783203,1.7739853858947754
0,4160,0.4652828574180603,-0.33114704489707947,1.1581995487213135,0.4353303015232086,-0.2625616192817688,-0.5690594911575317,0.001798868179321289,1.7584730386734009
0,4161,0.4656273126602173,-0.33117344975471497,1.1584724187850952,0.4357779622077942,-0.26018184423446655,-0.5715792179107666,0.0016900300979614258,1.7415872812271118
0,4162,0.4659733772277832,-0.3311976194381714,1.1587504148483276,0.43621671199798584,-0.2577989101409912,-0.5740966200828552,0.0015769004821777344,1.7245360612869263
0,4163,0.4663180708885193,-0.33122244477272034,1.1590228080749512,0.4366406798362732,-0.2554129958152771,-0.576613187789917,0.0014679431915283203,1.707772970199585
0,4164,0.46665844321250916,-0.33125096559524536,1.1592782735824585,0.43704426288604736,-0.253021240234375,-0.5791317224502563,0.0013720989227294922,1.691885232925415
0,4165,0.4669915437698364,-0.3312864303588867,1.1595056056976318,0.43742042779922485,-0.25062134861946106,-0.5816548466682434,0.0012981891632080078,1.678064227104187
0,4166,0.4673146903514862,-0.33133193850517273,1.1596943140029907,0.43776363134384155,-0.24821017682552338,-0.5841862559318542,0.0012545585632324219,1.6664786338806152
0,4167,0.4676263928413391,-0.33138930797576904,1.159838080406189,0.4380699396133423,-0.24578611552715302,-0.586727499961853,0.0012462139129638672,1.6580020189285278
0,4168,0.4679267108440399,-0.33145853877067566,1.1599372625350952,0.4383394122123718,-0.2433486133813858,-0.5892786383628845,0.0012729167938232422,1.6522083282470703
0,4169,0.46821749210357666,-0.3315378725528717,1.1599985361099243,0.438576340675354,-0.24090062081813812,-0.5918384194374084,0.0013294219970703125,1.6490072011947632
0,4170,0.46850159764289856,-0.33162418007850647,1.1600334644317627,0.4387866258621216,-0.2384449690580368,-0.5944034457206726,0.0014066696166992188,1.647344946861267
0,4171,0.46878230571746826,-0.3317139148712158,1.1600549221038818,0.43897774815559387,-0.23598498106002808,-0.5969705581665039,0.0014941692352294922,1.6468696594238281
0,4172,0.4690626859664917,-0.3318038880825043,1.160075068473816,0.43915626406669617,-0.23352272808551788,-0.5995370149612427,0.001582503318786621,1.6463942527770996
0,4173,0.4693455100059509,-0.331891268491745,1.16010582447052,0.43932777643203735,-0.23105768859386444,-0.6021004319190979,0.0016616582870483398,1.6452051401138306
0,4174,0.4696336090564728,-0.33197325468063354,1.1601595878601074,0.439497709274292,-0.2285882830619812,-0.6046593189239502,0.001721501350402832,1.6427053213119507
0,4175,0.46992963552474976,-0.3320472538471222,1.1602485179901123,0.43967121839523315,-0.2261115461587906,-0.6072121858596802,0.001752018928527832,1.6381721496582031
0,4176,0.47023579478263855,-0.3321111798286438,1.1603821516036987,0.43985217809677124,-0.22362467646598816,-0.6097577214241028,0.0017451047897338867,1.6311087608337402
0,4177,0.4705529510974884,-0.33216390013694763,1.1605647802352905,0.4400422275066376,-0.22112654149532318,-0.612295389175415,0.0016974210739135742,1.6209992170333862
0,4178,0.47088029980659485,-0.3322059214115143,1.1607935428619385,0.44023969769477844,-0.2186173051595688,-0.6148259043693542,0.0016109943389892578,1.6085164546966553
0,4179,0.4712156057357788,-0.3322393298149109,1.1610583066940308,0.4404405951499939,-0.21609985828399658,-0.6173501014709473,0.001494288444519043,1.5937273502349854
0,4180,0.4715559780597687,-0.3322668969631195,1.1613459587097168,0.44063904881477356,-0.21357648074626923,-0.6198696494102478,0.0013583898544311523,1.5774356126785278
0,4181,0.47189831733703613,-0.33229148387908936,1.1616425514221191,0.44082874059677124,-0.21105001866817474,-0.6223863363265991,0.0012146234512329102,1.5604723691940308
0,4182,0.4722398519515991,-0.33231601119041443,1.1619348526000977,0.44100406765937805,-0.2085220217704773,-0.6249027848243713,0.0010743141174316406,1.5439566373825073
0,4183,0.47257792949676514,-0.3323434293270111,1.1622096300125122,0.44115814566612244,-0.20599208772182465,-0.6274216771125793,0.0009484291076660156,1.5282870531082153
0,4184,0.4729100167751312,-0.3323769271373749,1.162453532218933,0.4412843585014343,-0.20345930755138397,-0.6299464106559753,0.0008481740951538086,1.514265537261963
0,4185,0.47323372960090637,-0.3324195146560669,1.1626535654067993,0.44137585163116455,-0.2009214460849762,-0.6324801445007324,0.000784754753112793,1.5024594068527222
0,4186,0.4735475480556488,-0.3324732780456543,1.1628012657165527,0.4414280354976654,-0.19837768375873566,-0.6350253820419312,0.0007652044296264648,1.493969202041626
0,4187,0.4738512933254242,-0.3325386643409729,1.1628953218460083,0.4414401054382324,-0.19582752883434296,-0.6375827789306641,0.000790715217590332,1.488720417022705
0,4188,0.47414630651474,-0.3326142728328705,1.1629424095153809,0.44141581654548645,-0.1932726502418518,-0.6401507258415222,0.0008556842803955078,1.4858256578445435
0,4189,0.47443491220474243,-0.332697331905365,1.1629549264907837,0.4413614571094513,-0.1907147765159607,-0.6427263021469116,0.0009496212005615234,1.4851670265197754
0,4190,0.47471991181373596,-0.3327844738960266,1.1629478931427002,0.4412845969200134,-0.18815526366233826,-0.6453061103820801,0.0010597705841064453,1.4855623245239258
0,4191,0.4750039577484131,-0.3328726291656494,1.1629356145858765,0.4411925673484802,-0.18559539318084717,-0.6478866934776306,0.0011739730834960938,1.4862208366394043
0,4192,0.47528955340385437,-0.3329588770866394,1.1629319190979004,0.44109171628952026,-0.183033749461174,-0.6504656672477722,0.0012805461883544922,1.4864840507507324
0,4193,0.4755791127681732,-0.33304065465927124,1.1629507541656494,0.4409872591495514,-0.180467426776886,-0.6530400514602661,0.0013670921325683594,1.4854304790496826
0,4194,0.4758750796318054,-0.3331153690814972,1.1630064249038696,0.4408847391605377,-0.1778925061225891,-0.6556079387664795,0.0014214515686035156,1.4826613664627075
0,4195,0.4761795103549957,-0.333180695772171,1.1631108522415161,0.4407884478569031,-0.17530490458011627,-0.6581671833992004,0.0014331340789794922,1.4772400856018066
0,4196,0.4764934182167053,-0.3332354426383972,1.1632708311080933,0.4407002627849579,-0.1727028787136078,-0.6607168912887573,0.00139617919921875,1.4690037965774536
0,4197,0.4768163859844208,-0.33327987790107727,1.1634842157363892,0.44061923027038574,-0.17008624970912933,-0.6632573008537292,0.001312255859375,1.4577709436416626
0,4198,0.47714656591415405,-0.33331555128097534,1.163741111755371,0.4405418038368225,-0.16745856404304504,-0.6657899618148804,0.001190185546875,1.4442845582962036
0,4199,0.4774814546108246,-0.3333449363708496,1.1640266180038452,0.44046223163604736,-0.16482284665107727,-0.6683169603347778,0.0010428428649902344,1.4290287494659424
0,4200,0.47781842947006226,-0.3333708643913269,1.1643251180648804,0.4403747320175171,-0.16218441724777222,-0.67084139585495,0.0008838176727294922,1.413331389427185
0,4201,0.4781550467014313,-0.33339616656303406,1.1646218299865723,0.44027283787727356,-0.1595459282398224,-0.6733655333518982,0.0007259845733642578,1.3974578380584717
0,4202,0.47848907113075256,-0.3334236145019531,1.1649024486541748,0.4401503801345825,-0.15690924227237701,-0.6758927702903748,0.0005818605422973633,1.382251501083374
0,4203,0.4788183569908142,-0.3334561884403229,1.1651524305343628,0.4400002360343933,-0.15427419543266296,-0.6784260869026184,0.00046432018280029297,1.368878960609436
0,4204,0.47914087772369385,-0.33349692821502686,1.1653577089309692,0.439815491437912,-0.15164117515087128,-0.68096923828125,0.0003854036331176758,1.3579708337783813
0,4205,0.47945529222488403,-0.3335481584072113,1.1655079126358032,0.43959107995033264,-0.14901013672351837,-0.6835249662399292,0.00035440921783447266,1.349587082862854
0,4206,0.4797612428665161,-0.3336106538772583,1.1655998229980469,0.4393250346183777,-0.14638039469718933,-0.6860941052436829,0.00037407875061035156,1.3447935581207275
0,4207,0.4800594747066498,-0.33368340134620667,1.16563880443573,0.4390205144882202,-0.1437532901763916,-0.6886757612228394,0.0004398822784423828,1.34275484085083
0,4208,0.4803519546985626,-0.3337639570236206,1.1656373739242554,0.438683420419693,-0.14112842082977295,-0.6912667155265808,0.0005408525466918945,1.3429005146026611
0,4209,0.4806409180164337,-0.33384913206100464,1.1656112670898438,0.438321590423584,-0.138506218791008,-0.6938638091087341,0.0006631612777709961,1.344356894493103
0,4210,0.4809286594390869,-0.33393579721450806,1.1655761003494263,0.4379426836967468,-0.13588640093803406,-0.6964631080627441,0.0007929801940917969,1.346247911453247
0,4211,0.48121723532676697,-0.3340211510658264,1.1655466556549072,0.4375531077384949,-0.13326705992221832,-0.699061393737793,0.0009174346923828125,1.3482813835144043
0,4212,0.48150867223739624,-0.3341025412082672,1.1655372381210327,0.4371584355831146,-0.1306448131799698,-0.7016552090644836,0.0010237693786621094,1.348861813545227
0,4213,0.4818049371242523,-0.33417731523513794,1.165562629699707,0.4367640018463135,-0.1280161291360855,-0.7042402625083923,0.0010987520217895508,1.3479911088943481
0,4214,0.48210784792900085,-0.3342432677745819,1.1656357049942017,0.43637409806251526,-0.12537649273872375,-0.7068140506744385,0.0011310577392578125,1.344356894493103
0,4215,0.48241838812828064,-0.3342989683151245,1.165764331817627,0.4359913766384125,-0.12272308021783829,-0.709374189376831,0.0011134147644042969,1.337790608406067
0,4216,0.4827364385128021,-0.3343442976474762,1.1659481525421143,0.4356154501438141,-0.12005606293678284,-0.7119207382202148,0.001046299934387207,1.3282485008239746
0,4217,0.48306065797805786,-0.33438053727149963,1.166178584098816,0.43524307012557983,-0.11737750470638275,-0.7144557237625122,0.0009372234344482422,1.316260814666748
0,4218,0.48338907957077026,-0.3344101011753082,1.1664416790008545,0.4348691999912262,-0.11469234526157379,-0.7169827222824097,0.0007985830307006836,1.3026617765426636
0,4219,0.48371946811676025,-0.3344356417655945,1.1667214632034302,0.4344880282878876,-0.1120043620467186,-0.7195056676864624,0.000644683837890625,1.2880078554153442
0,4220,0.48404982686042786,-0.33445975184440613,1.1670031547546387,0.4340941607952118,-0.1093183383345604,-0.7220278978347778,0.0004886388778686523,1.2730317115783691
0,4221,0.48437827825546265,-0.3344852924346924,1.167272925376892,0.4336811900138855,-0.10663674026727676,-0.7245528101921082,0.0003427267074584961,1.2591211795806885
0,4222,0.484703004360199,-0.33451515436172485,1.1675163507461548,0.4332429766654968,-0.10396217554807663,-0.7270835041999817,0.00021970272064208984,1.2461549043655396
0,4223,0.4850221276283264,-0.33455246686935425,1.1677190065383911,0.43277212977409363,-0.10129585862159729,-0.729623019695282,0.00013244152069091797,1.2357474565505981
0,4224,0.48533421754837036,-0.3345998525619507,1.167869210243225,0.432263046503067,-0.09863953292369843,-0.7321738004684448,9.119510650634766e-05,1.2282822132110596
0,4225,0.4856386184692383,-0.3346587121486664,1.1679612398147583,0.43171295523643494,-0.09599408507347107,-0.7347373962402344,0.00010097026824951172,1.2238132953643799
0,4226,0.4859358072280884,-0.33472850918769836,1.167998194694519,0.4311234951019287,-0.09335943311452866,-0.7373130321502686,0.00015926361083984375,1.2226934432983398
0,4227,0.4862273335456848,-0.33480697870254517,1.1679911613464355,0.4305001497268677,-0.0907343253493309,-0.7398988604545593,0.0002562999725341797,1.224133014678955
0,4228,0.48651519417762756,-0.33489102125167847,1.1679553985595703,0.42985039949417114,-0.08811742812395096,-0.7424919605255127,0.0003782510757446289,1.2271664142608643
0,4229,0.4868014454841614,-0.3349774479866028,1.1679065227508545,0.42918169498443604,-0.08550615608692169,-0.7450889348983765,0.0005116462707519531,1.2308286428451538
0,4230,0.48708799481391907,-0.3350631296634674,1.1678588390350342,0.42850053310394287,-0.08289807289838791,-0.7476866841316223,0.000643610954284668,1.2344799041748047
0,4231,0.4873766005039215,-0.335145503282547,1.1678258180618286,0.427812397480011,-0.08028912544250488,-0.7502818703651428,0.0007622241973876953,1.2373298406600952
0,4232,0.4876691699028015,-0.3352219760417938,1.1678208112716675,0.42712196707725525,-0.07767407596111298,-0.7528709769248962,0.000855565071105957,1.2384364604949951
0,4233,0.4879673719406128,-0.33529016375541687,1.1678566932678223,0.4264339804649353,-0.07504843920469284,-0.7554505467414856,0.0009121894836425781,1.2373298406600952
0,4234,0.48827239871025085,-0.33534812927246094,1.167942762374878,0.4257512092590332,-0.07240793108940125,-0.758017897605896,0.0009238719940185547,1.2333698272705078
0,4235,0.48858457803726196,-0.3353952169418335,1.1680816411972046,0.42507439851760864,-0.06975127011537552,-0.7605721950531006,0.0008879899978637695,1.2262094020843506
0,4236,0.48890313506126404,-0.3354322910308838,1.168267846107483,0.4244019687175751,-0.06708074361085892,-0.7631148099899292,0.000809788703918457,1.2164356708526611
0,4237,0.4892263114452362,-0.3354613482952118,1.1684900522232056,0.4237290620803833,-0.06440000981092453,-0.7656487822532654,0.0006990432739257812,1.2043101787567139
0,4238,0.4895521402359009,-0.33548519015312195,1.1687339544296265,0.42305096983909607,-0.061715852469205856,-0.7681782245635986,0.0005685091018676758,1.1912403106689453
0,4239,0.48987865447998047,-0.3355066180229187,1.168985366821289,0.4223615229129791,-0.05903255194425583,-0.7707067728042603,0.00043082237243652344,1.1773608922958374
0,4240,0.4902040660381317,-0.3355283737182617,1.1692311763763428,0.42165568470954895,-0.056354112923145294,-0.7732381820678711,0.0002976655960083008,1.1638202667236328
0,4241,0.49052658677101135,-0.33555343747138977,1.1694581508636475,0.4209274649620056,-0.05368417873978615,-0.7757757306098938,0.0001806020736694336,1.1514806747436523
0,4242,0.49084457755088806,-0.3355851471424103,1.1696527004241943,0.4201699495315552,-0.05102502927184105,-0.778322696685791,9.179115295410156e-05,1.1412386894226074
0,4243,0.4911564588546753,-0.3356265425682068,1.1698025465011597,0.419376939535141,-0.04837872460484505,-0.7808821797370911,4.184246063232422e-05,1.1338417530059814
0,4244,0.49146124720573425,-0.335679829120636,1.169899582862854,0.4185441732406616,-0.04574699327349663,-0.7834565043449402,3.790855407714844e-05,1.1296920776367188
0,4245,0.4917590022087097,-0.335745245218277,1.1699433326721191,0.41767144203186035,-0.0431295670568943,-0.7860458493232727,8.058547973632812e-05,1.1288257837295532
0,4246,0.4920506775379181,-0.33582115173339844,1.1699411869049072,0.4167628288269043,-0.040526293218135834,-0.7886488437652588,0.00016319751739501953,1.1310770511627197
0,4247,0.49233803153038025,-0.33590447902679443,1.1699059009552002,0.41582486033439636,-0.037935011088848114,-0.791262149810791,0.000274658203125,1.135566234588623
0,4248,0.49262306094169617,-0.3359917402267456,1.1698517799377441,0.4148648977279663,-0.03535288944840431,-0.793882429599762,0.0004025697708129883,1.1410672664642334
0,4249,0.4929076135158539,-0.33607974648475647,1.169792652130127,0.413889616727829,-0.032776977866888046,-0.7965063452720642,0.0005344152450561523,1.1470537185668945
0,4250,0.4931933879852295,-0.33616551756858826,1.1697407960891724,0.41290441155433655,-0.030203746631741524,-0.7991300821304321,0.0006595849990844727,1.1523301601409912
0,4251,0.4934823215007782,-0.33624619245529175,1.1697083711624146,0.41191449761390686,-0.027628479525446892,-0.8017499446868896,0.0007675886154174805,1.1563984155654907
0,4252,0.49377626180648804,-0.33631908893585205,1.1697077751159668,0.41092413663864136,-0.025045480579137802,-0.804361879825592,0.0008472204208374023,1.1582584381103516
0,4253,0.4940768778324127,-0.3363816440105438,1.1697494983673096,0.40993732213974,-0.02245015650987625,-0.806962251663208,0.0008895397186279297,1.157244324684143
0,4254,0.4943850636482239,-0.336432546377182,1.1698391437530518,0.4089559316635132,-0.019839173182845116,-0.8095492720603943,0.0008894205093383789,1.1528394222259521
0,4255,0.4947003722190857,-0.33647191524505615,1.1699751615524292,0.40797901153564453,-0.01721283793449402,-0.8121232986450195,0.0008482933044433594,1.1456881761550903
0,4256,0.49502140283584595,-0.3365016281604767,1.1701490879058838,0.4070030450820923,-0.014575714245438576,-0.8146870732307434,0.0007734298706054688,1.1353938579559326
0,4257,0.4953460991382599,-0.33652445673942566,1.1703484058380127,0.4060235023498535,-0.011933192610740662,-0.8172447085380554,0.0006759166717529297,1.1236131191253662
0,4258,0.4956723749637604,-0.3365434408187866,1.1705597639083862,0.4050349295139313,-0.00929085910320282,-0.8198012113571167,0.0005674362182617188,1.1108269691467285
0,4259,0.4959982633590698,-0.33656156063079834,1.1707707643508911,0.4040321111679077,-0.006653491873294115,-0.8223600387573242,0.00045883655548095703,1.0982484817504883
0,4260,0.4963220953941345,-0.33658191561698914,1.1709699630737305,0.4030097723007202,-0.004024605732411146,-0.8249252438545227,0.0003598928451538086,1.0864251852035522
0,4261,0.4966420829296112,-0.3366076648235321,1.1711456775665283,0.40196189284324646,-0.0014070426113903522,-0.827500581741333,0.0002809762954711914,1.0762914419174194
0,4262,0.49695658683776855,-0.33664223551750183,1.1712864637374878,0.40088218450546265,0.0011970552150160074,-0.8300896883010864,0.00023186206817626953,1.0684449672698975
0,4263,0.4972643554210663,-0.33668848872184753,1.1713831424713135,0.39976537227630615,0.003786081215366721,-0.8326950669288635,0.00022041797637939453,1.064224362373352
0,4264,0.4975648820400238,-0.3367474675178528,1.1714320182800293,0.3986096978187561,0.006358860060572624,-0.8353186249732971,0.0002499818801879883,1.0633044242858887
0,4265,0.49785876274108887,-0.3368184268474579,1.1714363098144531,0.39741697907447815,0.008916093967854977,-0.8379591107368469,0.0003178119659423828,1.0662449598312378
0,4266,0.49814754724502563,-0.3368988633155823,1.1714056730270386,0.396192342042923,0.011459198780357838,-0.8406139016151428,0.00041556358337402344,1.0711886882781982
0,4267,0.4984331429004669,-0.33698517084121704,1.171352744102478,0.39494284987449646,0.013990173116326332,-0.8432790040969849,0.0005322694778442383,1.0781080722808838
0,4268,0.4987177550792694,-0.33707404136657715,1.171290636062622,0.39367517828941345,0.016512176021933556,-0.8459504842758179,0.0006564855575561523,1.0857045650482178
0,4269,0.49900364875793457,-0.33716273307800293,1.1712312698364258,0.3923950493335724,0.019029023125767708,-0.8486242890357971,0.0007778406143188477,1.092711091041565
0,4270,0.49929341673851013,-0.33724913001060486,1.1711864471435547,0.39110708236694336,0.02154509536921978,-0.8512961864471436,0.000886082649230957,1.0991390943527222
0,4271,0.4995898902416229,-0.3373315632343292,1.1711682081222534,0.38981521129608154,0.024065902456641197,-0.8539620637893677,0.0009704828262329102,1.102871298789978
0,4272,0.49989596009254456,-0.33740854263305664,1.1711872816085815,0.38852304220199585,0.02659732848405838,-0.8566175699234009,0.0010215044021606445,1.1039354801177979
0,4273,0.5002134442329407,-0.3374791145324707,1.1712514162063599,0.38723278045654297,0.02914329431951046,-0.8592597246170044,0.0010323524475097656,1.10145103931427
0,4274,0.5005427002906799,-0.33754298090934753,1.1713616847991943,0.38594430685043335,0.031704381108284,-0.86188805103302,0.0010020732879638672,1.0950366258621216
0,4275,0.500882089138031,-0.3376006782054901,1.171512484550476,0.38465577363967896,0.0342782661318779,-0.8645046949386597,0.0009354352951049805,1.0853439569473267
0,4276,0.5012287497520447,-0.33765342831611633,1.171692967414856,0.3833635151386261,0.036858923733234406,-0.8671138882637024,0.0008420944213867188,1.0730139017105103
0,4277,0.5015794634819031,-0.33770284056663513,1.171890139579773,0.3820631802082062,0.03944043442606926,-0.8697201013565063,0.0007333755493164062,1.059432864189148
0,4278,0.5019310712814331,-0.33775046467781067,1.172092080116272,0.38075074553489685,0.04201721400022507,-0.8723281025886536,0.0006200075149536133,1.0456753969192505
0,4279,0.5022807717323303,-0.33779802918434143,1.172287106513977,0.3794216215610504,0.04458438977599144,-0.8749415278434753,0.000512242317199707,1.0319242477416992
0,4280,0.5026259422302246,-0.33784738183021545,1.1724635362625122,0.37807148694992065,0.04713829606771469,-0.8775638937950134,0.0004203319549560547,1.0197157859802246
0,4281,0.5029637217521667,-0.33790069818496704,1.172609806060791,0.3766951858997345,0.04967609792947769,-0.8801996111869812,0.00035452842712402344,1.009881615638733
0,4282,0.5032919645309448,-0.3379599452018738,1.1727159023284912,0.3752882778644562,0.05219477042555809,-0.8828510642051697,0.0003236532211303711,1.0030769109725952
0,4283,0.5036094188690186,-0.3380263149738312,1.1727758646011353,0.37384843826293945,0.05469229072332382,-0.8855199217796326,0.00033295154571533203,1.000146508216858
0,4284,0.5039164423942566,-0.33809977769851685,1.1727908849716187,0.3723762333393097,0.05716922879219055,-0.8882060647010803,0.0003814697265625,1.0005377531051636
0,4285,0.5042149424552917,-0.33817899227142334,1.1727690696716309,0.3708750307559967,0.05962727591395378,-0.8909074068069458,0.0004620552062988281,1.0036619901657104
0,4286,0.5045074820518494,-0.3382619023323059,1.1727221012115479,0.36935028433799744,0.06206940859556198,-0.8936203122138977,0.0005643367767333984,1.0091062784194946
0,4287,0.5047969818115234,-0.3383461833000183,1.172662377357483,0.3678072690963745,0.0644989162683487,-0.8963410258293152,0.0006775856018066406,1.015485405921936
0,4288,0.505085825920105,-0.3384297490119934,1.1726007461547852,0.3662506937980652,0.06691891700029373,-0.8990656137466431,0.0007922649383544922,1.022207498550415
0,4289,0.5053761601448059,-0.3385106325149536,1.1725467443466187,0.36468401551246643,0.06933272629976273,-0.9017897248268127,0.0008999109268188477,1.0281245708465576
0,4290,0.5056696534156799,-0.3385866582393646,1.172508955001831,0.36311036348342896,0.07174406945705414,-0.9045091867446899,0.0009932518005371094,1.032871961593628
0,4291,0.5059679746627808,-0.3386560380458832,1.1724954843521118,0.3615322709083557,0.07415616512298584,-0.9072192907333374,0.001064896583557129,1.0355209112167358
0,4292,0.5062721371650696,-0.33871716260910034,1.1725120544433594,0.35995152592658997,0.07657229155302048,-0.9099171161651611,0.001110076904296875,1.0357097387313843
0,4293,0.5065826177597046,-0.3387693762779236,1.172560691833496,0.35836872458457947,0.07899339497089386,-0.9126008749008179,0.001127004623413086,1.0332508087158203
0,4294,0.5068986415863037,-0.33881327509880066,1.1726386547088623,0.3567826747894287,0.08141839504241943,-0.915272057056427,0.0011179447174072266,1.0285052061080933
0,4295,0.5072189569473267,-0.3388504981994629,1.1727391481399536,0.3551911413669586,0.08384373784065247,-0.9179344773292542,0.001088857650756836,1.0218244791030884
0,4296,0.5075417160987854,-0.33888307213783264,1.1728533506393433,0.3535914421081543,0.08626607060432434,-0.9205936193466187,0.001047372817993164,1.0145213603973389
0,4297,0.507865309715271,-0.3389132022857666,1.1729727983474731,0.35198071599006653,0.08868180960416794,-0.92325359582901,0.0010010004043579102,1.0059988498687744
0,4298,0.5081884264945984,-0.33894288539886475,1.1730893850326538,0.3503565192222595,0.09108774363994598,-0.925918459892273,0.0009567737579345703,0.997795820236206
0,4299,0.5085100531578064,-0.3389742076396942,1.1731953620910645,0.34871622920036316,0.09348179399967194,-0.9285911917686462,0.0009216070175170898,0.9903155565261841
0,4300,0.5088291168212891,-0.33900922536849976,1.1732829809188843,0.34705784916877747,0.09586229920387268,-0.9312744736671448,0.0009022951126098633,0.983574390411377
0,4301,0.5091449022293091,-0.3390497863292694,1.173345685005188,0.3453788757324219,0.09822869300842285,-0.9339706897735596,0.0009046792984008789,0.9783880710601807
0,4302,0.5094569325447083,-0.33909714221954346,1.1733789443969727,0.34367844462394714,0.10057874023914337,-0.936680793762207,0.0009329319000244141,0.9749821424484253
0,4303,0.5097652673721313,-0.3391514718532562,1.1733828783035278,0.34195637702941895,0.102913498878479,-0.9394049644470215,0.0009866952896118164,0.9735761880874634
0,4304,0.5100705027580261,-0.33921167254447937,1.1733614206314087,0.3402143120765686,0.10523302853107452,-0.9421418309211731,0.0010627508163452148,0.9731741547584534
0,4305,0.5103734731674194,-0.33927589654922485,1.173322081565857,0.3384539484977722,0.10753889381885529,-0.9448893666267395,0.001154184341430664,0.9739781022071838
0,4306,0.5106749534606934,-0.3393421769142151,1.1732723712921143,0.33667808771133423,0.10983172804117203,-0.9476441740989685,0.001254439353942871,0.9755840301513672
0,4307,0.51097571849823,-0.3394089937210083,1.1732196807861328,0.3348883390426636,0.1121130958199501,-0.9504035115242004,0.0013567209243774414,0.977387547492981
0,4308,0.5112761855125427,-0.33947524428367615,1.1731704473495483,0.3330860435962677,0.11438408493995667,-0.9531635046005249,0.001455068588256836,0.9791878461837769
0,4309,0.5115765929222107,-0.33954036235809326,1.1731305122375488,0.3312717080116272,0.11664581298828125,-0.9559197425842285,0.0015437602996826172,0.9805856347084045
0,4310,0.5118770599365234,-0.33960404992103577,1.173105239868164,0.3294459581375122,0.11889903992414474,-0.9586670994758606,0.0016176700592041016,0.9821808338165283
0,4311,0.512177586555481,-0.3396661579608917,1.173099160194397,0.32760876417160034,0.12114472687244415,-0.9614017605781555,0.0016722679138183594,0.983574390411377
0,4312,0.512478232383728,-0.33972662687301636,1.1731141805648804,0.32576054334640503,0.12338297814130783,-0.9641212821006775,0.0017056465148925781,0.9847673177719116
0,4313,0.5127789378166199,-0.3397853970527649,1.1731489896774292,0.32390096783638,0.12561427056789398,-0.966826856136322,0.0017192363739013672,0.9855619072914124
0,4314,0.5130795240402222,-0.3398425877094269,1.1731997728347778,0.32203003764152527,0.12783703207969666,-0.9695221185684204,0.00171661376953125,0.986752450466156
0,4315,0.5133800506591797,-0.33989834785461426,1.1732606887817383,0.3201476037502289,0.13005082309246063,-0.9722124934196472,0.0017037391662597656,0.9871489405632019
0,4316,0.513680636882782,-0.33995264768600464,1.1733261346817017,0.31825393438339233,0.13225491344928741,-0.9749032258987427,0.0016862154006958008,0.9881396293640137
0,4317,0.513981819152832,-0.3400052487850189,1.1733907461166382,0.3163495361804962,0.13444896042346954,-0.9775979518890381,0.0016694068908691406,0.9887335300445557
0,4318,0.5142845511436462,-0.340055912733078,1.1734501123428345,0.31443533301353455,0.13663433492183685,-0.9803003072738647,0.001658320426940918,0.9885355830192566
0,4319,0.5145901441574097,-0.34010404348373413,1.1734997034072876,0.3125128448009491,0.1388113796710968,-0.9830127954483032,0.0016576051712036133,0.9869507551193237
0,4320,0.5149000287055969,-0.34014907479286194,1.173535704612732,0.31058329343795776,0.14098171889781952,-0.9857379794120789,0.0016717910766601562,0.9841710925102234
0,4321,0.515215277671814,-0.3401905298233032,1.1735551357269287,0.3086477518081665,0.14314678311347961,-0.9884768128395081,0.001704096794128418,0.9787880182266235
0,4322,0.5155361294746399,-0.3402283191680908,1.1735574007034302,0.30670642852783203,0.14530661702156067,-0.9912294149398804,0.0017551183700561523,0.9719669222831726
0,4323,0.5158619284629822,-0.340262770652771,1.1735445261001587,0.30475836992263794,0.1474609225988388,-0.9939953088760376,0.0018225908279418945,0.9626615643501282
0,4324,0.5161913633346558,-0.34029459953308105,1.1735203266143799,0.3028022348880768,0.14960730075836182,-0.9967719912528992,0.0019022226333618164,0.9522383213043213
0,4325,0.5165227651596069,-0.3403250277042389,1.1734890937805176,0.3008360266685486,0.15174441039562225,-0.9995570182800293,0.0019888877868652344,0.9408683180809021
0,4326,0.5168543457984924,-0.34035569429397583,1.1734552383422852,0.29885753989219666,0.15386995673179626,-1.0023471117019653,0.002077460289001465,0.9295697212219238
0,4327,0.5171841979026794,-0.3403891324996948,1.1734228134155273,0.29686403274536133,0.15598206222057343,-1.0051389932632446,0.0021625757217407227,0.9185582399368286
0,4328,0.5175105333328247,-0.34042903780937195,1.1733956336975098,0.2948526442050934,0.1580781489610672,-1.007927417755127,0.0022391080856323242,0.9095670580863953
0,4329,0.5178311467170715,-0.34047985076904297,1.1733773946762085,0.29281964898109436,0.1601565033197403,-1.0107072591781616,0.002301454544067383,0.9030898809432983
0,4330,0.5181440114974976,-0.34054580330848694,1.1733715534210205,0.2907613217830658,0.16221444308757782,-1.013473629951477,0.002344489097595215,0.9004861116409302
0,4331,0.5184481143951416,-0.34062936902046204,1.1733800172805786,0.2886766791343689,0.16425082087516785,-1.0162230730056763,0.002365589141845703,0.9020059108734131
0,4332,0.5187436938285828,-0.34073010087013245,1.1734020709991455,0.2865661084651947,0.16626626253128052,-1.0189564228057861,0.0023654699325561523,0.907413125038147
0,4333,0.5190320611000061,-0.3408447802066803,1.1734355688095093,0.2844323515892029,0.16826176643371582,-1.0216773748397827,0.002347707748413086,0.9164254069328308
0,4334,0.5193156599998474,-0.3409683406352997,1.1734765768051147,0.28227970004081726,0.17024041712284088,-1.0243911743164062,0.002318263053894043,0.9278841614723206
0,4335,0.5195971727371216,-0.3410951495170593,1.1735211610794067,0.280113160610199,0.17220525443553925,-1.0271040201187134,0.0022832155227661133,0.9400359988212585
0,4336,0.5198798179626465,-0.34121981263160706,1.173566222190857,0.2779376208782196,0.1741587221622467,-1.0298200845718384,0.002248048782348633,0.9518272280693054
0,4337,0.520167350769043,-0.34133654832839966,1.1736087799072266,0.2757587730884552,0.17610543966293335,-1.032543659210205,0.0022181272506713867,0.9612375497817993
0,4338,0.520464301109314,-0.34143930673599243,1.1736464500427246,0.27358242869377136,0.17805005609989166,-1.0352776050567627,0.002198338508605957,0.9665158987045288
0,4339,0.5207751989364624,-0.3415219783782959,1.1736774444580078,0.2714148461818695,0.1799972504377365,-1.0380240678787231,0.0021933317184448242,0.9659083485603333
0,4340,0.5211039185523987,-0.3415796756744385,1.1737000942230225,0.26926112174987793,0.1819509118795395,-1.040785551071167,0.002206563949584961,0.9571574926376343
0,4341,0.5214517116546631,-0.3416106700897217,1.1737138032913208,0.26712244749069214,0.1839127540588379,-1.0435619354248047,0.0022394657135009766,0.940244197845459
0,4342,0.5218170881271362,-0.3416171073913574,1.1737194061279297,0.26499632000923157,0.18588054180145264,-1.0463526248931885,0.0022901296615600586,0.915357232093811
0,4343,0.5221958756446838,-0.3416043519973755,1.1737184524536133,0.2628772556781769,0.18785031139850616,-1.0491559505462646,0.0023543834686279297,0.8847019076347351
0,4344,0.5225824117660522,-0.34157952666282654,1.173712968826294,0.260757714509964,0.18981635570526123,-1.0519685745239258,0.002427220344543457,0.8499580025672913
0,4345,0.5229705572128296,-0.34155017137527466,1.1737043857574463,0.25863003730773926,0.19177226722240448,-1.054787278175354,0.0025037527084350586,0.8151736855506897
0,4346,0.5233536958694458,-0.34152406454086304,1.173694133758545,0.25648683309555054,0.19371174275875092,-1.0576082468032837,0.0025790929794311523,0.782096803188324
0,4347,0.5237242579460144,-0.3415096402168274,1.1736823320388794,0.2543207108974457,0.19562813639640808,-1.0604265928268433,0.002649545669555664,0.7538138628005981
0,4348,0.5240738391876221,-0.34151604771614075,1.173668622970581,0.25212404131889343,0.19751359522342682,-1.0632365942001343,0.0027114152908325195,0.7338204979896545
0,4349,0.5243945717811584,-0.3415517807006836,1.1736524105072021,0.24988976120948792,0.19936233758926392,-1.0660330057144165,0.0027617216110229492,0.7244275212287903
0,4350,0.5246812701225281,-0.34162238240242004,1.1736334562301636,0.24761360883712769,0.20116998255252838,-1.0688124895095825,0.00279843807220459,0.7284679412841797
0,4351,0.5249336361885071,-0.3417282998561859,1.1736116409301758,0.24529646337032318,0.20293554663658142,-1.071574091911316,0.002821683883666992,0.7454609274864197
0,4352,0.5251566171646118,-0.34186431765556335,1.1735875606536865,0.24294282495975494,0.20466375350952148,-1.0743211507797241,0.0028333663940429688,0.7748072147369385
0,4353,0.5253586769104004,-0.3420214056968689,1.173561692237854,0.2405611276626587,0.2063625156879425,-1.0770593881607056,0.002837061882019043,0.8125289082527161
0,4354,0.5255497694015503,-0.34218910336494446,1.1735351085662842,0.23816102743148804,0.20803895592689514,-1.0797934532165527,0.002836465835571289,0.8554655313491821
0,4355,0.5257399678230286,-0.3423570692539215,1.173508644104004,0.2357514500617981,0.20970195531845093,-1.08253014087677,0.0028351545333862305,0.8991813063621521
0,4356,0.5259396433830261,-0.34251493215560913,1.1734836101531982,0.23334209620952606,0.2113599181175232,-1.0852727890014648,0.00283658504486084,0.9392030239105225
0,4357,0.5261600017547607,-0.3426516056060791,1.1734615564346313,0.23094284534454346,0.21302242577075958,-1.0880252122879028,0.0028439760208129883,0.9711613059043884
0,4358,0.5264126658439636,-0.3427557945251465,1.1734442710876465,0.22856436669826508,0.21469849348068237,-1.090790033340454,0.002860546112060547,0.9901179075241089
0,4359,0.5267075300216675,-0.342818021774292,1.1734330654144287,0.22621484100818634,0.2163965106010437,-1.0935707092285156,0.002888917922973633,0.9915004372596741
0,4360,0.52704918384552,-0.34283366799354553,1.1734286546707153,0.223898246884346,0.21811991930007935,-1.0963672399520874,0.002930283546447754,0.9737771153450012
0,4361,0.5274351239204407,-0.3428049385547638,1.1734305620193481,0.22161146998405457,0.21986690163612366,-1.099179983139038,0.002983689308166504,0.9379521608352661
0,4362,0.5278562903404236,-0.342740535736084,1.1734373569488525,0.21934591233730316,0.22162982821464539,-1.1020065546035767,0.003046393394470215,0.8873521089553833
0,4363,0.5283001065254211,-0.34265270829200745,1.1734470129013062,0.2170896828174591,0.22339823842048645,-1.1048439741134644,0.003114938735961914,0.8275618553161621
0,4364,0.5287531614303589,-0.3425547778606415,1.1734575033187866,0.21483081579208374,0.2251613587141037,-1.1076881885528564,0.0031853914260864258,0.7641265988349915
0,4365,0.5292027592658997,-0.3424602448940277,1.1734673976898193,0.2125578373670578,0.2269090712070465,-1.1105345487594604,0.0032535791397094727,0.7027649283409119
0,4366,0.5296364426612854,-0.34238317608833313,1.1734752655029297,0.2102605700492859,0.2286306768655777,-1.1133780479431152,0.0033152103424072266,0.6480072140693665
0,4367,0.5300416350364685,-0.3423387110233307,1.1734800338745117,0.2079278826713562,0.2303166389465332,-1.116212248802185,0.0033655166625976562,0.6055492758750916
0,4368,0.5304061770439148,-0.3423416316509247,1.1734806299209595,0.20554988086223602,0.231957346200943,-1.1190305948257446,0.003400087356567383,0.5794596076011658
0,4369,0.5307216644287109,-0.3424023687839508,1.1734768152236938,0.2031201422214508,0.2335456758737564,-1.1218280792236328,0.003415226936340332,0.5730077028274536
0,4370,0.5309861898422241,-0.3425235152244568,1.1734682321548462,0.20063795149326324,0.23508086800575256,-1.124603271484375,0.0034106969833374023,0.5875080823898315
0,4371,0.5312054753303528,-0.3426983058452606,1.1734554767608643,0.19810886681079865,0.23656748235225677,-1.127359390258789,0.0033887624740600586,0.6192882061004639
0,4372,0.531390905380249,-0.34291279315948486,1.173439621925354,0.19554318487644196,0.23801468312740326,-1.1301013231277466,0.0033540725708007812,0.6664660573005676
0,4373,0.5315563678741455,-0.34315022826194763,1.1734219789505005,0.1929536759853363,0.2394333928823471,-1.1328365802764893,0.0033118724822998047,0.7222633957862854
0,4374,0.5317158699035645,-0.34339389204978943,1.1734036207199097,0.1903521865606308,0.24083495140075684,-1.1355713605880737,0.003267526626586914,0.7810953855514526
0,4375,0.5318830013275146,-0.3436281085014343,1.1733860969543457,0.1877504587173462,0.24222958087921143,-1.138311505317688,0.0032258033752441406,0.8374338746070862
0,4376,0.5320719480514526,-0.343837171792984,1.1733709573745728,0.1851605325937271,0.2436286062002182,-1.1410622596740723,0.003191232681274414,0.8847019076347351
0,4377,0.5322974324226379,-0.3440047800540924,1.1733598709106445,0.18259529769420624,0.2450435757637024,-1.143828272819519,0.003168463706970215,0.9164254069328308
0,4378,0.5325724482536316,-0.34411683678627014,1.1733543872833252,0.1800651252269745,0.24648453295230865,-1.1466137170791626,0.003161311149597168,0.9272512793540955
0,4379,0.532904326915741,-0.34416526556015015,1.1733553409576416,0.17757610976696014,0.24795642495155334,-1.1494206190109253,0.0031719207763671875,0.9138596057891846
0,4380,0.533291757106781,-0.3441513478755951,1.173362374305725,0.17512595653533936,0.24945901334285736,-1.1522495746612549,0.0031995773315429688,0.8764801025390625
0,4381,0.5337247848510742,-0.34408557415008545,1.1733741760253906,0.1727057844400406,0.25098371505737305,-1.1550970077514648,0.0032411813735961914,0.8201991319656372
0,4382,0.5341883897781372,-0.34398406744003296,1.173388957977295,0.17030178010463715,0.2525193989276886,-1.157959222793579,0.0032918453216552734,0.7506923675537109
0,4383,0.5346662402153015,-0.343864381313324,1.173404574394226,0.16790081560611725,0.25405213236808777,-1.1608296632766724,0.0033469200134277344,0.6760854721069336
0,4384,0.5351431965827942,-0.343742698431015,1.173418641090393,0.16549018025398254,0.2555711269378662,-1.1637033224105835,0.0034024715423583984,0.6026340126991272
0,4385,0.53560471534729,-0.3436342477798462,1.1734293699264526,0.16305890679359436,0.25706490874290466,-1.1665732860565186,0.00345456600189209,0.5355884432792664
0,4386,0.5360363125801086,-0.34355416893959045,1.1734346151351929,0.16059686243534088,0.25852176547050476,-1.1694320440292358,0.0034999847412109375,0.48213887214660645
0,4387,0.5364239811897278,-0.3435170650482178,1.1734322309494019,0.15809454023838043,0.25993141531944275,-1.172271728515625,0.003535628318786621,0.44587242603302
0,4388,0.5367569327354431,-0.3435342013835907,1.173420786857605,0.15554527938365936,0.26128536462783813,-1.1750859022140503,0.0035594701766967773,0.43069303035736084
0,4389,0.5370311737060547,-0.3436097800731659,1.1733994483947754,0.15294687449932098,0.26258161664009094,-1.1778724193572998,0.0035709142684936523,0.4374547600746155
0,4390,0.5372516512870789,-0.34373903274536133,1.1733695268630981,0.15030410885810852,0.2638230323791504,-1.1806325912475586,0.0035709142684936523,0.4647810161113739
0,4391,0.5374303460121155,-0.3439098298549652,1.1733328104019165,0.14762593805789948,0.2650197446346283,-1.183373212814331,0.0035622119903564453,0.5097569227218628
0,4392,0.5375829339027405,-0.3441064655780792,1.173291802406311,0.14492331445217133,0.2661839425563812,-1.1861023902893066,0.003548145294189453,0.5668275952339172
0,4393,0.5377251505851746,-0.3443134129047394,1.173249363899231,0.14220790565013885,0.2673271596431732,-1.188828468322754,0.0035315752029418945,0.6290069222450256
0,4394,0.5378717184066772,-0.34451690316200256,1.173208475112915,0.13948962092399597,0.26846152544021606,-1.1915582418441772,0.003514528274536133,0.690405011177063
0,4395,0.5380373001098633,-0.34470441937446594,1.1731719970703125,0.13677874207496643,0.2695976793766022,-1.194298505783081,0.0034987926483154297,0.7451984286308289
0,4396,0.5382364392280579,-0.34486404061317444,1.1731433868408203,0.13408520817756653,0.2707475423812866,-1.1970562934875488,0.0034852027893066406,0.7860897183418274
0,4397,0.5384822487831116,-0.3449851870536804,1.1731257438659668,0.13141775131225586,0.2719211280345917,-1.1998361349105835,0.0034743547439575195,0.8074557781219482
0,4398,0.5387831330299377,-0.34506115317344666,1.1731208562850952,0.12878143787384033,0.27312523126602173,-1.2026418447494507,0.0034667253494262695,0.8064858317375183
0,4399,0.5391393303871155,-0.3450915217399597,1.1731287240982056,0.12617579102516174,0.27435970306396484,-1.2054740190505981,0.003462076187133789,0.7818465828895569
0,4400,0.5395428538322449,-0.34508243203163147,1.173147201538086,0.12359507381916046,0.2756179869174957,-1.2083295583724976,0.003459930419921875,0.7375442385673523
0,4401,0.5399799346923828,-0.34504443407058716,1.173172950744629,0.12102904915809631,0.2768888473510742,-1.211202621459961,0.0034595727920532227,0.6792616844177246
0,4402,0.5404351353645325,-0.34498971700668335,1.1732021570205688,0.11846722662448883,0.2781604826450348,-1.2140872478485107,0.0034601688385009766,0.6145304441452026
0,4403,0.5408943295478821,-0.34492969512939453,1.1732314825057983,0.11589960008859634,0.2794211804866791,-1.2169759273529053,0.0034608840942382812,0.5475120544433594
0,4404,0.5413450598716736,-0.344874769449234,1.1732584238052368,0.11331876367330551,0.2806600034236908,-1.2198609113693237,0.0034606456756591797,0.4865826964378357
0,4405,0.541775643825531,-0.3448350429534912,1.1732804775238037,0.11071699857711792,0.2818675935268402,-1.2227343320846558,0.003458738327026367,0.4338616132736206
0,4406,0.5421749353408813,-0.34482041001319885,1.1732956171035767,0.10808780789375305,0.2830342650413513,-1.2255874872207642,0.0034540891647338867,0.3946572244167328
0,4407,0.5425341129302979,-0.344838947057724,1.1733022928237915,0.10542642325162888,0.28415265679359436,-1.2284126281738281,0.003445744514465332,0.3706226646900177
0,4408,0.5428491234779358,-0.3448944687843323,1.1732999086380005,0.10273084789514542,0.2852189540863037,-1.2312054634094238,0.0034334659576416016,0.364768922328949
0,4409,0.5431222915649414,-0.34498515725135803,1.1732890605926514,0.10000317543745041,0.28623637557029724,-1.2339684963226318,0.003417491912841797,0.37325307726860046
0,4410,0.5433617830276489,-0.34510400891304016,1.1732712984085083,0.0972491130232811,0.28721147775650024,-1.2367068529129028,0.0033987760543823242,0.3966354727745056
0,4411,0.5435790419578552,-0.3452410399913788,1.1732491254806519,0.09447650611400604,0.28815382719039917,-1.2394294738769531,0.00337827205657959,0.4279584586620331
0,4412,0.5437855124473572,-0.3453863263130188,1.1732245683670044,0.09169258177280426,0.2890740633010864,-1.2421462535858154,0.0033570528030395508,0.4656222462654114
0,4413,0.5439913868904114,-0.3455313444137573,1.1731997728347778,0.08890405297279358,0.28998151421546936,-1.2448647022247314,0.0033358335494995117,0.5028000473976135
0,4414,0.544205904006958,-0.3456687331199646,1.1731764078140259,0.08611740916967392,0.2908850312232971,-1.247592806816101,0.0033153295516967773,0.5377761125564575
0,4415,0.5444375872612,-0.3457920551300049,1.173156499862671,0.08333849161863327,0.29179275035858154,-1.2503368854522705,0.003295421600341797,0.5650989413261414
0,4416,0.5446939468383789,-0.3458957374095917,1.1731414794921875,0.08057250827550888,0.2927129566669464,-1.2531027793884277,0.003276348114013672,0.5824908018112183
0,4417,0.5449803471565247,-0.34597575664520264,1.1731326580047607,0.077823206782341,0.29365110397338867,-1.2558953762054443,0.0032578706741333008,0.5871749520301819
0,4418,0.5452978610992432,-0.34603121876716614,1.1731300354003906,0.07509113103151321,0.2946080267429352,-1.2587153911590576,0.003240227699279785,0.5784456729888916
0,4419,0.5456428527832031,-0.3460646867752075,1.1731327772140503,0.07237330824136734,0.29557982087135315,-1.261560320854187,0.0032231807708740234,0.5577800273895264
0,4420,0.5460081696510315,-0.3460811376571655,1.1731390953063965,0.06966396421194077,0.2965591847896576,-1.2644245624542236,0.0032067298889160156,0.5286014080047607
0,4421,0.5463854670524597,-0.346086710691452,1.173147201538086,0.06695707142353058,0.2975371479988098,-1.267301082611084,0.0031908750534057617,0.49456003308296204
0,4422,0.5467668771743774,-0.346087247133255,1.1731555461883545,0.06424731761217117,0.29850491881370544,-1.2701830863952637,0.0031752586364746094,0.4588491916656494
0,4423,0.547146201133728,-0.3460879325866699,1.1731629371643066,0.06153013929724693,0.2994556725025177,-1.2730624675750732,0.0031595230102539062,0.42382344603538513
0,4424,0.5475179553031921,-0.3460935652256012,1.1731687784194946,0.05880235508084297,0.3003830015659332,-1.2759325504302979,0.0031429529190063477,0.3936643600463867
0,4425,0.547877311706543,-0.346109002828598,1.1731724739074707,0.05606074258685112,0.30128031969070435,-1.2787845134735107,0.003124713897705078,0.3679734468460083
0,4426,0.5482204556465149,-0.3461381793022156,1.1731740236282349,0.05330367013812065,0.30214259028434753,-1.2816115617752075,0.0031038522720336914,0.3494263291358948
0,4427,0.548545241355896,-0.3461833894252777,1.1731730699539185,0.05053013190627098,0.30296722054481506,-1.2844088077545166,0.003080129623413086,0.33919697999954224
0,4428,0.5488521456718445,-0.34624430537223816,1.1731698513031006,0.0477408841252327,0.3037550151348114,-1.287177562713623,0.003053426742553711,0.33571791648864746
0,4429,0.5491442084312439,-0.34631797671318054,1.1731646060943604,0.044938188046216965,0.3045100271701813,-1.289921760559082,0.0030246973037719727,0.3403487205505371
0,4430,0.5494257807731628,-0.34640011191368103,1.173157811164856,0.04212522506713867,0.3052380681037903,-1.2926499843597412,0.002994537353515625,0.3483045697212219
0,4431,0.5497013926506042,-0.3464862108230591,1.173149824142456,0.03930483013391495,0.3059455156326294,-1.2953705787658691,0.002964019775390625,0.35936465859413147
0,4432,0.5499748587608337,-0.3465726971626282,1.1731408834457397,0.03647983446717262,0.30663827061653137,-1.2980904579162598,0.0029337406158447266,0.3706226646900177
0,4433,0.5502492785453796,-0.3466570973396301,1.1731311082839966,0.03365190327167511,0.3073215186595917,-1.3008160591125488,0.0029044151306152344,0.3815486431121826
0,4434,0.5505272150039673,-0.34673771262168884,1.1731208562850952,0.03082355484366417,0.3080001473426819,-1.303553819656372,0.0028761625289916992,0.3916711211204529
0,4435,0.5508108735084534,-0.3468133807182312,1.1731101274490356,0.027996286749839783,0.30867910385131836,-1.3063080310821533,0.002849102020263672,0.39762091636657715
0,4436,0.551101803779602,-0.3468831181526184,1.1730990409851074,0.025171298533678055,0.30936169624328613,-1.3090828657150269,0.0028232336044311523,0.4015384614467621
0,4437,0.5514005422592163,-0.34694671630859375,1.1730877161026,0.022349052131175995,0.3100493550300598,-1.3118798732757568,0.0027986764907836914,0.4015384614467621
0,4438,0.5517063140869141,-0.34700459241867065,1.1730760335922241,0.019528808072209358,0.310740202665329,-1.3146971464157104,0.0027751922607421875,0.39762091636657715
0,4439,0.552017331123352,-0.347057580947876,1.1730637550354004,0.0167089756578207,0.311430424451828,-1.317530632019043,0.0027529001235961914,0.3916711211204529
0,4440,0.5523314476013184,-0.34710681438446045,1.1730507612228394,0.013887723907828331,0.3121151030063629,-1.3203743696212769,0.0027315616607666016,0.3835945427417755
0,4441,0.5526468753814697,-0.3471534848213196,1.173037052154541,0.011063817888498306,0.3127891421318054,-1.3232228755950928,0.002711057662963867,0.376385360956192
0,4442,0.5529624223709106,-0.3471984565258026,1.173022985458374,0.008236994966864586,0.31344833970069885,-1.3260700702667236,0.0026907920837402344,0.36690837144851685
0,4443,0.5532779097557068,-0.3472423851490021,1.1730090379714966,0.005407968536019325,0.31409013271331787,-1.3289103507995605,0.0026699304580688477,0.35936465859413147
0,4444,0.5535934567451477,-0.34728601574897766,1.172995924949646,0.0025779004208743572,0.31471186876296997,-1.3317381143569946,0.0026476383209228516,0.35221508145332336
0,4445,0.5539095997810364,-0.3473297655582428,1.1729843616485596,-0.00025175398332066834,0.31531158089637756,-1.334547996520996,0.00262296199798584,0.3437809348106384
0,4446,0.5542266368865967,-0.3473738729953766,1.172974944114685,-0.0030795158818364143,0.3158881366252899,-1.3373360633850098,0.0025953054428100586,0.33571791648864746
0,4447,0.5545448064804077,-0.3474183976650238,1.172967791557312,-0.005904985126107931,0.31644168496131897,-1.3401026725769043,0.0025644302368164062,0.3286493718624115
0,4448,0.5548636317253113,-0.34746304154396057,1.1729623079299927,-0.008728673681616783,0.3169735372066498,-1.3428500890731812,0.0025310516357421875,0.3208160400390625
0,4449,0.5551825761795044,-0.3475073575973511,1.1729577779769897,-0.01155213825404644,0.31748586893081665,-1.3455841541290283,0.0024961233139038086,0.31278666853904724
0,4450,0.555500864982605,-0.3475511074066162,1.1729532480239868,-0.014376926235854626,0.31798064708709717,-1.3483102321624756,0.0024605989456176758,0.30646705627441406
0,4451,0.5558178424835205,-0.34759441018104553,1.172947645187378,-0.017204679548740387,0.31846070289611816,-1.3510339260101318,0.0024257898330688477,0.30066588521003723
0,4452,0.5561323165893555,-0.3476381003856659,1.1729403734207153,-0.02003653347492218,0.3189274072647095,-1.3537591695785522,0.0023919343948364258,0.29475054144859314
0,4453,0.5564432144165039,-0.3476836085319519,1.1729305982589722,-0.022873926907777786,0.3193828761577606,-1.3564897775650024,0.002359747886657715,0.29074013233184814
0,4454,0.5567490458488464,-0.34773293137550354,1.1729176044464111,-0.02571864239871502,0.3198290467262268,-1.359228491783142,0.002329230308532715,0.28871405124664307
0,4455,0.5570486187934875,-0.3477878272533417,1.172900676727295,-0.02857149951159954,0.32026711106300354,-1.3619780540466309,0.002300739288330078,0.2893909811973572
0,4456,0.5573413968086243,-0.34784919023513794,1.1728798151016235,-0.0314326137304306,0.3206976056098938,-1.364739179611206,0.002274155616760254,0.29208308458328247
0,4457,0.5576276183128357,-0.34791669249534607,1.1728549003601074,-0.034302130341529846,0.32112041115760803,-1.367511510848999,0.0022497177124023438,0.2980513572692871
0,4458,0.557908296585083,-0.3479888439178467,1.1728265285491943,-0.0371786467730999,0.3215343654155731,-1.37029230594635,0.0022270679473876953,0.30582791566848755
0,4459,0.5581849217414856,-0.348063588142395,1.1727955341339111,-0.04005946218967438,0.3219374418258667,-1.3730777502059937,0.0022062063217163086,0.3152790069580078
0,4460,0.5584592223167419,-0.3481387794017792,1.1727628707885742,-0.04294051602482796,0.3223278820514679,-1.3758623600006104,0.0021865367889404297,0.32625913619995117
0,4461,0.5587331056594849,-0.3482125401496887,1.1727300882339478,-0.04581393301486969,0.32270461320877075,-1.3786382675170898,0.0021668672561645508,0.3368815779685974
0,4462,0.5590085387229919,-0.34828317165374756,1.1726984977722168,-0.048668671399354935,0.3230659067630768,-1.381394863128662,0.0021463632583618164,0.3454842269420624
0,4463,0.5592876672744751,-0.34834933280944824,1.1726701259613037,-0.051489271223545074,0.32341212034225464,-1.3841180801391602,0.002123117446899414,0.35277020931243896
0,4464,0.5595728158950806,-0.3484097719192505,1.1726467609405518,-0.05425867810845375,0.32374241948127747,-1.386793613433838,0.002095460891723633,0.3549819588661194
0,4465,0.5598655939102173,-0.34846365451812744,1.1726300716400146,-0.05696426331996918,0.32405710220336914,-1.3894098997116089,0.0020618438720703125,0.35277020931243896
0,4466,0.5601665377616882,-0.34851065278053284,1.1726205348968506,-0.0596017949283123,0.3243568539619446,-1.3919637203216553,0.0020216703414916992,0.34321126341819763
0,4467,0.5604747533798218,-0.34855130314826965,1.1726171970367432,-0.06217779591679573,0.32464292645454407,-1.3944613933563232,0.0019758939743041992,0.32983797788619995
0,4468,0.5607882738113403,-0.34858670830726624,1.1726183891296387,-0.06470664590597153,0.3249162435531616,-1.3969151973724365,0.0019259452819824219,0.3121604323387146
0,4469,0.5611046552658081,-0.34861817955970764,1.1726219654083252,-0.06720655411481857,0.3251773416996002,-1.399341344833374,0.0018738508224487305,0.29341983795166016
0,4470,0.5614215731620789,-0.3486471176147461,1.1726258993148804,-0.06969331949949265,0.32542702555656433,-1.4017536640167236,0.0018213987350463867,0.2719624638557434
0,4471,0.5617372989654541,-0.3486747443675995,1.1726288795471191,-0.07217913866043091,0.32566529512405396,-1.4041627645492554,0.0017697811126708984,0.2525642216205597
0,4472,0.5620500445365906,-0.348702609539032,1.172629475593567,-0.07467295229434967,0.3258924186229706,-1.4065754413604736,0.0017200708389282227,0.23490244150161743
0,4473,0.5623578429222107,-0.34873270988464355,1.1726263761520386,-0.0771830603480339,0.3261084258556366,-1.4089984893798828,0.0016733407974243164,0.2185032218694687
0,4474,0.562658429145813,-0.34876778721809387,1.1726182699203491,-0.0797184556722641,0.3263123631477356,-1.4114387035369873,0.0016304254531860352,0.20747904479503632
0,4475,0.5629492402076721,-0.3488106429576874,1.172603726387024,-0.08228863775730133,0.3265037536621094,-1.413902759552002,0.0015920400619506836,0.20076893270015717
0,4476,0.5632285475730896,-0.3488633930683136,1.1725815534591675,-0.08490008115768433,0.32668256759643555,-1.4163949489593506,0.0015590190887451172,0.19979193806648254
0,4477,0.5634958148002625,-0.3489266335964203,1.1725515127182007,-0.08755425363779068,0.32684797048568726,-1.4189170598983765,0.0015317201614379883,0.20558421313762665
0,4478,0.5637521743774414,-0.34899911284446716,1.1725144386291504,-0.09024690836668015,0.3269999623298645,-1.421465277671814,0.0015094280242919922,0.217605859041214
0,4479,0.5639999508857727,-0.3490782380104065,1.172471523284912,-0.09296872466802597,0.32713860273361206,-1.4240326881408691,0.001491546630859375,0.23323051631450653
0,4480,0.5642420649528503,-0.349160760641098,1.1724246740341187,-0.09570756554603577,0.32726433873176575,-1.4266103506088257,0.0014770030975341797,0.2533377707004547
0,4481,0.564481258392334,-0.3492438793182373,1.1723757982254028,-0.0984516590833664,0.32737740874290466,-1.4291894435882568,0.001464247703552246,0.2748253047466278
0,4482,0.5647199749946594,-0.3493253290653229,1.1723264455795288,-0.10118798911571503,0.3274787962436676,-1.431760311126709,0.0014522075653076172,0.29541367292404175
0,4483,0.564960777759552,-0.34940314292907715,1.1722784042358398,-0.10390077531337738,0.32756999135017395,-1.4343119859695435,0.001439213752746582,0.3152790069580078
0,4484,0.5652065277099609,-0.3494754731655121,1.172234058380127,-0.10657098144292831,0.3276529610157013,-1.4368301630020142,0.0014232397079467773,0.32983797788619995
0,4485,0.565460205078125,-0.3495406210422516,1.172195315361023,-0.10917729139328003,0.3277300298213959,-1.43929922580719,0.0014022588729858398,0.3403487205505371
0,4486,0.5657241940498352,-0.34959715604782104,1.1721644401550293,-0.11170253902673721,0.32780376076698303,-1.4417071342468262,0.0013741254806518555,0.34321126341819763
0,4487,0.565999448299408,-0.3496445119380951,1.1721419095993042,-0.11413939297199249,0.3278755843639374,-1.44404935836792,0.0013384819030761719,0.3380412459373474
0,4488,0.5662850141525269,-0.34968331456184387,1.172127366065979,-0.11649428308010101,0.3279455304145813,-1.4463298320770264,0.001295328140258789,0.3256588280200958
0,4489,0.5665785670280457,-0.3497149646282196,1.1721186637878418,-0.118784599006176,0.3280123472213745,-1.4485620260238647,0.001246809959411621,0.3077413737773895
0,4490,0.5668767690658569,-0.3497413396835327,1.172113299369812,-0.12103290855884552,0.32807448506355286,-1.4507620334625244,0.0011953115463256836,0.28599026799201965
0,4491,0.5671768188476562,-0.3497641980648041,1.1721092462539673,-0.12325921654701233,0.3281297981739044,-1.452944278717041,0.001142740249633789,0.26244261860847473
0,4492,0.5674765110015869,-0.349784791469574,1.1721044778823853,-0.12547855079174042,0.3281770646572113,-1.4551197290420532,0.00109100341796875,0.23821108043193817
0,4493,0.5677744150161743,-0.34980419278144836,1.1720980405807495,-0.12769988179206848,0.32821545004844666,-1.4572949409484863,0.0010410547256469727,0.21670480072498322
0,4494,0.568069338798523,-0.34982356429100037,1.1720892190933228,-0.12992975115776062,0.3282434642314911,-1.459473967552185,0.0009933710098266602,0.19583526253700256
0,4495,0.5683597326278687,-0.3498445749282837,1.1720768213272095,-0.13217563927173615,0.3282598555088043,-1.4616618156433105,0.0009489059448242188,0.17693869769573212
0,4496,0.5686432123184204,-0.3498697578907013,1.1720596551895142,-0.13444723188877106,0.3282625675201416,-1.4638643264770508,0.0009084939956665039,0.16192547976970673
0,4497,0.5689172148704529,-0.3499022126197815,1.172036051750183,-0.13675624132156372,0.32824841141700745,-1.4660890102386475,0.0008732080459594727,0.1532333940267563
0,4498,0.5691792368888855,-0.3499445617198944,1.1720046997070312,-0.13911323249340057,0.3282155394554138,-1.468342661857605,0.0008442401885986328,0.15195107460021973
0,4499,0.5694282650947571,-0.3499981164932251,1.1719645261764526,-0.1415233165025711,0.32816243171691895,-1.4706281423568726,0.0008221864700317383,0.15825876593589783
0,4500,0.5696647763252258,-0.3500623106956482,1.171916127204895,-0.1439836323261261,0.3280889689922333,-1.4729434251785278,0.0008069276809692383,0.17132015526294708
0,4501,0.5698908567428589,-0.35013478994369507,1.1718608140945435,-0.14648441970348358,0.3279971480369568,-1.475282073020935,0.000797271728515625,0.18871158361434937
0,4502,0.5701096057891846,-0.35021230578422546,1.1718003749847412,-0.1490117907524109,0.3278893232345581,-1.477635383605957,0.0007921457290649414,0.2112177014350891
0,4503,0.5703238248825073,-0.3502916693687439,1.1717365980148315,-0.15155275166034698,0.3277680575847626,-1.4799953699111938,0.0007903575897216797,0.2365625500679016
0,4504,0.5705358982086182,-0.35037052631378174,1.1716710329055786,-0.15409617125988007,0.32763543725013733,-1.4823544025421143,0.0007904767990112305,0.2631871700286865
0,4505,0.5707478523254395,-0.3504471182823181,1.1716046333312988,-0.15663184225559235,0.32749369740486145,-1.484706997871399,0.0007920265197753906,0.28803551197052
0,4506,0.5709618926048279,-0.3505197763442993,1.1715387105941772,-0.15914805233478546,0.32734525203704834,-1.4870457649230957,0.00079345703125,0.3121604323387146
0,4507,0.5711807012557983,-0.35058674216270447,1.171474575996399,-0.1616300344467163,0.3271925747394562,-1.4893622398376465,0.0007938146591186523,0.333378404378891
0,4508,0.5714072585105896,-0.35064607858657837,1.1714134216308594,-0.1640610247850418,0.3270398676395416,-1.4916471242904663,0.0007919073104858398,0.3494263291358948
0,4509,0.5716443061828613,-0.3506961464881897,1.1713566780090332,-0.16642576456069946,0.3268902897834778,-1.493891716003418,0.0007860660552978516,0.35827401280403137
0,4510,0.5718931555747986,-0.350736141204834,1.1713049411773682,-0.1687169224023819,0.326745867729187,-1.4960914850234985,0.0007758140563964844,0.35936465859413147
0,4511,0.5721531510353088,-0.3507663905620575,1.1712580919265747,-0.17093850672245026,0.32660624384880066,-1.4982495307922363,0.0007611513137817383,0.35387781262397766
0,4512,0.5724219083786011,-0.35078853368759155,1.1712146997451782,-0.17310334742069244,0.3264694809913635,-1.5003732442855835,0.0007435083389282227,0.3426406979560852
0,4513,0.5726960897445679,-0.3508045971393585,1.1711734533309937,-0.17522969841957092,0.3263317346572876,-1.5024731159210205,0.0007240772247314453,0.32805344462394714
0,4514,0.5729725956916809,-0.35081666707992554,1.1711325645446777,-0.17733553051948547,0.32619017362594604,-1.5045593976974487,0.0007045269012451172,0.31153300404548645
0,4515,0.5732489824295044,-0.3508261740207672,1.1710909605026245,-0.17943264544010162,0.3260422646999359,-1.506639003753662,0.0006860494613647461,0.29475054144859314
0,4516,0.573523998260498,-0.3508341312408447,1.1710479259490967,-0.18152883648872375,0.3258868157863617,-1.5087162256240845,0.0006692409515380859,0.2797648012638092
0,4517,0.5737967491149902,-0.3508414626121521,1.171002984046936,-0.1836271733045578,0.3257220983505249,-1.5107916593551636,0.0006545782089233398,0.26614439487457275
0,4518,0.5740665793418884,-0.3508494794368744,1.1709555387496948,-0.1857294738292694,0.3255472481250763,-1.5128651857376099,0.0006422996520996094,0.2525642216205597
0,4519,0.5743322372436523,-0.35086023807525635,1.1709051132202148,-0.18783791363239288,0.3253602683544159,-1.5149356126785278,0.0006325244903564453,0.24228335916996002
0,4520,0.5745923519134521,-0.35087668895721436,1.1708508729934692,-0.1899547278881073,0.3251585364341736,-1.5170012712478638,0.0006253719329833984,0.23490244150161743
0,4521,0.5748451948165894,-0.35090211033821106,1.1707916259765625,-0.19208307564258575,0.32493916153907776,-1.5190595388412476,0.0006214380264282227,0.229850172996521
0,4522,0.5750893950462341,-0.35093891620635986,1.1707267761230469,-0.1942252218723297,0.32469987869262695,-1.521109700202942,0.0006208419799804688,0.22899729013442993
0,4523,0.5753247737884521,-0.35098782181739807,1.1706559658050537,-0.1963815838098526,0.32444024085998535,-1.5231503248214722,0.0006239414215087891,0.2315465211868286
0,4524,0.5755518674850464,-0.351047545671463,1.1705796718597412,-0.19855032861232758,0.3241611123085022,-1.5251824855804443,0.0006303787231445312,0.2398483008146286
0,4525,0.5757723450660706,-0.35111528635025024,1.1704989671707153,-0.20072834193706512,0.32386529445648193,-1.5272070169448853,0.000639796257019043,0.2486603558063507
0,4526,0.5759880542755127,-0.35118746757507324,1.170414686203003,-0.20291182398796082,0.32355615496635437,-1.5292258262634277,0.0006520748138427734,0.2616959810256958
0,4527,0.5762006044387817,-0.3512611389160156,1.1703280210494995,-0.20509737730026245,0.32323625683784485,-1.531240463256836,0.0006666183471679688,0.2748253047466278
0,4528,0.5764111280441284,-0.35133427381515503,1.1702395677566528,-0.20728269219398499,0.322907418012619,-1.5332520008087158,0.0006833076477050781,0.28803551197052
0,4529,0.57662034034729,-0.3514058291912079,1.1701496839523315,-0.20946624875068665,0.32257115840911865,-1.5352604389190674,0.000701904296875,0.30390241742134094
0,4530,0.5768288969993591,-0.35147520899772644,1.170058250427246,-0.2116462141275406,0.32222798466682434,-1.5372663736343384,0.0007226467132568359,0.3189810514450073
0,4531,0.5770375728607178,-0.35154202580451965,1.1699649095535278,-0.21381980180740356,0.32187947630882263,-1.539269208908081,0.0007457733154296875,0.3339647948741913
0,4532,0.5772477388381958,-0.35160595178604126,1.1698695421218872,-0.21598303318023682,0.32152754068374634,-1.5412688255310059,0.0007712841033935547,0.34886589646339417
0,4533,0.5774610042572021,-0.3516664206981659,1.1697711944580078,-0.2181306630373001,0.321174681186676,-1.5432649850845337,0.0007997751235961914,0.36153605580329895
0,4534,0.5776790976524353,-0.3517228364944458,1.169669508934021,-0.220256969332695,0.32082346081733704,-1.5452570915222168,0.0008314847946166992,0.37167707085609436
0,4535,0.5779032707214355,-0.35177478194236755,1.1695640087127686,-0.22235862910747528,0.32047581672668457,-1.547244668006897,0.0008667707443237305,0.3784591257572174
0,4536,0.5781334042549133,-0.35182228684425354,1.169454574584961,-0.22443510591983795,0.3201316297054291,-1.549228310585022,0.0009056329727172852,0.3820611536502838
0,4537,0.5783685445785522,-0.3518657386302948,1.1693416833877563,-0.22649042308330536,0.31978994607925415,-1.5512080192565918,0.0009477138519287109,0.3825729489326477
0,4538,0.5786067843437195,-0.35190585255622864,1.1692256927490234,-0.2285299301147461,0.3194478154182434,-1.5531843900680542,0.0009927749633789062,0.3815486431121826
0,4539,0.578846275806427,-0.3519432842731476,1.1691073179244995,-0.23055921494960785,0.31910237669944763,-1.5551577806472778,0.0010404586791992188,0.3800070285797119
0,4540,0.5790853500366211,-0.3519785702228546,1.1689871549606323,-0.23258282244205475,0.31875181198120117,-1.5571285486221313,0.001090407371520996,0.3784591257572174
0,4541,0.5793225169181824,-0.3520120680332184,1.16886568069458,-0.23460058867931366,0.31839466094970703,-1.5590976476669312,0.001142263412475586,0.3774236738681793
0,4542,0.5795559287071228,-0.3520439863204956,1.16874361038208,-0.2366054356098175,0.3180300295352936,-1.5610672235488892,0.0011957883834838867,0.376385360956192
0,4543,0.5797816514968872,-0.35207459330558777,1.168622612953186,-0.23857563734054565,0.31765830516815186,-1.563043236732483,0.0012502670288085938,0.3774236738681793
0,4544,0.5799916982650757,-0.3521043360233307,1.1685062646865845,-0.2404654324054718,0.31727948784828186,-1.5650373697280884,0.001304030418395996,0.3774236738681793
0,4545,0.5801730751991272,-0.3521341383457184,1.1684012413024902,-0.24219729006290436,0.31689414381980896,-1.5670698881149292,0.0013533830642700195,0.3789758086204529
0,4546,0.5803179144859314,-0.3521730899810791,1.1682921648025513,-0.24368734657764435,0.3165217339992523,-1.5691733360290527,0.0014129877090454102,0.377941757440567
0,4547,0.5804135203361511,-0.3522287905216217,1.1681485176086426,-0.24487820267677307,0.3162081241607666,-1.5713942050933838,0.0015139579772949219,0.3753441572189331
0,4548,0.5804535746574402,-0.35230860114097595,1.1679490804672241,-0.24572432041168213,0.31598415970802307,-1.5737639665603638,0.0016771554946899414,0.37009432911872864
0,4549,0.5804367661476135,-0.352414071559906,1.1676889657974243,-0.24621626734733582,0.3158579170703888,-1.5762901306152344,0.0019071102142333984,0.36369451880455017
0,4550,0.5803673267364502,-0.35254013538360596,1.167383074760437,-0.2463853359222412,0.31581199169158936,-1.5789519548416138,0.0021895170211791992,0.3560826778411865
0,4551,0.5802534818649292,-0.3526771068572998,1.167060375213623,-0.2462923377752304,0.31580987572669983,-1.581708550453186,0.002496480941772461,0.3516591191291809
0,4552,0.5801048874855042,-0.35281431674957275,1.1667535305023193,-0.24600505828857422,0.3158104121685028,-1.5845143795013428,0.002796173095703125,0.3494263291358948
0,4553,0.579929769039154,-0.35294309258461,1.1664899587631226,-0.24558022618293762,0.31577834486961365,-1.5873311758041382,0.0030618906021118164,0.3505445122718811
0,4554,0.5797337889671326,-0.35305801033973694,1.1662875413894653,-0.24505391716957092,0.3156907260417938,-1.5901331901550293,0.0032759904861450195,0.35387781262397766
0,4555,0.5795199275016785,-0.3531566560268402,1.1661550998687744,-0.24444326758384705,0.3155355453491211,-1.5929094552993774,0.0034296512603759766,0.35827401280403137
0,4556,0.5792896151542664,-0.353238582611084,1.16609525680542,-0.2437540590763092,0.31530776619911194,-1.5956555604934692,0.003519892692565918,0.3626168966293335
0,4557,0.5790436863899231,-0.353304386138916,1.1661077737808228,-0.24298512935638428,0.3150050938129425,-1.5983728170394897,0.003546595573425293,0.36584022641181946
0,4558,0.5787826776504517,-0.3533550798892975,1.1661913394927979,-0.24213352799415588,0.31462597846984863,-1.601063847541809,0.0035104751586914062,0.3679734468460083
0,4559,0.5785070657730103,-0.3533917963504791,1.1663442850112915,-0.24119658768177032,0.3141685426235199,-1.6037304401397705,0.003412604331970215,0.3679734468460083
0,4560,0.5782170295715332,-0.3534151315689087,1.1665656566619873,-0.24017202854156494,0.3136320412158966,-1.6063753366470337,0.0032536983489990234,0.36369451880455017
0,4561,0.5779123902320862,-0.3534250855445862,1.1668550968170166,-0.2390582263469696,0.31301766633987427,-1.6089982986450195,0.0030339956283569336,0.35718002915382385
0,4562,0.5775925517082214,-0.3534209728240967,1.167212963104248,-0.23785430192947388,0.31232815980911255,-1.6115989685058594,0.0027534961700439453,0.3483045697212219
0,4563,0.5772565007209778,-0.35340189933776855,1.1676398515701294,-0.2365601360797882,0.3115675151348114,-1.6141760349273682,0.002411961555480957,0.3368815779685974
0,4564,0.576903223991394,-0.35336676239967346,1.1681365966796875,-0.23517580330371857,0.3107393980026245,-1.616727590560913,0.002009153366088867,0.3256588280200958
0,4565,0.5765369534492493,-0.35331982374191284,1.1686714887619019,-0.23374499380588531,0.3098812699317932,-1.6192675828933716,0.0015740394592285156,0.3140352964401245
0,4566,0.576208233833313,-0.35330525040626526,1.1690616607666016,-0.23247593641281128,0.3091576397418976,-1.621856451034546,0.001263737678527832,0.3051874339580536
0,4567,0.5758992433547974,-0.3533088266849518,1.1693512201309204,-0.2313298135995865,0.3085373342037201,-1.6244851350784302,0.0010429620742797852,0.29870712757110596
0,4568,0.5756046175956726,-0.3533255159854889,1.1695698499679565,-0.23026752471923828,0.30798834562301636,-1.627142071723938,0.0008848905563354492,0.29341983795166016
0,4569,0.5753201246261597,-0.3533519506454468,1.1697386503219604,-0.2292608767747879,0.3074876666069031,-1.629822015762329,0.00077056884765625,0.28803551197052
0,4570,0.575043261051178,-0.353385865688324,1.1698720455169678,-0.22829006612300873,0.30701878666877747,-1.632521152496338,0.0006871223449707031,0.2853052616119385
0,4571,0.5747721195220947,-0.3534259498119354,1.1699799299240112,-0.22734121978282928,0.3065701425075531,-1.6352384090423584,0.0006252527236938477,0.2811601459980011
0,4572,0.5745052695274353,-0.35347098112106323,1.1700694561004639,-0.226405069231987,0.3061341643333435,-1.6379709243774414,0.000578761100769043,0.2769530415534973
0,4573,0.5742414593696594,-0.3535196781158447,1.1701453924179077,-0.2254759818315506,0.305706650018692,-1.6407166719436646,0.0005434751510620117,0.27268099784851074
0,4574,0.5739795565605164,-0.35357072949409485,1.170211672782898,-0.22455063462257385,0.3052857220172882,-1.6434720754623413,0.0005162954330444336,0.266878604888916
0,4575,0.5737184882164001,-0.35362282395362854,1.1702706813812256,-0.22362808883190155,0.30487164855003357,-1.646234154701233,0.0004953145980834961,0.2616959810256958
0,4576,0.5734573602676392,-0.3536749482154846,1.1703245639801025,-0.22270770370960236,0.3044643998146057,-1.6489993333816528,0.00047898292541503906,0.2571706473827362
0,4577,0.57319575548172,-0.3537263572216034,1.1703742742538452,-0.22178903222084045,0.30406418442726135,-1.6517664194107056,0.0004668235778808594,0.25178828835487366
0,4578,0.5729332566261292,-0.3537767231464386,1.1704206466674805,-0.22087164223194122,0.30367058515548706,-1.6545342206954956,0.0004578828811645508,0.2486603558063507
0,4579,0.5726698040962219,-0.35382604598999023,1.1704641580581665,-0.2199554741382599,0.30328336358070374,-1.6573023796081543,0.0004519224166870117,0.24469420313835144
0,4580,0.5724055767059326,-0.353874534368515,1.1705045700073242,-0.21903938055038452,0.302901953458786,-1.660071611404419,0.00044906139373779297,0.24147441983222961
0,4581,0.5721407532691956,-0.353922575712204,1.1705416440963745,-0.21812327206134796,0.30252569913864136,-1.662842869758606,0.00044929981231689453,0.2398483008146286
0,4582,0.5718754529953003,-0.35397055745124817,1.1705752611160278,-0.21720680594444275,0.30215397477149963,-1.6656171083450317,0.0004526376724243164,0.2373882532119751
0,4583,0.5716098546981812,-0.3540186285972595,1.170605182647705,-0.21628934144973755,0.3017866015434265,-1.668393850326538,0.0004591941833496094,0.23573395609855652
0,4584,0.5713438987731934,-0.35406678915023804,1.1706315279006958,-0.2153710275888443,0.3014235496520996,-1.671174168586731,0.00046885013580322266,0.23239001631736755
0,4585,0.5710774064064026,-0.35411474108695984,1.1706547737121582,-0.21445202827453613,0.301065057516098,-1.6739567518234253,0.0004813671112060547,0.22899729013442993
0,4586,0.5708101391792297,-0.3541620075702667,1.17067551612854,-0.21353203058242798,0.30071085691452026,-1.6767408847808838,0.0004961490631103516,0.22728192806243896
0,4587,0.5705417394638062,-0.3542082607746124,1.1706942319869995,-0.21261151134967804,0.300361692905426,-1.6795260906219482,0.0005130767822265625,0.2255535125732422
0,4588,0.5702720880508423,-0.35425329208374023,1.1707113981246948,-0.2116898000240326,0.3000178039073944,-1.6823128461837769,0.0005316734313964844,0.22381176054477692
0,4589,0.5700010061264038,-0.35429713129997253,1.1707276105880737,-0.2107664942741394,0.29967886209487915,-1.6851035356521606,0.0005514621734619141,0.2229357808828354
0,4590,0.5697287321090698,-0.3543403148651123,1.1707432270050049,-0.2098393440246582,0.2993446886539459,-1.687902808189392,0.0005716085433959961,0.22117342054843903
0,4591,0.5694552659988403,-0.35438382625579834,1.1707590818405151,-0.20890529453754425,0.29901382327079773,-1.6907192468643188,0.000591278076171875,0.22117342054843903
0,4592,0.5691806674003601,-0.35442909598350525,1.170776128768921,-0.2079600989818573,0.2986854910850525,-1.6935648918151855,0.0006088018417358398,0.217605859041214
0,4593,0.568905234336853,-0.3544774651527405,1.1707954406738281,-0.20699957013130188,0.29835814237594604,-1.69645094871521,0.0006226301193237305,0.21489134430885315
0,4594,0.5686290264129639,-0.3545300364494324,1.1708176136016846,-0.2060202807188034,0.2980312407016754,-1.6993863582611084,0.0006318092346191406,0.2112177014350891
0,4595,0.5683520436286926,-0.35458698868751526,1.1708430051803589,-0.20502188801765442,0.2977050244808197,-1.7023725509643555,0.000635981559753418,0.20747904479503632
0,4596,0.5680742859840393,-0.35464751720428467,1.1708709001541138,-0.20400646328926086,0.2973799705505371,-1.7054033279418945,0.000635981559753418,0.20174117386341095
0,4597,0.5677955746650696,-0.35471034049987793,1.170900583267212,-0.20297832787036896,0.2970580458641052,-1.70846688747406,0.0006331205368041992,0.19583526253700256
0,4598,0.5675157308578491,-0.35477396845817566,1.1709307432174683,-0.20194219052791595,0.2967408001422882,-1.711549997329712,0.0006291866302490234,0.19179698824882507
0,4599,0.5672346949577332,-0.3548371493816376,1.170960545539856,-0.20090171694755554,0.29642942547798157,-1.7146433591842651,0.0006253719329833984,0.18662630021572113
0,4600,0.5669523477554321,-0.35489922761917114,1.1709892749786377,-0.1998598575592041,0.29612472653388977,-1.7177406549453735,0.0006227493286132812,0.18022575974464417
0,4601,0.5666687488555908,-0.35495999455451965,1.1710165739059448,-0.19881735742092133,0.2958275079727173,-1.7208400964736938,0.0006214380264282227,0.17471295595169067
0,4602,0.566383957862854,-0.355019748210907,1.1710419654846191,-0.19777455925941467,0.29553788900375366,-1.7239426374435425,0.0006221532821655273,0.17132015526294708
0,4603,0.5660979747772217,-0.3550788462162018,1.1710654497146606,-0.19673104584217072,0.29525670409202576,-1.72705078125,0.000624537467956543,0.16668902337551117
0,4604,0.5658109784126282,-0.3551376163959503,1.1710866689682007,-0.19568677246570587,0.29498374462127686,-1.7301661968231201,0.0006289482116699219,0.16551098227500916
0,4605,0.5655228495597839,-0.3551962375640869,1.1711057424545288,-0.19464150071144104,0.29471921920776367,-1.733290433883667,0.0006350278854370117,0.16071254014968872
0,4606,0.5652337074279785,-0.35525456070899963,1.171122670173645,-0.19359534978866577,0.2944634258747101,-1.7364223003387451,0.0006430149078369141,0.15825876593589783
0,4607,0.5649433732032776,-0.355312317609787,1.171137809753418,-0.1925482600927353,0.29421553015708923,-1.739560604095459,0.0006525516510009766,0.1557663530111313
0,4608,0.5646519064903259,-0.35536912083625793,1.1711513996124268,-0.19150051474571228,0.29397547245025635,-1.7427029609680176,0.0006635189056396484,0.1532333940267563
0,4609,0.5643592476844788,-0.3554247319698334,1.171163558959961,-0.19045206904411316,0.2937425374984741,-1.7458480596542358,0.0006759166717529297,0.14935342967510223
0,4610,0.5640653967857361,-0.35547932982444763,1.1711745262145996,-0.189402237534523,0.29351675510406494,-1.7489961385726929,0.000689387321472168,0.14935342967510223
0,4611,0.5637702941894531,-0.35553330183029175,1.1711845397949219,-0.18834979832172394,0.2932974398136139,-1.7521495819091797,0.0007035732269287109,0.14401765167713165
0,4612,0.5634742975234985,-0.35558733344078064,1.1711938381195068,-0.18729306757450104,0.29308459162712097,-1.7553128004074097,0.0007178783416748047,0.14265252649784088
0,4613,0.5631774663925171,-0.3556423783302307,1.171202540397644,-0.18622927367687225,0.2928773760795593,-1.75849187374115,0.0007320642471313477,0.13988231122493744
0,4614,0.5628799796104431,-0.3556993007659912,1.1712110042572021,-0.1851569414138794,0.29267624020576477,-1.7616904973983765,0.0007452964782714844,0.1384764015674591
0,4615,0.5625818371772766,-0.3557583689689636,1.1712192296981812,-0.18407483398914337,0.29248082637786865,-1.7649109363555908,0.0007574558258056641,0.13562092185020447
0,4616,0.5622831583023071,-0.3558194041252136,1.171227216720581,-0.1829836219549179,0.29229170083999634,-1.7681528329849243,0.0007686614990234375,0.1312212198972702
0,4617,0.5619836449623108,-0.3558817505836487,1.1712347269058228,-0.1818850189447403,0.2921088635921478,-1.7714112997055054,0.0007795095443725586,0.1297215074300766
0,4618,0.5616832375526428,-0.35594442486763,1.1712416410446167,-0.18078193068504333,0.2919330298900604,-1.7746803760528564,0.0007902383804321289,0.12820424139499664
0,4619,0.5613816380500793,-0.3560065031051636,1.1712478399276733,-0.17967630922794342,0.29176443815231323,-1.7779556512832642,0.0008013248443603516,0.12354069203138351
0,4620,0.5610788464546204,-0.356067419052124,1.171252965927124,-0.17856982350349426,0.29160383343696594,-1.7812340259552002,0.0008134841918945312,0.1219465509057045
0,4621,0.5607746243476868,-0.3561270833015442,1.1712567806243896,-0.17746351659297943,0.29145151376724243,-1.7845158576965332,0.0008268356323242188,0.1203312948346138
0,4622,0.5604690313339233,-0.3561856150627136,1.1712592840194702,-0.17635799944400787,0.29130783677101135,-1.7878023386001587,0.0008412599563598633,0.11703392118215561
0,4623,0.5601619482040405,-0.3562432825565338,1.1712605953216553,-0.17525285482406616,0.2911734879016876,-1.7910963296890259,0.0008568763732910156,0.1153498962521553
0,4624,0.5598533153533936,-0.35630035400390625,1.1712605953216553,-0.1741483360528946,0.2910492420196533,-1.7943998575210571,0.0008733272552490234,0.11364090442657471
0,4625,0.5595430731773376,-0.3563568890094757,1.1712590456008911,-0.1730448305606842,0.29093483090400696,-1.797713279724121,0.0008910894393920898,0.11190582811832428
0,4626,0.5592313408851624,-0.3564128875732422,1.171256184577942,-0.17194193601608276,0.2908300757408142,-1.8010364770889282,0.0009098052978515625,0.10653117299079895
0,4627,0.5589181780815125,-0.3564680218696594,1.1712521314620972,-0.1708396077156067,0.29073473811149597,-1.8043670654296875,0.0009294748306274414,0.10467831790447235
0,4628,0.5586037039756775,-0.3565221428871155,1.1712466478347778,-0.16973789036273956,0.29064804315567017,-1.807701587677002,0.0009503364562988281,0.10279206931591034
0,4629,0.5582880973815918,-0.3565751016139984,1.171239972114563,-0.16863681375980377,0.2905696630477905,-1.8110383749008179,0.0009722709655761719,0.09691328555345535
0,4630,0.557971715927124,-0.35662707686424255,1.1712318658828735,-0.16753573715686798,0.2904992997646332,-1.8143757581710815,0.0009951591491699219,0.09691328555345535
0,4631,0.5576550364494324,-0.35667872428894043,1.17122220993042,-0.16643449664115906,0.2904364764690399,-1.8177138566970825,0.001019120216369629,0.09278740733861923
0,4632,0.5573385953903198,-0.3567308187484741,1.171210765838623,-0.16533216834068298,0.2903815507888794,-1.8210529088974,0.0010440349578857422,0.08622922748327255
0,4633,0.5570229291915894,-0.3567841649055481,1.1711972951889038,-0.1642286628484726,0.29033398628234863,-1.824394702911377,0.0010696649551391602,0.08156467974185944
0,4634,0.5567084550857544,-0.3568393886089325,1.171181559562683,-0.163123220205307,0.2902945876121521,-1.8277397155761719,0.0010961294174194336,0.07912936806678772
0,4635,0.5563951730728149,-0.3568965494632721,1.171163558959961,-0.16201630234718323,0.29026272892951965,-1.831087350845337,0.0011234283447265625,0.07661667466163635
0,4636,0.5560827255249023,-0.3569551110267639,1.1711435317993164,-0.1609078049659729,0.29023897647857666,-1.834437608718872,0.0011515617370605469,0.07661667466163635
0,4637,0.5557706356048584,-0.3570142388343811,1.1711218357086182,-0.15979883074760437,0.2902228832244873,-1.8377892971038818,0.001180410385131836,0.07401873916387558
0,4638,0.5554584264755249,-0.3570731580257416,1.171099066734314,-0.15868984162807465,0.2902148365974426,-1.8411415815353394,0.0012096166610717773,0.07401873916387558
0,4639,0.5551458597183228,-0.3571314811706543,1.1710758209228516,-0.15758228302001953,0.2902148962020874,-1.8444937467575073,0.0012389421463012695,0.06852804124355316
0,4640,0.5548332333564758,-0.3571893572807312,1.1710528135299683,-0.15647730231285095,0.29022353887557983,-1.8478459119796753,0.0012674331665039062,0.06852804124355316
0,4641,0.5545212030410767,-0.35724735260009766,1.1710313558578491,-0.15537624061107635,0.2902408242225647,-1.8511974811553955,0.0012936592102050781,0.06852804124355316
0,4642,0.5542106628417969,-0.3573063611984253,1.1710126399993896,-0.1542808562517166,0.29026779532432556,-1.8545502424240112,0.0013158321380615234,0.06852804124355316
0,4643,0.5539025664329529,-0.35736724734306335,1.1709978580474854,-0.15319234132766724,0.29030469059944153,-1.8579031229019165,0.0013327598571777344,0.06852804124355316
0,4644,0.5535972118377686,-0.3574305474758148,1.170987606048584,-0.1521112024784088,0.2903517782688141,-1.8612571954727173,0.001343369483947754,0.06852804124355316
0,4645,0.5532944798469543,-0.3574960231781006,1.170981526374817,-0.15103723108768463,0.29040876030921936,-1.8646122217178345,0.001348257064819336,0.07401873916387558
0,4646,0.552993655204773,-0.35756295919418335,1.1709786653518677,-0.14996932446956635,0.29047560691833496,-1.8679677248001099,0.001348733901977539,0.07912936806678772
0,4647,0.552693784236908,-0.35763055086135864,1.1709774732589722,-0.14890597760677338,0.29055100679397583,-1.8713234663009644,0.001346588134765625,0.08156467974185944
0,4648,0.552393913269043,-0.35769784450531006,1.1709765195846558,-0.1478455513715744,0.29063448309898376,-1.8746789693832397,0.0013436079025268555,0.08846931904554367
0,4649,0.5520933270454407,-0.35776421427726746,1.1709740161895752,-0.1467864066362381,0.29072582721710205,-1.878034234046936,0.0013418197631835938,0.09487278014421463
0,4650,0.5517914891242981,-0.35782933235168457,1.1709682941436768,-0.1457279771566391,0.2908247709274292,-1.8813892602920532,0.0013432502746582031,0.09691328555345535
0,4651,0.551487922668457,-0.35789307951927185,1.1709575653076172,-0.14466944336891174,0.29093101620674133,-1.8847450017929077,0.0013494491577148438,0.10279206931591034
0,4652,0.5511823892593384,-0.3579554855823517,1.1709398031234741,-0.14361019432544708,0.2910445034503937,-1.88810133934021,0.0013625621795654297,0.10467831790447235
0,4653,0.550874650478363,-0.35801658034324646,1.1709140539169312,-0.14254973828792572,0.2911657392978668,-1.891459584236145,0.0013835430145263672,0.11014342308044434
0,4654,0.5505646467208862,-0.3580763041973114,1.17087984085083,-0.14148811995983124,0.2912942171096802,-1.8948192596435547,0.0014129877090454102,0.11364090442657471
0,4655,0.5502525568008423,-0.3581347167491913,1.1708382368087769,-0.14042575657367706,0.29143038392066956,-1.8981801271438599,0.0014494657516479492,0.1153498962521553
0,4656,0.5499386191368103,-0.35819172859191895,1.1707909107208252,-0.1393636167049408,0.29157382249832153,-1.9015417098999023,0.0014916658401489258,0.11869405955076218
0,4657,0.5496232509613037,-0.3582473695278168,1.1707398891448975,-0.13830220699310303,0.29172492027282715,-1.9049030542373657,0.001537322998046875,0.1219465509057045
0,4658,0.5493069291114807,-0.3583018183708191,1.1706874370574951,-0.1372426450252533,0.2918838858604431,-1.908264398574829,0.0015840530395507812,0.12354069203138351
0,4659,0.5489902496337891,-0.35835564136505127,1.170635461807251,-0.13618631660938263,0.2920507788658142,-1.9116240739822388,0.001629948616027832,0.12820424139499664
0,4660,0.5486741662025452,-0.35840970277786255,1.1705862283706665,-0.13513506948947906,0.2922261655330658,-1.9149823188781738,0.0016721487045288086,0.1297215074300766
0,4661,0.5483594536781311,-0.3584650158882141,1.1705418825149536,-0.13409070670604706,0.29240986704826355,-1.9183392524719238,0.001708388328552246,0.1327040046453476
0,4662,0.5480470061302185,-0.3585226833820343,1.1705044507980347,-0.13305509090423584,0.2926027476787567,-1.9216948747634888,0.0017360448837280273,0.13988231122493744
0,4663,0.5477374196052551,-0.35858333110809326,1.1704750061035156,-0.1320294588804245,0.2928047776222229,-1.925048828125,0.0017539262771606445,0.14401765167713165
0,4664,0.5474305152893066,-0.35864683985710144,1.1704531908035278,-0.1310134083032608,0.29301583766937256,-1.9284013509750366,0.0017625093460083008,0.14803750813007355
0,4665,0.5471257567405701,-0.3587125837802887,1.1704376935958862,-0.13000555336475372,0.29323557019233704,-1.9317524433135986,0.0017633438110351562,0.1557663530111313
0,4666,0.5468222498893738,-0.3587794303894043,1.1704261302947998,-0.1290038675069809,0.2934635579586029,-1.935101866722107,0.001759171485900879,0.16312941908836365
0,4667,0.5465190410614014,-0.3588463366031647,1.1704158782958984,-0.1280064880847931,0.29369932413101196,-1.938450813293457,0.0017529726028442383,0.1678587794303894
0,4668,0.546215295791626,-0.3589124083518982,1.1704045534133911,-0.12701183557510376,0.29394230246543884,-1.9417990446090698,0.0017474889755249023,0.17471295595169067
0,4669,0.5459104180335999,-0.35897713899612427,1.1703895330429077,-0.1260187327861786,0.2941925823688507,-1.9451472759246826,0.001745462417602539,0.18022575974464417
0,4670,0.54560387134552,-0.35904011130332947,1.1703681945800781,-0.1250266283750534,0.2944500744342804,-1.9484970569610596,0.0017496347427368164,0.18557488918304443
0,4671,0.5452953577041626,-0.3591010272502899,1.1703380346298218,-0.12403469532728195,0.2947145700454712,-1.9518479108810425,0.0017627477645874023,0.19281449913978577
0,4672,0.5449845790863037,-0.35915979743003845,1.1702967882156372,-0.12304303795099258,0.29498589038848877,-1.9552016258239746,0.001786947250366211,0.1988101601600647
0,4673,0.544671356678009,-0.3592163622379303,1.1702438592910767,-0.1220514103770256,0.29526472091674805,-1.958558440208435,0.001822829246520996,0.20558421313762665
0,4674,0.5443557500839233,-0.35927072167396545,1.170180320739746,-0.12106015533208847,0.2955504059791565,-1.961917757987976,0.0018694400787353516,0.2112177014350891
0,4675,0.5440381765365601,-0.35932305455207825,1.170108437538147,-0.12006960064172745,0.2958432734012604,-1.9652787446975708,0.0019243955612182617,0.217605859041214
0,4676,0.5437191128730774,-0.3593735992908478,1.1700310707092285,-0.11908093094825745,0.296143501996994,-1.9686399698257446,0.0019845962524414062,0.22381176054477692
0,4677,0.5433990359306335,-0.359422892332077,1.1699515581130981,-0.11809457093477249,0.29645124077796936,-1.972001075744629,0.0020465850830078125,0.23069989681243896
0,4678,0.5430786609649658,-0.3594716489315033,1.1698726415634155,-0.11711214482784271,0.29676616191864014,-1.97536039352417,0.0021075010299682617,0.2373882532119751
0,4679,0.5427587628364563,-0.3595210015773773,1.169797420501709,-0.11613529175519943,0.29708874225616455,-1.97871732711792,0.0021637678146362305,0.24389326572418213
0,4680,0.5424404740333557,-0.3595721423625946,1.1697291135787964,-0.11516612768173218,0.29741939902305603,-1.9820705652236938,0.0022118091583251953,0.25178828835487366
0,4681,0.5421247482299805,-0.35962653160095215,1.1696704626083374,-0.11420674622058868,0.2977580428123474,-1.9854190349578857,0.002248406410217285,0.25944316387176514
0,4682,0.5418121814727783,-0.3596850633621216,1.1696234941482544,-0.11325876414775848,0.2981049716472626,-1.9887624979019165,0.002271294593811035,0.266878604888916
0,4683,0.541502833366394,-0.35974785685539246,1.1695880889892578,-0.1123218759894371,0.29846009612083435,-1.9921015501022339,0.0022804737091064453,0.2748253047466278
0,4684,0.5411962270736694,-0.35981419682502747,1.1695624589920044,-0.11139506101608276,0.29882293939590454,-1.9954360723495483,0.0022780895233154297,0.28254860639572144
0,4685,0.5408912897109985,-0.359882652759552,1.1695435047149658,-0.110476054251194,0.2991933822631836,-1.9987672567367554,0.0022677183151245117,0.2914123833179474
0,4686,0.5405870676040649,-0.35995185375213623,1.1695276498794556,-0.10956276208162308,0.299570769071579,-2.002096176147461,0.002253293991088867,0.2993614673614502
0,4687,0.5402825474739075,-0.3600204288959503,1.1695116758346558,-0.10865309834480286,0.2999550998210907,-2.0054240226745605,0.0022385120391845703,0.3083765506744385
0,4688,0.5399768948554993,-0.3600873649120331,1.1694921255111694,-0.1077459454536438,0.30034613609313965,-2.0087523460388184,0.002227187156677246,0.31713542342185974
0,4689,0.5396694540977478,-0.36015188694000244,1.1694653034210205,-0.10684041678905487,0.30074381828308105,-2.012082576751709,0.0022232532501220703,0.3256588280200958
0,4690,0.5393593907356262,-0.36021319031715393,1.1694279909133911,-0.10593625158071518,0.30114811658859253,-2.015416145324707,0.002230048179626465,0.333378404378891
0,4691,0.5390462279319763,-0.3602706789970398,1.1693769693374634,-0.10503336042165756,0.30155888199806213,-2.018754005432129,0.0022510290145874023,0.34321126341819763
0,4692,0.5387296676635742,-0.36032411456108093,1.1693111658096313,-0.10413146764039993,0.30197593569755554,-2.0220961570739746,0.00228726863861084,0.35221508145332336
0,4693,0.5384098887443542,-0.3603735566139221,1.1692314147949219,-0.10323067009449005,0.30239951610565186,-2.0254435539245605,0.0023380517959594727,0.36045196652412415
0,4694,0.5380873084068298,-0.3604195713996887,1.169140338897705,-0.10233182460069656,0.3028298616409302,-2.028794527053833,0.0024003982543945312,0.3706226646900177
0,4695,0.5377627015113831,-0.36046287417411804,1.1690418720245361,-0.10143490880727768,0.3032669126987457,-2.032147169113159,0.0024701356887817383,0.3800070285797119
0,4696,0.5374369025230408,-0.36050447821617126,1.1689400672912598,-0.10054086148738861,0.3037106394767761,-2.035499095916748,0.0025429725646972656,0.39016950130462646
0,4697,0.5371108055114746,-0.3605456054210663,1.168838620185852,-0.09965137392282486,0.3041613698005676,-2.0388500690460205,0.0026149749755859375,0.4000738859176636
0,4698,0.5367855429649353,-0.3605877757072449,1.1687413454055786,-0.09876759350299835,0.3046189248561859,-2.0421969890594482,0.0026816129684448242,0.4111690819263458
0,4699,0.5364624261856079,-0.3606327474117279,1.1686522960662842,-0.09789159148931503,0.30508390069007874,-2.045538902282715,0.002738475799560547,0.4215087294578552
0,4700,0.5361427068710327,-0.3606823980808258,1.1685752868652344,-0.09702489525079727,0.3055562376976013,-2.0488736629486084,0.0027811527252197266,0.4320538341999054
0,4701,0.5358273983001709,-0.3607381284236908,1.1685127019882202,-0.09616972506046295,0.30603572726249695,-2.0521998405456543,0.0028069019317626953,0.4432314932346344
0,4702,0.535516619682312,-0.3608001470565796,1.1684651374816895,-0.09532596915960312,0.30652278661727905,-2.0555176734924316,0.0028151273727416992,0.4528396427631378
0,4703,0.5352098345756531,-0.36086776852607727,1.1684308052062988,-0.09449268877506256,0.3070168197154999,-2.058828115463257,0.0028077363967895508,0.4635162949562073
0,4704,0.5349059104919434,-0.3609393835067749,1.1684062480926514,-0.09366776049137115,0.3075175881385803,-2.0621325969696045,0.0027887821197509766,0.4739525020122528
0,4705,0.5346035957336426,-0.3610129952430725,1.1683870553970337,-0.09284944832324982,0.30802464485168457,-2.0654335021972656,0.0027631521224975586,0.4845678508281708
0,4706,0.5343017578125,-0.36108699440956116,1.1683695316314697,-0.0920359343290329,0.3085382878780365,-2.068732261657715,0.002735137939453125,0.49456003308296204
0,4707,0.5339997410774231,-0.3611602485179901,1.1683499813079834,-0.09122651070356369,0.30905795097351074,-2.0720314979553223,0.0027087926864624023,0.5051296353340149
0,4708,0.533697247505188,-0.3612319529056549,1.1683253049850464,-0.0904209092259407,0.3095840513706207,-2.0753328800201416,0.0026873350143432617,0.5151028633117676
0,4709,0.5333940982818604,-0.3613016903400421,1.16829252243042,-0.08961938321590424,0.31011641025543213,-2.0786385536193848,0.0026739835739135742,0.5256316661834717
0,4710,0.5330902934074402,-0.3613691031932831,1.1682487726211548,-0.08882246911525726,0.31065496802330017,-2.0819506645202637,0.0026715993881225586,0.53595370054245
0,4711,0.5327857732772827,-0.36143413186073303,1.168192744255066,-0.0880306288599968,0.311199814081192,-2.0852699279785156,0.0026816129684448242,0.5464388728141785
0,4712,0.5324805974960327,-0.36149686574935913,1.1681249141693115,-0.08724379539489746,0.31175127625465393,-2.0885963439941406,0.002703547477722168,0.557077944278717
0,4713,0.5321746468544006,-0.3615574538707733,1.1680471897125244,-0.08646152168512344,0.3123089075088501,-2.0919277667999268,0.0027352571487426758,0.5675176382064819
0,4714,0.531868040561676,-0.36161619424819946,1.167962908744812,-0.0856834426522255,0.31287258863449097,-2.0952632427215576,0.0027735233306884766,0.5784456729888916
0,4715,0.5315605998039246,-0.36167338490486145,1.1678749322891235,-0.08490947633981705,0.31344282627105713,-2.0985989570617676,0.0028151273727416992,0.5888388156890869
0,4716,0.5312522053718567,-0.36172932386398315,1.167785882949829,-0.08413977921009064,0.31401926279067993,-2.101933002471924,0.0028575658798217773,0.600030779838562
0,4717,0.530942440032959,-0.3617843687534332,1.1676985025405884,-0.08337387442588806,0.3146015703678131,-2.1052632331848145,0.0028977394104003906,0.6113380193710327
0,4718,0.5306310653686523,-0.3618389070034027,1.1676145792007446,-0.08261263370513916,0.31518998742103577,-2.1085872650146484,0.0029338598251342773,0.6224398612976074
0,4719,0.530317485332489,-0.3618931472301483,1.1675360202789307,-0.08185648918151855,0.31578460335731506,-2.1119017601013184,0.0029637813568115234,0.6336559653282166
0,4720,0.5300014019012451,-0.3619474172592163,1.1674643754959106,-0.0811057910323143,0.3163849413394928,-2.1152052879333496,0.002985835075378418,0.6455869674682617
0,4721,0.5296825766563416,-0.36200186610221863,1.1673998832702637,-0.08036072552204132,0.3169911503791809,-2.118497371673584,0.0029996633529663086,0.6578965187072754
0,4722,0.5293614268302917,-0.36205628514289856,1.1673418283462524,-0.07962103933095932,0.31760337948799133,-2.121778964996338,0.0030061006546020508,0.6708555817604065
0,4723,0.5290383100509644,-0.3621104657649994,1.1672887802124023,-0.07888634502887726,0.3182210326194763,-2.125051975250244,0.003006577491760254,0.6841413378715515
0,4724,0.5287138223648071,-0.3621642291545868,1.1672383546829224,-0.07815652340650558,0.3188447654247284,-2.1283199787139893,0.003003835678100586,0.697735071182251
0,4725,0.5283886194229126,-0.3622172176837921,1.1671887636184692,-0.07743126899003983,0.31947407126426697,-2.131585121154785,0.002999544143676758,0.7116190791130066
0,4726,0.5280632972717285,-0.3622695207595825,1.1671383380889893,-0.07671070843935013,0.3201088309288025,-2.1348495483398438,0.002995729446411133,0.7252373695373535
0,4727,0.5277386903762817,-0.3623214364051819,1.1670854091644287,-0.07599545270204544,0.32074955105781555,-2.1381168365478516,0.0029937028884887695,0.7391343116760254
0,4728,0.5274155735969543,-0.3623732626438141,1.1670281887054443,-0.07528706640005112,0.3213963210582733,-2.1413891315460205,0.0029954910278320312,0.7527747750282288
0,4729,0.5270946025848389,-0.36242547631263733,1.1669652462005615,-0.07458675652742386,0.3220493197441101,-2.1446690559387207,0.0030024051666259766,0.7661724090576172
0,4730,0.5267763733863831,-0.36247825622558594,1.1668959856033325,-0.07389537245035172,0.32270848751068115,-2.1479570865631104,0.0030150413513183594,0.7790886759757996
0,4731,0.5264608263969421,-0.3625316321849823,1.1668202877044678,-0.073213130235672,0.3233743906021118,-2.151254177093506,0.0030335187911987305,0.7917943000793457
0,4732,0.5261474251747131,-0.3625854253768921,1.1667391061782837,-0.07253913581371307,0.32404622435569763,-2.1545581817626953,0.0030568838119506836,0.80405592918396
0,4733,0.5258355140686035,-0.36263927817344666,1.166654109954834,-0.07187217473983765,0.3247239291667938,-2.157866954803467,0.0030835866928100586,0.8161333203315735
0,4734,0.5255242586135864,-0.3626929223537445,1.166567087173462,-0.07121146470308304,0.32540762424468994,-2.16117787361145,0.0031118392944335938,0.8280346393585205
0,4735,0.525213360786438,-0.3627464771270752,1.1664800643920898,-0.07055576145648956,0.3260969817638397,-2.164487600326538,0.0031393766403198242,0.8397672772407532
0,4736,0.5249028205871582,-0.3628005087375641,1.1663951873779297,-0.06990489363670349,0.326791912317276,-2.1677935123443604,0.003164052963256836,0.8520275354385376
0,4737,0.5245930552482605,-0.3628561496734619,1.1663151979446411,-0.06925921887159348,0.32749268412590027,-2.1710927486419678,0.003182649612426758,0.8641138076782227
0,4738,0.5242847204208374,-0.3629148602485657,1.1662425994873047,-0.06861943751573563,0.3281990885734558,-2.174381732940674,0.003192424774169922,0.8758100271224976
0,4739,0.5239784121513367,-0.36297792196273804,1.1661796569824219,-0.06798650324344635,0.32891127467155457,-2.177659034729004,0.00319063663482666,0.8875726461410522
0,4740,0.523674488067627,-0.36304596066474915,1.1661275625228882,-0.06736055016517639,0.32962945103645325,-2.180922746658325,0.003175973892211914,0.8989636301994324
0,4741,0.5233728289604187,-0.3631187975406647,1.1660856008529663,-0.06674117594957352,0.33035311102867126,-2.184174060821533,0.003149271011352539,0.9104271531105042
0,4742,0.5230730175971985,-0.3631952404975891,1.1660517454147339,-0.0661277025938034,0.3310823440551758,-2.18741512298584,0.0031129121780395508,0.9217480421066284
0,4743,0.5227741599082947,-0.3632737398147583,1.1660231351852417,-0.06551972031593323,0.33181697130203247,-2.1906490325927734,0.0030701160430908203,0.932931661605835
0,4744,0.52247554063797,-0.36335277557373047,1.1659966707229614,-0.06491673737764359,0.33255666494369507,-2.1938793659210205,0.0030243396759033203,0.9441900253295898
0,4745,0.5221765041351318,-0.36343103647232056,1.1659696102142334,-0.06431865692138672,0.33330148458480835,-2.197108745574951,0.002978801727294922,0.9555205702781677
0,4746,0.5218764543533325,-0.36350753903388977,1.1659395694732666,-0.06372528523206711,0.33405157923698425,-2.200340747833252,0.0029360055923461914,0.9671231508255005
0,4747,0.5215749144554138,-0.3635813295841217,1.1659042835235596,-0.06313770264387131,0.33480697870254517,-2.2035775184631348,0.002898573875427246,0.9787880182266235
0,4748,0.521271288394928,-0.3636516034603119,1.16586172580719,-0.0625564455986023,0.3355681002140045,-2.2068216800689697,0.0028685331344604492,0.9901179075241089
0,4749,0.5209653377532959,-0.3637179732322693,1.165810227394104,-0.061982303857803345,0.336334764957428,-2.2100744247436523,0.0028477907180786133,1.0021010637283325
0,4750,0.520656943321228,-0.36378026008605957,1.1657497882843018,-0.0614151656627655,0.3371070623397827,-2.213336706161499,0.0028362274169921875,1.0141355991363525
0,4751,0.520346462726593,-0.3638388514518738,1.16568124294281,-0.06085513159632683,0.3378851115703583,-2.216606616973877,0.0028330087661743164,1.0262196063995361
0,4752,0.52003413438797,-0.3638943135738373,1.1656066179275513,-0.060301270335912704,0.3386686444282532,-2.2198824882507324,0.002835988998413086,1.0383515357971191
0,4753,0.5197204947471619,-0.3639475107192993,1.1655282974243164,-0.059752821922302246,0.3394573926925659,-2.223160743713379,0.002842545509338379,1.0507159233093262
0,4754,0.5194058418273926,-0.36399906873703003,1.1654481887817383,-0.059209469705820084,0.3402513265609741,-2.2264389991760254,0.0028505325317382812,1.0631204843521118
0,4755,0.5190902352333069,-0.3640495538711548,1.1653680801391602,-0.05867040157318115,0.34105053544044495,-2.2297136783599854,0.0028579235076904297,1.0757458209991455
0,4756,0.5187734961509705,-0.36409929394721985,1.1652889251708984,-0.0581357479095459,0.34185490012168884,-2.2329821586608887,0.0028638839721679688,1.088584542274475
0,4757,0.518455445766449,-0.3641485571861267,1.1652119159698486,-0.05760610103607178,0.34266456961631775,-2.236240863800049,0.0028668642044067383,1.1012734174728394
0,4758,0.5181356072425842,-0.36419758200645447,1.1651376485824585,-0.05708056315779686,0.34347984194755554,-2.2394866943359375,0.0028661489486694336,1.1145201921463013
0,4759,0.5178138613700867,-0.3642464876174927,1.1650668382644653,-0.056559622287750244,0.34430062770843506,-2.242717742919922,0.0028609037399291992,1.127785086631775
0,4760,0.5174903273582458,-0.36429518461227417,1.164999008178711,-0.05604331195354462,0.34512707591056824,-2.2459347248077393,0.00285184383392334,1.1412386894226074
0,4761,0.5171651244163513,-0.3643435537815094,1.164933681488037,-0.055531587451696396,0.3459585905075073,-2.2491397857666016,0.002839207649230957,1.154874563217163
0,4762,0.516838788986206,-0.3643914759159088,1.164870023727417,-0.0550243966281414,0.3467952013015747,-2.2523367404937744,0.0028241872787475586,1.1690210103988647
0,4763,0.516511857509613,-0.36443892121315,1.1648072004318237,-0.054521746933460236,0.3476366400718689,-2.2555289268493652,0.0028076171875,1.1831637620925903
0,4764,0.51618492603302,-0.3644860088825226,1.1647446155548096,-0.05402454361319542,0.34848272800445557,-2.2587203979492188,0.002790093421936035,1.1971395015716553
0,4765,0.5158588290214539,-0.36453327536582947,1.1646820306777954,-0.05353314056992531,0.349333792924881,-2.261913299560547,0.002772092819213867,1.2109538316726685
0,4766,0.5155344605445862,-0.36458149552345276,1.1646195650100708,-0.053048789501190186,0.3501899540424347,-2.2651102542877197,0.002753138542175293,1.2246124744415283
0,4767,0.5152127146720886,-0.36463165283203125,1.1645572185516357,-0.05257300287485123,0.35105156898498535,-2.2683138847351074,0.0027333498001098633,1.237646222114563
0,4768,0.5148943662643433,-0.364684522151947,1.1644953489303589,-0.052106823772192,0.3519188463687897,-2.2715258598327637,0.0027120113372802734,1.2503876686096191
0,4769,0.514579713344574,-0.36474040150642395,1.1644338369369507,-0.05165097862482071,0.3527917265892029,-2.274747133255005,0.0026894807815551758,1.2623807191848755
0,4770,0.5142683982849121,-0.3647989332675934,1.1643726825714111,-0.05120477452874184,0.35367053747177124,-2.2779767513275146,0.0026657581329345703,1.273800015449524
0,4771,0.5139595866203308,-0.364859402179718,1.1643120050430298,-0.050767142325639725,0.35455456376075745,-2.281212091445923,0.0026406049728393555,1.2849656343460083
0,4772,0.5136522054672241,-0.36492082476615906,1.1642515659332275,-0.05033665895462036,0.35544344782829285,-2.2844505310058594,0.002614617347717285,1.295733094215393
0,4773,0.5133454203605652,-0.36498233675956726,1.1641913652420044,-0.04991215839982033,0.3563375174999237,-2.287689208984375,0.00258791446685791,1.3065617084503174
0,4774,0.5130385160446167,-0.365043580532074,1.164131760597229,-0.04949372634291649,0.35723602771759033,-2.2909257411956787,0.0025600194931030273,1.3173011541366577
0,4775,0.5127310752868652,-0.3651044964790344,1.1640732288360596,-0.049081165343523026,0.35813912749290466,-2.294156074523926,0.002530336380004883,1.327953815460205
0,4776,0.5124229788780212,-0.3651652932167053,1.164016604423523,-0.04867507517337799,0.3590478301048279,-2.297377347946167,0.002498030662536621,1.33881413936615
0,4777,0.5121141076087952,-0.3652263283729553,1.1639628410339355,-0.048275966197252274,0.35996195673942566,-2.300585985183716,0.0024619102478027344,1.3492969274520874
0,4778,0.511804461479187,-0.3652878403663635,1.163912296295166,-0.047884706407785416,0.3608818054199219,-2.3037803173065186,0.0024216175079345703,1.3602745532989502
0,4779,0.511493980884552,-0.3653498589992523,1.1638649702072144,-0.047501225024461746,0.36180752515792847,-2.306960105895996,0.002377152442932129,1.3707362413406372
0,4780,0.5111828446388245,-0.36541226506233215,1.163820505142212,-0.04712480306625366,0.36273837089538574,-2.3101274967193604,0.0023288726806640625,1.381543517112732
0,4781,0.510871171951294,-0.36547473073005676,1.1637780666351318,-0.046754926443099976,0.36367422342300415,-2.313286066055298,0.0022777318954467773,1.392126441001892
0,4782,0.5105592012405396,-0.36553704738616943,1.1637367010116577,-0.04639071971178055,0.36461424827575684,-2.316439151763916,0.0022248029708862305,1.4026293754577637
0,4783,0.5102471709251404,-0.3655991852283478,1.1636958122253418,-0.04603208601474762,0.3655586242675781,-2.3195903301239014,0.0021708011627197266,1.4130544662475586
0,4784,0.5099356770515442,-0.3656613826751709,1.1636550426483154,-0.04567922651767731,0.3665072023868561,-2.322742223739624,0.0021162033081054688,1.4235405921936035
0,4785,0.5096253752708435,-0.3657243251800537,1.163614273071289,-0.04533233493566513,0.3674604892730713,-2.325897216796875,0.0020608901977539062,1.433677077293396
0,4786,0.5093169808387756,-0.3657887279987335,1.1635733842849731,-0.04499252140522003,0.36841881275177,-2.329056978225708,0.0020051002502441406,1.443606972694397
0,4787,0.5090112686157227,-0.3658553957939148,1.1635328531265259,-0.04466024041175842,0.36938247084617615,-2.3322229385375977,0.0019481182098388672,1.4531996250152588
0,4788,0.5087083578109741,-0.36592477560043335,1.1634924411773682,-0.04433592036366463,0.3703519105911255,-2.3353967666625977,0.0018903017044067383,1.4623279571533203
0,4789,0.5084081888198853,-0.3659966289997101,1.1634522676467896,-0.044019654393196106,0.3713267743587494,-2.3385770320892334,0.0018314123153686523,1.4708677530288696
0,4790,0.5081101655960083,-0.3660702705383301,1.1634122133255005,-0.043710701167583466,0.37230682373046875,-2.3417625427246094,0.001771688461303711,1.4793580770492554
0,4791,0.5078132748603821,-0.36614468693733215,1.1633723974227905,-0.043408315628767014,0.37329158186912537,-2.3449511528015137,0.001711130142211914,1.487668514251709
0,4792,0.507516622543335,-0.36621901392936707,1.1633323431015015,-0.0431121364235878,0.37428081035614014,-2.348140239715576,0.0016503334045410156,1.4958019256591797
0,4793,0.5072190761566162,-0.3662922978401184,1.1632919311523438,-0.042822401970624924,0.375273734331131,-2.351327419281006,0.0015895366668701172,1.5040215253829956
0,4794,0.5069196820259094,-0.3663635849952698,1.1632506847381592,-0.04253922030329704,0.3762710988521576,-2.3545098304748535,0.001529097557067871,1.5123257637023926
0,4795,0.5066172480583191,-0.3664318919181824,1.1632083654403687,-0.04226292297244072,0.3772733807563782,-2.3576841354370117,0.001469254493713379,1.52084219455719
0,4796,0.5063105821609497,-0.3664962649345398,1.1631643772125244,-0.041994839906692505,0.37828120589256287,-2.360847234725952,0.001410841941833496,1.52969491481781
0,4797,0.5059988498687744,-0.3665560781955719,1.1631184816360474,-0.04173588007688522,0.3792946934700012,-2.363996982574463,0.0013538599014282227,1.5384968519210815
0,4798,0.5056820511817932,-0.3666112720966339,1.1630704402923584,-0.041485849767923355,0.3803138732910156,-2.3671324253082275,0.001298666000366211,1.5477544069290161
0,4799,0.5053606033325195,-0.36666226387023926,1.1630206108093262,-0.04124438017606735,0.38133862614631653,-2.370256185531616,0.001244664192199707,1.5570827722549438
0,4800,0.5050358176231384,-0.36670994758605957,1.1629693508148193,-0.041010547429323196,0.38236790895462036,-2.3733701705932617,0.0011916160583496094,1.566480278968811
0,4801,0.5047088861465454,-0.36675527691841125,1.1629170179367065,-0.040783487260341644,0.38340136408805847,-2.376478910446167,0.0011392831802368164,1.5759462118148804
0,4802,0.5043810606002808,-0.36679941415786743,1.162864327430725,-0.040562503039836884,0.38443854451179504,-2.379585027694702,0.0010867118835449219,1.5854789018630981
0,4803,0.5040535926818848,-0.3668433725833893,1.162811279296875,-0.04034728184342384,0.3854793310165405,-2.382690668106079,0.0010339021682739258,1.5948320627212524
0,4804,0.5037276744842529,-0.36688828468322754,1.1627585887908936,-0.04013737291097641,0.38652440905570984,-2.3857975006103516,0.0009801387786865234,1.6040085554122925
0,4805,0.5034043788909912,-0.36693525314331055,1.1627064943313599,-0.039933495223522186,0.3875739872455597,-2.388906955718994,0.0009251832962036133,1.6128902435302734
0,4806,0.503084659576416,-0.36698535084724426,1.162654995918274,-0.039736032485961914,0.3886288106441498,-2.3920202255249023,0.0008689165115356445,1.6212407350540161
0,4807,0.5027689933776855,-0.36703914403915405,1.1626042127609253,-0.03954526409506798,0.3896893858909607,-2.395137310028076,0.0008112192153930664,1.6289476156234741
0,4808,0.502457320690155,-0.3670964539051056,1.162554383277893,-0.03936126455664635,0.39075517654418945,-2.398258686065674,0.0007517337799072266,1.636139988899231
0,4809,0.5021488070487976,-0.3671565651893616,1.1625053882598877,-0.03918340057134628,0.39182648062705994,-2.4013829231262207,0.0006908178329467773,1.643062710762024
0,4810,0.5018423199653625,-0.3672183156013489,1.162456750869751,-0.03901209682226181,0.3929020166397095,-2.4045088291168213,0.0006289482116699219,1.6497191190719604
0,4811,0.5015366077423096,-0.36728039383888245,1.1624081134796143,-0.03884687274694443,0.3939815163612366,-2.407635450363159,0.0005666017532348633,1.656348705291748
0,4812,0.5012302994728088,-0.36734166741371155,1.162359356880188,-0.03868837282061577,0.39506447315216064,-2.4107604026794434,0.0005038976669311523,1.6628342866897583
0,4813,0.5009222626686096,-0.36740103363990784,1.1623097658157349,-0.038537707179784775,0.3961511552333832,-2.413881301879883,0.00044155120849609375,1.6694118976593018
0,4814,0.5006110072135925,-0.36745738983154297,1.1622591018676758,-0.038396719843149185,0.3972419798374176,-2.4169955253601074,0.0003796815872192383,1.6760804653167725
0,4815,0.5002952218055725,-0.36750972270965576,1.1622066497802734,-0.038267582654953,0.39833739399909973,-2.420100212097168,0.0003190040588378906,1.6828389167785645
0,4816,0.49997392296791077,-0.36755722761154175,1.1621520519256592,-0.03815164789557457,0.39943790435791016,-2.4231929779052734,0.00025975704193115234,1.689454436302185
0,4817,0.49964669346809387,-0.3675996959209442,1.1620951890945435,-0.03804941102862358,0.400543212890625,-2.4262728691101074,0.00020205974578857422,1.696274995803833
0,4818,0.49931415915489197,-0.36763742566108704,1.1620361804962158,-0.03796038776636124,0.4016534090042114,-2.4293410778045654,0.00014579296112060547,1.7029533386230469
0,4819,0.49897751212120056,-0.3676714301109314,1.161975622177124,-0.03788268566131592,0.40276801586151123,-2.4324004650115967,9.036064147949219e-05,1.7098344564437866
0,4820,0.49863845109939575,-0.36770302057266235,1.1619141101837158,-0.037814345210790634,0.4038861095905304,-2.4354538917541504,3.516674041748047e-05,1.7165740728378296
0,4821,0.49829888343811035,-0.367733895778656,1.1618528366088867,-0.03775385022163391,0.40500691533088684,-2.438504219055176,2.086162567138672e-05,1.7232872247695923
0,4822,0.49796104431152344,-0.3677661716938019,1.1617932319641113,-0.0377001129090786,0.406130850315094,-2.4415533542633057,7.915496826171875e-05,1.7296351194381714
0,4823,0.4976275563240051,-0.3678027093410492,1.161737322807312,-0.03765386715531349,0.4072578251361847,-2.4446027278900146,0.00014197826385498047,1.735508680343628
0,4824,0.4973013401031494,-0.36784684658050537,1.1616876125335693,-0.03761620074510574,0.4083884358406067,-2.447652578353882,0.00021207332611083984,1.740912914276123
0,4825,0.49698537588119507,-0.3679017722606659,1.1616467237472534,-0.037588223814964294,0.4095231890678406,-2.450702667236328,0.0002918243408203125,1.7450672388076782
0,4826,0.4966813623905182,-0.36796972155570984,1.161616325378418,-0.03757084906101227,0.4106625020503998,-2.4537532329559326,0.0003833770751953125,1.7482044696807861
0,4827,0.49638938903808594,-0.36805081367492676,1.161596417427063,-0.0375639833509922,0.41180619597435,-2.4568042755126953,0.0004864931106567383,1.7503300905227661
0,4828,0.49610763788223267,-0.3681430518627167,1.1615856885910034,-0.03756684437394142,0.4129542112350464,-2.459855556488037,0.0005997419357299805,1.7514477968215942
0,4829,0.4958329498767853,-0.36824309825897217,1.16158127784729,-0.037578850984573364,0.41410529613494873,-2.462907075881958,0.0007201433181762695,1.7522298097610474
0,4830,0.495561808347702,-0.3683469295501709,1.161580204963684,-0.03759843856096268,0.41525962948799133,-2.4659581184387207,0.0008444786071777344,1.7527881860733032
0,4831,0.4952909052371979,-0.3684508800506592,1.1615793704986572,-0.03762548789381981,0.41641637682914734,-2.469007968902588,0.0009695291519165039,1.75334632396698
0,4832,0.49501684308052063,-0.36855143308639526,1.1615760326385498,-0.03766004741191864,0.4175759553909302,-2.472054958343506,0.0010924339294433594,1.7543505430221558
0,4833,0.49473628401756287,-0.3686450719833374,1.161567211151123,-0.03770345821976662,0.41873839497566223,-2.4750962257385254,0.0012100934982299805,1.7554656267166138
0,4834,0.4944458305835724,-0.36872830986976624,1.1615495681762695,-0.037757448852062225,0.41990453004837036,-2.4781291484832764,0.001319289207458496,1.7570257186889648
0,4835,0.4941427409648895,-0.36879831552505493,1.1615207195281982,-0.03782343864440918,0.4210740923881531,-2.4811508655548096,0.0014175176620483398,1.7586957216262817
0,4836,0.493825763463974,-0.3688538074493408,1.1614794731140137,-0.03790217265486717,0.4222477972507477,-2.4841601848602295,0.0015038251876831055,1.7610310316085815
0,4837,0.49349573254585266,-0.3688955307006836,1.1614264249801636,-0.03799322992563248,0.4234253764152527,-2.4871582984924316,0.001578688621520996,1.7632521390914917
0,4838,0.4931553304195404,-0.368926078081131,1.161363959312439,-0.03809533640742302,0.42460593581199646,-2.4901466369628906,0.0016446113586425781,1.765692114830017
0,4839,0.4928082823753357,-0.36894920468330383,1.1612954139709473,-0.03820681944489479,0.42578941583633423,-2.493129014968872,0.0017049312591552734,1.7681288719177246
0,4840,0.49245837330818176,-0.3689688444137573,1.161224126815796,-0.03832612559199333,0.4269750118255615,-2.4961085319519043,0.0017631053924560547,1.7705621719360352
0,4841,0.4921092689037323,-0.36898884177207947,1.1611534357070923,-0.038452763110399246,0.42816224694252014,-2.4990859031677246,0.0018224716186523438,1.7729922533035278
0,4842,0.4917646646499634,-0.3690131604671478,1.1610863208770752,-0.03858716040849686,0.4293513596057892,-2.502063035964966,0.0018860101699829102,1.7749779224395752
0,4843,0.4914281964302063,-0.3690459728240967,1.1610262393951416,-0.03873057663440704,0.4305424690246582,-2.5050389766693115,0.0019571781158447266,1.7764108180999756
0,4844,0.4911033511161804,-0.3690912425518036,1.1609761714935303,-0.038884375244379044,0.4317358434200287,-2.5080132484436035,0.002039313316345215,1.7769614458084106
0,4845,0.49079248309135437,-0.3691517412662506,1.1609382629394531,-0.039049964398145676,0.43293169140815735,-2.5109853744506836,0.0021342039108276367,1.7766309976577759
0,4846,0.49049606919288635,-0.3692280650138855,1.1609128713607788,-0.03922780975699425,0.43413031101226807,-2.5139553546905518,0.002242445945739746,1.775308609008789
0,4847,0.4902123510837555,-0.3693183660507202,1.1608985662460327,-0.039416879415512085,0.435331255197525,-2.516923427581787,0.002362489700317383,1.7732129096984863
0,4848,0.489937961101532,-0.3694189488887787,1.1608924865722656,-0.039615996181964874,0.4365341067314148,-2.5198898315429688,0.0024913549423217773,1.7706727981567383
0,4849,0.4896688759326935,-0.36952537298202515,1.1608914136886597,-0.039823584258556366,0.4377387464046478,-2.522855281829834,0.002625584602355957,1.7679075002670288
0,4850,0.48940128087997437,-0.36963334679603577,1.1608916521072388,-0.04003874957561493,0.4389447569847107,-2.5258193016052246,0.0027616024017333984,1.7652487754821777
0,4851,0.48913145065307617,-0.36973896622657776,1.1608901023864746,-0.04026155546307564,0.44015181064605713,-2.528780937194824,0.002896428108215332,1.762808084487915
0,4852,0.48885577917099,-0.3698384165763855,1.1608834266662598,-0.04049324989318848,0.4413605332374573,-2.531738042831421,0.0030264854431152344,1.7605863809585571
0,4853,0.4885706305503845,-0.3699280619621277,1.1608681678771973,-0.040735915303230286,0.44256991147994995,-2.5346872806549072,0.003148674964904785,1.7584730386734009
0,4854,0.48827287554740906,-0.3700045645236969,1.160841464996338,-0.040991123765707016,0.44378095865249634,-2.537626028060913,0.0032601356506347656,1.7563573122024536
0,4855,0.4879607558250427,-0.37006616592407227,1.160801649093628,-0.041260018944740295,0.4449934959411621,-2.5405526161193848,0.0033593177795410156,1.7542389631271362
0,4856,0.4876347482204437,-0.37011322379112244,1.1607489585876465,-0.041542649269104004,0.4462069869041443,-2.5434670448303223,0.0034465789794921875,1.7518947124481201
0,4857,0.487297385931015,-0.3701481521129608,1.1606857776641846,-0.041837178170681,0.44742172956466675,-2.5463714599609375,0.0035240650177001953,1.749435305595398
0,4858,0.4869522452354431,-0.37017473578453064,1.1606152057647705,-0.042141661047935486,0.4486375153064728,-2.5492701530456543,0.00359499454498291,1.747084617614746
0,4859,0.48660314083099365,-0.3701966106891632,1.1605405807495117,-0.04245457053184509,0.4498535394668579,-2.5521650314331055,0.003662586212158203,1.7445063591003418
0,4860,0.4862533211708069,-0.37021708488464355,1.160464882850647,-0.04277439042925835,0.4510703980922699,-2.555058479309082,0.0037294626235961914,1.7420367002487183
0,4861,0.4859054386615753,-0.3702389597892761,1.1603901386260986,-0.04310115426778793,0.45228758454322815,-2.557950496673584,0.00379788875579834,1.7393383979797363
0,4862,0.4855617880821228,-0.3702647387981415,1.1603177785873413,-0.043435223400592804,0.4535049796104431,-2.5608408451080322,0.0038689374923706055,1.7364104986190796
0,4863,0.4852243959903717,-0.37029656767845154,1.16024911403656,-0.04377806931734085,0.45472264289855957,-2.5637285709381104,0.003944039344787598,1.733251929283142
0,4864,0.48489466309547424,-0.37033599615097046,1.1601850986480713,-0.04413057863712311,0.4559403657913208,-2.5666122436523438,0.004024028778076172,1.7296351194381714
0,4865,0.484573096036911,-0.37038367986679077,1.1601258516311646,-0.04449288919568062,0.45715826749801636,-2.5694916248321533,0.004108905792236328,1.7255569696426392
0,4866,0.48425889015197754,-0.3704388737678528,1.1600711345672607,-0.04486484453082085,0.4583764374256134,-2.5723671913146973,0.004198670387268066,1.7212419509887695
0,4867,0.48395031690597534,-0.37049970030784607,1.160019874572754,-0.045245211571455,0.45959439873695374,-2.575239658355713,0.004292011260986328,1.716460108757019
0,4868,0.4836452901363373,-0.37056398391723633,1.1599706411361694,-0.0456334725022316,0.4608122706413269,-2.5781099796295166,0.0043877363204956055,1.7115504741668701
0,4869,0.4833417236804962,-0.3706296384334564,1.159922480583191,-0.0460289865732193,0.4620302617549896,-2.580979347229004,0.004484891891479492,1.706741452217102
0,4870,0.48303791880607605,-0.3706950843334198,1.1598739624023438,-0.04643230885267258,0.46324774622917175,-2.5838465690612793,0.0045822858810424805,1.7016887664794922
0,4871,0.482732355594635,-0.3707592487335205,1.1598241329193115,-0.046844907104969025,0.46446412801742554,-2.5867106914520264,0.004679203033447266,1.6968517303466797
0,4872,0.48242372274398804,-0.3708212077617645,1.1597719192504883,-0.04726914316415787,0.4656788110733032,-2.5895683765411377,0.004774689674377441,1.6916539669036865
0,4873,0.482110857963562,-0.3708803653717041,1.1597164869308472,-0.047707486897706985,0.46689075231552124,-2.592416763305664,0.004868268966674805,1.686556100845337
0,4874,0.4817931652069092,-0.3709362745285034,1.1596574783325195,-0.04816104844212532,0.46809959411621094,-2.5952539443969727,0.004959821701049805,1.6807444095611572
0,4875,0.48147067427635193,-0.37098899483680725,1.1595945358276367,-0.048630449920892715,0.46930545568466187,-2.598080635070801,0.005048871040344238,1.674912452697754
0,4876,0.4811440706253052,-0.37103894352912903,1.1595282554626465,-0.049114033579826355,0.470507949590683,-2.6008975505828857,0.005135893821716309,1.6687084436416626
0,4877,0.48081454634666443,-0.3710869252681732,1.1594597101211548,-0.04960910603404045,0.471708208322525,-2.603708267211914,0.005221843719482422,1.6623635292053223
0,4878,0.4804835021495819,-0.37113362550735474,1.159389853477478,-0.050113335251808167,0.4729067385196686,-2.606515407562256,0.005307197570800781,1.6557579040527344
0,4879,0.48015230894088745,-0.37117981910705566,1.1593196392059326,-0.050625257194042206,0.4741041362285614,-2.609321117401123,0.005392789840698242,1.6493631601333618
0,4880,0.4798222482204437,-0.3712264597415924,1.159250020980835,-0.05114428326487541,0.475300133228302,-2.6121253967285156,0.005479216575622559,1.6425862312316895
0,4881,0.479494571685791,-0.37127459049224854,1.1591817140579224,-0.05167108029127121,0.4764936566352844,-2.6149280071258545,0.005567073822021484,1.6360204219818115
0,4882,0.47917065024375916,-0.3713253438472748,1.1591156721115112,-0.05220699682831764,0.4776844084262848,-2.6177268028259277,0.005657076835632324,1.6289476156234741
0,4883,0.4788514971733093,-0.37137970328330994,1.1590522527694702,-0.05275416374206543,0.47887086868286133,-2.620521306991577,0.005749344825744629,1.621964693069458
0,4884,0.4785376191139221,-0.3714381456375122,1.158991813659668,-0.05331248790025711,0.4800528585910797,-2.623310089111328,0.0058443546295166016,1.614345669746399
0,4885,0.47822874784469604,-0.3715004324913025,1.158934473991394,-0.053881675004959106,0.48123031854629517,-2.626093626022339,0.005942225456237793,1.606690526008606
0,4886,0.47792384028434753,-0.37156572937965393,1.158879280090332,-0.054460860788822174,0.48240432143211365,-2.628872871398926,0.006042003631591797,1.5988762378692627
0,4887,0.47762155532836914,-0.37163299322128296,1.1588255167007446,-0.05504845827817917,0.4835754632949829,-2.631649971008301,0.00614321231842041,1.5911465883255005
0,4888,0.4773205518722534,-0.3717012405395508,1.158772587776184,-0.055642805993556976,0.48474442958831787,-2.634425401687622,0.006245613098144531,1.583132028579712
0,4889,0.4770198464393616,-0.3717697560787201,1.1587193012237549,-0.05624384805560112,0.48591166734695435,-2.637200117111206,0.006348013877868652,1.5752010345458984
0,4890,0.47671860456466675,-0.37183845043182373,1.1586649417877197,-0.05685197934508324,0.4870755970478058,-2.639972448348999,0.006450176239013672,1.5674794912338257
0,4891,0.47641628980636597,-0.3719075322151184,1.1586084365844727,-0.05746790021657944,0.48823562264442444,-2.642740249633789,0.006551384925842285,1.5597196817398071
0,4892,0.4761124849319458,-0.3719773590564728,1.1585489511489868,-0.058093056082725525,0.48939067125320435,-2.6455016136169434,0.0066509246826171875,1.5519212484359741
0,4893,0.4758068919181824,-0.37204816937446594,1.158486008644104,-0.05872831493616104,0.49053841829299927,-2.6482536792755127,0.006748557090759277,1.5442100763320923
0,4894,0.4754995107650757,-0.3721199631690979,1.1584192514419556,-0.0593741238117218,0.49167948961257935,-2.650996685028076,0.006844162940979004,1.536205530166626
0,4895,0.47519055008888245,-0.3721926808357239,1.1583491563796997,-0.06002947688102722,0.492814302444458,-2.653731346130371,0.006937861442565918,1.5282870531082153
0,4896,0.4748803973197937,-0.3722659945487976,1.1582767963409424,-0.060692787170410156,0.4939438998699188,-2.6564600467681885,0.007030606269836426,1.520456075668335
0,4897,0.4745694100856781,-0.3723393380641937,1.1582026481628418,-0.061363376677036285,0.495069682598114,-2.6591858863830566,0.007122397422790527,1.5123257637023926
0,4898,0.4742578864097595,-0.3724121153354645,1.1581274271011353,-0.06204000860452652,0.4961930215358734,-2.661910057067871,0.007213711738586426,1.5045418739318848
0,4899,0.47394588589668274,-0.37248361110687256,1.1580512523651123,-0.06272272020578384,0.497313529253006,-2.6646337509155273,0.00730443000793457,1.4964559078216553
0,4900,0.47363319993019104,-0.3725529909133911,1.1579736471176147,-0.0634121224284172,0.4984302222728729,-2.66735577583313,0.0073937177658081055,1.4885889291763306
0,4901,0.4733194410800934,-0.372619092464447,1.1578937768936157,-0.06410913169384003,0.49954113364219666,-2.670074462890625,0.007480621337890625,1.4806803464889526
0,4902,0.4730042815208435,-0.37268105149269104,1.1578108072280884,-0.06481463462114334,0.500645101070404,-2.672788143157959,0.007564187049865723,1.472596287727356
0,4903,0.4726875424385071,-0.3727382719516754,1.1577242612838745,-0.06552927196025848,0.5017408132553101,-2.675495147705078,0.007643699645996094,1.4644676446914673
0,4904,0.4723692536354065,-0.37279099225997925,1.1576342582702637,-0.06625275313854218,0.5028284788131714,-2.6781961917877197,0.007719516754150391,1.4561591148376465
0,4905,0.47204965353012085,-0.37283989787101746,1.1575413942337036,-0.06698441505432129,0.5039088726043701,-2.6808924674987793,0.007792353630065918,1.4476679563522339
0,4906,0.47172924876213074,-0.37288615107536316,1.1574465036392212,-0.06772278249263763,0.5049843192100525,-2.6835854053497314,0.007863044738769531,1.4391264915466309
0,4907,0.47140857577323914,-0.37293097376823425,1.1573505401611328,-0.06846749037504196,0.5060557126998901,-2.686277151107788,0.007932901382446289,1.4306710958480835
0,4908,0.4710882008075714,-0.3729759454727173,1.1572540998458862,-0.0692177340388298,0.507123589515686,-2.6889684200286865,0.008002638816833496,1.4221652746200562
0,4909,0.4707687795162201,-0.37302273511886597,1.1571578979492188,-0.06997320801019669,0.5081876516342163,-2.6916584968566895,0.00807332992553711,1.4138851165771484
0,4910,0.47045108675956726,-0.3730732202529907,1.15706205368042,-0.07073424011468887,0.5092455744743347,-2.6943459510803223,0.008145451545715332,1.4056954383850098
0,4911,0.470135897397995,-0.37312939763069153,1.1569669246673584,-0.07150159031152725,0.5102954506874084,-2.697028636932373,0.008219480514526367,1.3974578380584717
0,4912,0.46982383728027344,-0.37319278717041016,1.1568723917007446,-0.07227591425180435,0.5113348364830017,-2.699705123901367,0.008295536041259766,1.3900161981582642
0,4913,0.4695150852203369,-0.3732639253139496,1.1567786931991577,-0.07305680960416794,0.5123633146286011,-2.7023744583129883,0.00837397575378418,1.3823931217193604
0,4914,0.46920937299728394,-0.3733421564102173,1.156685709953308,-0.07384447008371353,0.5133816003799438,-2.7050375938415527,0.008454680442810059,1.375439167022705
0,4915,0.4689059555530548,-0.37342575192451477,1.1565930843353271,-0.07463841140270233,0.5143915414810181,-2.7076961994171143,0.008536934852600098,1.3681639432907104
0,4916,0.4686039686203003,-0.37351250648498535,1.1565005779266357,-0.07543785870075226,0.5153952240943909,-2.7103519439697266,0.008620142936706543,1.3612812757492065
0,4917,0.4683023691177368,-0.37360021471977234,1.1564077138900757,-0.07624199986457825,0.516395092010498,-2.7130069732666016,0.00870358943939209,1.3545079231262207
0,4918,0.46800029277801514,-0.3736867606639862,1.1563137769699097,-0.07705084979534149,0.5173910856246948,-2.7156615257263184,0.008786320686340332,1.3478459119796753
0,4919,0.4676966965198517,-0.373770147562027,1.1562172174453735,-0.07786422222852707,0.5183824300765991,-2.7183144092559814,0.008866429328918457,1.3412965536117554
0,4920,0.4673905372619629,-0.3738482594490051,1.1561163663864136,-0.07868298888206482,0.5193668603897095,-2.7209651470184326,0.008942127227783203,1.3347151279449463
0,4921,0.46708083152770996,-0.37391936779022217,1.156009554862976,-0.07950756698846817,0.5203430652618408,-2.72361159324646,0.00901174545288086,1.327953815460205
0,4922,0.46676701307296753,-0.3739822506904602,1.155895709991455,-0.08033832907676697,0.5213088989257812,-2.726252794265747,0.009073853492736816,1.3214540481567383
0,4923,0.466449111700058,-0.37403687834739685,1.1557745933532715,-0.08117491751909256,0.522264301776886,-2.728888511657715,0.009128451347351074,1.3140289783477783
0,4924,0.4661276340484619,-0.3740844130516052,1.1556475162506104,-0.08201698213815689,0.5232107639312744,-2.7315196990966797,0.009176850318908691,1.3071606159210205
0,4925,0.46580374240875244,-0.3741267919540405,1.1555159091949463,-0.08286450803279877,0.5241502523422241,-2.7341480255126953,0.009220600128173828,1.3002560138702393
0,4926,0.46547847986221313,-0.37416619062423706,1.155381679534912,-0.08371685445308685,0.5250844955444336,-2.7367753982543945,0.009261846542358398,1.2930117845535278
0,4927,0.46515291929244995,-0.3742047846317291,1.155246615409851,-0.0845731869339943,0.5260144472122192,-2.7394022941589355,0.009302735328674316,1.2863355875015259
0,4928,0.4648280143737793,-0.3742445409297943,1.15511155128479,-0.08543345332145691,0.5269396305084229,-2.7420284748077393,0.009344100952148438,1.2793185710906982
0,4929,0.46450456976890564,-0.3742876946926117,1.154977560043335,-0.08629769831895828,0.5278577208518982,-2.7446529865264893,0.009387612342834473,1.2725704908370972
0,4930,0.46418341994285583,-0.3743363916873932,1.1548449993133545,-0.08716558665037155,0.528766393661499,-2.747274160385132,0.009433627128601074,1.266404628753662
0,4931,0.46386513113975525,-0.37439242005348206,1.1547144651412964,-0.08803724497556686,0.5296624898910522,-2.7498903274536133,0.00948333740234375,1.2606743574142456
0,4932,0.46355006098747253,-0.3744564950466156,1.1545859575271606,-0.08891277760267258,0.5305451154708862,-2.7525010108947754,0.00953662395477295,1.2552298307418823
0,4933,0.4632379114627838,-0.3745281398296356,1.1544593572616577,-0.08979179710149765,0.5314145088195801,-2.75510573387146,0.009593486785888672,1.2503876686096191
0,4934,0.4629281759262085,-0.37460580468177795,1.154334306716919,-0.09067441523075104,0.5322729349136353,-2.7577061653137207,0.009653091430664062,1.2456837892532349
0,4935,0.4626200199127197,-0.3746873140335083,1.154210090637207,-0.09156044572591782,0.5331236124038696,-2.7603044509887695,0.009714603424072266,1.2414350509643555
0,4936,0.46231263875961304,-0.3747704327106476,1.1540861129760742,-0.09244976192712784,0.5339688062667847,-2.762901782989502,0.009776830673217773,1.2371717691421509
0,4937,0.4620053470134735,-0.374853253364563,1.153961181640625,-0.09334246814250946,0.5348098278045654,-2.7654988765716553,0.009838461875915527,1.2330524921417236
0,4938,0.4616975486278534,-0.3749341666698456,1.1538341045379639,-0.09423871338367462,0.5356459617614746,-2.7680959701538086,0.009897947311401367,1.229237675666809
0,4939,0.46138879656791687,-0.3750118911266327,1.1537033319473267,-0.09513814002275467,0.536475419998169,-2.7706921100616455,0.009953618049621582,1.2252514362335205
0,4940,0.46107882261276245,-0.3750852048397064,1.1535674333572388,-0.09604054689407349,0.5372963547706604,-2.7732861042022705,0.01000368595123291,1.2215726375579834
0,4941,0.46076729893684387,-0.37515324354171753,1.153424859046936,-0.0969460979104042,0.5381068587303162,-2.7758772373199463,0.01004648208618164,1.2178826332092285
0,4942,0.46045419573783875,-0.3752158582210541,1.153275728225708,-0.09785447269678116,0.5389066338539124,-2.7784650325775146,0.010082006454467773,1.2141814231872559
0,4943,0.460139662027359,-0.3752736747264862,1.1531206369400024,-0.098765529692173,0.5396960973739624,-2.7810497283935547,0.010111212730407715,1.2106305360794067
0,4944,0.4598241150379181,-0.3753277361392975,1.152961254119873,-0.09967933595180511,0.5404779314994812,-2.783632516860962,0.010135769844055176,1.2073935270309448
0,4945,0.45950794219970703,-0.3753792941570282,1.1527990102767944,-0.1005963683128357,0.5412540435791016,-2.786214828491211,0.010157346725463867,1.2039850950241089
0,4946,0.45919132232666016,-0.3754296898841858,1.1526353359222412,-0.10151668637990952,0.5420255661010742,-2.788796901702881,0.01017773151397705,1.2008930444717407
0,4947,0.4588744342327118,-0.37547996640205383,1.1524713039398193,-0.10243988037109375,0.5427923202514648,-2.7913784980773926,0.010198354721069336,1.197629690170288
0,4948,0.4585571587085724,-0.3755311071872711,1.152307391166687,-0.1033656969666481,0.5435523986816406,-2.7939584255218506,0.010220050811767578,1.1948487758636475
0,4949,0.4582394063472748,-0.37558406591415405,1.1521438360214233,-0.10429379343986511,0.5443031787872314,-2.796535015106201,0.01024329662322998,1.1918971538543701
0,4950,0.45792096853256226,-0.37563955783843994,1.1519807577133179,-0.10522391647100449,0.5450414419174194,-2.7991065979003906,0.010268807411193848,1.1895965337753296
0,4951,0.4576016664505005,-0.3756980895996094,1.151818037033081,-0.10615567117929459,0.5457659959793091,-2.8016717433929443,0.01029658317565918,1.1876208782196045
0,4952,0.4572814404964447,-0.3757595717906952,1.151655673980713,-0.10708931088447571,0.5464765429496765,-2.8042314052581787,0.010326743125915527,1.1856420040130615
0,4953,0.4569604992866516,-0.375823438167572,1.1514935493469238,-0.10802484303712845,0.547175407409668,-2.806786298751831,0.010358691215515137,1.1843209266662598
0,4954,0.45663926005363464,-0.3758886754512787,1.1513314247131348,-0.10896226763725281,0.547865629196167,-2.809338092803955,0.010391712188720703,1.1826674938201904
0,4955,0.4563179910182953,-0.37595459818840027,1.1511695384979248,-0.10990147292613983,0.5485498905181885,-2.8118882179260254,0.010425686836242676,1.1816743612289429
0,4956,0.4559970200061798,-0.3760206997394562,1.151007056236267,-0.11084302514791489,0.5492296814918518,-2.814438819885254,0.010459423065185547,1.1805144548416138
0,4957,0.4556768834590912,-0.3760868012905121,1.150843620300293,-0.11178676784038544,0.5499048233032227,-2.8169901371002197,0.010492086410522461,1.1796854734420776
0,4958,0.4553582966327667,-0.37615302205085754,1.1506783962249756,-0.11273180693387985,0.5505738258361816,-2.819542407989502,0.010522603988647461,1.1790217161178589
0,4959,0.4550419747829437,-0.3762195408344269,1.1505106687545776,-0.11367707699537277,0.5512347221374512,-2.8220949172973633,0.01055002212524414,1.1791876554489136
0,4960,0.4547283947467804,-0.3762867748737335,1.1503397226333618,-0.11462225019931793,0.5518853664398193,-2.8246471881866455,0.010573267936706543,1.1793535947799683
0,4961,0.45441779494285583,-0.37635475397109985,1.1501654386520386,-0.11556651443243027,0.5525248050689697,-2.8271994590759277,0.010592222213745117,1.180017113685608
0,4962,0.45410987734794617,-0.37642335891723633,1.1499879360198975,-0.11651074886322021,0.553154468536377,-2.829751968383789,0.010607123374938965,1.18101167678833
0,4963,0.45380404591560364,-0.37649232149124146,1.1498078107833862,-0.11745571345090866,0.5537753105163574,-2.8323044776916504,0.010618805885314941,1.1826674938201904
0,4964,0.45349937677383423,-0.37656134366989136,1.1496261358261108,-0.11840169131755829,0.554390013217926,-2.83485746383667,0.010628581047058105,1.1843209266662598
0,4965,0.4531949460506439,-0.3766299784183502,1.149443507194519,-0.11934918910264969,0.5550003051757812,-2.8374104499816895,0.010637521743774414,1.1861369609832764
0,4966,0.4528898000717163,-0.3766976594924927,1.14926016330719,-0.12029892206192017,0.5556061267852783,-2.8399627208709717,0.010646224021911621,1.188115119934082
0,4967,0.45258280634880066,-0.37676388025283813,1.149075984954834,-0.12125099450349808,0.5562063455581665,-2.8425135612487793,0.010655045509338379,1.1902543306350708
0,4968,0.4522727131843567,-0.3768279254436493,1.148890495300293,-0.12220537662506104,0.5567986369132996,-2.845060348510742,0.010663747787475586,1.1922255754470825
0,4969,0.45195841789245605,-0.37688907980918884,1.1487032175064087,-0.12316139787435532,0.5573809742927551,-2.8476014137268066,0.010672569274902344,1.1943572759628296
0,4970,0.4516391158103943,-0.37694692611694336,1.148513674736023,-0.1241191104054451,0.557951033115387,-2.850135087966919,0.01068103313446045,1.1964854001998901
0,4971,0.4513148069381714,-0.3770015239715576,1.1483218669891357,-0.12507840991020203,0.5585088133811951,-2.8526618480682373,0.010689258575439453,1.1984463930130005
0,4972,0.45098623633384705,-0.3770531713962555,1.1481281518936157,-0.12603919208049774,0.5590556859970093,-2.85518217086792,0.010697364807128906,1.200404167175293
0,4973,0.45065468549728394,-0.37710267305374146,1.1479331254959106,-0.12700147926807404,0.559594452381134,-2.857698678970337,0.01070559024810791,1.2023588418960571
0,4974,0.45032161474227905,-0.3771509528160095,1.1477372646331787,-0.12796519696712494,0.5601271390914917,-2.860213041305542,0.010713696479797363,1.204797625541687
0,4975,0.44998839497566223,-0.37719908356666565,1.1475410461425781,-0.12893007695674896,0.5606555342674255,-2.862727642059326,0.010722041130065918,1.2072314023971558
0,4976,0.44965660572052,-0.37724822759628296,1.147344946861267,-0.12989529967308044,0.5611790418624878,-2.865243673324585,0.010730385780334473,1.2094985246658325
0,4977,0.4493277966976166,-0.37729981541633606,1.1471490859985352,-0.1308591216802597,0.5616966485977173,-2.8677620887756348,0.010738492012023926,1.2127301692962646
0,4978,0.44900351762771606,-0.3773556351661682,1.1469539403915405,-0.131819486618042,0.5622056722640991,-2.870283365249634,0.01074671745300293,1.2165964841842651
0,4979,0.44868507981300354,-0.37741708755493164,1.146759271621704,-0.1327747106552124,0.56270432472229,-2.8728086948394775,0.01075434684753418,1.2214124202728271
0,4980,0.44837313890457153,-0.3774847686290741,1.146565556526184,-0.1337236613035202,0.5631913542747498,-2.8753373622894287,0.010761857032775879,1.2270070314407349
0,4981,0.4480672776699066,-0.3775584399700165,1.1463725566864014,-0.13466708362102509,0.5636672973632812,-2.8778696060180664,0.010768890380859375,1.2333698272705078
0,4982,0.4477663040161133,-0.37763676047325134,1.1461801528930664,-0.13560611009597778,0.564133882522583,-2.8804047107696533,0.01077580451965332,1.2408044338226318
0,4983,0.4474684000015259,-0.37771791219711304,1.1459881067276,-0.1365426629781723,0.5645936727523804,-2.882941722869873,0.010782599449157715,1.24882173538208
0,4984,0.44717171788215637,-0.37780001759529114,1.1457961797714233,-0.1374790221452713,0.5650486946105957,-2.88547945022583,0.01078939437866211,1.2569434642791748
0,4985,0.4468744993209839,-0.3778812885284424,1.1456036567687988,-0.13841694593429565,0.5654996633529663,-2.888017416000366,0.010795950889587402,1.2653224468231201
0,4986,0.44657498598098755,-0.3779599070549011,1.1454097032546997,-0.13935749232769012,0.5659459829330444,-2.8905537128448486,0.01080179214477539,1.273339033126831
0,4987,0.4462713897228241,-0.3780340254306793,1.1452138423919678,-0.14030057191848755,0.5663861036300659,-2.8930857181549072,0.010806918144226074,1.2814582586288452
0,4988,0.44596201181411743,-0.37810197472572327,1.145015001296997,-0.14124643802642822,0.5668178200721741,-2.8956117630004883,0.010810494422912598,1.289374589920044
0,4989,0.44564566016197205,-0.3781626224517822,1.1448125839233398,-0.14219529926776886,0.5672397613525391,-2.898130178451538,0.01081240177154541,1.2970916032791138
0,4990,0.44532203674316406,-0.3782156705856323,1.1446064710617065,-0.14314678311347961,0.567651093006134,-2.9006409645080566,0.010812520980834961,1.3043131828308105
0,4991,0.4449920654296875,-0.3782619833946228,1.1443969011306763,-0.1441005915403366,0.5680530071258545,-2.903144359588623,0.0108109712600708,1.3113455772399902
0,4992,0.4446573853492737,-0.37830308079719543,1.1441848278045654,-0.14505690336227417,0.5684477090835571,-2.9056434631347656,0.010808110237121582,1.3184889554977417
0,4993,0.44431981444358826,-0.37834101915359497,1.1439709663391113,-0.14601577818393707,0.5688367486000061,-2.9081408977508545,0.010804414749145508,1.3250033855438232
0,4994,0.4439809024333954,-0.3783780336380005,1.1437557935714722,-0.1469781994819641,0.5692223310470581,-2.910642385482788,0.010800361633300781,1.3320735692977905
0,4995,0.44364163279533386,-0.3784164488315582,1.1435389518737793,-0.14794659614562988,0.5696048736572266,-2.9131555557250977,0.0107957124710083,1.3391064405441284
0,4996,0.4433021545410156,-0.3784588873386383,1.143318772315979,-0.14892713725566864,0.5699849128723145,-2.91569447517395,0.01078951358795166,1.3466838598251343
0,4997,0.4429614245891571,-0.378508597612381,1.1430919170379639,-0.14993107318878174,0.5703634023666382,-2.9182815551757812,0.0107804536819458,1.3542189598083496
0,4998,0.44261714816093445,-0.3785686790943146,1.1428532600402832,-0.15097549557685852,0.5707426071166992,-2.920945405960083,0.010765552520751953,1.3619998693466187
0,4999,0.44226542115211487,-0.37864160537719727,1.1425961256027222,-0.15208308398723602,0.5711261034011841,-2.9237191677093506,0.010741353034973145,1.3698793649673462
0,5000,0.4419015347957611,-0.37872806191444397,1.1423134803771973,-0.1532781720161438,0.5715200901031494,-2.926632881164551,0.01070404052734375,1.3767191171646118
0,5001,0.4415207803249359,-0.37882694602012634,1.1419990062713623,-0.15458285808563232,0.571929931640625,-2.9297070503234863,0.010649681091308594,1.381968379020691
0,5002,0.44111961126327515,-0.37893593311309814,1.141648530960083,-0.1560116708278656,0.5723605155944824,-2.932948589324951,0.010575294494628906,1.38479745388031
0,5003,0.4406962990760803,-0.3790521025657654,1.1412603855133057,-0.157570481300354,0.5728141665458679,-2.9363508224487305,0.010479569435119629,1.38479745388031
0,5004,0.44025084376335144,-0.3791722357273102,1.1408344507217407,-0.15925750136375427,0.573289155960083,-2.9398953914642334,0.010361194610595703,1.3814018964767456
0,5005,0.439784437417984,-0.37929344177246094,1.1403720378875732,-0.16106581687927246,0.5737835168838501,-2.943559169769287,0.010219812393188477,1.3740156888961792
0,5006,0.4392986297607422,-0.3794128894805908,1.1398749351501465,-0.16298577189445496,0.5742922425270081,-2.9473142623901367,0.01005542278289795,1.363148808479309
0,5007,0.438795268535614,-0.37952807545661926,1.1393448114395142,-0.16500650346279144,0.574810266494751,-2.951133966445923,0.00986790657043457,1.348136305809021
0,5008,0.4382765591144562,-0.37963709235191345,1.1387840509414673,-0.16711704432964325,0.5753331780433655,-2.9549927711486816,0.009657502174377441,1.3294265270233154
0,5009,0.43774548172950745,-0.37973880767822266,1.1381958723068237,-0.16930559277534485,0.5758569836616516,-2.9588687419891357,0.009425520896911621,1.306861162185669
0,5010,0.43720564246177673,-0.3798336088657379,1.1375843286514282,-0.1715584695339203,0.576379656791687,-2.962742567062378,0.009173870086669922,1.2805416584014893
0,5011,0.43666133284568787,-0.3799228072166443,1.136954665184021,-0.173861563205719,0.5768989324569702,-2.966597557067871,0.008905649185180664,1.2514827251434326
0,5012,0.4361169934272766,-0.3800082504749298,1.1363117694854736,-0.17620082199573517,0.5774139165878296,-2.97041916847229,0.008623838424682617,1.2193278074264526
0,5013,0.4355767071247101,-0.38009169697761536,1.1356602907180786,-0.17856360971927643,0.5779231190681458,-2.9741930961608887,0.008330941200256348,1.1846513748168945
0,5014,0.43504416942596436,-0.3801747262477875,1.135003685951233,-0.18093989789485931,0.5784252882003784,-2.977905035018921,0.008028984069824219,1.148247241973877
0,5015,0.4345225691795349,-0.3802589476108551,1.1343441009521484,-0.1833210289478302,0.5789186954498291,-2.981541395187378,0.007718443870544434,1.109769582748413
0,5016,0.43401479721069336,-0.38034582138061523,1.1336830854415894,-0.18570072948932648,0.5794010162353516,-2.9850873947143555,0.007399559020996094,1.0693602561950684
0,5017,0.4335232675075531,-0.380436509847641,1.1330221891403198,-0.1880725473165512,0.5798708200454712,-2.9885306358337402,0.007072925567626953,1.0267914533615112
0,5018,0.43304991722106934,-0.38053128123283386,1.132362961769104,-0.19042932987213135,0.5803263783454895,-2.991858959197998,0.0067386627197265625,0.9823799729347229
0,5019,0.43259575963020325,-0.38062915205955505,1.131708025932312,-0.19276222586631775,0.580767035484314,-2.995063066482544,0.006398558616638184,0.9362816214561462
0,5020,0.43216103315353394,-0.3807283341884613,1.1310609579086304,-0.19506031274795532,0.5811926126480103,-2.9981346130371094,0.006055116653442383,0.889114499092102
0,5021,0.43174561858177185,-0.38082626461982727,1.1304253339767456,-0.19731226563453674,0.581602931022644,-3.0010673999786377,0.00571131706237793,0.840698778629303
0,5022,0.4313491880893707,-0.38092032074928284,1.1298047304153442,-0.19950856268405914,0.5819984674453735,-3.0038554668426514,0.005369663238525391,0.7915471196174622
0,5023,0.43097159266471863,-0.38100871443748474,1.1292011737823486,-0.20164203643798828,0.582379937171936,-3.006492853164673,0.0050318241119384766,0.7417769432067871
0,5024,0.43061283230781555,-0.38109007477760315,1.1286156177520752,-0.20370931923389435,0.5827481150627136,-3.0089733600616455,0.00469815731048584,0.6918206214904785
0,5025,0.43027299642562866,-0.38116371631622314,1.1280479431152344,-0.20571036636829376,0.5831044316291809,-3.0112905502319336,0.004368185997009277,0.6410244107246399
0,5026,0.4299522638320923,-0.3812291622161865,1.1274971961975098,-0.20764672756195068,0.5834500193595886,-3.013439416885376,0.0040405988693237305,0.5888388156890869
0,5027,0.42965075373649597,-0.3812863528728485,1.126963496208191,-0.209517702460289,0.5837852358818054,-3.0154166221618652,0.0037153959274291992,0.5363186597824097
0,5028,0.42936885356903076,-0.38133564591407776,1.1264480352401733,-0.21131835877895355,0.5841097235679626,-3.0172224044799805,0.00339353084564209,0.48254457116127014
0,5029,0.4291071593761444,-0.3813776671886444,1.125954508781433,-0.21303801238536835,0.5844213366508484,-3.0188605785369873,0.0030786991119384766,0.42887189984321594
0,5030,0.42886635661125183,-0.38141345977783203,1.1254878044128418,-0.2146615833044052,0.584717333316803,-3.020338535308838,0.002775430679321289,0.376385360956192
0,5031,0.42864707112312317,-0.38144397735595703,1.1250524520874023,-0.21617458760738373,0.5849940776824951,-3.0216641426086426,0.002488374710083008,0.32625913619995117
0,5032,0.4284495711326599,-0.381470263004303,1.1246525049209595,-0.21756567060947418,0.5852495431900024,-3.0228452682495117,0.00222170352935791,0.2783624827861786
0,5033,0.42827385663986206,-0.3814930021762848,1.1242895126342773,-0.21882905066013336,0.5854823589324951,-3.02388858795166,0.001977086067199707,0.23490244150161743
0,5034,0.42811957001686096,-0.38151267170906067,1.1239640712738037,-0.21996401250362396,0.5856924057006836,-3.024799346923828,0.0017554759979248047,0.19583526253700256
0,5035,0.4279859960079193,-0.3815295100212097,1.123674988746643,-0.2209741175174713,0.5858801603317261,-3.025583267211914,0.001556396484375,0.15949037671089172
0,5036,0.4278722405433655,-0.38154366612434387,1.1234208345413208,-0.22186417877674103,0.5860468745231628,-3.0262460708618164,0.001378774642944336,0.12820424139499664
0,5037,0.4277770519256592,-0.38155537843704224,1.1232004165649414,-0.2226381003856659,0.5861930251121521,-3.0267951488494873,0.001222372055053711,0.10087054967880249
0,5038,0.42769908905029297,-0.3815648853778839,1.1230124235153198,-0.22329893708229065,0.586318850517273,-3.02724027633667,0.0010868310928344727,0.07912936806678772
0,5039,0.4276367723941803,-0.3815724551677704,1.1228562593460083,-0.22384892404079437,0.5864242315292358,-3.0275919437408447,0.0009725093841552734,0.06255725026130676
0,5040,0.42758843302726746,-0.381578266620636,1.1227309703826904,-0.22429104149341583,0.5865098237991333,-3.0278615951538086,0.0008797645568847656,0.05233915150165558
0,5041,0.4275522828102112,-0.3815826177597046,1.1226346492767334,-0.2246313840150833,0.5865762233734131,-3.0280613899230957,0.0008077621459960938,0.04423465579748154
0,5042,0.42752647399902344,-0.3815857172012329,1.1225643157958984,-0.2248798906803131,0.5866248607635498,-3.028203010559082,0.0007547140121459961,0.04423465579748154
0,5043,0.4275091588497162,-0.38158780336380005,1.1225160360336304,-0.22505000233650208,0.5866584777832031,-3.0282974243164062,0.0007181167602539062,0.048456642776727676
0,5044,0.42749831080436707,-0.3815891444683075,1.1224853992462158,-0.22515831887722015,0.5866802930831909,-3.0283560752868652,0.0006947517395019531,0.03956468030810356
0,5045,0.4274919033050537,-0.38159000873565674,1.122466802597046,-0.22522367537021637,0.5866935849189758,-3.028390645980835,0.0006805658340454102,0.048456642776727676
0,5046,0.4274877905845642,-0.3815905749797821,1.1224546432495117,-0.22526639699935913,0.5867024660110474,-3.0284125804901123,0.0006711483001708984,0.048456642776727676
0,5047,0.42748743295669556,-0.3815906345844269,1.1224528551101685,-0.2252727895975113,0.5867039561271667,-3.028414249420166,0.0006695985794067383,0.048456642776727676
0,5048,0.4274907410144806,-0.38159024715423584,1.1224608421325684,-0.2252442091703415,0.586698591709137,-3.028395414352417,0.0006753206253051758,0.04423465579748154
0,5049,0.42749297618865967,-0.3815900981426239,1.122465968132019,-0.225225567817688,0.586695671081543,-3.0283827781677246,0.00067901611328125,0.048456642776727676
0,5050,0.42749452590942383,-0.38158997893333435,1.1224696636199951,-0.2252124547958374,0.5866934657096863,-3.028373956680298,0.000681757926940918,0.04423465579748154
0,5051,0.4274955987930298,-0.3815899193286896,1.1224721670150757,-0.22520332038402557,0.5866919755935669,-3.028367757797241,0.0006835460662841797,0.04423465579748154
0,5052,0.4274963438510895,-0.3815898299217224,1.122473955154419,-0.2251969575881958,0.5866907238960266,-3.0283634662628174,0.0006848573684692383,0.04423465579748154
0,5053,0.42749688029289246,-0.3815898001194,1.1224751472473145,-0.22519242763519287,0.5866900682449341,-3.028360605239868,0.0006856918334960938,0.04423465579748154
0,5054,0.4274972379207611,-0.38158977031707764,1.1224761009216309,-0.22518935799598694,0.5866895318031311,-3.0283584594726562,0.0006864070892333984,0.048456642776727676
0,5055,0.4274975061416626,-0.38158974051475525,1.1224766969680786,-0.22518716752529144,0.5866892337799072,-3.0283570289611816,0.0006867647171020508,0.048456642776727676
0,5056,0.4274976849555969,-0.38158974051475525,1.1224770545959473,-0.2251855731010437,0.5866888761520386,-3.0283560752868652,0.0006870031356811523,0.04423465579748154
0,5057,0.4274978041648865,-0.38158971071243286,1.122477412223816,-0.2251845896244049,0.5866888761520386,-3.028355360031128,0.0006873607635498047,0.03956468030810356
0,5058,0.42749789357185364,-0.38158971071243286,1.122477650642395,-0.22518379986286163,0.5866885781288147,-3.0283546447753906,0.0006874799728393555,0.04423465579748154
0,5059,0.4274979531764984,-0.38158971071243286,1.1224777698516846,-0.22518332302570343,0.5866885781288147,-3.0283544063568115,0.0006875991821289062,0.04423465579748154
0,5060,0.4274980127811432,-0.3815896809101105,1.1224778890609741,-0.22518290579319,0.5866885185241699,-3.0283541679382324,0.0006875991821289062,0.03956468030810356
0,5061,0.4274980425834656,-0.3815896809101105,1.1224778890609741,-0.2251826971769333,0.5866884589195251,-3.0283539295196533,0.0006875991821289062,0.03956468030810356
0,5062,0.4274980425834656,-0.3815896809101105,1.1224780082702637,-0.22518250346183777,0.5866884589195251,-3.0283539295196533,0.000687718391418457,0.04423465579748154
0,5063,0.42749807238578796,-0.3815896809101105,1.1224780082702637,-0.22518235445022583,0.586688220500946,-3.0283539295196533,0.000687718391418457,0.04423465579748154
0,5064,0.42749807238578796,-0.3815896809101105,1.1224780082702637,-0.22518226504325867,0.586688220500946,-3.028353691101074,0.000687718391418457,0.04423465579748154
0,5065,0.42749807238578796,-0.3815896809101105,1.1224780082702637,-0.2251821905374527,0.586688220500946,-3.028353691101074,0.000687718391418457,0.048456642776727676
0,5066,0.42749810218811035,-0.3815896809101105,1.1224780082702637,-0.2251821905374527,0.5866882801055908,-3.028353691101074,0.000687718391418457,0.03956468030810356
0,5067,0.42749810218811035,-0.3815896809101105,1.1224781274795532,-0.22518214583396912,0.5866882801055908,-3.028353691101074,0.0006878376007080078,0.048456642776727676
0,5068,0.42749810218811035,-0.3815896809101105,1.1224781274795532,-0.22518214583396912,0.5866882801055908,-3.028353691101074,0.0006878376007080078,0.048456642776727676
0,5069,0.42749810218811035,-0.3815896809101105,1.1224781274795532,-0.22518213093280792,0.5866882801055908,-3.028353691101074,0.0006878376007080078,0.048456642776727676
0,5070,0.42749810218811035,-0.3815896809101105,1.1224781274795532,-0.22518213093280792,0.5866882801055908,-3.028353691101074,0.0006878376007080078,0.048456642776727676
0,5071,0.42749810218811035,-0.3815896809101105,1.1224781274795532,-0.22518211603164673,0.5866882801055908,-3.028353691101074,0.0006878376007080078,0.03956468030810356
0,5072,0.42749810218811035,-0.3815896809101105,1.1224781274795532,-0.22518211603164673,0.5866882801055908,-3.028353691101074,0.0006878376007080078,0.03956468030810356
0,5073,0.42749810218811035,-0.3815896809101105,1.1224781274795532,-0.22518211603164673,0.5866882801055908,-3.028353691101074,0.0006878376007080078,0.03956468030810356
0,5074,0.42749810218811035,-0.3815896809101105,1.1224781274795532,-0.22518211603164673,0.5866882801055908,-3.028353691101074,0.0006878376007080078,0.03956468030810356
0,5075,0.42749810218811035,-0.3815896809101105,1.1224781274795532,-0.22518211603164673,0.5866882801055908,-3.028353691101074,0.0006878376007080078,0.03956468030810356
0,5076,0.42749810218811035,-0.3815896809101105,1.1224781274795532,-0.22518208622932434,0.5866882801055908,-3.028353691101074,0.0006878376007080078,0.03956468030810356
0,5077,0.42749810218811035,-0.3815896809101105,1.1224781274795532,-0.22518208622932434,0.5866882801055908,-3.028353691101074,0.0006878376007080078,0.03956468030810356
0,5078,0.42749810218811035,-0.3815896809101105,1.1224781274795532,-0.22518208622932434,0.5866882801055908,-3.028353691101074,0.0006878376007080078,0.03956468030810356
0,5079,0.42749810218811035,-0.3815896809101105,1.1224781274795532,-0.22518208622932434,0.5866882801055908,-3.028353691101074,0.0006878376007080078,0.03956468030810356
0,5080,0.42749810218811035,-0.3815896809101105,1.1224781274795532,-0.22518208622932434,0.5866882801055908,-3.028353691101074,0.0006878376007080078,0.03956468030810356
0,5081,0.42749810218811035,-0.3815896809101105,1.1224781274795532,-0.22518208622932434,0.5866882801055908,-3.028353691101074,0.0006878376007080078,0.03956468030810356
0,5082,0.42749810218811035,-0.3815896809101105,1.1224781274795532,-0.22518208622932434,0.5866882801055908,-3.028353691101074,0.0006878376007080078,0.03956468030810356
0,5083,0.42749810218811035,-0.3815896809101105,1.1224781274795532,-0.22518208622932434,0.5866882801055908,-3.028353691101074,0.0006878376007080078,0.03956468030810356
0,5084,0.42749810218811035,-0.3815896809101105,1.1224781274795532,-0.22518208622932434,0.5866882801055908,-3.028353691101074,0.0006878376007080078,0.03956468030810356
0,5085,0.42749810218811035,-0.3815896809101105,1.1224781274795532,-0.22518208622932434,0.5866882801055908,-3.028353691101074,0.0006878376007080078,0.03956468030810356
0,5086,0.42749810218811035,-0.3815896809101105,1.1224781274795532,-0.22518208622932434,0.5866882801055908,-3.028353691101074,0.0006878376007080078,0.03956468030810356
0,5087,0.42749810218811035,-0.3815896809101105,1.1224781274795532,-0.22518208622932434,0.5866882801055908,-3.028353691101074,0.0006878376007080078,0.03956468030810356
0,5088,0.42749810218811035,-0.3815896809101105,1.1224781274795532,-0.22518208622932434,0.5866882801055908,-3.028353691101074,0.0006878376007080078,0.03956468030810356
0,5089,0.42749810218811035,-0.3815896809101105,1.1224781274795532,-0.22518208622932434,0.5866882801055908,-3.028353691101074,0.0006878376007080078,0.03956468030810356
0,5090,0.42749810218811035,-0.3815896809101105,1.1224781274795532,-0.22518208622932434,0.5866882801055908,-3.028353691101074,0.0006878376007080078,0.03956468030810356
0,5091,0.42749810218811035,-0.3815896809101105,1.1224781274795532,-0.22518208622932434,0.5866882801055908,-3.028353691101074,0.0006878376007080078,0.03956468030810356
0,5092,0.42749810218811035,-0.3815896809101105,1.1224781274795532,-0.22518208622932434,0.5866882801055908,-3.028353691101074,0.0006878376007080078,0.03956468030810356
0,5093,0.42749810218811035,-0.3815896809101105,1.1224781274795532,-0.22518208622932434,0.5866882801055908,-3.028353691101074,0.0006878376007080078,0.03956468030810356
0,5094,0.42749810218811035,-0.3815896809101105,1.1224781274795532,-0.22518208622932434,0.5866882801055908,-3.028353691101074,0.0006878376007080078,0.03956468030810356
0,5095,0.42749810218811035,-0.3815896809101105,1.1224781274795532,-0.22518208622932434,0.5866882801055908,-3.028353691101074,0.0006878376007080078,0.03956468030810356
0,5096,0.42749810218811035,-0.3815896809101105,1.1224781274795532,-0.22518208622932434,0.5866882801055908,-3.028353691101074,0.0006878376007080078,0.03956468030810356
0,5097,0.42749810218811035,-0.3815896809101105,1.1224781274795532,-0.22518208622932434,0.5866882801055908,-3.028353691101074,0.0006878376007080078,0.03956468030810356
0,5098,0.42749810218811035,-0.3815896809101105,1.1224781274795532,-0.22518208622932434,0.5866882801055908,-3.028353691101074,0.0006878376007080078,0.03956468030810356
0,5099,0.42749810218811035,-0.3815896809101105,1.1224781274795532,-0.22518208622932434,0.5866882801055908,-3.028353691101074,0.0006878376007080078,0.03956468030810356
0,5100,0.42749810218811035,-0.3815896809101105,1.1224781274795532,-0.22518208622932434,0.5866882801055908,-3.028353691101074,0.0006878376007080078,0.03956468030810356
0,5101,0.42749810218811035,-0.3815896809101105,1.1224781274795532,-0.22518208622932434,0.5866882801055908,-3.028353691101074,0.0006878376007080078,0.03956468030810356
0,5102,0.42749810218811035,-0.3815896809101105,1.1224781274795532,-0.22518208622932434,0.5866882801055908,-3.028353691101074,0.0006878376007080078,0.03956468030810356
0,5103,0.42749810218811035,-0.3815896809101105,1.1224781274795532,-0.22518208622932434,0.5866882801055908,-3.028353691101074,0.0006878376007080078,0.03956468030810356
0,5104,0.42749810218811035,-0.3815896809101105,1.1224781274795532,-0.22518208622932434,0.5866882801055908,-3.028353691101074,0.0006878376007080078,0.03956468030810356
0,5105,0.42749810218811035,-0.3815896809101105,1.1224781274795532,-0.22518208622932434,0.5866882801055908,-3.028353691101074,0.0006878376007080078,0.03956468030810356
0,5106,0.42749810218811035,-0.3815896809101105,1.1224781274795532,-0.22518208622932434,0.5866882801055908,-3.028353691101074,0.0006878376007080078,0.03956468030810356
0,5107,0.42749810218811035,-0.3815896809101105,1.1224781274795532,-0.22518208622932434,0.5866882801055908,-3.028353691101074,0.0006878376007080078,0.03956468030810356
0,5108,0.42749810218811035,-0.3815896809101105,1.1224781274795532,-0.22518208622932434,0.5866882801055908,-3.028353691101074,0.0006878376007080078,0.03956468030810356
0,5109,0.42749810218811035,-0.3815896809101105,1.1224781274795532,-0.22518208622932434,0.5866882801055908,-3.028353691101074,0.0006878376007080078,0.03956468030810356
0,5110,0.42749810218811035,-0.3815896809101105,1.1224781274795532,-0.22518208622932434,0.5866882801055908,-3.028353691101074,0.0006878376007080078,0.03956468030810356
0,5111,0.42749810218811035,-0.3815896809101105,1.1224781274795532,-0.22518208622932434,0.5866882801055908,-3.028353691101074,0.0006878376007080078,0.03956468030810356
0,5112,0.42749810218811035,-0.3815896809101105,1.1224781274795532,-0.22518208622932434,0.5866882801055908,-3.028353691101074,0.0006878376007080078,0.03956468030810356
0,5113,0.42749810218811035,-0.3815896809101105,1.1224781274795532,-0.22518208622932434,0.5866882801055908,-3.028353691101074,0.0006878376007080078,0.03956468030810356
0,5114,0.42749810218811035,-0.3815896809101105,1.1224781274795532,-0.22518208622932434,0.5866882801055908,-3.028353691101074,0.0006878376007080078,0.03956468030810356
0,5115,0.42749810218811035,-0.3815896809101105,1.1224781274795532,-0.22518208622932434,0.5866882801055908,-3.028353691101074,0.0006878376007080078,0.03956468030810356
0,5116,0.42749810218811035,-0.3815896809101105,1.1224781274795532,-0.22518208622932434,0.5866882801055908,-3.028353691101074,0.0006878376007080078,0.03956468030810356
0,5117,0.42749810218811035,-0.3815896809101105,1.1224781274795532,-0.22518208622932434,0.5866882801055908,-3.028353691101074,0.0006878376007080078,0.03956468030810356
0,5118,0.42749810218811035,-0.3815896809101105,1.1224781274795532,-0.22518208622932434,0.5866882801055908,-3.028353691101074,0.0006878376007080078,0.03956468030810356
0,5119,0.42749810218811035,-0.3815896809101105,1.1224781274795532,-0.22518208622932434,0.5866882801055908,-3.028353691101074,0.0006878376007080078,0.03956468030810356
0,5120,0.42749810218811035,-0.3815896809101105,1.1224781274795532,-0.22518208622932434,0.5866882801055908,-3.028353691101074,0.0006878376007080078,0.03956468030810356
0,5121,0.42749810218811035,-0.3815896809101105,1.1224781274795532,-0.22518208622932434,0.5866882801055908,-3.028353691101074,0.0006878376007080078,0.03956468030810356
0,5122,0.42749810218811035,-0.3815896809101105,1.1224781274795532,-0.22518208622932434,0.5866882801055908,-3.028353691101074,0.0006878376007080078,0.03956468030810356
0,5123,0.42749810218811035,-0.3815896809101105,1.1224781274795532,-0.22518208622932434,0.5866882801055908,-3.028353691101074,0.0006878376007080078,0.03956468030810356
0,5124,0.42749810218811035,-0.3815896809101105,1.1224781274795532,-0.22518208622932434,0.5866882801055908,-3.028353691101074,0.0006878376007080078,0.03956468030810356
0,5125,0.42749810218811035,-0.3815896809101105,1.1224781274795532,-0.22518208622932434,0.5866882801055908,-3.028353691101074,0.0006878376007080078,0.03956468030810356
0,5126,0.42749810218811035,-0.3815896809101105,1.1224781274795532,-0.22518208622932434,0.5866882801055908,-3.028353691101074,0.0006878376007080078,0.03956468030810356
0,5127,0.42749810218811035,-0.3815896809101105,1.1224781274795532,-0.22518208622932434,0.5866882801055908,-3.028353691101074,0.0006878376007080078,0.03956468030810356
0,5128,0.42749810218811035,-0.3815896809101105,1.1224781274795532,-0.22518208622932434,0.5866882801055908,-3.028353691101074,0.0006878376007080078,0.03956468030810356
0,5129,0.42749810218811035,-0.3815896809101105,1.1224781274795532,-0.22518208622932434,0.5866882801055908,-3.028353691101074,0.0006878376007080078,0.03956468030810356
0,5130,0.42749810218811035,-0.3815896809101105,1.1224781274795532,-0.22518208622932434,0.5866882801055908,-3.028353691101074,0.0006878376007080078,0.03956468030810356
0,5131,0.42749810218811035,-0.3815896809101105,1.1224781274795532,-0.22518208622932434,0.5866882801055908,-3.028353691101074,0.0006878376007080078,0.03956468030810356
