traj_id,point_id,x,y,z,roll,pitch,yaw,pos_err,ori_err_deg
0,0,0.37294837832450867,-0.09634378552436829,1.0984865427017212,-0.17035847902297974,-0.5921016931533813,-0.16507819294929504,0.0005472898483276367,0.08392936736345291
0,1,0.3729521334171295,-0.09634419530630112,1.0984911918640137,-0.1703481376171112,-0.5921095609664917,-0.16509555280208588,0.0005451440811157227,0.08156467974185944
0,2,0.3729614317417145,-0.09634526073932648,1.0985028743743896,-0.17032265663146973,-0.5921288728713989,-0.16513875126838684,0.0005396604537963867,0.08156467974185944
0,3,0.3729782998561859,-0.09634722024202347,1.0985244512557983,-0.17027661204338074,-0.5921647548675537,-0.16521701216697693,0.0005294084548950195,0.08392936736345291
0,4,0.37300458550453186,-0.09635037183761597,1.098557949066162,-0.17020447552204132,-0.5922207236289978,-0.1653396338224411,0.0005135536193847656,0.08392936736345291
0,5,0.3730420172214508,-0.09635517001152039,1.0986063480377197,-0.1701013147830963,-0.5923011302947998,-0.16551573574543,0.0004903078079223633,0.08392936736345291
0,6,0.37309181690216064,-0.09636229276657104,1.0986719131469727,-0.16996292769908905,-0.5924100875854492,-0.16575418412685394,0.0004583597183227539,0.08392936736345291
0,7,0.37315499782562256,-0.09637273102998734,1.0987573862075806,-0.16978532075881958,-0.592551589012146,-0.16606372594833374,0.00041615962982177734,0.08156467974185944
0,8,0.3732320964336395,-0.09638771414756775,1.0988651514053345,-0.16956554353237152,-0.5927295684814453,-0.16645283997058868,0.0003618001937866211,0.08156467974185944
0,9,0.37332335114479065,-0.09640852361917496,1.0989981889724731,-0.16930115222930908,-0.5929484367370605,-0.16692931950092316,0.0002930164337158203,0.07912936806678772
0,10,0.3734288811683655,-0.09643637388944626,1.099158525466919,-0.16898967325687408,-0.5932112336158752,-0.16750043630599976,0.00020825862884521484,0.07661667466163635
0,11,0.37354907393455505,-0.09647228568792343,1.0993479490280151,-0.16862879693508148,-0.5935203433036804,-0.16817259788513184,0.0001062154769897461,0.07661667466163635
0,12,0.3736843466758728,-0.09651677310466766,1.0995678901672363,-0.1682160347700119,-0.5938787460327148,-0.16895076632499695,1.4066696166992188e-05,0.07401873916387558
0,13,0.37383541464805603,-0.09656982123851776,1.0998187065124512,-0.16774849593639374,-0.594287633895874,-0.16983866691589355,0.000152587890625,0.07401873916387558
0,14,0.37400344014167786,-0.09663092344999313,1.1000995635986328,-0.16722306609153748,-0.5947486162185669,-0.17083826661109924,0.0003076791763305664,0.07132624834775925
0,15,0.3741900324821472,-0.09669861942529678,1.100407361984253,-0.16663484275341034,-0.5952621102333069,-0.17194877564907074,0.00047588348388671875,0.07401873916387558
0,16,0.3743976652622223,-0.0967702642083168,1.1007354259490967,-0.1659768968820572,-0.5958271026611328,-0.17316703498363495,0.0006496906280517578,0.07912936806678772
0,17,0.374629408121109,-0.09684206545352936,1.1010746955871582,-0.16524077951908112,-0.5964421033859253,-0.1744868904352188,0.0008193254470825195,0.08622922748327255
0,18,0.3748886287212372,-0.09690967947244644,1.1014142036437988,-0.1644172966480255,-0.597105085849762,-0.17590032517910004,0.0009728670120239258,0.09278740733861923
0,19,0.3751783072948456,-0.09696922451257706,1.101744294166565,-0.16349822282791138,-0.5978140830993652,-0.17739973962306976,0.0011000633239746094,0.09487278014421463
0,20,0.3755000829696655,-0.09701836854219437,1.1020587682724,-0.16247932612895966,-0.5985668301582336,-0.1789797693490982,0.0011943578720092773,0.09278740733861923
0,21,0.3758537769317627,-0.09705673158168793,1.1023564338684082,-0.16136035323143005,-0.5993621945381165,-0.18063871562480927,0.0012546777725219727,0.09691328555345535
0,22,0.3762378394603729,-0.09708579629659653,1.1026403903961182,-0.16014505922794342,-0.6001991033554077,-0.18237736821174622,0.0012845993041992188,0.09278740733861923
0,23,0.37664952874183655,-0.09710828214883804,1.1029160022735596,-0.15883992612361908,-0.6010776162147522,-0.18419796228408813,0.0012903213500976562,0.08622922748327255
0,24,0.3770853877067566,-0.0971277728676796,1.1031899452209473,-0.15745258331298828,-0.6019963026046753,-0.18610353767871857,0.001279592514038086,0.07912936806678772
0,25,0.37754109501838684,-0.09714912623167038,1.103470802307129,-0.15599286556243896,-0.6029559373855591,-0.18809714913368225,0.0012621879577636719,0.07912936806678772
0,26,0.37801119685173035,-0.09717864543199539,1.103768229484558,-0.15447260439395905,-0.603956401348114,-0.19018280506134033,0.001249074935913086,0.07661667466163635
0,27,0.37848952412605286,-0.097223661839962,1.1040937900543213,-0.1529051512479782,-0.6049981713294983,-0.19236482679843903,0.0012536048889160156,0.07912936806678772
0,28,0.3789699673652649,-0.09729115664958954,1.1044578552246094,-0.15130363404750824,-0.6060818433761597,-0.19464629888534546,0.0012879371643066406,0.08846931904554367
0,29,0.379447877407074,-0.09738580137491226,1.1048671007156372,-0.1496788114309311,-0.607205331325531,-0.1970265954732895,0.0013600587844848633,0.10279206931591034
0,30,0.379921019077301,-0.09750831127166748,1.1053216457366943,-0.14803685247898102,-0.6083664894104004,-0.19949904084205627,0.0014715194702148438,0.1251145303249359
0,31,0.38038966059684753,-0.09765547513961792,1.1058154106140137,-0.14637954533100128,-0.6095598340034485,-0.2020515501499176,0.0016169548034667969,0.14803750813007355
0,32,0.38085564970970154,-0.0978212058544159,1.1063371896743774,-0.14470455050468445,-0.6107771992683411,-0.20466803014278412,0.0017859935760498047,0.17693869769573212
0,33,0.3813217580318451,-0.09799804538488388,1.1068737506866455,-0.14300884306430817,-0.6120107173919678,-0.2073293775320053,0.0019659996032714844,0.20747904479503632
0,34,0.38179144263267517,-0.09817785769701004,1.1074098348617554,-0.14128857851028442,-0.6132505536079407,-0.2100144475698471,0.0021420717239379883,0.2373882532119751
0,35,0.38226884603500366,-0.09835121035575867,1.1079277992248535,-0.13953904807567596,-0.6144861578941345,-0.21269948780536652,0.0022966861724853516,0.26834097504615784
0,36,0.3827589452266693,-0.09850746393203735,1.1084073781967163,-0.13775399327278137,-0.6157048344612122,-0.21535764634609222,0.002409815788269043,0.2960752844810486
0,37,0.3832669258117676,-0.09863585233688354,1.108828067779541,-0.13592806458473206,-0.6168947815895081,-0.21796105802059174,0.0024608373641967773,0.3208160400390625
0,38,0.3837960660457611,-0.0987277701497078,1.1091729402542114,-0.13405926525592804,-0.618043839931488,-0.22048456966876984,0.0024334192276000977,0.3426406979560852
0,39,0.38434579968452454,-0.09877947717905045,1.1094346046447754,-0.13215364515781403,-0.6191436648368835,-0.22290992736816406,0.002321600914001465,0.36045196652412415
0,40,0.38491103053092957,-0.09879322350025177,1.1096162796020508,-0.13022637367248535,-0.6201895475387573,-0.2252269834280014,0.0021311044692993164,0.376385360956192
0,41,0.3854828476905823,-0.09877604991197586,1.1097300052642822,-0.1283000409603119,-0.6211797595024109,-0.22743207216262817,0.0018777847290039062,0.39067065715789795
0,42,0.3860502243041992,-0.09873765707015991,1.1097921133041382,-0.12640100717544556,-0.6221141219139099,-0.2295251339673996,0.0015819072723388672,0.4068635106086731
0,43,0.38660144805908203,-0.09868873655796051,1.1098212003707886,-0.12455621361732483,-0.6229938268661499,-0.23150740563869476,0.0012664794921875,0.4252062439918518
0,44,0.3871243894100189,-0.09864074736833572,1.1098361015319824,-0.12279117852449417,-0.6238192915916443,-0.2333824336528778,0.000954747200012207,0.44499385356903076
0,45,0.38760659098625183,-0.09860656410455704,1.1098579168319702,-0.12112840265035629,-0.6245945692062378,-0.23515957593917847,0.0006719827651977539,0.46688130497932434
0,46,0.3880362808704376,-0.09860030561685562,1.1099106073379517,-0.11958586424589157,-0.625325620174408,-0.23685604333877563,0.0004456043243408203,0.4893895387649536
0,47,0.3884047567844391,-0.09863495826721191,1.1100167036056519,-0.11817268282175064,-0.6260221004486084,-0.23849667608737946,0.00029969215393066406,0.5131999850273132
0,48,0.38870957493782043,-0.09871847182512283,1.1101911067962646,-0.11688467860221863,-0.6266953945159912,-0.24010851979255676,0.00024831295013427734,0.5355884432792664
0,49,0.38895636796951294,-0.09885083884000778,1.1104367971420288,-0.11570436507463455,-0.6273559331893921,-0.24171441793441772,0.00029098987579345703,0.55813068151474
0,50,0.3891577124595642,-0.09902401268482208,1.1107438802719116,-0.11460371315479279,-0.6280120611190796,-0.24332822859287262,0.0004121065139770508,0.5808087587356567
0,51,0.389329731464386,-0.09922497719526291,1.1110934019088745,-0.11355189234018326,-0.6286665201187134,-0.24495439231395721,0.0005862712860107422,0.6032831072807312
0,52,0.3894883394241333,-0.09943921864032745,1.1114639043807983,-0.11252154409885406,-0.629318356513977,-0.2465895265340805,0.0007860660552978516,0.6262009143829346
0,53,0.3896479606628418,-0.09965281188488007,1.111834168434143,-0.11149100959300995,-0.6299623250961304,-0.24822531640529633,0.000985264778137207,0.6492139101028442
0,54,0.3898221254348755,-0.09985234588384628,1.1121840476989746,-0.11044328659772873,-0.6305893063545227,-0.24985016882419586,0.0011588335037231445,0.6720213294029236
0,55,0.39002448320388794,-0.10002405196428299,1.112492322921753,-0.10936341434717178,-0.6311857104301453,-0.25145038962364197,0.0012810230255126953,0.6929510831832886
0,56,0.39026856422424316,-0.10015445947647095,1.112738847732544,-0.10823804140090942,-0.631736159324646,-0.25301167368888855,0.001326918601989746,0.7110689282417297
0,57,0.3905646800994873,-0.10023310780525208,1.1129077672958374,-0.10705737769603729,-0.6322296261787415,-0.2545226514339447,0.0012770891189575195,0.7260463833808899
0,58,0.3909165561199188,-0.10025610774755478,1.1129931211471558,-0.10581836849451065,-0.6326602697372437,-0.2559792697429657,0.001124262809753418,0.7370133996009827
0,59,0.39131960272789,-0.10022782534360886,1.1130015850067139,-0.10452555865049362,-0.6330320835113525,-0.25738582015037537,0.0008767843246459961,0.745985746383667
0,60,0.3917621672153473,-0.1001596450805664,1.1129505634307861,-0.10319176316261292,-0.6333575248718262,-0.25875386595726013,0.0005559921264648438,0.7540733814239502
0,61,0.39222899079322815,-0.10006634891033173,1.112862467765808,-0.10183236747980118,-0.6336513757705688,-0.2600986063480377,0.00018990039825439453,0.7625885605812073
0,62,0.3927046060562134,-0.09996338933706284,1.1127605438232422,-0.10046344995498657,-0.6339272260665894,-0.26143625378608704,0.00019288063049316406,0.7722775936126709
0,63,0.3931742310523987,-0.0998656302690506,1.1126680374145508,-0.09910157322883606,-0.6341943740844727,-0.2627822458744049,0.0005640983581542969,0.7833467721939087
0,64,0.39362284541130066,-0.09978803247213364,1.1126078367233276,-0.0977635309100151,-0.6344575881958008,-0.264152854681015,0.0008955001831054688,0.7962301969528198
0,65,0.39403507113456726,-0.09974619001150131,1.1126041412353516,-0.09646771103143692,-0.6347180008888245,-0.265564888715744,0.0011576414108276367,0.8079403042793274
0,66,0.39439693093299866,-0.09975438565015793,1.1126792430877686,-0.09523109346628189,-0.6349758505821228,-0.26703396439552307,0.0013234615325927734,0.8185274004936218
0,67,0.394699364900589,-0.0998217761516571,1.1128473281860352,-0.09406447410583496,-0.6352298855781555,-0.2685700058937073,0.0013755559921264648,0.826141893863678
0,68,0.3949418067932129,-0.09994886070489883,1.1131093502044678,-0.09296833723783493,-0.6354809403419495,-0.2701733112335205,0.0013127326965332031,0.8306300044059753
0,69,0.39513275027275085,-0.10012708604335785,1.1134518384933472,-0.09193278849124908,-0.6357290744781494,-0.27183419466018677,0.001151442527770996,0.8322774171829224
0,70,0.39528682827949524,-0.10034170001745224,1.113851547241211,-0.09094025194644928,-0.6359736919403076,-0.2735365033149719,0.0009198188781738281,0.8322774171829224
0,71,0.3954206705093384,-0.1005757600069046,1.1142823696136475,-0.08997128903865814,-0.6362128257751465,-0.2752617299556732,0.0006496906280517578,0.8308655619621277
0,72,0.3955506980419159,-0.10081317275762558,1.1147191524505615,-0.08900778740644455,-0.6364418268203735,-0.27699318528175354,0.0003720521926879883,0.8299229741096497
0,73,0.3956926167011261,-0.10103878378868103,1.115138292312622,-0.08803367614746094,-0.6366515159606934,-0.278716117143631,0.00011622905731201172,0.828507125377655
0,74,0.39586231112480164,-0.10123730450868607,1.1155164241790771,-0.08703424036502838,-0.6368261575698853,-0.2804163992404938,8.869171142578125e-05,0.8275618553161621
0,75,0.3960758447647095,-0.10139355063438416,1.1158300638198853,-0.0859951600432396,-0.6369479894638062,-0.28208106756210327,0.00021338462829589844,0.8242448568344116
0,76,0.3963465094566345,-0.10149501264095306,1.1160597801208496,-0.08490537106990814,-0.6370005011558533,-0.28369930386543274,0.0002332925796508789,0.8199605345726013
0,77,0.3966808319091797,-0.10153573006391525,1.1161962747573853,-0.08376003801822662,-0.6369757652282715,-0.2852661907672882,0.0001367330551147461,0.8134916424751282
0,78,0.3970755636692047,-0.10151862353086472,1.1162443161010742,-0.08256279677152634,-0.6368763446807861,-0.28678417205810547,7.033348083496094e-05,0.8060004115104675
0,79,0.39751872420310974,-0.10145489126443863,1.116221308708191,-0.08132487535476685,-0.6367164254188538,-0.2882627248764038,0.0003660917282104492,0.7984389066696167
0,80,0.39799362421035767,-0.10136042535305023,1.1161515712738037,-0.08006177097558975,-0.6365152597427368,-0.2897154986858368,0.0007200241088867188,0.7920414209365845
0,81,0.39848288893699646,-0.10125166177749634,1.116060733795166,-0.07878946512937546,-0.6362908482551575,-0.2911571264266968,0.0011001825332641602,0.7878302335739136
0,82,0.3989706337451935,-0.10114405304193497,1.1159725189208984,-0.0775233805179596,-0.63605797290802,-0.29260239005088806,0.0014770030975341797,0.7853426337242126
0,83,0.3994421064853668,-0.10105212777853012,1.1159098148345947,-0.07627946883440018,-0.635826051235199,-0.29406610131263733,0.0018224716186523438,0.7833467721939087
0,84,0.39988285303115845,-0.10099036246538162,1.1158952713012695,-0.07507386803627014,-0.6356008648872375,-0.2955644130706787,0.0021088123321533203,0.7818465828895569
0,85,0.4002794921398163,-0.10097229480743408,1.1159502267837524,-0.07392213493585587,-0.6353866457939148,-0.29711252450942993,0.002310037612915039,0.7773285508155823
0,86,0.4006226062774658,-0.10100740194320679,1.1160897016525269,-0.072835274040699,-0.6351855397224426,-0.2987212836742401,0.0024079084396362305,0.7692310810089111
0,87,0.400909960269928,-0.1010979562997818,1.1163170337677002,-0.07181548327207565,-0.6349977254867554,-0.30039337277412415,0.0023981332778930664,0.7556287050247192
0,88,0.4011476933956146,-0.10123776644468307,1.1166225671768188,-0.07085537910461426,-0.6348217725753784,-0.30212172865867615,0.0022927522659301758,0.7380746006965637
0,89,0.40134817361831665,-0.10141431540250778,1.116986632347107,-0.06993994116783142,-0.6346545219421387,-0.3038921654224396,0.0021153688430786133,0.7168245315551758
0,90,0.4015263319015503,-0.10161245614290237,1.1173852682113647,-0.069051094353199,-0.6344906091690063,-0.30568745732307434,0.0018954277038574219,0.6932334303855896
0,91,0.4016967713832855,-0.10181742161512375,1.1177947521209717,-0.06817139685153961,-0.6343251466751099,-0.30749112367630005,0.001661539077758789,0.6693956255912781
0,92,0.4018729627132416,-0.10201555490493774,1.118193507194519,-0.06728482991456985,-0.634150505065918,-0.30928835272789,0.0014399290084838867,0.6458899974822998
0,93,0.4020681083202362,-0.1021934524178505,1.11855947971344,-0.066375732421875,-0.6339566707611084,-0.3110652565956116,0.0012574195861816406,0.6243232488632202
0,94,0.40229547023773193,-0.10233769565820694,1.1188709735870361,-0.06542836129665375,-0.6337337493896484,-0.3128082752227783,0.0011402368545532227,0.6045790910720825
0,95,0.40256649255752563,-0.1024366095662117,1.1191085577011108,-0.06442978978157043,-0.6334701776504517,-0.31450560688972473,0.0011118650436401367,0.5878410339355469
0,96,0.4028877913951874,-0.10248356312513351,1.1192615032196045,-0.06337277591228485,-0.6331605315208435,-0.3161505162715912,0.001185297966003418,0.5747125744819641
0,97,0.4032582938671112,-0.10247958451509476,1.1193314790725708,-0.0622592493891716,-0.6328049302101135,-0.31774401664733887,0.0013585090637207031,0.5664823055267334
0,98,0.4036695659160614,-0.10243336111307144,1.1193327903747559,-0.06109977886080742,-0.6324111223220825,-0.3192945122718811,0.001614212989807129,0.5630175471305847
0,99,0.4041084349155426,-0.10235828161239624,1.119287133216858,-0.05991053581237793,-0.6319897174835205,-0.3208155632019043,0.0019261837005615234,0.5640591979026794
0,100,0.40456071496009827,-0.10226892679929733,1.1192182302474976,-0.058708276599645615,-0.631553590297699,-0.3223215639591217,0.0022658109664916992,0.5692389607429504
0,101,0.40501323342323303,-0.10217921435832977,1.1191486120224,-0.05750829353928566,-0.6311140060424805,-0.3238261044025421,0.0026061534881591797,0.5774299502372742
0,102,0.4054534435272217,-0.10210239142179489,1.1190990209579468,-0.05632437393069267,-0.6306792497634888,-0.3253426253795624,0.0029221773147583008,0.58650803565979
0,103,0.40586861968040466,-0.10205196589231491,1.1190905570983887,-0.055169958621263504,-0.6302590370178223,-0.3268844485282898,0.0031887292861938477,0.5941319465637207
0,104,0.40624651312828064,-0.10204124450683594,1.1191438436508179,-0.05405746400356293,-0.6298608779907227,-0.32846492528915405,0.003381013870239258,0.5974162817001343
0,105,0.40657758712768555,-0.1020805686712265,1.119274616241455,-0.052996501326560974,-0.6294910907745361,-0.330094575881958,0.0034803152084350586,0.5964328646659851
0,106,0.40685826539993286,-0.10217378288507462,1.1194887161254883,-0.051989879459142685,-0.6291518807411194,-0.33177727460861206,0.003479599952697754,0.5878410339355469
0,107,0.40709245204925537,-0.1023164838552475,1.1197795867919922,-0.0510329008102417,-0.6288406252861023,-0.33350855112075806,0.0033866167068481445,0.5726661086082458
0,108,0.4072902798652649,-0.10249751061201096,1.1201298236846924,-0.050114523619413376,-0.6285505294799805,-0.33527785539627075,0.0032221078872680664,0.5514293313026428
0,109,0.4074653685092926,-0.10270238667726517,1.1205172538757324,-0.04922029748558998,-0.6282734870910645,-0.33707064390182495,0.0030126571655273438,0.5278605222702026
0,110,0.4076312184333801,-0.10291644185781479,1.1209193468093872,-0.04833592474460602,-0.6280006170272827,-0.3388725817203522,0.002785205841064453,0.5028000473976135
0,111,0.4078005254268646,-0.10312618315219879,1.1213154792785645,-0.04744792729616165,-0.6277236342430115,-0.34067079424858093,0.002564549446105957,0.4784723222255707
0,112,0.40798577666282654,-0.10331866890192032,1.121685266494751,-0.04654286056756973,-0.6274336576461792,-0.3424532115459442,0.002375483512878418,0.4562833309173584
0,113,0.4081993103027344,-0.10348100960254669,1.1220088005065918,-0.04560735076665878,-0.6271218061447144,-0.34420815110206604,0.002241849899291992,0.4387945830821991
0,114,0.40845248103141785,-0.1036016121506691,1.1222681999206543,-0.044629473239183426,-0.6267796754837036,-0.3459252417087555,0.0021857023239135742,0.42932793498039246
0,115,0.40875256061553955,-0.1036730632185936,1.122451901435852,-0.04360172897577286,-0.6264023780822754,-0.34759747982025146,0.0022208690643310547,0.4265845715999603
0,116,0.4090999662876129,-0.1036948710680008,1.1225590705871582,-0.04252408444881439,-0.6259893178939819,-0.34922438859939575,0.002348661422729492,0.4343124032020569
0,117,0.4094882011413574,-0.10367389768362045,1.1226003170013428,-0.04140437766909599,-0.6255444288253784,-0.3508121371269226,0.00255584716796875,0.4484977722167969
0,118,0.4099057614803314,-0.10362213850021362,1.1225943565368652,-0.040255751460790634,-0.625076413154602,-0.3523715138435364,0.002820134162902832,0.47063809633255005
0,119,0.4103397727012634,-0.10355312377214432,1.1225624084472656,-0.03909287601709366,-0.624595582485199,-0.35391461849212646,0.0031156539916992188,0.49495550990104675
0,120,0.4107780456542969,-0.10347946733236313,1.1225241422653198,-0.037929195910692215,-0.62410968542099,-0.3554535508155823,0.0034188032150268555,0.5218957662582397
0,121,0.4112098217010498,-0.1034126952290535,1.122498631477356,-0.036777034401893616,-0.6236276626586914,-0.3569997251033783,0.0037069320678710938,0.5482263565063477
0,122,0.4116249084472656,-0.10336396098136902,1.1225041151046753,-0.03564828634262085,-0.6231573820114136,-0.3585648536682129,0.003958344459533691,0.5719823241233826
0,123,0.412013441324234,-0.10334406048059464,1.1225589513778687,-0.034554507583379745,-0.622706413269043,-0.36016106605529785,0.004151701927185059,0.5901665091514587
0,124,0.41236740350723267,-0.10336187481880188,1.122678279876709,-0.03350461274385452,-0.622282087802887,-0.36179813742637634,0.00426936149597168,0.6026340126991272
0,125,0.4126828908920288,-0.10342156141996384,1.1228691339492798,-0.03250287100672722,-0.6218869686126709,-0.3634810447692871,0.004303097724914551,0.6068403720855713
0,126,0.41296184062957764,-0.10352099686861038,1.123128056526184,-0.0315464548766613,-0.6215200424194336,-0.3652075231075287,0.004256844520568848,0.6049026250839233
0,127,0.41321131587028503,-0.10365229099988937,1.1234416961669922,-0.030626429244875908,-0.621175229549408,-0.3669688403606415,0.004146218299865723,0.5974162817001343
0,128,0.41344141960144043,-0.1038043424487114,1.123790979385376,-0.029730547219514847,-0.6208445429801941,-0.36875295639038086,0.003993511199951172,0.5855063796043396
0,129,0.41366270184516907,-0.10396567732095718,1.1241564750671387,-0.02884603850543499,-0.6205198168754578,-0.37054702639579773,0.0038216114044189453,0.5719823241233826
0,130,0.4138847291469574,-0.1041257455945015,1.1245198249816895,-0.02796105481684208,-0.6201919317245483,-0.37233999371528625,0.003651857376098633,0.5595313310623169
0,131,0.4141165614128113,-0.10427479445934296,1.1248644590377808,-0.02706427499651909,-0.6198525428771973,-0.3741215467453003,0.0035037994384765625,0.5496521592140198
0,132,0.4143672287464142,-0.10440333187580109,1.125173568725586,-0.026144377887248993,-0.6194931268692017,-0.37588247656822205,0.003397226333618164,0.5435665845870972
0,133,0.41464507579803467,-0.10450254380702972,1.1254321336746216,-0.025190791115164757,-0.6191061735153198,-0.3776138722896576,0.003349781036376953,0.543926477432251
0,134,0.4149559736251831,-0.1045663058757782,1.125629186630249,-0.024196600541472435,-0.6186850070953369,-0.379309743642807,0.0033746957778930664,0.5510743856430054
0,135,0.41530129313468933,-0.10459309816360474,1.1257619857788086,-0.02316027693450451,-0.6182283163070679,-0.38096851110458374,0.0034748315811157227,0.5650989413261414
0,136,0.41567736864089966,-0.1045868769288063,1.1258375644683838,-0.022087078541517258,-0.6177392601966858,-0.3825940489768982,0.003641963005065918,0.5855063796043396
0,137,0.4160764217376709,-0.1045558974146843,1.1258699893951416,-0.020987344905734062,-0.6172252893447876,-0.3841942548751831,0.0038596391677856445,0.6103770732879639
0,138,0.4164891541004181,-0.10451018810272217,1.1258769035339355,-0.01987321488559246,-0.6166961193084717,-0.385778546333313,0.004106998443603516,0.6382712125778198
0,139,0.4169060289859772,-0.10445968806743622,1.1258748769760132,-0.01875615492463112,-0.6161599159240723,-0.38735687732696533,0.0043642520904541016,0.6667596101760864
0,140,0.4173179566860199,-0.10441403090953827,1.1258801221847534,-0.017646579071879387,-0.6156242489814758,-0.388938307762146,0.0046122074127197266,0.6949249505996704
0,141,0.4177156388759613,-0.1043831929564476,1.1259084939956665,-0.01655394211411476,-0.6150966882705688,-0.39053234457969666,0.004832267761230469,0.720364511013031
0,142,0.41808927059173584,-0.10437730699777603,1.1259756088256836,-0.015487397089600563,-0.6145833730697632,-0.3921486735343933,0.005005240440368652,0.7415131330490112
0,143,0.41843023896217346,-0.10440553724765778,1.1260956525802612,-0.014454959891736507,-0.6140905022621155,-0.3937961161136627,0.005114316940307617,0.7574392557144165
0,144,0.4187335968017578,-0.10447302460670471,1.1262766122817993,-0.013460525311529636,-0.6136209964752197,-0.39547958970069885,0.005149960517883301,0.766683042049408
0,145,0.41899994015693665,-0.10457892715930939,1.1265170574188232,-0.012502887286245823,-0.6131739616394043,-0.3971984088420868,0.005113720893859863,0.7702479362487793
0,146,0.419235497713089,-0.10471662878990173,1.1268068552017212,-0.011575829237699509,-0.6127456426620483,-0.3989465534687042,0.005017876625061035,0.7682129144668579
0,147,0.41944995522499084,-0.10487597435712814,1.127130389213562,-0.010670102201402187,-0.6123297810554504,-0.400714635848999,0.004881024360656738,0.7628450393676758
0,148,0.41965383291244507,-0.10504598915576935,1.1274707317352295,-0.009775604121387005,-0.6119194030761719,-0.4024922251701355,0.004723668098449707,0.7569223642349243
0,149,0.4198567271232605,-0.10521670430898666,1.1278120279312134,-0.00888342410326004,-0.6115067005157471,-0.4042709171772003,0.004564881324768066,0.7504316568374634
0,150,0.42006751894950867,-0.10537917166948318,1.1281405687332153,-0.007985281758010387,-0.6110852360725403,-0.40604326128959656,0.004421234130859375,0.7454609274864197
0,151,0.4202949106693268,-0.10552471876144409,1.128442406654358,-0.007073342800140381,-0.6106471419334412,-0.407802551984787,0.004309892654418945,0.7433580756187439
0,152,0.42054715752601624,-0.10564518719911575,1.1287046670913696,-0.0061400942504405975,-0.6101853847503662,-0.40954306721687317,0.004246354103088379,0.745985746383667
0,153,0.4208306074142456,-0.10573429614305496,1.1289169788360596,-0.005180036183446646,-0.6096934080123901,-0.4112599194049835,0.004243254661560059,0.7527747750282288
0,154,0.42114776372909546,-0.10578969866037369,1.1290757656097412,-0.00419135857373476,-0.6091693639755249,-0.4129519462585449,0.004305005073547363,0.7651501893997192
0,155,0.4214959442615509,-0.10581401735544205,1.1291851997375488,-0.00317688868381083,-0.6086151599884033,-0.41462036967277527,0.004426479339599609,0.7825970649719238
0,156,0.4218684434890747,-0.10581409186124802,1.1292561292648315,-0.002143481280654669,-0.6080372333526611,-0.4162701666355133,0.004594564437866211,0.8030818700790405
0,157,0.4222562909126282,-0.10579872876405716,1.129302740097046,-0.0010995441116392612,-0.6074433922767639,-0.4179076850414276,0.004791975021362305,0.8259050250053406
0,158,0.4226505756378174,-0.10577671974897385,1.1293390989303589,-5.3295312682166696e-05,-0.6068415641784668,-0.41953927278518677,0.005001425743103027,0.8499580025672913
0,159,0.42304331064224243,-0.10575606673955917,1.1293787956237793,0.0009881987934932113,-0.6062391996383667,-0.4211713969707489,0.005206704139709473,0.8733488917350769
0,160,0.423427015542984,-0.10574417561292648,1.1294344663619995,0.002018246566876769,-0.6056416034698486,-0.4228106439113617,0.005392551422119141,0.8952555656433105
0,161,0.42379429936408997,-0.105748251080513,1.1295183897018433,0.0030308605637401342,-0.6050536632537842,-0.42446374893188477,0.005544304847717285,0.9149296283721924
0,162,0.4241386353969574,-0.1057746559381485,1.1296417713165283,0.0040208990685641766,-0.6044800281524658,-0.426137238740921,0.005648493766784668,0.9308319091796875
0,163,0.42445582151412964,-0.10582748800516129,1.1298123598098755,0.004985119216144085,-0.6039239168167114,-0.42783477902412415,0.005695819854736328,0.942530632019043
0,164,0.4247456192970276,-0.10590705275535583,1.1300303936004639,0.005923502612859011,-0.603384792804718,-0.42955708503723145,0.005686163902282715,0.950798749923706
0,165,0.4250117540359497,-0.10600955784320831,1.1302893161773682,0.006839593406766653,-0.6028605699539185,-0.431300550699234,0.00562739372253418,0.9553157687187195
0,166,0.42526084184646606,-0.10612847656011581,1.1305774450302124,0.007739072199910879,-0.6023467183113098,-0.43305885791778564,0.005533337593078613,0.9573619365692139
0,167,0.4255005717277527,-0.1062563806772232,1.130881905555725,0.008628498762845993,-0.6018377542495728,-0.434825599193573,0.005419492721557617,0.9581791162490845
0,168,0.42573806643486023,-0.10638630390167236,1.1311898231506348,0.009513250552117825,-0.6013280749320984,-0.43659457564353943,0.005301356315612793,0.9587916135787964
0,169,0.4259801506996155,-0.10651198029518127,1.1314902305603027,0.010398415848612785,-0.6008119583129883,-0.438361257314682,0.005192160606384277,0.9598115086555481
0,170,0.42623353004455566,-0.10662730783224106,1.1317719221115112,0.011288421228528023,-0.6002835631370544,-0.44012251496315,0.00510561466217041,0.9626615643501282
0,171,0.4265049397945404,-0.10672637075185776,1.1320242881774902,0.012187352403998375,-0.5997363328933716,-0.44187530875205994,0.0050547122955322266,0.9673253893852234
0,172,0.42679980397224426,-0.10680440068244934,1.1322382688522339,0.013098353520035744,-0.599164605140686,-0.44361743330955505,0.005050539970397949,0.9745806455612183
0,173,0.4271208643913269,-0.10685911029577255,1.1324095726013184,0.014022269286215305,-0.5985657572746277,-0.4453483819961548,0.005098462104797363,0.9855619072914124
0,174,0.42746686935424805,-0.10689153522253036,1.1325403451919556,0.01495830062776804,-0.5979406833648682,-0.44706806540489197,0.005195736885070801,0.9989718794822693
0,175,0.42783308029174805,-0.10690594464540482,1.1326384544372559,0.015903126448392868,-0.5972949862480164,-0.44877833127975464,0.0053327083587646484,1.0149070024490356
0,176,0.4282127022743225,-0.10690832138061523,1.132714867591858,0.016852159053087234,-0.5966349840164185,-0.45048168301582336,0.005495905876159668,1.0319242477416992
0,177,0.42859894037246704,-0.10690472275018692,1.1327813863754272,0.01780146360397339,-0.5959674715995789,-0.45218098163604736,0.005671143531799316,1.0501569509506226
0,178,0.42898571491241455,-0.10690035670995712,1.1328483819961548,0.018747767433524132,-0.5952982902526855,-0.45387914776802063,0.00584566593170166,1.0678954124450684
0,179,0.42936772108078003,-0.10689974576234818,1.1329257488250732,0.019688300788402557,-0.5946310758590698,-0.4555790424346924,0.006007552146911621,1.0853439569473267
0,180,0.429740309715271,-0.10690703988075256,1.1330235004425049,0.020621228963136673,-0.5939708948135376,-0.4572840929031372,0.0061452388763427734,1.1016286611557007
0,181,0.43009915947914124,-0.10692586749792099,1.1331504583358765,0.021544836461544037,-0.5933208465576172,-0.45899757742881775,0.0062482357025146484,1.116099238395691
0,182,0.4304412007331848,-0.106958769261837,1.1333130598068237,0.022457977756857872,-0.5926827192306519,-0.4607219994068146,0.006309032440185547,1.1288257837295532
0,183,0.4307657480239868,-0.10700635612010956,1.1335129737854004,0.023360725492239,-0.5920573472976685,-0.4624578356742859,0.006325721740722656,1.1391792297363281
0,184,0.4310745894908905,-0.10706693679094315,1.1337460279464722,0.024254122748970985,-0.5914433002471924,-0.46420368552207947,0.006303191184997559,1.1480767726898193
0,185,0.4313715100288391,-0.1071373000741005,1.134003758430481,0.0251398216933012,-0.5908370018005371,-0.46595701575279236,0.006251215934753418,1.1555520296096802
0,186,0.4316609799861908,-0.10721375793218613,1.1342766284942627,0.026019880548119545,-0.590234637260437,-0.46771448850631714,0.006181120872497559,1.1623060703277588
0,187,0.4319467544555664,-0.10729322582483292,1.1345547437667847,0.026895763352513313,-0.5896322131156921,-0.46947336196899414,0.006104111671447754,1.1683512926101685
0,188,0.4322313964366913,-0.1073736846446991,1.1348298788070679,0.027768876403570175,-0.5890253782272339,-0.471232146024704,0.006029486656188965,1.1748650074005127
0,189,0.4325164258480072,-0.10745413601398468,1.1350940465927124,0.028640106320381165,-0.588408887386322,-0.47299012541770935,0.0059659481048583984,1.1813430786132812
0,190,0.43280261754989624,-0.10753430426120758,1.135339617729187,0.02951039746403694,-0.587776243686676,-0.47474756836891174,0.005921363830566406,1.1882797479629517
0,191,0.4330903887748718,-0.10761424899101257,1.135560393333435,0.030380381271243095,-0.5871232748031616,-0.4765051603317261,0.0059021711349487305,1.1961582899093628
0,192,0.43337976932525635,-0.1076941192150116,1.135752558708191,0.03125018626451492,-0.5864462852478027,-0.47826284170150757,0.005912423133850098,1.204797625541687
0,193,0.4336707592010498,-0.1077740415930748,1.1359167098999023,0.032119493931531906,-0.5857459902763367,-0.4800208508968353,0.005951523780822754,1.2143425941467285
0,194,0.4339630603790283,-0.1078539565205574,1.1360576152801514,0.0329878032207489,-0.5850256681442261,-0.4817785918712616,0.006014347076416016,1.2246124744415283
0,195,0.4342564642429352,-0.10793371498584747,1.136182427406311,0.03385421261191368,-0.5842912197113037,-0.4835357069969177,0.006093740463256836,1.2351138591766357
0,196,0.434550940990448,-0.10801298916339874,1.1362992525100708,0.0347183421254158,-0.5835490226745605,-0.48529180884361267,0.00618135929107666,1.2459979057312012
0,197,0.4348467290401459,-0.10809113085269928,1.1364150047302246,0.03557981550693512,-0.5828039646148682,-0.4870465397834778,0.006270289421081543,1.2570991516113281
0,198,0.43514484167099,-0.10816711187362671,1.1365364789962769,0.0364387221634388,-0.5820600986480713,-0.4888002574443817,0.006353974342346191,1.267948865890503
0,199,0.43544673919677734,-0.10823946446180344,1.1366698741912842,0.037295930087566376,-0.5813205242156982,-0.4905538260936737,0.006426811218261719,1.2790125608444214
0,200,0.43575412034988403,-0.10830660164356232,1.1368212699890137,0.038152117282152176,-0.5805883407592773,-0.49230802059173584,0.0064830780029296875,1.289526343345642
0,201,0.43606847524642944,-0.10836710035800934,1.1369953155517578,0.03900805115699768,-0.5798652172088623,-0.4940634071826935,0.006518840789794922,1.3002560138702393
0,202,0.43639034032821655,-0.10842037945985794,1.1371935606002808,0.0398641861975193,-0.5791516900062561,-0.49582093954086304,0.006532430648803711,1.31074857711792
0,203,0.43671905994415283,-0.10846688598394394,1.1374140977859497,0.04072021320462227,-0.5784468054771423,-0.49757957458496094,0.006525635719299316,1.3213059902191162
0,204,0.4370531439781189,-0.1085081398487091,1.1376519203186035,0.04157516732811928,-0.5777484774589539,-0.49933910369873047,0.006502985954284668,1.3314857482910156
0,205,0.43739041686058044,-0.10854608565568924,1.137900710105896,0.042428094893693924,-0.5770541429519653,-0.5010986924171448,0.0064699649810791016,1.341879963874817
0,206,0.4377284646034241,-0.10858287662267685,1.1381540298461914,0.043277740478515625,-0.5763599276542664,-0.5028583407402039,0.006432294845581055,1.3521944284439087
0,207,0.4380646347999573,-0.10862089693546295,1.1384060382843018,0.04412276670336723,-0.5756621360778809,-0.5046185851097107,0.006394743919372559,1.3624308109283447
0,208,0.43839576840400696,-0.10866290330886841,1.1386516094207764,0.04496106877923012,-0.5749562978744507,-0.5063812732696533,0.00636136531829834,1.3723056316375732
0,209,0.43871843814849854,-0.10871197283267975,1.1388858556747437,0.04579082876443863,-0.5742382407188416,-0.5081493258476257,0.006336092948913574,1.3818267583847046
0,210,0.4390293061733246,-0.10877104103565216,1.1391046047210693,0.04660983011126518,-0.5735032558441162,-0.5099252462387085,0.006321907043457031,1.3911420106887817
0,211,0.43932613730430603,-0.10884204506874084,1.1393051147460938,0.047416750341653824,-0.5727480053901672,-0.5117113590240479,0.0063207149505615234,1.3996964693069458
0,212,0.43960869312286377,-0.10892516374588013,1.1394871473312378,0.0482114776968956,-0.5719720125198364,-0.5135075449943542,0.006332755088806152,1.4075040817260742
0,213,0.43987902998924255,-0.1090187355875969,1.1396533250808716,0.04899512603878975,-0.5711785554885864,-0.5153123140335083,0.006356239318847656,1.4148536920547485
0,214,0.4401407539844513,-0.10911966115236282,1.139807939529419,0.04976979270577431,-0.5703718662261963,-0.5171225666999817,0.006388068199157715,1.422027587890625
0,215,0.44039812684059143,-0.10922431200742722,1.1399561166763306,0.050537802278995514,-0.5695571899414062,-0.5189353823661804,0.006424546241760254,1.428891658782959
0,216,0.4406557083129883,-0.10932894051074982,1.1401022672653198,0.05130182206630707,-0.568739652633667,-0.5207481980323792,0.006463050842285156,1.4359956979751587
0,217,0.440918505191803,-0.1094294935464859,1.1402504444122314,0.05206412449479103,-0.5679219365119934,-0.5225589871406555,0.006501197814941406,1.4432002305984497
0,218,0.4411922097206116,-0.10952150821685791,1.1404038667678833,0.052827443927526474,-0.5671062469482422,-0.5243667960166931,0.006537795066833496,1.4509085416793823
0,219,0.44148293137550354,-0.10960030555725098,1.1405659914016724,0.05359431728720665,-0.5662950277328491,-0.5261710286140442,0.006571531295776367,1.458978533744812
0,220,0.4417959749698639,-0.10966185480356216,1.1407397985458374,0.054366935044527054,-0.5654904842376709,-0.5279709100723267,0.006601572036743164,1.4679378271102905
0,221,0.44213396310806274,-0.10970405489206314,1.1409263610839844,0.055146243423223495,-0.5646928548812866,-0.5297665596008301,0.006627559661865234,1.4777698516845703
0,222,0.442495733499527,-0.10972768068313599,1.141124963760376,0.05593182519078255,-0.5639016628265381,-0.531558096408844,0.00664973258972168,1.4885889291763306
0,223,0.4428766071796417,-0.10973630100488663,1.1413331031799316,0.05672118812799454,-0.5631152987480164,-0.5333457589149475,0.006668686866760254,1.5001131296157837
0,224,0.4432699382305145,-0.10973501205444336,1.1415473222732544,0.05751141160726547,-0.5623322129249573,-0.535130500793457,0.006685614585876465,1.5123257637023926
0,225,0.4436686933040619,-0.10972917824983597,1.1417644023895264,0.05829950049519539,-0.5615493059158325,-0.5369135141372681,0.006700992584228516,1.5246975421905518
0,226,0.4440658688545227,-0.10972411930561066,1.1419812440872192,0.05908231437206268,-0.5607634782791138,-0.5386967658996582,0.006715297698974609,1.537224292755127
0,227,0.4444546103477478,-0.10972518473863602,1.1421953439712524,0.05985641106963158,-0.5599715709686279,-0.5404834151268005,0.006728768348693848,1.5495234727859497
0,228,0.44482773542404175,-0.10973790287971497,1.1424046754837036,0.060618408024311066,-0.5591691136360168,-0.5422772765159607,0.0067408084869384766,1.560973882675171
0,229,0.4451783001422882,-0.10976759344339371,1.1426070928573608,0.0613650307059288,-0.5583512187004089,-0.5440825819969177,0.0067511796951293945,1.5714694261550903
0,230,0.4455013871192932,-0.10981819778680801,1.1428015232086182,0.0620935820043087,-0.5575146675109863,-0.5459023714065552,0.0067594051361083984,1.580162525177002
0,231,0.4457956552505493,-0.10989071428775787,1.1429874897003174,0.06280362606048584,-0.556658923625946,-0.5477376580238342,0.0067653656005859375,1.5870827436447144
0,232,0.44606417417526245,-0.10998279601335526,1.143165946006775,0.06349674612283707,-0.5557854771614075,-0.5495864152908325,0.006769537925720215,1.5928674936294556
0,233,0.44631338119506836,-0.11008957773447037,1.1433390378952026,0.0641762837767601,-0.5548986792564392,-0.5514450669288635,0.0067719221115112305,1.5976518392562866
0,234,0.4465509355068207,-0.11020514369010925,1.1435086727142334,0.06484587490558624,-0.5540028810501099,-0.5533089637756348,0.00677335262298584,1.6016888618469238
0,235,0.44678443670272827,-0.11032376438379288,1.1436775922775269,0.0655098408460617,-0.5531029105186462,-0.5551738739013672,0.006773948669433594,1.6057157516479492
0,236,0.4470207691192627,-0.11044032871723175,1.143847942352295,0.06617172062397003,-0.5522012710571289,-0.5570367574691772,0.006773829460144043,1.6100972890853882
0,237,0.44726651906967163,-0.11055003106594086,1.1440222263336182,0.06683556735515594,-0.5512996912002563,-0.5588951706886292,0.0067729949951171875,1.614951729774475
0,238,0.44752833247184753,-0.11064819991588593,1.1442031860351562,0.06750492751598358,-0.5503983497619629,-0.5607472658157349,0.006770968437194824,1.620757818222046
0,239,0.4478118121623993,-0.11073081195354462,1.1443930864334106,0.06818345189094543,-0.5494976043701172,-0.5625916719436646,0.006767749786376953,1.6281064748764038
0,240,0.4481203854084015,-0.11079556494951248,1.144593596458435,0.06887301057577133,-0.5485976934432983,-0.5644274353981018,0.0067626237869262695,1.6367379426956177
0,241,0.44845345616340637,-0.11084268242120743,1.1448043584823608,0.0695732980966568,-0.5476985573768616,-0.5662547945976257,0.0067555904388427734,1.6466319561004639
0,242,0.4488068222999573,-0.11087510734796524,1.145023226737976,0.07028096169233322,-0.5467990636825562,-0.5680747032165527,0.00674748420715332,1.6578840017318726
0,243,0.44917404651641846,-0.11089735478162766,1.1452475786209106,0.07099233567714691,-0.5458994507789612,-0.5698888897895813,0.006738185882568359,1.6699979305267334
0,244,0.4495481550693512,-0.11091440171003342,1.145474910736084,0.07170295715332031,-0.5449994206428528,-0.5717001557350159,0.006727814674377441,1.6824899911880493
0,245,0.44992244243621826,-0.11093100905418396,1.1457022428512573,0.0724082738161087,-0.5440968871116638,-0.5735108852386475,0.0067168474197387695,1.6950055360794067
0,246,0.45029059052467346,-0.11095169186592102,1.1459271907806396,0.07310392707586288,-0.5431897640228271,-0.5753253698348999,0.006705641746520996,1.7073146104812622
0,247,0.4506462812423706,-0.11098126322031021,1.1461479663848877,0.07378489524126053,-0.5422751903533936,-0.5771484971046448,0.006693482398986816,1.7187387943267822
0,248,0.4509831964969635,-0.11102436482906342,1.146362543106079,0.07444611936807632,-0.5413495302200317,-0.5789855122566223,0.006680607795715332,1.7287296056747437
0,249,0.4512965977191925,-0.11108462512493134,1.1465696096420288,0.07508387416601181,-0.5404098629951477,-0.5808408856391907,0.006666660308837891,1.7368613481521606
0,250,0.4515845477581024,-0.1111634224653244,1.1467684507369995,0.07569682598114014,-0.5394549369812012,-0.5827162861824036,0.006651759147644043,1.7433842420578003
0,251,0.45184895396232605,-0.11125937104225159,1.1469600200653076,0.07628641277551651,-0.5384864807128906,-0.5846103429794312,0.006635785102844238,1.7477566003799438
0,252,0.45209500193595886,-0.11136866360902786,1.1471456289291382,0.07685661315917969,-0.5375064611434937,-0.5865182876586914,0.006619095802307129,1.7508890628814697
0,253,0.4523295760154724,-0.11148622632026672,1.1473277807235718,0.0774131789803505,-0.5365192890167236,-0.5884342789649963,0.006601572036743164,1.75334632396698
0,254,0.4525596797466278,-0.1116069108247757,1.1475082635879517,0.0779612585902214,-0.535527765750885,-0.5903533101081848,0.006584048271179199,1.7555772066116333
0,255,0.45279186964035034,-0.11172586679458618,1.1476895809173584,0.07850562036037445,-0.5345339775085449,-0.5922709703445435,0.006566047668457031,1.7581392526626587
0,256,0.4530327022075653,-0.11183835566043854,1.1478732824325562,0.07905079424381256,-0.5335384011268616,-0.594184160232544,0.006548285484313965,1.7614753246307373
0,257,0.45328885316848755,-0.11193964630365372,1.1480618715286255,0.07960078865289688,-0.5325402021408081,-0.5960908532142639,0.006530642509460449,1.7658030986785889
0,258,0.45356640219688416,-0.11202540248632431,1.148256778717041,0.08015913516283035,-0.5315385460853577,-0.5979892611503601,0.0065135955810546875,1.771667242050171
0,259,0.4538693428039551,-0.1120927557349205,1.148459553718567,0.0807281881570816,-0.5305325984954834,-0.5998783111572266,0.006497025489807129,1.7791627645492554
0,260,0.4541979730129242,-0.1121414452791214,1.148669958114624,0.08130766451358795,-0.529522180557251,-0.6017580032348633,0.006481051445007324,1.788159728050232
0,261,0.45454880595207214,-0.11217392981052399,1.148887038230896,0.08189523220062256,-0.528507649898529,-0.6036292314529419,0.006465435028076172,1.798744559288025
0,262,0.45491552352905273,-0.11219459027051926,1.1491085290908813,0.08248702436685562,-0.5274899005889893,-0.6054938435554504,0.006450176239013672,1.810132384300232
0,263,0.4552910625934601,-0.11220861971378326,1.1493324041366577,0.08307819813489914,-0.5264701843261719,-0.6073542833328247,0.00643467903137207,1.822415828704834
0,264,0.45566844940185547,-0.11222095787525177,1.1495567560195923,0.08366436511278152,-0.5254485607147217,-0.6092135310173035,0.006418824195861816,1.8347238302230835
0,265,0.4560411870479584,-0.11223644018173218,1.1497794389724731,0.08424074202775955,-0.524424135684967,-0.6110756397247314,0.006402373313903809,1.8468437194824219
0,266,0.45640280842781067,-0.11226002126932144,1.149998426437378,0.08480169624090195,-0.5233936905860901,-0.6129457354545593,0.006385445594787598,1.8579370975494385
0,267,0.45674681663513184,-0.11229667067527771,1.150212049484253,0.08534207940101624,-0.5223551392555237,-0.6148300170898438,0.0063675642013549805,1.8678122758865356
0,268,0.4570678472518921,-0.11235064268112183,1.150418996810913,0.08585715293884277,-0.5213060975074768,-0.6167336106300354,0.006348609924316406,1.8756541013717651
0,269,0.4573633074760437,-0.11242407560348511,1.1506184339523315,0.08634454011917114,-0.5202445387840271,-0.6186593174934387,0.006328701972961426,1.881384015083313
0,270,0.4576342701911926,-0.11251609027385712,1.1508108377456665,0.08680514246225357,-0.5191713571548462,-0.6206061244010925,0.006307840347290039,1.8851250410079956
0,271,0.4578855633735657,-0.11262299120426178,1.1509976387023926,0.08724335581064224,-0.5180885791778564,-0.6225693225860596,0.006286025047302246,1.887407660484314
0,272,0.4581238627433777,-0.11273959279060364,1.1511807441711426,0.08766482770442963,-0.5169995427131653,-0.6245429515838623,0.006263613700866699,1.8887550830841064
0,273,0.4583563208580017,-0.11286039650440216,1.1513621807098389,0.08807577937841415,-0.5159071087837219,-0.6265206933021545,0.0062406063079833984,1.889894723892212
0,274,0.4585896134376526,-0.11298032850027084,1.1515440940856934,0.08848132193088531,-0.5148125290870667,-0.6284979581832886,0.0062171220779418945,1.8913437128067017
0,275,0.45883017778396606,-0.11309454590082169,1.1517285108566284,0.0888858288526535,-0.5137155652046204,-0.6304717063903809,0.006193041801452637,1.8932054042816162
0,276,0.4590843915939331,-0.1131981909275055,1.1519169807434082,0.0892934501171112,-0.5126146078109741,-0.6324390769004822,0.006168723106384277,1.8963038921356201
0,277,0.45935842394828796,-0.11328676342964172,1.1521116495132446,0.0897074043750763,-0.5115076899528503,-0.6343984603881836,0.006144046783447266,1.9008395671844482
0,278,0.45965662598609924,-0.11335700750350952,1.1523139476776123,0.09012995660305023,-0.5103927850723267,-0.6363492012023926,0.0061187744140625,1.907007098197937
0,279,0.4599801003932953,-0.11340803653001785,1.1525239944458008,0.09056160598993301,-0.5092700719833374,-0.6382907629013062,0.006093144416809082,1.9147907495498657
0,280,0.4603261947631836,-0.11344178020954132,1.1527410745620728,0.09100046753883362,-0.5081404447555542,-0.6402237415313721,0.006066799163818359,1.9239674806594849
0,281,0.4606892764568329,-0.11346235126256943,1.1529632806777954,0.09144307672977448,-0.5070053935050964,-0.6421497464179993,0.006039738655090332,1.9343152046203613
0,282,0.46106234192848206,-0.11347489058971405,1.1531883478164673,0.09188506007194519,-0.5058674216270447,-0.644071102142334,0.0060122013092041016,1.9454127550125122
0,283,0.46143868565559387,-0.11348455399274826,1.153414011001587,0.09232189506292343,-0.504727303981781,-0.6459903717041016,0.005984306335449219,1.9566476345062256
0,284,0.46181195974349976,-0.11349624395370483,1.1536381244659424,0.0927492305636406,-0.5035855770111084,-0.647911548614502,0.005956292152404785,1.9676191806793213
0,285,0.46217581629753113,-0.11351507157087326,1.1538583040237427,0.09316157549619675,-0.5024404525756836,-0.6498399972915649,0.0059288740158081055,1.9779363870620728
0,286,0.46252384781837463,-0.1135462298989296,1.1540720462799072,0.09355321526527405,-0.5012897849082947,-0.6517817378044128,0.005902767181396484,1.9868216514587402
0,287,0.4628503620624542,-0.11359436810016632,1.1542775630950928,0.09391897916793823,-0.5001312494277954,-0.6537427306175232,0.005878090858459473,1.9941959381103516
0,288,0.463152140378952,-0.11366214603185654,1.1544734239578247,0.09425587952136993,-0.4989631772041321,-0.6557263135910034,0.005855679512023926,1.9992924928665161
0,289,0.4634295403957367,-0.11374933272600174,1.1546599864959717,0.09456425160169601,-0.4977857172489166,-0.6577322483062744,0.005835413932800293,2.002715826034546
0,290,0.4636867642402649,-0.11385264247655869,1.154839038848877,0.09484812617301941,-0.4966011345386505,-0.6597568988800049,0.00581669807434082,2.00447416305542
0,291,0.46393001079559326,-0.11396686732769012,1.155012607574463,0.09511308372020721,-0.4954109787940979,-0.6617933511734009,0.0057991743087768555,2.005157232284546
0,292,0.4641663134098053,-0.11408644914627075,1.1551837921142578,0.09536552429199219,-0.4942184388637543,-0.6638355255126953,0.005781769752502441,2.0059380531311035
0,293,0.46440213918685913,-0.11420611292123795,1.1553549766540527,0.09561055898666382,-0.49302446842193604,-0.665878176689148,0.005763888359069824,2.0066208839416504
0,294,0.46464356780052185,-0.11432094871997833,1.1555286645889282,0.09585283696651459,-0.49182847142219543,-0.6679174900054932,0.005744576454162598,2.0080833435058594
0,295,0.4648967981338501,-0.11442624032497406,1.1557073593139648,0.09609588235616684,-0.49062874913215637,-0.6699515581130981,0.005723237991333008,2.0105183124542236
0,296,0.4651678502559662,-0.11451737582683563,1.1558939218521118,0.09634296596050262,-0.48942339420318604,-0.6719787120819092,0.005698442459106445,2.013922691345215
0,297,0.4654613137245178,-0.11459068953990936,1.1560901403427124,0.0965963751077652,-0.48820987343788147,-0.6739978790283203,0.005669832229614258,2.0189695358276367
0,298,0.46577897667884827,-0.11464476585388184,1.1562968492507935,0.09685656428337097,-0.48698750138282776,-0.676008939743042,0.005636811256408691,2.0251638889312744
0,299,0.46611905097961426,-0.11468099057674408,1.1565130949020386,0.0971224382519722,-0.48575738072395325,-0.678011953830719,0.0055997371673583984,2.0325915813446045
0,300,0.46647655963897705,-0.11470311135053635,1.1567367315292358,0.09739101678133011,-0.48452121019363403,-0.6800085306167603,0.005559325218200684,2.0409512519836426
0,301,0.46684494614601135,-0.11471613496541977,1.1569647789001465,0.09765848517417908,-0.48328137397766113,-0.6820002198219299,0.005516648292541504,2.04994535446167
0,302,0.4672175943851471,-0.114725261926651,1.1571940183639526,0.09792045503854752,-0.4820399880409241,-0.6839895248413086,0.005473136901855469,2.058995246887207
0,303,0.4675884246826172,-0.11473541706800461,1.157421588897705,0.09817320108413696,-0.4807979464530945,-0.685979962348938,0.005429983139038086,2.06791090965271
0,304,0.4679515063762665,-0.11475151777267456,1.1576441526412964,0.0984116792678833,-0.47955450415611267,-0.6879761815071106,0.005389094352722168,2.0762228965759277
0,305,0.4683009386062622,-0.11477863043546677,1.1578584909439087,0.09863068908452988,-0.47830772399902344,-0.6899843215942383,0.0053522586822509766,2.0837504863739014
0,306,0.46863141655921936,-0.11482139676809311,1.1580613851547241,0.09882520884275436,-0.4770554304122925,-0.6920099258422852,0.005321621894836426,2.089846611022949
0,307,0.46893948316574097,-0.11488288640975952,1.1582509279251099,0.09899212419986725,-0.4757968485355377,-0.6940573453903198,0.0052983760833740234,2.0944302082061768
0,308,0.46922484040260315,-0.1149633526802063,1.1584270000457764,0.09913115203380585,-0.47453147172927856,-0.6961269378662109,0.00528264045715332,2.097604990005493
0,309,0.46949058771133423,-0.1150602176785469,1.158591389656067,0.09924526512622833,-0.4732598662376404,-0.6982150077819824,0.00527346134185791,2.099470376968384
0,310,0.4697421193122864,-0.11516882479190826,1.1587474346160889,0.09933945536613464,-0.47198495268821716,-0.7003166079521179,0.00526881217956543,2.100681781768799
0,311,0.469985693693161,-0.11528381705284119,1.1588988304138184,0.0994194895029068,-0.47070831060409546,-0.7024248838424683,0.005266547203063965,2.1018927097320557
0,312,0.47022733092308044,-0.11540014296770096,1.159049391746521,0.09949032962322235,-0.4694313406944275,-0.704534649848938,0.005264163017272949,2.1031956672668457
0,313,0.47047266364097595,-0.11551307886838913,1.1592026948928833,0.09955636411905289,-0.46815425157546997,-0.7066424489021301,0.005259513854980469,2.1046841144561768
0,314,0.47072723507881165,-0.11561809480190277,1.1593624353408813,0.09962056577205658,-0.4668750464916229,-0.7087458968162537,0.005250334739685059,2.107100486755371
0,315,0.470996618270874,-0.1157107949256897,1.1595323085784912,0.09968570619821548,-0.46559205651283264,-0.7108439803123474,0.0052340030670166016,2.1102561950683594
0,316,0.47128546237945557,-0.11578743904829025,1.1597155332565308,0.09975399821996689,-0.46430349349975586,-0.7129360437393188,0.005208611488342285,2.1139626502990723
0,317,0.4715960621833801,-0.11584611982107162,1.1599137783050537,0.09982659667730331,-0.463008850812912,-0.7150213122367859,0.0051729679107666016,2.118586778640747
0,318,0.47192734479904175,-0.1158876121044159,1.160125970840454,0.09990204870700836,-0.46170732378959656,-0.7171002626419067,0.005127549171447754,2.123753786087036
0,319,0.4722752273082733,-0.11591503769159317,1.1603493690490723,0.09997830539941788,-0.46040093898773193,-0.7191736102104187,0.005074024200439453,2.129551410675049
0,320,0.472633957862854,-0.11593296378850937,1.1605799198150635,0.10005258023738861,-0.45909222960472107,-0.7212426662445068,0.005015134811401367,2.135517120361328
0,321,0.47299766540527344,-0.11594628542661667,1.1608132123947144,0.10012131929397583,-0.4577831029891968,-0.7233092784881592,0.004953861236572266,2.141557216644287
0,322,0.47336074709892273,-0.11595950275659561,1.1610450744628906,0.10018125176429749,-0.4564744830131531,-0.7253760099411011,0.004893064498901367,2.1473069190979004
0,323,0.4737182855606079,-0.11597701162099838,1.161271095275879,0.10022852569818497,-0.45516616106033325,-0.7274470925331116,0.004835963249206543,2.1530416011810303
0,324,0.4740654528141022,-0.11600321531295776,1.1614867448806763,0.10025917738676071,-0.4538562595844269,-0.7295275330543518,0.004786372184753418,2.157944679260254
0,325,0.4743976294994354,-0.11604218930006027,1.1616873741149902,0.10026899725198746,-0.45254233479499817,-0.731622576713562,0.004747986793518066,2.1624746322631836
0,326,0.47471165657043457,-0.11609701067209244,1.161869764328003,0.10025475174188614,-0.4512237310409546,-0.7337366938591003,0.004723548889160156,2.1660919189453125
0,327,0.47500672936439514,-0.1161685362458229,1.1620333194732666,0.10021550953388214,-0.44989919662475586,-0.7358705401420593,0.004713654518127441,2.169161796569824
0,328,0.4752848446369171,-0.11625493317842484,1.162179946899414,0.10015351325273514,-0.448570191860199,-0.7380222678184509,0.004716753959655762,2.171506643295288
0,329,0.4755500853061676,-0.11635245382785797,1.1623138189315796,0.10007254034280777,-0.44723808765411377,-0.7401868104934692,0.004729628562927246,2.1738486289978027
0,330,0.4758075475692749,-0.11645656824111938,1.1624399423599243,0.09997701644897461,-0.44590508937835693,-0.7423584461212158,0.004748225212097168,2.1761882305145264
0,331,0.476062148809433,-0.1165628656744957,1.1625639200210571,0.09987148642539978,-0.4445732831954956,-0.7445326447486877,0.004767894744873047,2.178615093231201
0,332,0.4763183891773224,-0.11666741967201233,1.162690281867981,0.09975885599851608,-0.443243145942688,-0.7467058300971985,0.004785060882568359,2.1812188625335693
0,333,0.4765806198120117,-0.11676660925149918,1.1628241539001465,0.09964151680469513,-0.4419141113758087,-0.7488765716552734,0.004795432090759277,2.1840882301330566
0,334,0.47685307264328003,-0.11685684323310852,1.1629706621170044,0.09952123463153839,-0.4405848979949951,-0.7510439157485962,0.0047948360443115234,2.187401294708252
0,335,0.4771394431591034,-0.11693501472473145,1.1631343364715576,0.09939981251955032,-0.43925485014915466,-0.7532079219818115,0.004779338836669922,2.190530776977539
0,336,0.4774419069290161,-0.11699938029050827,1.1633179187774658,0.09927764534950256,-0.43792298436164856,-0.7553686499595642,0.004746794700622559,2.1937448978424072
0,337,0.4777601361274719,-0.11705005168914795,1.1635210514068604,0.09915425628423691,-0.43658941984176636,-0.7575259208679199,0.004697084426879883,2.1968650817871094
0,338,0.4780915081501007,-0.11708918958902359,1.1637403964996338,0.09902844578027725,-0.4352550506591797,-0.7596802711486816,0.004633069038391113,2.199803113937378
0,339,0.47843194007873535,-0.11712014675140381,1.1639705896377563,0.09889845550060272,-0.43392089009284973,-0.7618317604064941,0.00455927848815918,2.2022929191589355
0,340,0.4787771999835968,-0.11714643239974976,1.1642063856124878,0.09876237064599991,-0.43258872628211975,-0.7639813423156738,0.00448000431060791,2.204868793487549
0,341,0.4791237711906433,-0.11717119812965393,1.1644424200057983,0.0986180230975151,-0.43125802278518677,-0.7661306262016296,0.004399895668029785,2.2072641849517822
0,342,0.4794692099094391,-0.11719712615013123,1.164674162864685,0.09846317768096924,-0.4299277365207672,-0.7682823538780212,0.004323363304138184,2.209214210510254
0,343,0.4798116385936737,-0.11722666025161743,1.1648972034454346,0.09829478710889816,-0.4285951852798462,-0.7704402804374695,0.004254579544067383,2.2112507820129395
0,344,0.4801495671272278,-0.11726200580596924,1.1651068925857544,0.09810975193977356,-0.42725691199302673,-0.7726089358329773,0.004198193550109863,2.213108539581299
0,345,0.4804820716381073,-0.11730478703975677,1.165299892425537,0.09790579974651337,-0.4259108603000641,-0.7747917175292969,0.004157662391662598,2.2147881984710693
0,346,0.48080888390541077,-0.11735571175813675,1.1654751300811768,0.09768164157867432,-0.4245556890964508,-0.7769902944564819,0.0041342973709106445,2.2162017822265625
0,347,0.481130450963974,-0.11741413176059723,1.1656339168548584,0.09743838012218475,-0.4231928884983063,-0.7792032957077026,0.004126548767089844,2.2175259590148926
0,348,0.48144781589508057,-0.11747827380895615,1.1657795906066895,0.0971781313419342,-0.4218243658542633,-0.781427264213562,0.004131317138671875,2.2188496589660645
0,349,0.4817623794078827,-0.11754598468542099,1.165917158126831,0.0969041958451271,-0.4204546809196472,-0.783657431602478,0.004143357276916504,2.2200841903686523
0,350,0.4820754826068878,-0.1176152229309082,1.1660513877868652,0.09661929309368134,-0.4190860986709595,-0.7858902215957642,0.00415802001953125,2.2212297916412354
0,351,0.4823880195617676,-0.11768436431884766,1.166187047958374,0.0963258147239685,-0.4177217185497284,-0.7881230115890503,0.004170536994934082,2.222287178039551
0,352,0.48270073533058167,-0.117752306163311,1.1663286685943604,0.09602499008178711,-0.4163632392883301,-0.7903550267219543,0.004176139831542969,2.222991466522217
0,353,0.4830140173435211,-0.11781825870275497,1.1664808988571167,0.09571745991706848,-0.41501131653785706,-0.7925865054130554,0.0041702985763549805,2.2236955165863037
0,354,0.4833281338214874,-0.11788161844015121,1.1666481494903564,0.09540361166000366,-0.4136667549610138,-0.794818639755249,0.0041484832763671875,2.224135637283325
0,355,0.4836433231830597,-0.11794208735227585,1.1668331623077393,0.09508361667394638,-0.4123297929763794,-0.7970519661903381,0.004107952117919922,2.2242236137390137
0,356,0.48395946621894836,-0.11799964308738708,1.1670361757278442,0.09475721418857574,-0.41100022196769714,-0.7992869019508362,0.004048466682434082,2.2242236137390137
0,357,0.4842764139175415,-0.11805454641580582,1.1672546863555908,0.0944245383143425,-0.4096781313419342,-0.801522970199585,0.003972411155700684,2.2237837314605713
0,358,0.48459386825561523,-0.11810732632875443,1.1674844026565552,0.09408538788557053,-0.40836289525032043,-0.8037592768669128,0.0038841962814331055,2.22334361076355
0,359,0.4849114716053009,-0.11815857142210007,1.1677199602127075,0.09373939037322998,-0.4070533514022827,-0.8059951663017273,0.003789186477661133,2.222639322280884
0,360,0.48522910475730896,-0.11820879578590393,1.1679556369781494,0.09338612109422684,-0.40574780106544495,-0.8082305192947388,0.003693222999572754,2.2217583656311035
0,361,0.4855468273162842,-0.11825831979513168,1.1681855916976929,0.09302539378404617,-0.4044438302516937,-0.8104660511016846,0.003602266311645508,2.2209653854370117
0,362,0.48586487770080566,-0.11830740422010422,1.1684032678604126,0.09265720844268799,-0.4031383693218231,-0.8127036690711975,0.0035229921340942383,2.22017240524292
0,363,0.4861835539340973,-0.1183561459183693,1.1686022281646729,0.09228165447711945,-0.40182772278785706,-0.8149454593658447,0.0034619569778442383,2.2196433544158936
0,364,0.48650333285331726,-0.11840474605560303,1.168776035308838,0.09189833700656891,-0.40050849318504333,-0.8171939253807068,0.0034258365631103516,2.2192904949188232
0,365,0.4868244528770447,-0.11845332384109497,1.1689220666885376,0.09150713682174683,-0.3991791605949402,-0.819449782371521,0.003417491912841797,2.219378709793091
0,366,0.4871468245983124,-0.11850182712078094,1.1690411567687988,0.0911078080534935,-0.39784035086631775,-0.8217133283615112,0.003435850143432617,2.219731569290161
0,367,0.48747020959854126,-0.11855021119117737,1.169138789176941,0.09070050716400146,-0.39649495482444763,-0.8239822387695312,0.0034754276275634766,2.220348596572876
0,368,0.48779407143592834,-0.11859848350286484,1.169222116470337,0.09028499573469162,-0.3951471149921417,-0.8262543082237244,0.0035288333892822266,2.2209653854370117
0,369,0.48811766505241394,-0.11864688247442245,1.1692986488342285,0.08986081928014755,-0.3938008248806,-0.828527569770813,0.003588438034057617,2.2215824127197266
0,370,0.4884398877620697,-0.11869611591100693,1.1693757772445679,0.08942726254463196,-0.39245980978012085,-0.8308016657829285,0.003646373748779297,2.2221107482910156
0,371,0.48875927925109863,-0.11874750256538391,1.169460415840149,0.08898280560970306,-0.39112699031829834,-0.8330772519111633,0.003695845603942871,2.222287178039551
0,372,0.48907390236854553,-0.11880282312631607,1.169559121131897,0.08852561563253403,-0.3898050785064697,-0.8353564143180847,0.0037299394607543945,2.2221107482910156
0,373,0.4893816113471985,-0.11886410415172577,1.1696783304214478,0.08805330097675323,-0.38849571347236633,-0.8376420736312866,0.0037419795989990234,2.2217583656311035
0,374,0.4896808862686157,-0.11893285065889359,1.1698228120803833,0.08756430447101593,-0.38720086216926575,-0.8399364948272705,0.0037271976470947266,2.2212297916412354
0,375,0.48997125029563904,-0.11900949478149414,1.16999351978302,0.08705825358629227,-0.38592058420181274,-0.842240035533905,0.0036846399307250977,2.220348596572876
0,376,0.4902535378932953,-0.11909319460391998,1.1701878309249878,0.08653615415096283,-0.3846539855003357,-0.8445518016815186,0.003616929054260254,2.2196433544158936
0,377,0.49052953720092773,-0.11918196082115173,1.1703999042510986,0.08600015938282013,-0.38339921832084656,-0.846869170665741,0.0035300254821777344,2.218937635421753
0,378,0.49080193042755127,-0.119273342192173,1.1706225872039795,0.08545348793268204,-0.38215371966362,-0.8491894006729126,0.0034314393997192383,2.21832013130188
0,379,0.4910736083984375,-0.11936474591493607,1.1708483695983887,0.08489888906478882,-0.3809143900871277,-0.8515101671218872,0.003329157829284668,2.217879056930542
0,380,0.4913477897644043,-0.11945327371358871,1.1710704565048218,0.08433897793292999,-0.37967729568481445,-0.8538298606872559,0.0032300949096679688,2.217437982559204
0,381,0.4916284680366516,-0.11953563243150711,1.1712815761566162,0.08377730846405029,-0.37843847274780273,-0.8561474680900574,0.003142237663269043,2.216996431350708
0,382,0.4919200837612152,-0.11960817873477936,1.1714743375778198,0.08321641385555267,-0.3771917223930359,-0.8584626317024231,0.0030733346939086914,2.2162017822265625
0,383,0.4922267198562622,-0.11966758966445923,1.1716418266296387,0.08265875279903412,-0.37593191862106323,-0.8607755303382874,0.0030308961868286133,2.214876651763916
0,384,0.49255090951919556,-0.11971189826726913,1.1717802286148071,0.08210566639900208,-0.374656081199646,-0.8630859851837158,0.003018975257873535,2.212578058242798
0,385,0.4928925633430481,-0.11974122375249863,1.1718900203704834,0.0815570056438446,-0.3733648955821991,-0.8653939962387085,0.0030368566513061523,2.209568500518799
0,386,0.4932487905025482,-0.11975797265768051,1.1719757318496704,0.08101049810647964,-0.37206217646598816,-0.8676998019218445,0.0030797719955444336,2.2055788040161133
0,387,0.4936148226261139,-0.11976597458124161,1.1720447540283203,0.08046264201402664,-0.370753675699234,-0.8700037002563477,0.0031396150588989258,2.2008705139160156
0,388,0.4939853549003601,-0.11976972222328186,1.1721051931381226,0.07990969717502594,-0.369445264339447,-0.8723063468933105,0.0032074451446533203,2.195795774459839
0,389,0.49435505270957947,-0.11977380514144897,1.1721644401550293,0.0793481320142746,-0.3681430518627167,-0.8746092319488525,0.0032755136489868164,2.190619945526123
0,390,0.494718462228775,-0.11978325247764587,1.1722294092178345,0.07877407968044281,-0.3668515384197235,-0.8769153952598572,0.0033364295959472656,2.1852529048919678
0,391,0.495069682598114,-0.11980367451906204,1.1723068952560425,0.07818342000246048,-0.3655756413936615,-0.8792290091514587,0.0033829212188720703,2.1804111003875732
0,392,0.4954024851322174,-0.11984089761972427,1.1724032163619995,0.0775713324546814,-0.3643188178539276,-0.8815546035766602,0.003408193588256836,2.1761882305145264
0,393,0.4957120418548584,-0.11989962309598923,1.1725234985351562,0.076934814453125,-0.3630850911140442,-0.8838962316513062,0.003407120704650879,2.173128366470337
0,394,0.4959964156150818,-0.11998182535171509,1.1726700067520142,0.07627268135547638,-0.36187538504600525,-0.8862559795379639,0.0033774375915527344,2.171236038208008
0,395,0.49625733494758606,-0.12008578330278397,1.1728405952453613,0.07558651268482208,-0.36068838834762573,-0.88863205909729,0.003321409225463867,2.170875310897827
0,396,0.4964998662471771,-0.12020665407180786,1.1730302572250366,0.07488040626049042,-0.3595207929611206,-0.8910207748413086,0.0032445192337036133,2.1721372604370117
0,397,0.4967307150363922,-0.12033786624670029,1.1732317209243774,0.07415959239006042,-0.35836729407310486,-0.8934168815612793,0.0031545162200927734,2.174748659133911
0,398,0.49695712327957153,-0.12047257274389267,1.1734378337860107,0.07342933863401413,-0.3572227656841278,-0.8958154320716858,0.0030590295791625977,2.1784353256225586
0,399,0.49718621373176575,-0.12060412019491196,1.1736418008804321,0.07269538938999176,-0.35608208179473877,-0.8982119560241699,0.0029653310775756836,2.1826541423797607
0,400,0.49742546677589417,-0.12072575092315674,1.1738368272781372,0.07196344435214996,-0.3549393117427826,-0.9006034135818481,0.002880692481994629,2.1862378120422363
0,401,0.49768275022506714,-0.12083030492067337,1.1740158796310425,0.07123888283967972,-0.3537869155406952,-0.9029861688613892,0.0028127431869506836,2.1887428760528564
0,402,0.49796560406684875,-0.12091122567653656,1.1741724014282227,0.07052700221538544,-0.3526188135147095,-0.9053574800491333,0.0027685165405273438,2.188474655151367
0,403,0.49827897548675537,-0.12096408009529114,1.174302101135254,0.06983162462711334,-0.35143062472343445,-0.9077162742614746,0.002752542495727539,2.1851632595062256
0,404,0.4986232817173004,-0.12098829448223114,1.1744043827056885,0.06915207207202911,-0.3502216935157776,-0.9100617170333862,0.002765178680419922,2.1781656742095947
0,405,0.49899449944496155,-0.1209876611828804,1.1744829416275024,0.06848514080047607,-0.3489963412284851,-0.912395715713501,0.0028023719787597656,2.167898178100586
0,406,0.4993850290775299,-0.12096885591745377,1.1745439767837524,0.06782472133636475,-0.3477608859539032,-0.9147209525108337,0.002857208251953125,2.1553127765655518
0,407,0.4997861683368683,-0.12093976140022278,1.1745949983596802,0.06716477125883102,-0.3465234041213989,-0.9170408248901367,0.002921581268310547,2.141557216644287
0,408,0.5001893043518066,-0.12090828269720078,1.1746430397033691,0.06649882346391678,-0.345290869474411,-0.9193593859672546,0.0029877424240112305,2.127436637878418
0,409,0.500586211681366,-0.12088227272033691,1.174694538116455,0.0658210888504982,-0.3440702557563782,-0.9216819405555725,0.003049015998840332,2.113684892654419
0,410,0.500968337059021,-0.12086991220712662,1.1747558116912842,0.06512609124183655,-0.34286683797836304,-0.9240139722824097,0.0030989646911621094,2.1013338565826416
0,411,0.5013271570205688,-0.12087972462177277,1.1748325824737549,0.06440820544958115,-0.34168741106987,-0.9263626933097839,0.0031315088272094727,2.0910634994506836
0,412,0.5016554594039917,-0.12091901153326035,1.174930214881897,0.0636625811457634,-0.3405363857746124,-0.9287333488464355,0.0031415224075317383,2.083280563354492
0,413,0.5019494295120239,-0.12099146097898483,1.1750510931015015,0.0628872662782669,-0.339415967464447,-0.9311296939849854,0.0031267404556274414,2.078672170639038
0,414,0.5022105574607849,-0.12109566479921341,1.1751946210861206,0.062084000557661057,-0.338325560092926,-0.9335502982139587,0.0030878782272338867,2.077636241912842
0,415,0.5024450421333313,-0.121225506067276,1.175356149673462,0.06125688552856445,-0.33726024627685547,-0.9359904527664185,0.0030298233032226562,2.07961368560791
0,416,0.5026620626449585,-0.1213720515370369,1.175529956817627,0.06041284650564194,-0.3362146019935608,-0.9384427070617676,0.00295865535736084,2.0843138694763184
0,417,0.5028712749481201,-0.1215258240699768,1.1757097244262695,0.05955832451581955,-0.33518102765083313,-0.9409001469612122,0.0028809309005737305,2.0910634994506836
0,418,0.5030820965766907,-0.12167804688215256,1.1758896112442017,0.05869998410344124,-0.33415326476097107,-0.9433561563491821,0.0028028488159179688,2.0981645584106445
0,419,0.5033041834831238,-0.12182020395994186,1.1760644912719727,0.057844117283821106,-0.3331237733364105,-0.9458049535751343,0.00272977352142334,2.104591131210327
0,420,0.5035474300384521,-0.12194377928972244,1.17622971534729,0.056997861713171005,-0.3320853114128113,-0.9482413530349731,0.002666950225830078,2.1083076000213623
0,421,0.5038214921951294,-0.12204072624444962,1.1763807535171509,0.0561678409576416,-0.3310306966304779,-0.9506606459617615,0.0026193857192993164,2.107379198074341
0,422,0.5041335225105286,-0.12210513651371002,1.1765145063400269,0.055358532816171646,-0.3299543857574463,-0.9530590176582336,0.002590179443359375,2.100029468536377
0,423,0.5044854283332825,-0.12213528156280518,1.1766300201416016,0.054571036249399185,-0.3288547396659851,-0.9554361701011658,0.00258028507232666,2.085721731185913
0,424,0.5048730373382568,-0.12213458120822906,1.1767288446426392,0.053801991045475006,-0.32773512601852417,-0.9577937126159668,0.0025876760482788086,2.0652592182159424
0,425,0.5052877068519592,-0.12211035192012787,1.1768149137496948,0.05304470285773277,-0.326602578163147,-0.9601361751556396,0.00260770320892334,2.0401840209960938
0,426,0.505718469619751,-0.12207163125276566,1.1768929958343506,0.05229203775525093,-0.3254656195640564,-0.9624689817428589,0.0026350021362304688,2.0126588344573975
0,427,0.5061547756195068,-0.12202751636505127,1.176967740058899,0.051536817103624344,-0.32433265447616577,-0.9647986888885498,0.002664327621459961,1.9841601848602295
0,428,0.5065867304801941,-0.12198647856712341,1.177043080329895,0.05077315494418144,-0.32321128249168396,-0.9671310782432556,0.00269162654876709,1.9566476345062256
0,429,0.5070049166679382,-0.1219569593667984,1.177122950553894,0.049995530396699905,-0.3221082091331482,-0.9694737195968628,0.0027126073837280273,1.9310747385025024
0,430,0.5073997378349304,-0.12194762378931046,1.177211046218872,0.04919961094856262,-0.32103171944618225,-0.9718341827392578,0.0027238130569458008,1.9088534116744995
0,431,0.5077629089355469,-0.12196610867977142,1.1773103475570679,0.04838119447231293,-0.31998714804649353,-0.974219799041748,0.0027222633361816406,1.8902052640914917
0,432,0.5080896615982056,-0.12201696634292603,1.1774230003356934,0.0475386381149292,-0.31897878646850586,-0.9766349196434021,0.0027060508728027344,1.8763843774795532
0,433,0.5083804130554199,-0.12209983170032501,1.1775487661361694,0.04667258262634277,-0.31800612807273865,-0.9790788888931274,0.002675771713256836,1.8668690919876099
0,434,0.5086410045623779,-0.12220945954322815,1.1776856184005737,0.04578643664717674,-0.3170645833015442,-0.9815473556518555,0.00263369083404541,1.861094355583191
0,435,0.508880615234375,-0.1223374605178833,1.1778299808502197,0.044885218143463135,-0.3161466121673584,-0.9840317368507385,0.0025833845138549805,1.858989953994751
0,436,0.5091090202331543,-0.12247482687234879,1.1779779195785522,0.04397471994161606,-0.31524530053138733,-0.9865236878395081,0.0025289058685302734,1.8588848114013672
0,437,0.5093351602554321,-0.12261344492435455,1.1781251430511475,0.04306052625179291,-0.3143533170223236,-0.9890149831771851,0.002474546432495117,1.8597267866134644
0,438,0.5095665454864502,-0.12274615466594696,1.178267240524292,0.04214944690465927,-0.3134649693965912,-0.9914990663528442,0.002424478530883789,1.8602529764175415
0,439,0.5098103880882263,-0.12286622822284698,1.1783992052078247,0.04124877601861954,-0.3125746548175812,-0.9939683675765991,0.0023838281631469727,1.858989953994751
0,440,0.5100732445716858,-0.12296748906373978,1.1785160303115845,0.040365930646657944,-0.31167706847190857,-0.9964166283607483,0.0023573637008666992,1.8545631170272827
0,441,0.5103601217269897,-0.12304515391588211,1.1786134243011475,0.03950665891170502,-0.3107680380344391,-0.9988389015197754,0.0023491382598876953,1.8454655408859253
0,442,0.5106731057167053,-0.12309727072715759,1.1786894798278809,0.03867359086871147,-0.3098459243774414,-1.0012328624725342,0.0023609399795532227,1.8312002420425415
0,443,0.5110102891921997,-0.12312567234039307,1.1787458658218384,0.03786434978246689,-0.3089125156402588,-1.003600835800171,0.0023909807205200195,1.811861515045166
0,444,0.5113663077354431,-0.1231352686882019,1.1787866353988647,0.03707251325249672,-0.30797138810157776,-1.0059479475021362,0.0024350881576538086,1.7888163328170776
0,445,0.5117341876029968,-0.12313269078731537,1.1788170337677002,0.03628984093666077,-0.307028591632843,-1.0082817077636719,0.0024881362915039062,1.7631410360336304
0,446,0.5121071338653564,-0.12312470376491547,1.1788427829742432,0.03550846874713898,-0.3060908913612366,-1.0106092691421509,0.0025446414947509766,1.7366359233856201
0,447,0.5124786496162415,-0.12311732769012451,1.1788686513900757,0.03472157567739487,-0.3051641881465912,-1.0129387378692627,0.0025998353958129883,1.709949016571045
0,448,0.5128428936004639,-0.12311629205942154,1.1788989305496216,0.03392477706074715,-0.30425629019737244,-1.015277624130249,0.0026499032974243164,1.6842337846755981
0,449,0.51319420337677,-0.12312725931406021,1.178937554359436,0.033113185316324234,-0.3033747971057892,-1.0176337957382202,0.002691030502319336,1.6602431535720825
0,450,0.5135272741317749,-0.12315530329942703,1.1789880990982056,0.03228344768285751,-0.30252715945243835,-1.020015001296997,0.0027201175689697266,1.6381721496582031
0,451,0.5138390064239502,-0.12320377677679062,1.1790528297424316,0.031433939933776855,-0.301719069480896,-1.0224260091781616,0.0027352571487426758,1.6185829639434814
0,452,0.5141289234161377,-0.12327305972576141,1.179132103919983,0.030564764514565468,-0.3009510338306427,-1.0248676538467407,0.002736210823059082,1.6016888618469238
0,453,0.5143998861312866,-0.12336032092571259,1.1792240142822266,0.02967827394604683,-0.300218790769577,-1.027335286140442,0.002724885940551758,1.5870827436447144
0,454,0.5146569609642029,-0.1234605684876442,1.1793251037597656,0.028778312727808952,-0.29951515793800354,-1.0298216342926025,0.0027043819427490234,1.5743310451507568
0,455,0.5149060487747192,-0.12356800585985184,1.1794313192367554,0.027869677171111107,-0.29883211851119995,-1.032318115234375,0.002678513526916504,1.5627280473709106
0,456,0.5151527523994446,-0.12367725372314453,1.179538607597351,0.02695707604289055,-0.2981630861759186,-1.0348155498504639,0.002651214599609375,1.5519212484359741
0,457,0.5154018402099609,-0.12378349900245667,1.1796437501907349,0.026046056300401688,-0.2975042164325714,-1.037306785583496,0.0026252269744873047,1.5404036045074463
0,458,0.5156580209732056,-0.12388218194246292,1.179742693901062,0.025142697617411613,-0.29685279726982117,-1.0397844314575195,0.0026044845581054688,1.527518630027771
0,459,0.5159257054328918,-0.12396896630525589,1.1798322200775146,0.024253519251942635,-0.29620859026908875,-1.042241096496582,0.002591729164123535,1.511678695678711
0,460,0.5162086486816406,-0.12404029071331024,1.1799089908599854,0.023384248837828636,-0.2955707907676697,-1.044670820236206,0.0025900602340698242,1.4914783239364624
0,461,0.5165086388587952,-0.12409437447786331,1.179971694946289,0.02253825217485428,-0.29493987560272217,-1.0470705032348633,0.0026006698608398438,1.4666041135787964
0,462,0.5168249607086182,-0.12413185089826584,1.1800209283828735,0.021714000031352043,-0.2943155765533447,-1.0494413375854492,0.0026227235794067383,1.4368129968643188
0,463,0.5171545743942261,-0.12415573745965958,1.1800591945648193,0.020907418802380562,-0.2936982214450836,-1.0517886877059937,0.0026540756225585938,1.4031873941421509
0,464,0.5174930095672607,-0.12417054176330566,1.180090069770813,0.020110977813601494,-0.29308873414993286,-1.0541205406188965,0.0026911497116088867,1.3668761253356934
0,465,0.517835795879364,-0.12418077886104584,1.1801180839538574,0.01931742951273918,-0.29248905181884766,-1.0564446449279785,0.0027300119400024414,1.3288376331329346
0,466,0.5181789398193359,-0.12419059872627258,1.180147647857666,0.01852116920053959,-0.29190418124198914,-1.0587693452835083,0.0027663707733154297,1.2904363870620728
0,467,0.5185193419456482,-0.12420383095741272,1.1801835298538208,0.017716648057103157,-0.29134052991867065,-1.0611017942428589,0.0027960538864135742,1.2516390085220337
0,468,0.5188539624214172,-0.12422414869070053,1.1802315711975098,0.01689968816936016,-0.2908092439174652,-1.0634509325027466,0.00281369686126709,1.2128914594650269
0,469,0.5191802978515625,-0.1242549940943718,1.1802970170974731,0.01606615073978901,-0.2903209626674652,-1.0658241510391235,0.0028144121170043945,1.1741986274719238
0,470,0.5194966793060303,-0.12429878860712051,1.1803841590881348,0.015213524922728539,-0.28988417983055115,-1.0682272911071777,0.002794504165649414,1.135566234588623
0,471,0.5198025703430176,-0.12435618042945862,1.1804940700531006,0.014341609552502632,-0.28950145840644836,-1.0706623792648315,0.0027529001235961914,1.0966438055038452
0,472,0.5200991034507751,-0.12442581355571747,1.1806247234344482,0.013452586717903614,-0.2891688942909241,-1.0731254816055298,0.00269162654876709,1.0581390857696533
0,473,0.5203884243965149,-0.12450460344552994,1.180770993232727,0.01255014818161726,-0.28887635469436646,-1.0756096839904785,0.00261533260345459,1.0191398859024048
0,474,0.5206734538078308,-0.1245889812707901,1.1809277534484863,0.01163909025490284,-0.2886136770248413,-1.0781059265136719,0.002528667449951172,0.9807852506637573
0,475,0.5209569931030273,-0.12467576563358307,1.1810905933380127,0.01072395034134388,-0.2883709669113159,-1.0806061029434204,0.0024358034133911133,0.9421153664588928
0,476,0.5212417244911194,-0.12476252019405365,1.1812574863433838,0.009808281436562538,-0.2881436049938202,-1.0831035375595093,0.0023385286331176758,0.9033065438270569
0,477,0.5215303301811218,-0.12484754621982574,1.1814284324645996,0.00889593642205,-0.2879302501678467,-1.0855910778045654,0.0022367238998413086,0.8634341955184937
0,478,0.5218256711959839,-0.12492965906858444,1.1816054582595825,0.007990303449332714,-0.2877333462238312,-1.088064432144165,0.0021284818649291992,0.8209145069122314
0,479,0.5221301913261414,-0.12500803172588348,1.1817911863327026,0.0070944433100521564,-0.28755590319633484,-1.0905178785324097,0.002011418342590332,0.7748072147369385
0,480,0.5224452614784241,-0.12508220970630646,1.1819871664047241,0.006210206542164087,-0.28740033507347107,-1.092949390411377,0.0018839836120605469,0.7246975898742676
0,481,0.5227707624435425,-0.12515224516391754,1.1821931600570679,0.005338449962437153,-0.28726649284362793,-1.095359444618225,0.0017462968826293945,0.669979989528656
0,482,0.5231044888496399,-0.12521867454051971,1.1824074983596802,0.004478756338357925,-0.28715184330940247,-1.097752332687378,0.0015997886657714844,0.6116580367088318
0,483,0.5234425067901611,-0.12528231739997864,1.182626485824585,0.0036348714493215084,-0.28705257177352905,-1.1001369953155518,0.0014476776123046875,0.5510743856430054
0,484,0.5237784385681152,-0.12534397840499878,1.182845115661621,0.0028213984332978725,-0.28696396946907043,-1.1025285720825195,0.001294255256652832,0.49098625779151917
0,485,0.5241020917892456,-0.12540414929389954,1.1830556392669678,0.002074544783681631,-0.2868801951408386,-1.1049537658691406,0.001146078109741211,0.4329586923122406
0,486,0.524397611618042,-0.12546290457248688,1.1832472085952759,0.0014637437416240573,-0.2867942452430725,-1.107455849647522,0.0010117292404174805,0.3820611536502838
0,487,0.5246431231498718,-0.12552005052566528,1.1834046840667725,0.0010901248315349221,-0.286696195602417,-1.1100952625274658,0.0009036064147949219,0.3426406979560852
0,488,0.5248137712478638,-0.1255751997232437,1.18351149559021,0.0010723297018557787,-0.2865750193595886,-1.1129416227340698,0.0008348226547241211,0.3189810514450073
0,489,0.5248889923095703,-0.1256280243396759,1.1835538148880005,0.0015087235951796174,-0.2864188849925995,-1.1160532236099243,0.0008168220520019531,0.3152790069580078
0,490,0.5248599052429199,-0.1256784200668335,1.1835256814956665,0.002441662596538663,-0.286219984292984,-1.119454264640808,0.0008543729782104492,0.3339647948741913
0,491,0.5247335433959961,-0.12572644650936127,1.18343186378479,0.003837772412225604,-0.2859770357608795,-1.1231251955032349,0.0009435415267944336,0.3706226646900177
0,492,0.524530291557312,-0.12577249109745026,1.183286190032959,0.005599546246230602,-0.28569480776786804,-1.127009630203247,0.0010732412338256836,0.42382344603538513
0,493,0.5242764949798584,-0.12581710517406464,1.183106780052185,0.007602608762681484,-0.2853831648826599,-1.1310334205627441,0.001228928565979004,0.48818859457969666
0,494,0.5239959955215454,-0.12586094439029694,1.1829103231430054,0.009732281789183617,-0.28505223989486694,-1.1351311206817627,0.001397252082824707,0.55813068151474
0,495,0.5237061381340027,-0.1259048581123352,1.18271005153656,0.011910192668437958,-0.28471410274505615,-1.1392555236816406,0.0015673637390136719,0.6299394369125366
0,496,0.5234166979789734,-0.12594984471797943,1.1825146675109863,0.014093974605202675,-0.2843799889087677,-1.14338219165802,0.001732468605041504,0.7005338668823242
0,497,0.5231323838233948,-0.12599706649780273,1.18233060836792,0.016269173473119736,-0.28406184911727905,-1.1475021839141846,0.0018868446350097656,0.7684675455093384
0,498,0.5228548645973206,-0.12604758143424988,1.1821624040603638,0.018435105681419373,-0.28377068042755127,-1.151613712310791,0.0020269155502319336,0.8322774171829224
0,499,0.5225844979286194,-0.12610214948654175,1.1820124387741089,0.020595528185367584,-0.2835136353969574,-1.1557185649871826,0.0021501779556274414,0.8917515873908997
0,500,0.5223208069801331,-0.1261608749628067,1.1818807125091553,0.02275431714951992,-0.28329139947891235,-1.15981924533844,0.0022568702697753906,0.9464670419692993
0,501,0.5220626592636108,-0.12622323632240295,1.1817647218704224,0.024912668392062187,-0.2830977737903595,-1.1639163494110107,0.0023491382598876953,0.9975997805595398
0,502,0.5218085646629333,-0.12628820538520813,1.1816602945327759,0.027071114629507065,-0.2829233407974243,-1.16801118850708,0.0024307966232299805,1.0456753969192505
0,503,0.5215569734573364,-0.12635460495948792,1.1815636157989502,0.029229113832116127,-0.28275731205940247,-1.1721034049987793,0.0025049448013305664,1.0918152332305908
0,504,0.5213068127632141,-0.12642155587673187,1.181471586227417,0.03138619661331177,-0.28259316086769104,-1.1761935949325562,0.002574324607849121,1.1367719173431396
0,505,0.5210572481155396,-0.12648852169513702,1.181383728981018,0.03354206308722496,-0.28242990374565125,-1.180281400680542,0.002639293670654297,1.18101167678833
0,506,0.5208079218864441,-0.12655526399612427,1.181301236152649,0.035697728395462036,-0.28227177262306213,-1.184367060661316,0.0026983022689819336,1.2242928743362427
0,507,0.5205587148666382,-0.1266217678785324,1.1812267303466797,0.03785408288240433,-0.2821269929409027,-1.1884503364562988,0.0027489662170410156,1.2662501335144043
0,508,0.5203095078468323,-0.12668809294700623,1.18116295337677,0.04001263901591301,-0.2820037007331848,-1.1925315856933594,0.0027883052825927734,1.306861162185669
0,509,0.5200604796409607,-0.12675435841083527,1.181111216545105,0.042174082249403,-0.2819060981273651,-1.1966102123260498,0.00281524658203125,1.345375418663025
0,510,0.5198114514350891,-0.12682056427001953,1.1810715198516846,0.044339343905448914,-0.2818335294723511,-1.2006878852844238,0.0028296709060668945,1.3825347423553467
0,511,0.5195624828338623,-0.12688665091991425,1.1810413599014282,0.04650795832276344,-0.28177931904792786,-1.2047635316848755,0.0028340816497802734,1.4180312156677246
0,512,0.519313633441925,-0.12695257365703583,1.1810178756713867,0.048679206520318985,-0.28173449635505676,-1.208837866783142,0.0028314590454101562,1.4526609182357788
0,513,0.519064724445343,-0.12701822817325592,1.1809977293014526,0.050852712243795395,-0.28169116377830505,-1.2129111289978027,0.0028249025344848633,1.4864840507507324
0,514,0.5188158750534058,-0.12708355486392975,1.180978536605835,0.0530286580324173,-0.2816441059112549,-1.2169830799102783,0.00281679630279541,1.52006995677948
0,515,0.5185670852661133,-0.12714847922325134,1.1809587478637695,0.055208686739206314,-0.2815934419631958,-1.2210533618927002,0.002808809280395508,1.5528037548065186
0,516,0.5183183550834656,-0.12721295654773712,1.18093740940094,0.057395730167627335,-0.2815418839454651,-1.2251222133636475,0.0028018951416015625,1.5848616361618042
0,517,0.5180698037147522,-0.12727683782577515,1.180914044380188,0.05959274619817734,-0.28149381279945374,-1.2291892766952515,0.0027964115142822266,1.6156785488128662
0,518,0.5178213715553284,-0.12734010815620422,1.1808881759643555,0.06180236116051674,-0.28145310282707214,-1.2332545518875122,0.002792835235595703,1.6450861692428589
0,519,0.5175732374191284,-0.12740282714366913,1.1808598041534424,0.06402574479579926,-0.28142106533050537,-1.2373179197311401,0.002791285514831543,1.6732758283615112
0,520,0.5173251628875732,-0.12746496498584747,1.1808292865753174,0.0662616491317749,-0.28139621019363403,-1.2413794994354248,0.002791285514831543,1.6998478174209595
0,521,0.5170772075653076,-0.12752655148506165,1.1807971000671387,0.06850717961788177,-0.28137362003326416,-1.2454395294189453,0.0027923583984375,1.7251033782958984
0,522,0.516829252243042,-0.12758773565292358,1.1807637214660645,0.07075923681259155,-0.2813486158847809,-1.2494980096817017,0.0027941465377807617,1.7501064538955688
0,523,0.5165811777114868,-0.12764854729175568,1.1807297468185425,0.07301495224237442,-0.28131744265556335,-1.2535548210144043,0.0027959346771240234,1.7746472358703613
0,524,0.5163328647613525,-0.1277090162038803,1.1806957721710205,0.07527318596839905,-0.2812780737876892,-1.2576100826263428,0.0027971267700195312,1.7988531589508057
0,525,0.5160842537879944,-0.12776923179626465,1.1806622743606567,0.07753405719995499,-0.28123101592063904,-1.2616634368896484,0.002797365188598633,1.822845220565796
0,526,0.5158350467681885,-0.12782929837703705,1.1806296110153198,0.07979793846607208,-0.28117772936820984,-1.265714406967163,0.002796173095703125,1.84652578830719
0,527,0.51558518409729,-0.12788920104503632,1.180598258972168,0.08206630498170853,-0.28112009167671204,-1.2697627544403076,0.002792954444885254,1.8700110912322998
0,528,0.5153344869613647,-0.12794902920722961,1.1805682182312012,0.08434034138917923,-0.2810603082180023,-1.2738080024719238,0.002787947654724121,1.8929985761642456
0,529,0.5150830149650574,-0.12800873816013336,1.180539846420288,0.08661993592977524,-0.28099796175956726,-1.2778502702713013,0.0027805566787719727,1.915403962135315
0,530,0.5148308873176575,-0.12806828320026398,1.1805124282836914,0.08890434354543686,-0.2809315025806427,-1.2818899154663086,0.002771615982055664,1.9377521276474
0,531,0.5145782828330994,-0.12812763452529907,1.1804858446121216,0.0911923423409462,-0.2808586359024048,-1.2859266996383667,0.002761244773864746,1.9596458673477173
0,532,0.5143252611160278,-0.12818673253059387,1.1804591417312622,0.09348258376121521,-0.2807769477367401,-1.2899620532989502,0.002750396728515625,1.9814953804016113
0,533,0.5140721201896667,-0.12824556231498718,1.1804320812225342,0.09577526152133942,-0.2806851267814636,-1.2939951419830322,0.0027393102645874023,2.0031068325042725
0,534,0.5138189792633057,-0.12830424308776855,1.180403470993042,0.09807152301073074,-0.2805822789669037,-1.2980260848999023,0.0027294158935546875,2.0241973400115967
0,535,0.5135660767555237,-0.12836278975009918,1.180372714996338,0.10037332028150558,-0.2804677486419678,-1.302055835723877,0.0027211904525756836,2.0449750423431396
0,536,0.5133135318756104,-0.12842132151126862,1.1803382635116577,0.10268362611532211,-0.28034156560897827,-1.3060832023620605,0.0027161836624145508,2.064974784851074
0,537,0.5130614638328552,-0.12847989797592163,1.180299162864685,0.10500407218933105,-0.28020352125167847,-1.310107946395874,0.002715587615966797,2.0842199325561523
0,538,0.5128098130226135,-0.12853853404521942,1.1802551746368408,0.10733620077371597,-0.2800537049770355,-1.3141300678253174,0.0027196407318115234,2.1024513244628906
0,539,0.51255863904953,-0.1285971999168396,1.1802064180374146,0.10967902839183807,-0.2798922061920166,-1.318149447441101,0.002727985382080078,2.119879722595215
0,540,0.5123077034950256,-0.12865588068962097,1.1801540851593018,0.11203009635210037,-0.2797188460826874,-1.3221664428710938,0.002739548683166504,2.1365249156951904
0,541,0.5120569467544556,-0.1287144273519516,1.1800992488861084,0.11438661068677902,-0.2795338034629822,-1.3261810541152954,0.0027532577514648438,2.152768850326538
0,542,0.5118061900138855,-0.12877275049686432,1.180043339729309,0.11674613505601883,-0.27933627367019653,-1.330193281173706,0.0027675628662109375,2.1686203479766846
0,543,0.5115552544593811,-0.12883085012435913,1.1799869537353516,0.11910675466060638,-0.2791261672973633,-1.3342032432556152,0.0027817487716674805,2.184267520904541
0,544,0.5113040208816528,-0.1288887858390808,1.1799312829971313,0.12146814912557602,-0.27890318632125854,-1.3382105827331543,0.0027947425842285156,2.199892282485962
0,545,0.5110523700714111,-0.12894658744335175,1.1798765659332275,0.12383069097995758,-0.27866610884666443,-1.3422160148620605,0.00280606746673584,2.215406656265259
0,546,0.5108001232147217,-0.12900443375110626,1.1798235177993774,0.12619513273239136,-0.2784147560596466,-1.3462190628051758,0.0028153657913208008,2.230813503265381
0,547,0.5105472207069397,-0.12906238436698914,1.1797723770141602,0.12856173515319824,-0.2781480550765991,-1.3502192497253418,0.0028220415115356445,2.246289014816284
0,548,0.5102937817573547,-0.12912049889564514,1.1797230243682861,0.1309308558702469,-0.27786609530448914,-1.3542168140411377,0.0028264522552490234,2.261744976043701
0,549,0.510039746761322,-0.12917867302894592,1.1796752214431763,0.1333019733428955,-0.27756959199905396,-1.358211636543274,0.0028287172317504883,2.2769243717193604
0,550,0.5097852349281311,-0.12923675775527954,1.1796284914016724,0.13567401468753815,-0.2772587239742279,-1.3622034788131714,0.002829432487487793,2.292344808578491
0,551,0.5095304250717163,-0.12929470837116241,1.1795823574066162,0.13804654777050018,-0.27693453431129456,-1.3661929368972778,0.00282895565032959,2.3073229789733887
0,552,0.509275496006012,-0.12935246527194977,1.1795361042022705,0.14041933417320251,-0.2765969932079315,-1.370179533958435,0.0028280019760131836,2.32220458984375
0,553,0.5090205669403076,-0.12941008806228638,1.1794888973236084,0.1427927017211914,-0.2762458026409149,-1.3741636276245117,0.0028276443481445312,2.3369076251983643
0,554,0.5087657570838928,-0.1294676661491394,1.1794400215148926,0.14516809582710266,-0.27588024735450745,-1.3781452178955078,0.0028284788131713867,2.3511860370635986
0,555,0.5085111856460571,-0.1295253187417984,1.1793882846832275,0.14754718542099,-0.2754983603954315,-1.382124423980713,0.0028318166732788086,2.3650472164154053
0,556,0.5082570910453796,-0.1295832395553589,1.179332971572876,0.14993150532245636,-0.2750988006591797,-1.3861013650894165,0.0028383731842041016,2.378251552581787
0,557,0.5080034136772156,-0.1296415627002716,1.1792737245559692,0.15232235193252563,-0.27468106150627136,-1.3900766372680664,0.0028487443923950195,2.3908920288085938
0,558,0.5077501535415649,-0.1297001838684082,1.1792106628417969,0.15471899509429932,-0.2742447853088379,-1.3940492868423462,0.002862691879272461,2.402895927429199
0,559,0.5074971914291382,-0.12975899875164032,1.1791445016860962,0.15712030231952667,-0.2737918198108673,-1.3980191946029663,0.0028793811798095703,2.4142725467681885
0,560,0.5072444677352905,-0.1298179179430008,1.179076075553894,0.15952329337596893,-0.27332285046577454,-1.4019865989685059,0.002898097038269043,2.42535400390625
0,561,0.5069917440414429,-0.12987664341926575,1.1790064573287964,0.1619264781475067,-0.27283909916877747,-1.4059507846832275,0.0029174089431762695,2.436063766479492
0,562,0.5067388415336609,-0.1299351006746292,1.1789368391036987,0.16432923078536987,-0.2723419964313507,-1.4099117517471313,0.002936124801635742,2.446566343307495
0,563,0.5064857006072998,-0.12999334931373596,1.1788676977157593,0.1667301207780838,-0.27183037996292114,-1.413869857788086,0.0029538869857788086,2.457103967666626
0,564,0.5062321424484253,-0.13005147874355316,1.1787999868392944,0.16913004219532013,-0.271303653717041,-1.4178251028060913,0.0029697418212890625,2.467517137527466
0,565,0.5059781074523926,-0.13010960817337036,1.1787340641021729,0.1715288758277893,-0.2707597613334656,-1.4217779636383057,0.00298309326171875,2.4778077602386475
0,566,0.5057235360145569,-0.13016782701015472,1.1786704063415527,0.17392683029174805,-0.2701973021030426,-1.4257289171218872,0.0029937028884887695,2.488370418548584
0,567,0.5054683089256287,-0.13022617995738983,1.1786091327667236,0.17632421851158142,-0.2696162760257721,-1.4296777248382568,0.0030014514923095703,2.4987316131591797
0,568,0.5052125453948975,-0.1302846521139145,1.1785500049591064,0.17872017621994019,-0.2690168619155884,-1.4336246252059937,0.0030063390731811523,2.5090503692626953
0,569,0.5049564242362976,-0.13034307956695557,1.1784923076629639,0.18111485242843628,-0.2684008777141571,-1.437568187713623,0.003009319305419922,2.519482374191284
0,570,0.5046999454498291,-0.1304013580083847,1.1784356832504272,0.18350781500339508,-0.2677696645259857,-1.4415086507797241,0.0030106306076049805,2.5297162532806396
0,571,0.504443347454071,-0.13045945763587952,1.1783791780471802,0.1858983337879181,-0.2671242952346802,-1.4454457759857178,0.003011345863342285,2.5398318767547607
0,572,0.5041866898536682,-0.13051730394363403,1.1783220767974854,0.18828682601451874,-0.2664647400379181,-1.449379324913025,0.00301206111907959,2.5496773719787598
0,573,0.5039301514625549,-0.13057512044906616,1.178263545036316,0.19067402184009552,-0.26579082012176514,-1.4533097743988037,0.0030139684677124023,2.559255599975586
0,574,0.5036739110946655,-0.13063308596611023,1.1782026290893555,0.19306033849716187,-0.26509955525398254,-1.457237958908081,0.0030177831649780273,2.56834077835083
0,575,0.5034179091453552,-0.13069136440753937,1.1781384944915771,0.1954469233751297,-0.26438987255096436,-1.4611639976501465,0.003024578094482422,2.5771660804748535
0,576,0.5031623244285583,-0.13075008988380432,1.1780706644058228,0.19783450663089752,-0.2636602520942688,-1.4650887250900269,0.003034830093383789,2.585582733154297
0,577,0.5029072165489197,-0.13080930709838867,1.1779992580413818,0.2002231925725937,-0.2629109025001526,-1.469011902809143,0.003048539161682129,2.5933685302734375
0,578,0.5026524662971497,-0.1308688372373581,1.1779245138168335,0.20261135697364807,-0.2621425986289978,-1.4729325771331787,0.0030652284622192383,2.600905179977417
0,579,0.5023978352546692,-0.13092845678329468,1.1778476238250732,0.20499828457832336,-0.26135745644569397,-1.4768503904342651,0.00308382511138916,2.6079697608947754
0,580,0.5021433234214783,-0.1309880018234253,1.1777697801589966,0.20738308131694794,-0.26055753231048584,-1.4807645082473755,0.003102898597717285,2.6146411895751953
0,581,0.5018886923789978,-0.1310473084449768,1.1776914596557617,0.20976446568965912,-0.25974369049072266,-1.4846746921539307,0.00312197208404541,2.6213698387145996
0,582,0.5016339421272278,-0.13110630214214325,1.1776138544082642,0.21214254200458527,-0.2589155435562134,-1.4885811805725098,0.0031397342681884766,2.62778377532959
0,583,0.5013789534568787,-0.13116508722305298,1.1775375604629517,0.21451714634895325,-0.2580718994140625,-1.4924840927124023,0.0031557083129882812,2.634033441543579
0,584,0.5011237263679504,-0.13122373819351196,1.1774630546569824,0.21688823401927948,-0.2572110593318939,-1.4963841438293457,0.0031692981719970703,2.6403422355651855
0,585,0.5008681416511536,-0.13128232955932617,1.1773911714553833,0.21925665438175201,-0.25633135437965393,-1.5002820491790771,0.003179788589477539,2.646562099456787
0,586,0.5006123185157776,-0.13134098052978516,1.177322268486023,0.22162257134914398,-0.2554323077201843,-1.5041784048080444,0.0031867027282714844,2.6523988246917725
0,587,0.500356137752533,-0.13139964640140533,1.1772557497024536,0.22398513555526733,-0.25451403856277466,-1.5080724954605103,0.003190755844116211,2.6584432125091553
0,588,0.5000997185707092,-0.13145820796489716,1.177191138267517,0.22634394466876984,-0.25357797741889954,-1.5119637250900269,0.003192424774169922,2.6642537117004395
0,589,0.49984315037727356,-0.13151653110980988,1.177127718925476,0.22869889438152313,-0.2526262402534485,-1.515851378440857,0.003192305564880371,2.6699047088623047
0,590,0.4995863735675812,-0.1315746009349823,1.1770648956298828,0.23104950785636902,-0.25166022777557373,-1.519734501838684,0.0031911134719848633,2.6753978729248047
0,591,0.4993296265602112,-0.1316324919462204,1.1770015954971313,0.23339581489562988,-0.25068050622940063,-1.5236138105392456,0.0031898021697998047,2.6805872917175293
0,592,0.4990729093551636,-0.13169032335281372,1.1769369840621948,0.23573781549930573,-0.24968644976615906,-1.5274889469146729,0.0031894445419311523,2.6856939792633057
0,593,0.49881625175476074,-0.1317482590675354,1.1768699884414673,0.2380753606557846,-0.24867579340934753,-1.5313612222671509,0.0031911134719848633,2.69042706489563
0,594,0.49855977296829224,-0.13180656731128693,1.1767998933792114,0.2404094636440277,-0.24764710664749146,-1.5352314710617065,0.003195643424987793,2.695006847381592
0,595,0.49830353260040283,-0.13186541199684143,1.176726222038269,0.2427399754524231,-0.24659864604473114,-1.5391007661819458,0.0032035112380981445,2.69921612739563
0,596,0.49804750084877014,-0.13192486763000488,1.1766488552093506,0.24506749212741852,-0.24553067982196808,-1.5429692268371582,0.0032148361206054688,2.7032017707824707
0,597,0.49779167771339417,-0.13198484480381012,1.1765681505203247,0.24739117920398712,-0.24444420635700226,-1.546836018562317,0.0032292604446411133,2.706892251968384
0,598,0.49753594398498535,-0.1320449858903885,1.1764849424362183,0.24971003830432892,-0.243340402841568,-1.5506998300552368,0.003245830535888672,2.7102890014648438
0,599,0.4972802698612213,-0.1321050524711609,1.1764004230499268,0.2520243227481842,-0.24222160875797272,-1.5545598268508911,0.003263235092163086,2.7135369777679443
0,600,0.4970245659351349,-0.13216495513916016,1.1763153076171875,0.254332959651947,-0.24108900129795074,-1.5584149360656738,0.0032808780670166016,2.7164206504821777
0,601,0.4967687726020813,-0.13222452998161316,1.176230788230896,0.2566363513469696,-0.2399429827928543,-1.562265157699585,0.00329744815826416,2.7192296981811523
0,602,0.49651286005973816,-0.1322837471961975,1.1761475801467896,0.2589344084262848,-0.2387819141149521,-1.5661115646362305,0.0033119916915893555,2.7218198776245117
0,603,0.4962567985057831,-0.13234274089336395,1.1760663986206055,0.2612276077270508,-0.23760463297367096,-1.5699542760849,0.0033240318298339844,2.7241921424865723
0,604,0.4960007071495056,-0.13240161538124084,1.1759880781173706,0.26351574063301086,-0.23640896379947662,-1.5737943649291992,0.003332853317260742,2.726346969604492
0,605,0.4957444965839386,-0.13246040046215057,1.1759129762649536,0.26579925417900085,-0.2351939082145691,-1.5776326656341553,0.003337860107421875,2.7284998893737793
0,606,0.4954881966114044,-0.13251903653144836,1.1758407354354858,0.2680774927139282,-0.23395943641662598,-1.5814687013626099,0.0033396482467651367,2.730436325073242
0,607,0.49523183703422546,-0.1325775682926178,1.1757711172103882,0.27035093307495117,-0.23270758986473083,-1.5853017568588257,0.0033382177352905273,2.7320847511291504
0,608,0.4949752986431122,-0.13263586163520813,1.1757031679153442,0.27261871099472046,-0.2314402312040329,-1.5891311168670654,0.003334641456604004,2.7335171699523926
0,609,0.4947187602519989,-0.13269385695457458,1.175635814666748,0.2748802602291107,-0.23015880584716797,-1.5929553508758545,0.0033299922943115234,2.734877347946167
0,610,0.49446219205856323,-0.13275161385536194,1.1755681037902832,0.2771354913711548,-0.22886425256729126,-1.596774697303772,0.003325223922729492,2.7358791828155518
0,611,0.4942055642604828,-0.13280929625034332,1.1754990816116333,0.27938348054885864,-0.2275557816028595,-1.6005890369415283,0.0033212900161743164,2.736809253692627
0,612,0.49394896626472473,-0.13286715745925903,1.175428032875061,0.28162527084350586,-0.2262326031923294,-1.6044000387191772,0.0033191442489624023,2.7375242710113525
0,613,0.4936923384666443,-0.13292548060417175,1.1753536462783813,0.2838602066040039,-0.22489270567893982,-1.608209490776062,0.003319859504699707,2.738096237182617
0,614,0.49343571066856384,-0.13298450410366058,1.1752753257751465,0.2860880196094513,-0.22353434562683105,-1.6120182275772095,0.003324270248413086,2.738525390625
0,615,0.4931791126728058,-0.1330442577600479,1.1751927137374878,0.2883090674877167,-0.2221575826406479,-1.615825891494751,0.003332853317260742,2.7388112545013428
0,616,0.49292242527008057,-0.133104607462883,1.1751062870025635,0.29052281379699707,-0.22076275944709778,-1.6196324825286865,0.003344893455505371,2.739025592803955
0,617,0.49266573786735535,-0.13316532969474792,1.1750171184539795,0.29272910952568054,-0.21935120224952698,-1.623436689376831,0.0033594369888305664,2.739025592803955
0,618,0.49240902066230774,-0.13322611153125763,1.1749262809753418,0.29492858052253723,-0.21792548894882202,-1.62723708152771,0.0033751726150512695,2.7389540672302246
0,619,0.49215227365493774,-0.133286714553833,1.1748347282409668,0.2971208095550537,-0.2164868414402008,-1.6310323476791382,0.0033911466598510742,2.738525390625
0,620,0.49189552664756775,-0.13334700465202332,1.1747437715530396,0.29930588603019714,-0.2150353193283081,-1.6348220109939575,0.003406047821044922,2.7379534244537354
0,621,0.49163874983787537,-0.1334068775177002,1.174654245376587,0.30148398876190186,-0.21357011795043945,-1.6386072635650635,0.003419041633605957,2.737095355987549
0,622,0.491381973028183,-0.13346636295318604,1.1745672225952148,0.3036552369594574,-0.21208998560905457,-1.642388105392456,0.0034290552139282227,2.7359507083892822
0,623,0.491125226020813,-0.133525550365448,1.1744835376739502,0.3058195412158966,-0.2105930894613266,-1.6461666822433472,0.0034351348876953125,2.7348058223724365
0,624,0.49086853861808777,-0.1335844248533249,1.1744039058685303,0.3079771399497986,-0.20907831192016602,-1.6499428749084473,0.0034368038177490234,2.7333738803863525
0,625,0.4906119108200073,-0.13364306092262268,1.1743282079696655,0.31012746691703796,-0.20754560828208923,-1.6537166833877563,0.0034340620040893555,2.731797933578491
0,626,0.49035540223121643,-0.1337014138698578,1.1742558479309082,0.3122711777687073,-0.20599618554115295,-1.6574877500534058,0.0034275054931640625,2.7297909259796143
0,627,0.4900989234447479,-0.13375942409038544,1.1741857528686523,0.3144072890281677,-0.20443178713321686,-1.6612547636032104,0.0034183263778686523,2.7276389598846436
0,628,0.48984241485595703,-0.13381706178188324,1.174116849899292,0.3165355324745178,-0.20285388827323914,-1.665016770362854,0.0034073591232299805,2.725341558456421
0,629,0.48958590626716614,-0.13387446105480194,1.174047827720642,0.3186561167240143,-0.20126423239707947,-1.6687730550765991,0.0033960342407226562,2.722754716873169
0,630,0.48932939767837524,-0.13393181562423706,1.1739774942398071,0.32076796889305115,-0.1996621936559677,-1.6725244522094727,0.0033856630325317383,2.7200934886932373
0,631,0.48907271027565,-0.1339893788099289,1.1739046573638916,0.3228708803653717,-0.19804714620113373,-1.676271677017212,0.0033774375915527344,2.717285394668579
0,632,0.4888159930706024,-0.1340475231409073,1.173828125,0.32496410608291626,-0.1964172124862671,-1.6800172328948975,0.0033725500106811523,2.7143301963806152
0,633,0.48855915665626526,-0.1341065615415573,1.1737467050552368,0.32704809308052063,-0.1947721391916275,-1.6837615966796875,0.0033723115921020508,2.711371898651123
0,634,0.488302081823349,-0.13416656851768494,1.1736599206924438,0.3291216492652893,-0.19311033189296722,-1.6875061988830566,0.003377199172973633,2.7083380222320557
0,635,0.4880448579788208,-0.134227454662323,1.1735682487487793,0.331184983253479,-0.19143261015415192,-1.6912500858306885,0.0033867359161376953,2.7054457664489746
0,636,0.48778748512268066,-0.1342889815568924,1.1734727621078491,0.3332386016845703,-0.1897403448820114,-1.6949923038482666,0.0033998489379882812,2.7024052143096924
0,637,0.48753002285957336,-0.1343507319688797,1.1733746528625488,0.33528247475624084,-0.18803492188453674,-1.6987308263778687,0.0034151077270507812,2.6992886066436768
0,638,0.48727256059646606,-0.13441239297389984,1.1732757091522217,0.33731740713119507,-0.18631716072559357,-1.7024644613265991,0.0034308433532714844,2.695878267288208
0,639,0.4870150685310364,-0.13447371125221252,1.1731772422790527,0.3393440544605255,-0.1845884770154953,-1.7061923742294312,0.0034456253051757812,2.6923909187316895
0,640,0.4867575168609619,-0.1345345377922058,1.1730806827545166,0.34136223793029785,-0.18284820020198822,-1.709915041923523,0.0034580230712890625,2.688680648803711
0,641,0.48649999499320984,-0.13459481298923492,1.1729875802993774,0.3433716595172882,-0.1810947060585022,-1.7136337757110596,0.003466367721557617,2.684673309326172
0,642,0.4862425923347473,-0.13465452194213867,1.1728992462158203,0.3453723192214966,-0.17932699620723724,-1.7173500061035156,0.0034693479537963867,2.680514097213745
0,643,0.48598533868789673,-0.13471370935440063,1.172816514968872,0.3473643660545349,-0.17754477262496948,-1.7210642099380493,0.003466367721557617,2.6761293411254883
0,644,0.4857282340526581,-0.1347724050283432,1.1727396249771118,0.3493475914001465,-0.17574705183506012,-1.724777102470398,0.003457188606262207,2.671590566635132
0,645,0.485471248626709,-0.13483057916164398,1.1726676225662231,0.351321280002594,-0.17393456399440765,-1.7284878492355347,0.003442525863647461,2.666750431060791
0,646,0.48521438241004944,-0.13488829135894775,1.1725993156433105,0.35328614711761475,-0.1721092015504837,-1.7321945428848267,0.0034236907958984375,2.66182804107666
0,647,0.4849575161933899,-0.13494554162025452,1.1725330352783203,0.3552421033382416,-0.1702718585729599,-1.7358968257904053,0.0034023523330688477,2.6566755771636963
0,648,0.48470064997673035,-0.13500246405601501,1.1724669933319092,0.3571881949901581,-0.16842342913150787,-1.7395936250686646,0.003380417823791504,2.6512176990509033
0,649,0.4844437539577484,-0.13505932688713074,1.172399640083313,0.35912472009658813,-0.1665647178888321,-1.743284821510315,0.003359198570251465,2.645674705505371
0,650,0.4841867983341217,-0.13511645793914795,1.1723291873931885,0.36105069518089294,-0.16469520330429077,-1.7469722032546997,0.0033408403396606445,2.640119791030884
0,651,0.48392966389656067,-0.13517425954341888,1.1722536087036133,0.36296460032463074,-0.16281402111053467,-1.7506568431854248,0.0033273696899414062,2.6343305110931396
0,652,0.4836723506450653,-0.13523313403129578,1.1721711158752441,0.36486580967903137,-0.16092044115066528,-1.7543412446975708,0.0033205747604370117,2.6287519931793213
0,653,0.4834149181842804,-0.13529329001903534,1.1720808744430542,0.3667536675930023,-0.15901409089565277,-1.758026123046875,0.0033212900161743164,2.6232359409332275
0,654,0.483157217502594,-0.13535462319850922,1.1719831228256226,0.36862799525260925,-0.15709492564201355,-1.7617110013961792,0.0033293962478637695,2.617783308029175
0,655,0.4828992486000061,-0.13541686534881592,1.1718794107437134,0.3704894781112671,-0.15516401827335358,-1.7653945684432983,0.00334322452545166,2.612394094467163
0,656,0.48264116048812866,-0.13547956943511963,1.1717716455459595,0.3723394274711609,-0.15322184562683105,-1.7690757513046265,0.003360748291015625,2.6069939136505127
0,657,0.48238301277160645,-0.13554228842258453,1.1716622114181519,0.3741787075996399,-0.15126968920230865,-1.772752046585083,0.0033795833587646484,2.6015069484710693
0,658,0.4821247160434723,-0.1356046497821808,1.1715532541275024,0.3760080337524414,-0.14930777251720428,-1.7764230966567993,0.003397345542907715,2.5957071781158447
0,659,0.4818664789199829,-0.13566653430461884,1.1714469194412231,0.3778280019760132,-0.14733657240867615,-1.780089020729065,0.003412008285522461,2.5898187160491943
0,660,0.4816083014011383,-0.13572780787944794,1.171345591545105,0.3796378970146179,-0.1453552097082138,-1.783751368522644,0.003421187400817871,2.583613634109497
0,661,0.48135024309158325,-0.13578841090202332,1.1712515354156494,0.3814381957054138,-0.1433633267879486,-1.7874116897583008,0.0034226179122924805,2.577317953109741
0,662,0.48109233379364014,-0.13584837317466736,1.171166181564331,0.383227676153183,-0.14136026799678802,-1.7910716533660889,0.0034148693084716797,2.570702075958252
0,663,0.48083460330963135,-0.1359076350927353,1.171090006828308,0.3850066363811493,-0.13934627175331116,-1.79473078250885,0.0033974647521972656,2.563992977142334
0,664,0.4805769622325897,-0.1359662562608719,1.1710221767425537,0.3867748975753784,-0.1373210847377777,-1.7983895540237427,0.0033712387084960938,2.5571131706237793
0,665,0.48031947016716003,-0.1360243707895279,1.170960783958435,0.38853320479393005,-0.1352858990430832,-1.8020459413528442,0.0033380985260009766,2.5502147674560547
0,666,0.4800620973110199,-0.13608196377754211,1.1709030866622925,0.3902807831764221,-0.13324089348316193,-1.8056986331939697,0.003300786018371582,2.542912721633911
0,667,0.4798046946525574,-0.1361391693353653,1.1708464622497559,0.3920181393623352,-0.13118679821491241,-1.8093461990356445,0.0032619237899780273,2.5355896949768066
0,668,0.47954726219177246,-0.13619627058506012,1.170788288116455,0.3937448263168335,-0.12912414968013763,-1.8129888772964478,0.0032242536544799805,2.5279362201690674
0,669,0.479289710521698,-0.13625356554985046,1.1707255840301514,0.395458847284317,-0.12705273926258087,-1.8166273832321167,0.003190755844116211,2.520336627960205
0,670,0.47903189063072205,-0.13631141185760498,1.170655369758606,0.3971584141254425,-0.1249726414680481,-1.820263147354126,0.0031642913818359375,2.5128700733184814
0,671,0.47877374291419983,-0.13637025654315948,1.17057466506958,0.3988419473171234,-0.12288368493318558,-1.8238979578018188,0.003148198127746582,2.505537509918213
0,672,0.4785151779651642,-0.13643033802509308,1.1704820394515991,0.40050846338272095,-0.12078595906496048,-1.8275338411331177,0.0031436681747436523,2.4984967708587646
0,673,0.47825613617897034,-0.13649164140224457,1.170377492904663,0.4021575450897217,-0.11867957562208176,-1.8311702013015747,0.0031508207321166992,2.4918289184570312
0,674,0.47799667716026306,-0.13655391335487366,1.1702629327774048,0.40379077196121216,-0.11656523495912552,-1.8348057270050049,0.0031676292419433594,2.485379457473755
0,675,0.4777369797229767,-0.13661672174930573,1.170141339302063,0.4054091274738312,-0.11444210261106491,-1.838439702987671,0.003191232681274414,2.4789135456085205
0,676,0.477477103471756,-0.13667960464954376,1.1700162887573242,0.407015323638916,-0.11231107264757156,-1.8420695066452026,0.0032176971435546875,2.4725096225738525
0,677,0.4772172272205353,-0.13674227893352509,1.1698912382125854,0.40861040353775024,-0.11017218977212906,-1.845694899559021,0.0032438039779663086,2.465850830078125
0,678,0.47695741057395935,-0.13680456578731537,1.1697697639465332,0.41019541025161743,-0.1080261692404747,-1.849315881729126,0.003265976905822754,2.458935499191284
0,679,0.47669774293899536,-0.13686637580394745,1.169655680656433,0.41176995635032654,-0.10587295889854431,-1.8529341220855713,0.0032802820205688477,2.451920509338379
0,680,0.47643840312957764,-0.1369277536869049,1.1695524454116821,0.41333410143852234,-0.10371330380439758,-1.8565517663955688,0.003283381462097168,2.4444854259490967
0,681,0.4761795103549957,-0.1369887739419937,1.1694632768630981,0.41488733887672424,-0.10154755413532257,-1.8601700067520142,0.0032721757888793945,2.4370276927948
0,682,0.475921094417572,-0.13704946637153625,1.1693894863128662,0.4164294898509979,-0.09937580674886703,-1.8637902736663818,0.0032453536987304688,2.429063320159912
0,683,0.47566312551498413,-0.13710981607437134,1.1693298816680908,0.4179602861404419,-0.09719786047935486,-1.8674119710922241,0.0032041072845458984,2.4209113121032715
0,684,0.4754055440425873,-0.13716983795166016,1.1692813634872437,0.4194794297218323,-0.09501323848962784,-1.8710333108901978,0.003151535987854004,2.4126505851745605
0,685,0.4751482307910919,-0.1372295320034027,1.16923987865448,0.4209882616996765,-0.09282223135232925,-1.874652624130249,0.003091573715209961,2.40419864654541
0,686,0.4748910069465637,-0.1372889131307602,1.1692012548446655,0.42248642444610596,-0.09062424302101135,-1.8782683610916138,0.003028392791748047,2.3954718112945557
0,687,0.47463366389274597,-0.137348011136055,1.1691606044769287,0.42397210001945496,-0.08841932564973831,-1.8818790912628174,0.002966761589050293,2.386549234390259
0,688,0.47437596321105957,-0.13740697503089905,1.1691136360168457,0.4254438281059265,-0.08620744943618774,-1.8854855298995972,0.0029108524322509766,2.377840042114258
0,689,0.4741176664829254,-0.13746605813503265,1.1690558195114136,0.4268988072872162,-0.08398928493261337,-1.8890888690948486,0.0028651952743530273,2.3692638874053955
0,690,0.47385844588279724,-0.13752560317516327,1.1689823865890503,0.42833417654037476,-0.08176533877849579,-1.8926910161972046,0.0028345584869384766,2.361402988433838
0,691,0.4735981822013855,-0.13758575916290283,1.168890357017517,0.4297475218772888,-0.07953579723834991,-1.896292805671692,0.002821803092956543,2.3541810512542725
0,692,0.47333672642707825,-0.13764657080173492,1.1687792539596558,0.4311388432979584,-0.0773012787103653,-1.8998947143554688,0.002827286720275879,2.347520351409912
0,693,0.4730742871761322,-0.1377078890800476,1.1686514616012573,0.4325096011161804,-0.07506150007247925,-1.9034963846206665,0.0028488636016845703,2.3415932655334473
0,694,0.4728110432624817,-0.13776937127113342,1.1685115098953247,0.4338624179363251,-0.07281628251075745,-1.907096028327942,0.0028818845748901367,2.336153745651245
0,695,0.4725472927093506,-0.13783077895641327,1.1683648824691772,0.43520015478134155,-0.07056497037410736,-1.9106926918029785,0.002920985221862793,2.330617666244507
0,696,0.4722834825515747,-0.13789202272891998,1.1682169437408447,0.43652626872062683,-0.06830824911594391,-1.91428542137146,0.0029609203338623047,2.325152635574341
0,697,0.47201991081237793,-0.13795310258865356,1.168073296546936,0.4378414452075958,-0.0660460814833641,-1.9178754091262817,0.0029963254928588867,2.3193371295928955
0,698,0.47175687551498413,-0.13801413774490356,1.1679394245147705,0.43914636969566345,-0.06377970427274704,-1.9214638471603394,0.003021717071533203,2.313253164291382
0,699,0.4714948236942291,-0.13807542622089386,1.1678216457366943,0.4404412508010864,-0.061510421335697174,-1.9250527620315552,0.0030312538146972656,2.3066442012786865
0,700,0.47123417258262634,-0.13813722133636475,1.1677253246307373,0.441726952791214,-0.05924001336097717,-1.9286445379257202,0.0030198097229003906,2.2995054721832275
0,701,0.47097504138946533,-0.13819970190525055,1.1676530838012695,0.4430024027824402,-0.05696887895464897,-1.9322407245635986,0.002984762191772461,2.291832447052002
0,702,0.47071734070777893,-0.1382628232240677,1.1676039695739746,0.44426727294921875,-0.054696425795555115,-1.935841679573059,0.002927064895629883,2.2836194038391113
0,703,0.4704608917236328,-0.1383265107870102,1.1675736904144287,0.4455220103263855,-0.052422285079956055,-1.939444899559021,0.0028508901596069336,2.274946451187134
0,704,0.47020530700683594,-0.13839036226272583,1.167555809020996,0.4467664062976837,-0.05014486610889435,-1.9430480003356934,0.002762436866760254,2.2659811973571777
0,705,0.46995002031326294,-0.13845409452915192,1.1675432920455933,0.4479997456073761,-0.04786280170083046,-1.9466488361358643,0.0026683807373046875,2.2568070888519287
0,706,0.4696945250034332,-0.13851751387119293,1.1675294637680054,0.4492204785346985,-0.04557540640234947,-1.95024573802948,0.0025751590728759766,2.2475085258483887
0,707,0.4694383442401886,-0.13858038187026978,1.1675077676773071,0.4504261314868927,-0.04328262433409691,-1.9538382291793823,0.0024890899658203125,2.238520860671997
0,708,0.4691806733608246,-0.13864263892173767,1.167470932006836,0.4516121447086334,-0.04098488390445709,-1.9574261903762817,0.002416849136352539,2.2302870750427246
0,709,0.46892088651657104,-0.13870416581630707,1.1674124002456665,0.4527743458747864,-0.03868286684155464,-1.961011290550232,0.0023648738861083984,2.222903251647949
0,710,0.468658447265625,-0.13876482844352722,1.1673272848129272,0.45390892028808594,-0.03637689724564552,-1.964593529701233,0.0023375749588012695,2.2169082164764404
0,711,0.46839314699172974,-0.13882464170455933,1.1672136783599854,0.4550151228904724,-0.03406773880124092,-1.9681735038757324,0.002336859703063965,2.212489366531372
0,712,0.46812528371810913,-0.13888362050056458,1.16707444190979,0.45609450340270996,-0.0317552275955677,-1.9717516899108887,0.0023599863052368164,2.209214210510254
0,713,0.46785545349121094,-0.1389418989419937,1.1669158935546875,0.4571515619754791,-0.029439425095915794,-1.9753270149230957,0.0024008750915527344,2.2070868015289307
0,714,0.4675844609737396,-0.1389995813369751,1.166745662689209,0.45819032192230225,-0.027119295671582222,-1.9788991212844849,0.0024524927139282227,2.205312490463257
0,715,0.46731311082839966,-0.1390569657087326,1.1665716171264648,0.45921531319618225,-0.02479543536901474,-1.9824682474136353,0.0025072097778320312,2.2035367488861084
0,716,0.4670422375202179,-0.1391144096851349,1.166401743888855,0.4602297246456146,-0.022467998787760735,-1.9860352277755737,0.0025577545166015625,2.20149302482605
0,717,0.46677279472351074,-0.13917255401611328,1.1662441492080688,0.4612358510494232,-0.020138880237936974,-1.9896024465560913,0.0025964975357055664,2.199002265930176
0,718,0.4665057957172394,-0.13923226296901703,1.1661072969436646,0.4622339904308319,-0.017809974029660225,-1.9931719303131104,0.002615690231323242,2.195439338684082
0,719,0.4662421941757202,-0.13929423689842224,1.1659988164901733,0.46322500705718994,-0.015482984483242035,-1.9967477321624756,0.0026082992553710938,2.1909773349761963
0,720,0.4659825563430786,-0.1393590271472931,1.1659235954284668,0.46421030163764954,-0.013160265982151031,-2.0003304481506348,0.002570033073425293,2.1852529048919678
0,721,0.4657268822193146,-0.13942663371562958,1.1658813953399658,0.4651887118816376,-0.0108405239880085,-2.0039210319519043,0.0025010108947753906,2.1784353256225586
0,722,0.46547460556030273,-0.13949653506278992,1.1658668518066406,0.4661600887775421,-0.008523314259946346,-2.007516860961914,0.0024062395095825195,2.170604944229126
0,723,0.4652246832847595,-0.13956798613071442,1.165871500968933,0.4671229422092438,-0.00620568823069334,-2.0111165046691895,0.0022935867309570312,2.162203311920166
0,724,0.46497586369514465,-0.13964004814624786,1.1658860445022583,0.4680763781070709,-0.003886247519403696,-2.0147147178649902,0.0021712779998779297,2.1533141136169434
0,725,0.46472692489624023,-0.13971179723739624,1.1659011840820312,0.4690176844596863,-0.0015632963040843606,-2.018310070037842,0.002048015594482422,2.144479751586914
0,726,0.46447643637657166,-0.1397823542356491,1.1659079790115356,0.469942182302475,0.0007647574529983103,-2.0219006538391113,0.0019317865371704102,2.1360669136047363
0,727,0.46422284841537476,-0.13985083997249603,1.1658977270126343,0.4708448052406311,0.0030973751563578844,-2.0254855155944824,0.0018302202224731445,2.128908157348633
0,728,0.4639645218849182,-0.139916330575943,1.1658612489700317,0.4717187285423279,0.0054345098324120045,-2.0290629863739014,0.0017514228820800781,2.1235692501068115
0,729,0.46370017528533936,-0.1399780958890915,1.165791392326355,0.472558856010437,0.007775519043207169,-2.0326333045959473,0.0017018318176269531,2.1206181049346924
0,730,0.46342915296554565,-0.14003577828407288,1.1656850576400757,0.47336211800575256,0.010120594874024391,-2.03619647026062,0.0016840696334838867,2.1204333305358887
0,731,0.46315187215805054,-0.14008964598178864,1.1655447483062744,0.4741304814815521,0.012468735687434673,-2.03975248336792,0.0016957521438598633,2.122739553451538
0,732,0.4628696143627167,-0.1401403397321701,1.1653773784637451,0.4748692214488983,0.014820373617112637,-2.0433030128479004,0.0017309188842773438,2.126884698867798
0,733,0.46258437633514404,-0.14018897712230682,1.16519296169281,0.4755852222442627,0.017175206914544106,-2.0468485355377197,0.0017807483673095703,2.1320314407348633
0,734,0.46229806542396545,-0.1402367204427719,1.1650015115737915,0.47628527879714966,0.019533028826117516,-2.05039119720459,0.001836538314819336,2.1377155780792236
0,735,0.4620126187801361,-0.140284925699234,1.1648130416870117,0.47697508335113525,0.021892568096518517,-2.0539326667785645,0.0018894672393798828,2.142836332321167
0,736,0.46173033118247986,-0.14033523201942444,1.1646368503570557,0.47765830159187317,0.024252571165561676,-2.0574758052825928,0.001931905746459961,2.1472158432006836
0,737,0.46145346760749817,-0.14038947224617004,1.1644829511642456,0.4783379137516022,0.026610534638166428,-2.0610241889953613,0.001955389976501465,2.149766445159912
0,738,0.4611842930316925,-0.14044955372810364,1.164360523223877,0.47901660203933716,0.028964098542928696,-2.0645813941955566,0.0019522905349731445,2.1504037380218506
0,739,0.46092432737350464,-0.14051677286624908,1.1642756462097168,0.4796959459781647,0.03131130710244179,-2.0681498050689697,0.0019178390502929688,2.148491621017456
0,740,0.46067380905151367,-0.1405913382768631,1.1642295122146606,0.480376273393631,0.03365207090973854,-2.0717296600341797,0.0018509626388549805,2.1441147327423096
0,741,0.46043160557746887,-0.14067235589027405,1.1642171144485474,0.4810555577278137,0.035987962037324905,-2.075319290161133,0.001755833625793457,2.1378071308135986
0,742,0.46019548177719116,-0.14075787365436554,1.1642295122146606,0.48173192143440247,0.03832094743847847,-2.0789151191711426,0.0016398429870605469,2.1299192905426025
0,743,0.45996296405792236,-0.14084558188915253,1.164255976676941,0.48240208625793457,0.04065427929162979,-2.0825130939483643,0.0015120506286621094,2.1212642192840576
0,744,0.4597316086292267,-0.14093293249607086,1.1642860174179077,0.483060747385025,0.042989544570446014,-2.0861096382141113,0.0013808012008666992,2.1123883724212646
0,745,0.4594993591308594,-0.14101697504520416,1.1643102169036865,0.4837026000022888,0.04532880336046219,-2.0897016525268555,0.001253962516784668,2.103940010070801
0,746,0.4592643678188324,-0.14109425246715546,1.164318561553955,0.4843195080757141,0.04767274484038353,-2.0932857990264893,0.0011397600173950195,2.096858263015747
0,747,0.45902466773986816,-0.14116086065769196,1.1643017530441284,0.48490267992019653,0.05002182349562645,-2.0968594551086426,0.0010454654693603516,2.0918121337890625
0,748,0.45877882838249207,-0.14121338725090027,1.1642512083053589,0.4854430556297302,0.052375566214323044,-2.1004202365875244,0.000978231430053711,2.0895655155181885
0,749,0.4585261046886444,-0.14124996960163116,1.1641626358032227,0.48593631386756897,0.05473439022898674,-2.1039669513702393,0.0009413957595825195,2.0905017852783203
0,750,0.4582667052745819,-0.14127109944820404,1.1640373468399048,0.4863837957382202,0.05709784850478172,-2.1075005531311035,0.0009338855743408203,2.0944302082061768
0,751,0.45800191164016724,-0.14127956330776215,1.1638821363449097,0.4867919385433197,0.05946505814790726,-2.111023426055908,0.0009502172470092773,2.10058856010437
0,752,0.4577336013317108,-0.14127960801124573,1.16370689868927,0.48717013001441956,0.06183558702468872,-2.1145386695861816,0.000982522964477539,2.108400583267212
0,753,0.4574640095233917,-0.14127585291862488,1.1635222434997559,0.48752862215042114,0.06420853734016418,-2.1180500984191895,0.0010224580764770508,2.1166458129882812
0,754,0.4571954309940338,-0.1412728726863861,1.1633379459381104,0.48787587881088257,0.06658284366130829,-2.121560573577881,0.0010622739791870117,2.124490737915039
0,755,0.45693036913871765,-0.14127543568611145,1.1631633043289185,0.48821935057640076,0.06895730644464493,-2.125074863433838,0.001095414161682129,2.1312971115112305
0,756,0.45667171478271484,-0.1412886083126068,1.163007378578186,0.488565057516098,0.0713297426700592,-2.1285953521728516,0.0011154413223266602,2.1362500190734863
0,757,0.4564223289489746,-0.14131738245487213,1.1628788709640503,0.4889182448387146,0.07369837164878845,-2.132127285003662,0.0011162757873535156,2.1382646560668945
0,758,0.45618441700935364,-0.14136557281017303,1.162784218788147,0.48928260803222656,0.07606222480535507,-2.1356730461120605,0.0010936260223388672,2.1371660232543945
0,759,0.4559587240219116,-0.141434445977211,1.1627254486083984,0.4896593689918518,0.07842036336660385,-2.1392338275909424,0.001046299934387207,2.132765769958496
0,760,0.45574405789375305,-0.14152203500270844,1.1626992225646973,0.4900469481945038,0.08077376335859299,-2.1428074836730957,0.0009763240814208984,2.125596046447754
0,761,0.45553767681121826,-0.14162380993366241,1.162697672843933,0.49043989181518555,0.08312460780143738,-2.146390914916992,0.0008893013000488281,2.1159985065460205
0,762,0.45533597469329834,-0.14173412322998047,1.162711262702942,0.49083176255226135,0.085474893450737,-2.1499786376953125,0.0007914304733276367,2.1052420139312744
0,763,0.45513495802879333,-0.14184729754924774,1.1627304553985596,0.49121561646461487,0.08782707899808884,-2.153566360473633,0.0006887912750244141,2.0944302082061768
0,764,0.45493003726005554,-0.14195802807807922,1.1627461910247803,0.4915824234485626,0.09018328040838242,-2.1571476459503174,0.0005867481231689453,2.0846893787384033
0,765,0.4547157883644104,-0.14206109941005707,1.162750005722046,0.49192196130752563,0.09254554659128189,-2.160717487335205,0.0004895925521850586,2.077165126800537
0,766,0.4544859528541565,-0.14215117692947388,1.1627330780029297,0.4922218918800354,0.09491612017154694,-2.164269208908081,0.00040137767791748047,2.073676109313965
0,767,0.45423489809036255,-0.1422235667705536,1.16268789768219,0.4924710690975189,0.09729690104722977,-2.1677966117858887,0.0003256797790527344,2.075279951095581
0,768,0.45395907759666443,-0.1422753781080246,1.1626096963882446,0.4926622211933136,0.0996885597705841,-2.1712961196899414,0.0002644062042236328,2.082998752593994
0,769,0.4536585807800293,-0.14230670034885406,1.1624988317489624,0.49279558658599854,0.10209053754806519,-2.1747686862945557,0.00021719932556152344,2.096485137939453
0,770,0.45333734154701233,-0.1423206627368927,1.1623601913452148,0.4928785264492035,0.10450106859207153,-2.178218364715576,0.00018215179443359375,2.1147031784057617
0,771,0.4530017673969269,-0.1423223912715912,1.162202000617981,0.4929230809211731,0.10691774636507034,-2.181652069091797,0.00015544891357421875,2.1360669136047363
0,772,0.4526592195034027,-0.14231789112091064,1.162033200263977,0.4929425120353699,0.10933798551559448,-2.1850779056549072,0.00013363361358642578,2.1590328216552734
0,773,0.4523167610168457,-0.14231309294700623,1.1618624925613403,0.49294888973236084,0.11175942420959473,-2.188502311706543,0.00011336803436279297,2.181577682495117
0,774,0.4519815742969513,-0.1423140913248062,1.1616973876953125,0.4929524064064026,0.11418019980192184,-2.1919314861297607,9.226799011230469e-05,2.2022929191589355
0,775,0.45166102051734924,-0.14232748746871948,1.1615453958511353,0.4929623305797577,0.11659854650497437,-2.1953723430633545,6.866455078125e-05,2.2196433544158936
0,776,0.45136281847953796,-0.14236018061637878,1.1614140272140503,0.4929879307746887,0.11901330947875977,-2.1988298892974854,4.088878631591797e-05,2.2319536209106445
0,777,0.45109301805496216,-0.14241769909858704,1.1613084077835083,0.49303528666496277,0.1214228942990303,-2.2023091316223145,8.58306884765625e-06,2.2382586002349854
0,778,0.45085424184799194,-0.1425025910139084,1.161231517791748,0.49310725927352905,0.1238270103931427,-2.2058119773864746,2.9087066650390625e-05,2.237821340560913
0,779,0.45064446330070496,-0.14261306822299957,1.1611815690994263,0.49320197105407715,0.12622646987438202,-2.209336519241333,7.18832015991211e-05,2.2314276695251465
0,780,0.45045748353004456,-0.14274373650550842,1.161152720451355,0.4933125376701355,0.12862327694892883,-2.2128782272338867,0.00011861324310302734,2.220524787902832
0,781,0.4502849280834198,-0.1428871750831604,1.161137580871582,0.49342918395996094,0.1310185343027115,-2.2164294719696045,0.00016820430755615234,2.206554651260376
0,782,0.4501178562641144,-0.1430353820323944,1.1611284017562866,0.49354130029678345,0.1334151029586792,-2.2199833393096924,0.00021970272064208984,2.1916918754577637
0,783,0.4499475359916687,-0.1431807279586792,1.1611180305480957,0.4936370551586151,0.13581475615501404,-2.22353196144104,0.0002726316452026367,2.177626609802246
0,784,0.44976526498794556,-0.1433154195547104,1.161099910736084,0.49370449781417847,0.13822041451931,-2.2270665168762207,0.00032722949981689453,2.1660919189453125
0,785,0.4495616555213928,-0.143431156873703,1.1610674858093262,0.4937283396720886,0.14063496887683868,-2.230576992034912,0.0003839731216430664,2.158851385116577
0,786,0.44932791590690613,-0.14352022111415863,1.1610146760940552,0.4936942458152771,0.14306095242500305,-2.234053611755371,0.00044345855712890625,2.1575820446014404
0,787,0.4490582048892975,-0.14357733726501465,1.1609375476837158,0.4935928285121918,0.14550015330314636,-2.2374908924102783,0.0005065202713012695,2.1634700298309326
0,788,0.44875168800354004,-0.14360161125659943,1.1608353853225708,0.4934222400188446,0.14795255661010742,-2.2408876419067383,0.0005731582641601562,2.1762781143188477
0,789,0.44841301441192627,-0.14359697699546814,1.1607111692428589,0.4931897222995758,0.1504160463809967,-2.2442493438720703,0.0006427764892578125,2.19517183303833
0,790,0.44805100560188293,-0.14357101917266846,1.160570502281189,0.4929090440273285,0.1528872698545456,-2.2475860118865967,0.0007145404815673828,2.2185850143432617
0,791,0.44767603278160095,-0.1435329169034958,1.1604201793670654,0.4925960600376129,0.15536294877529144,-2.250908613204956,0.0007872581481933594,2.244196891784668
0,792,0.4472983777523041,-0.14349180459976196,1.160266399383545,0.49226588010787964,0.15784011781215668,-2.25422739982605,0.0008592605590820312,2.270209550857544
0,793,0.4469280242919922,-0.1434568613767624,1.1601147651672363,0.49193188548088074,0.16031710803508759,-2.257551908493042,0.0009284019470214844,2.2943077087402344
0,794,0.44657546281814575,-0.14343783259391785,1.1599706411361694,0.4916061460971832,0.16279256343841553,-2.260890007019043,0.0009915828704833984,2.3149447441101074
0,795,0.4462513327598572,-0.1434449702501297,1.1598390340805054,0.49130088090896606,0.16526609659194946,-2.264249563217163,0.0010454654693603516,2.329777717590332
0,796,0.44596487283706665,-0.1434871405363083,1.159724235534668,0.49102550745010376,0.16773761808872223,-2.267636299133301,0.0010868310928344727,2.337242841720581
0,797,0.44572097063064575,-0.14356912672519684,1.1596288681030273,0.4907855987548828,0.17020732164382935,-2.2710533142089844,0.0011143684387207031,2.336488962173462
0,798,0.44551801681518555,-0.14368966221809387,1.1595518589019775,0.4905789792537689,0.1726755052804947,-2.2744994163513184,0.001128077507019043,2.3279287815093994
0,799,0.44534832239151,-0.14384157955646515,1.1594899892807007,0.49039754271507263,0.17514297366142273,-2.2779693603515625,0.0011307001113891602,2.3129994869232178
0,800,0.4452005922794342,-0.14401432871818542,1.1594384908676147,0.4902295768260956,0.17761023342609406,-2.28145432472229,0.0011265277862548828,2.29396653175354
0,801,0.4450627565383911,-0.1441965103149414,1.15939199924469,0.49006175994873047,0.18007828295230865,-2.284945487976074,0.0011196136474609375,2.2732250690460205
0,802,0.44492319226264954,-0.14437715709209442,1.1593453884124756,0.48988017439842224,0.18254800140857697,-2.288433074951172,0.0011141300201416016,2.25264048576355
0,803,0.4447706937789917,-0.14454573392868042,1.1592941284179688,0.48967084288597107,0.18502165377140045,-2.2919058799743652,0.0011142492294311523,2.2344954013824463
0,804,0.4445936381816864,-0.1446913778781891,1.159233808517456,0.4894178807735443,0.18750116229057312,-2.295351505279541,0.0011248588562011719,2.220701217651367
0,805,0.4443807601928711,-0.14480344951152802,1.1591596603393555,0.4891051948070526,0.1899891197681427,-2.298758029937744,0.0011502504348754883,2.213108539581299
0,806,0.4441238045692444,-0.14487406611442566,1.1590685844421387,0.4887216091156006,0.19248761236667633,-2.3021156787872314,0.0011937618255615234,2.2131969928741455
0,807,0.4438202381134033,-0.14490064978599548,1.1589597463607788,0.48826315999031067,0.19499635696411133,-2.3054215908050537,0.0012568235397338867,2.2212297916412354
0,808,0.4434744417667389,-0.14488711953163147,1.1588343381881714,0.4877353012561798,0.19751429557800293,-2.3086819648742676,0.001337289810180664,2.236509084701538
0,809,0.44309672713279724,-0.14484284818172455,1.1586960554122925,0.4871518313884735,0.20003832876682281,-2.3119075298309326,0.0014307498931884766,2.2573275566101074
0,810,0.4426998496055603,-0.1447797268629074,1.1585496664047241,0.486530601978302,0.20256578922271729,-2.3151133060455322,0.0015320777893066406,2.2815613746643066
0,811,0.4422968327999115,-0.14470988512039185,1.1583997011184692,0.4858883023262024,0.2050943821668625,-2.318312168121338,0.001635432243347168,2.3066442012786865
0,812,0.44189977645874023,-0.1446451097726822,1.158249855041504,0.4852396249771118,0.20762205123901367,-2.321516513824463,0.0017348527908325195,2.330869674682617
0,813,0.4415209889411926,-0.14459748566150665,1.1581034660339355,0.48459869623184204,0.2101496458053589,-2.324735641479492,0.0018235445022583008,2.3513524532318115
0,814,0.44117286801338196,-0.14457949995994568,1.1579638719558716,0.4839782416820526,0.21267735958099365,-2.32797908782959,0.0018947124481201172,2.366370916366577
0,815,0.4408665895462036,-0.1446024626493454,1.157833456993103,0.4833897054195404,0.21520645916461945,-2.331254243850708,0.0019415616989135742,2.37372088432312
0,816,0.4406088590621948,-0.1446734070777893,1.1577141284942627,0.4828399121761322,0.2177375704050064,-2.3345651626586914,0.0019600391387939453,2.3720712661743164
0,817,0.4403992295265198,-0.14479224383831024,1.157605767250061,0.48232799768447876,0.2202707827091217,-2.3379111289978027,0.0019505023956298828,2.3614859580993652
0,818,0.44023022055625916,-0.14495156705379486,1.1575064659118652,0.48184630274772644,0.22280631959438324,-2.341287136077881,0.0019168853759765625,2.343682050704956
0,819,0.4400895833969116,-0.1451391726732254,1.1574139595031738,0.48138338327407837,0.22534357011318207,-2.344684362411499,0.001867055892944336,2.32034969329834
0,820,0.43996381759643555,-0.14534114301204681,1.1573249101638794,0.4809243679046631,0.22788111865520477,-2.3480920791625977,0.001808762550354004,2.2943930625915527
0,821,0.4398403465747833,-0.14554402232170105,1.1572362184524536,0.48045557737350464,0.23041865229606628,-2.3515000343322754,0.0017495155334472656,2.2679669857025146
0,822,0.4397077262401581,-0.1457347273826599,1.1571447849273682,0.47996291518211365,0.23295557498931885,-2.3548967838287354,0.0016957521438598633,2.243149995803833
0,823,0.43955492973327637,-0.1458996832370758,1.1570470333099365,0.47943124175071716,0.2354918122291565,-2.3582684993743896,0.001653432846069336,2.2221107482910156
0,824,0.43937113881111145,-0.146025151014328,1.1569396257400513,0.47884514927864075,0.23802734911441803,-2.3616018295288086,0.001628875732421875,2.206909418106079
0,825,0.43914794921875,-0.14610008895397186,1.1568197011947632,0.47819289565086365,0.24056237936019897,-2.3648858070373535,0.001626729965209961,2.1985573768615723
0,826,0.4388817846775055,-0.14611956477165222,1.1566859483718872,0.47746798396110535,0.24309663474559784,-2.368115186691284,0.0016486644744873047,2.1984682083129883
0,827,0.43857547640800476,-0.1460869163274765,1.156538724899292,0.4766744375228882,0.24562925100326538,-2.3712940216064453,0.0016930103302001953,2.206199884414673
0,828,0.43823760747909546,-0.14601296186447144,1.1563810110092163,0.4758242666721344,0.2481597661972046,-2.374433994293213,0.0017551183700561523,2.2200841903686523
0,829,0.4378798305988312,-0.14591240882873535,1.1562161445617676,0.4749339818954468,0.2506881058216095,-2.3775503635406494,0.0018281936645507812,2.2382586002349854
0,830,0.4375140964984894,-0.14580050110816956,1.1560477018356323,0.47402000427246094,0.25321444869041443,-2.3806583881378174,0.0019054412841796875,2.258800745010376
0,831,0.43715161085128784,-0.14569175243377686,1.1558786630630493,0.47309771180152893,0.25573986768722534,-2.383770704269409,0.0019799470901489258,2.2788147926330566
0,832,0.43680310249328613,-0.14560024440288544,1.1557111740112305,0.47218018770217896,0.25826555490493774,-2.3868978023529053,0.0020439624786376953,2.2964394092559814
0,833,0.436479389667511,-0.1455402970314026,1.1555471420288086,0.47127988934516907,0.2607932686805725,-2.390049695968628,0.002089858055114746,2.3094427585601807
0,834,0.43619057536125183,-0.145525261759758,1.155388355255127,0.4704095423221588,0.2633264660835266,-2.3932340145111084,0.0021102428436279297,2.3156211376190186
0,835,0.4359433352947235,-0.1455642431974411,1.155236005783081,0.46957650780677795,0.26586633920669556,-2.396456241607666,0.0021001100540161133,2.313422441482544
0,836,0.43573862314224243,-0.14565880596637726,1.1550898551940918,0.46878132224082947,0.2684135138988495,-2.39971661567688,0.0020581483840942383,2.3023977279663086
0,837,0.4355710744857788,-0.14580221474170685,1.15494966506958,0.468019038438797,0.27096718549728394,-2.403010606765747,0.0019888877868652344,2.2834479808807373
0,838,0.4354306161403656,-0.1459815800189972,1.1548137664794922,0.46727803349494934,0.2735254764556885,-2.40632963180542,0.0018996000289916992,2.258974075317383
0,839,0.43530532717704773,-0.14618167281150818,1.1546804904937744,0.46654409170150757,0.2760852873325348,-2.4096639156341553,0.0017993450164794922,2.2312521934509277
0,840,0.4351833164691925,-0.14638784527778625,1.1545476913452148,0.4658043086528778,0.278643935918808,-2.4130024909973145,0.001696467399597168,2.2022929191589355
0,841,0.43505290150642395,-0.1465865969657898,1.1544135808944702,0.46504509449005127,0.2811985909938812,-2.4163331985473633,0.0015990734100341797,2.175018787384033
0,842,0.4349018335342407,-0.14676490426063538,1.15427565574646,0.4642527103424072,0.28374603390693665,-2.4196431636810303,0.001515030860900879,2.1515865325927734
0,843,0.43471747636795044,-0.1469099074602127,1.154131293296814,0.46341314911842346,0.2862832248210907,-2.4229178428649902,0.001452326774597168,2.1345086097717285
0,844,0.4344888925552368,-0.14701053500175476,1.1539782285690308,0.46251389384269714,0.28880709409713745,-2.426144599914551,0.0014178752899169922,2.126148223876953
0,845,0.43421033024787903,-0.14706078171730042,1.1538151502609253,0.46154916286468506,0.29131612181663513,-2.429316759109497,0.0014150142669677734,2.1273446083068848
0,846,0.4338836073875427,-0.14706219732761383,1.1536422967910767,0.4605203866958618,0.29381048679351807,-2.432435989379883,0.0014427900314331055,2.1382646560668945
0,847,0.43351778388023376,-0.14702358841896057,1.153461217880249,0.45943760871887207,0.29629191756248474,-2.435513496398926,0.001495361328125,2.1570374965667725
0,848,0.43312618136405945,-0.14695802330970764,1.153274416923523,0.4583156406879425,0.2987634539604187,-2.4385647773742676,0.0015642642974853516,2.181039333343506
0,849,0.43272289633750916,-0.14687946438789368,1.153084397315979,0.45716995000839233,0.30122876167297363,-2.441605806350708,0.0016404390335083008,2.2079732418060303
0,850,0.4323209524154663,-0.14680102467536926,1.152893304824829,0.456014484167099,0.30369073152542114,-2.444650173187256,0.001714944839477539,2.234758138656616
0,851,0.43193256855010986,-0.14673510193824768,1.1527026891708374,0.45486244559288025,0.30615243315696716,-2.4477100372314453,0.0017794370651245117,2.2593207359313965
0,852,0.4315697252750397,-0.14669424295425415,1.1525136232376099,0.4537264406681061,0.3086167573928833,-2.450795888900757,0.0018243789672851562,2.2789864540100098
0,853,0.431243896484375,-0.1466904878616333,1.152327060699463,0.4526185393333435,0.3110869824886322,-2.4539172649383545,0.0018411874771118164,2.2913200855255127
0,854,0.43096351623535156,-0.14673277735710144,1.1521437168121338,0.4515475034713745,0.31356585025787354,-2.457080841064453,0.0018231868743896484,2.294734239578247
0,855,0.4307311177253723,-0.14682412147521973,1.1519638299942017,0.4505162835121155,0.31605374813079834,-2.4602885246276855,0.001768350601196289,2.288670539855957
0,856,0.43054214119911194,-0.14696015417575836,1.151787281036377,0.449520081281662,0.3185499310493469,-2.463536024093628,0.0016802549362182617,2.2738277912139893
0,857,0.4303862154483795,-0.14713037014007568,1.1516133546829224,0.44854819774627686,0.321051687002182,-2.4668147563934326,0.0015670061111450195,2.2522060871124268
0,858,0.43025025725364685,-0.1473214030265808,1.151440978050232,0.4475868046283722,0.32355549931526184,-2.47011399269104,0.0014383792877197266,2.226510524749756
0,859,0.4301212430000305,-0.14751997590065002,1.1512690782546997,0.4466227889060974,0.32605722546577454,-2.473422050476074,0.0013043880462646484,2.1993584632873535
0,860,0.42998677492141724,-0.14771373569965363,1.1510961055755615,0.44564321637153625,0.32855185866355896,-2.4767274856567383,0.0011739730834960938,2.17339825630188
0,861,0.42983478307724,-0.14789073169231415,1.1509203910827637,0.44463592767715454,0.3310333788394928,-2.4800174236297607,0.0010554790496826172,2.1508586406707764
0,862,0.4296529293060303,-0.14803893864154816,1.1507399082183838,0.44358909130096436,0.3334951102733612,-2.483278751373291,0.0009572505950927734,2.1344168186187744
0,863,0.42943015694618225,-0.14814747869968414,1.150552749633789,0.44249165058135986,0.3359309136867523,-2.4864988327026367,0.0008864402770996094,2.126424551010132
0,864,0.4291597604751587,-0.14820972084999084,1.1503572463989258,0.4413367211818695,0.3383362591266632,-2.4896702766418457,0.0008471012115478516,2.128540515899658
0,865,0.428842157125473,-0.14822572469711304,1.1501535177230835,0.4401249885559082,0.3407110571861267,-2.492793321609497,0.0008392333984375,2.140368700027466
0,866,0.4284847676753998,-0.14820241928100586,1.1499425172805786,0.43886369466781616,0.34305912256240845,-2.4958767890930176,0.0008575916290283203,2.1606638431549072
0,867,0.42809978127479553,-0.14815127849578857,1.149726390838623,0.437564879655838,0.3453868329524994,-2.498934030532837,0.0008944272994995117,2.1868643760681152
0,868,0.4277006685733795,-0.14808525145053864,1.1495070457458496,0.43624261021614075,0.347701758146286,-2.5019798278808594,0.0009404420852661133,2.216113567352295
0,869,0.42730021476745605,-0.14801658689975739,1.1492865085601807,0.4349094033241272,0.350010484457016,-2.5050277709960938,0.000986933708190918,2.2460274696350098
0,870,0.42691028118133545,-0.147956982254982,1.1490662097930908,0.43357810378074646,0.3523186147212982,-2.508089780807495,0.001025557518005371,2.273655652999878
0,871,0.42654258012771606,-0.14791812002658844,1.148847222328186,0.43226146697998047,0.3546304702758789,-2.511176824569702,0.001047372817993164,2.297121286392212
0,872,0.42620858550071716,-0.14791157841682434,1.148630142211914,0.43097206950187683,0.3569509983062744,-2.514299154281616,0.0010429620742797852,2.313591480255127
0,873,0.42591750621795654,-0.1479467898607254,1.1484161615371704,0.42972081899642944,0.35928285121917725,-2.5174643993377686,0.0010058879852294922,2.321192979812622
0,874,0.4256731867790222,-0.1480279266834259,1.1482051610946655,0.42851150035858154,0.3616284728050232,-2.520676612854004,0.0009325742721557617,2.3190839290618896
0,875,0.42547258734703064,-0.14815226197242737,1.147997260093689,0.4273407757282257,0.3639863431453705,-2.523932695388794,0.0008254051208496094,2.3080015182495117
0,876,0.4253064692020416,-0.14831076562404633,1.1477919816970825,0.42619892954826355,0.36635324358940125,-2.527223587036133,0.0006918907165527344,2.2895255088806152
0,877,0.4251624643802643,-0.14849111437797546,1.1475882530212402,0.4250720739364624,0.3687242865562439,-2.530538558959961,0.0005414485931396484,2.2664132118225098
0,878,0.4250279366970062,-0.14868032932281494,1.1473851203918457,0.4239460825920105,0.3710935711860657,-2.5338661670684814,0.00038373470306396484,2.241579055786133
0,879,0.42489150166511536,-0.1488662213087082,1.1471811532974243,0.4228081703186035,0.37345415353775024,-2.5371949672698975,0.00022721290588378906,2.2173495292663574
0,880,0.42474260926246643,-0.14903676509857178,1.1469746828079224,0.42164719104766846,0.375797837972641,-2.540513515472412,7.95125961303711e-05,2.1962413787841797
0,881,0.42457106709480286,-0.14917971193790436,1.146763563156128,0.4204522669315338,0.37811440229415894,-2.543809175491333,5.245208740234375e-05,2.1805007457733154
0,882,0.4243674874305725,-0.14928358793258667,1.146545648574829,0.4192132353782654,0.38039329648017883,-2.5470714569091797,0.00016260147094726562,2.1727681159973145
0,883,0.42412570118904114,-0.14934054017066956,1.1463193893432617,0.4179237484931946,0.3826277554035187,-2.5502922534942627,0.0002467632293701172,2.1745688915252686
0,884,0.42384496331214905,-0.14934924244880676,1.1460846662521362,0.41658374667167664,0.38481631875038147,-2.5534701347351074,0.00030434131622314453,2.1857006549835205
0,885,0.42353013157844543,-0.1493154764175415,1.14584219455719,0.41519832611083984,0.3869636654853821,-2.5566115379333496,0.0003387928009033203,2.2055788040161133
0,886,0.4231904149055481,-0.14925020933151245,1.1455936431884766,0.413776695728302,0.38907912373542786,-2.559727907180786,0.0003566741943359375,2.2316031455993652
0,887,0.4228367209434509,-0.14916659891605377,1.145341396331787,0.4123307168483734,0.3911738693714142,-2.5628318786621094,0.00036525726318359375,2.261312484741211
0,888,0.42247962951660156,-0.14907771348953247,1.145087718963623,0.4108728766441345,0.39325830340385437,-2.5659360885620117,0.0003718137741088867,2.2920031547546387
0,889,0.42212921380996704,-0.14899584650993347,1.144834280014038,0.40941476821899414,0.3953406512737274,-2.569051742553711,0.0003834962844848633,2.3215301036834717
0,890,0.42179542779922485,-0.14893348515033722,1.1445826292037964,0.40796956419944763,0.3974289000034332,-2.572190284729004,0.0004080533981323242,2.346853256225586
0,891,0.4214884340763092,-0.14890336990356445,1.144334077835083,0.4065503478050232,0.3995293378829956,-2.575361490249634,0.0004532337188720703,2.365626335144043
0,892,0.42121702432632446,-0.14891651272773743,1.1440895795822144,0.40516918897628784,0.4016473591327667,-2.5785741806030273,0.0005261898040771484,2.3756165504455566
0,893,0.42098575830459595,-0.14897900819778442,1.1438500881195068,0.40383318066596985,0.4037862718105316,-2.5818326473236084,0.0006302595138549805,2.3756988048553467
0,894,0.42079320549964905,-0.1490892618894577,1.143615484237671,0.4025403559207916,0.405945360660553,-2.5851352214813232,0.0007642507553100586,2.366288185119629
0,895,0.420632004737854,-0.14923857152462006,1.1433849334716797,0.4012804627418518,0.40812018513679504,-2.588475227355957,0.0009225606918334961,2.348853826522827
0,896,0.42049142718315125,-0.14941397309303284,1.1431571245193481,0.4000394940376282,0.41030406951904297,-2.591840982437134,0.0010966062545776367,2.326246500015259
0,897,0.42035990953445435,-0.14960169792175293,1.1429307460784912,0.39880281686782837,0.4124892055988312,-2.5952212810516357,0.0012776851654052734,2.3012073040008545
0,898,0.420226126909256,-0.1497892439365387,1.142704725265503,0.39755719900131226,0.41466665267944336,-2.598604679107666,0.0014567375183105469,2.276580572128296
0,899,0.4200787842273712,-0.14996494352817535,1.1424776315689087,0.3962904214859009,0.41682636737823486,-2.601980209350586,0.0016254186630249023,2.2544643878936768
0,900,0.41990599036216736,-0.15011753141880035,1.1422481536865234,0.3949914574623108,0.41895636916160583,-2.6053354740142822,0.0017753839492797852,2.2373838424682617
0,901,0.4196961224079132,-0.15023626387119293,1.142014980316162,0.3936498165130615,0.42104479670524597,-2.6086597442626953,0.0018978118896484375,2.2278285026550293
0,902,0.41944047808647156,-0.150313138961792,1.1417770385742188,0.39225834608078003,0.42308154702186584,-2.611943006515503,0.001986861228942871,2.227125644683838
0,903,0.41913631558418274,-0.15034547448158264,1.1415338516235352,0.3908156156539917,0.42506372928619385,-2.615183115005493,0.002040386199951172,2.2359838485717773
0,904,0.4187883138656616,-0.15033726394176483,1.1412858963012695,0.38932543992996216,0.42699548602104187,-2.61838436126709,0.0020618438720703125,2.253422260284424
0,905,0.4184069335460663,-0.15029782056808472,1.1410341262817383,0.3877975046634674,0.42888766527175903,-2.6215572357177734,0.002058863639831543,2.277268171310425
0,906,0.4180055856704712,-0.15023912489414215,1.140779733657837,0.38624370098114014,0.4307529926300049,-2.6247153282165527,0.002041459083557129,2.3049466609954834
0,907,0.4175976514816284,-0.15017323195934296,1.1405237913131714,0.3846762180328369,0.43260473012924194,-2.62787127494812,0.002019524574279785,2.333974599838257
0,908,0.4171958267688751,-0.15011188387870789,1.1402676105499268,0.38310784101486206,0.43445318937301636,-2.6310367584228516,0.0020025968551635742,2.361651659011841
0,909,0.4168127179145813,-0.15006697177886963,1.1400120258331299,0.38155221939086914,0.43630778789520264,-2.6342225074768066,0.0020003318786621094,2.3856468200683594
0,910,0.41646119952201843,-0.15005065500736237,1.1397578716278076,0.38002312183380127,0.4381769299507141,-2.637439727783203,0.002022862434387207,2.4033031463623047
0,911,0.4161526560783386,-0.15007399022579193,1.1395056247711182,0.3785339295864105,0.44006776809692383,-2.640697956085205,0.002079486846923828,2.4123260974884033
0,912,0.4158940613269806,-0.15014395117759705,1.1392560005187988,0.37709248065948486,0.44198423624038696,-2.6440024375915527,0.002175569534301758,2.4113521575927734
0,913,0.4156850576400757,-0.1502605378627777,1.1390091180801392,0.3756987452507019,0.4439268112182617,-2.647353172302246,0.0023107528686523438,2.4002878665924072
0,914,0.4155179262161255,-0.15041662752628326,1.1387646198272705,0.37434375286102295,0.4458906948566437,-2.650743246078491,0.002478957176208496,2.3808836936950684
0,915,0.41537997126579285,-0.150600403547287,1.1385217905044556,0.3730134963989258,0.4478681683540344,-2.6541624069213867,0.0026699304580688477,2.355760097503662
0,916,0.41525697708129883,-0.15079855918884277,1.1382802724838257,0.37169235944747925,0.44985032081604004,-2.6575989723205566,0.0028723478317260742,2.3274242877960205
0,917,0.4151351749897003,-0.15099824965000153,1.1380388736724854,0.37036561965942383,0.4518265426158905,-2.661041736602783,0.0030754804611206055,2.298994779586792
0,918,0.41500145196914673,-0.15118731558322906,1.1377969980239868,0.36902081966400146,0.45378580689430237,-2.6644794940948486,0.0032690763473510742,2.272794723510742
0,919,0.4148423969745636,-0.1513534039258957,1.1375539302825928,0.36764663457870483,0.45571473240852356,-2.667900323867798,0.003442525863647461,2.2513370513916016
0,920,0.4146445691585541,-0.1514841616153717,1.1373085975646973,0.3662321865558624,0.45759859681129456,-2.671292304992676,0.0035856962203979492,2.2369465827941895
0,921,0.4143971800804138,-0.15156961977481842,1.1370604038238525,0.3647691011428833,0.45942577719688416,-2.6746459007263184,0.0036901235580444336,2.2314276695251465
0,922,0.41409558057785034,-0.1516052633523941,1.1368087530136108,0.36325395107269287,0.46119049191474915,-2.6779565811157227,0.0037523508071899414,2.235896348953247
0,923,0.413743257522583,-0.15159396827220917,1.1365536451339722,0.3616904616355896,0.46289634704589844,-2.681227684020996,0.003775358200073242,2.2494235038757324
0,924,0.4133510887622833,-0.15154528617858887,1.1362957954406738,0.36008718609809875,0.46455398201942444,-2.6844685077667236,0.003767251968383789,2.2700374126434326
0,925,0.41293394565582275,-0.15147234499454498,1.1360357999801636,0.35845640301704407,0.4661785364151001,-2.6876916885375977,0.0037398338317871094,2.295245885848999
0,926,0.4125075042247772,-0.15138879418373108,1.1357742547988892,0.35681143403053284,0.46778494119644165,-2.690910577774048,0.003705620765686035,2.322036027908325
0,927,0.4120868742465973,-0.15130741894245148,1.1355117559432983,0.35516566038131714,0.4693858325481415,-2.6941373348236084,0.003676295280456543,2.3482706546783447
0,928,0.4116874635219574,-0.15124063193798065,1.1352483034133911,0.3535337746143341,0.4709916114807129,-2.6973841190338135,0.003664731979370117,2.370915651321411
0,929,0.4113253951072693,-0.15120096504688263,1.134984016418457,0.35193192958831787,0.47261160612106323,-2.70066237449646,0.003683805465698242,2.387205123901367
0,930,0.4110158383846283,-0.1512000858783722,1.1347187757492065,0.35037553310394287,0.4742532968521118,-2.7039825916290283,0.00374603271484375,2.3950634002685547
0,931,0.41076916456222534,-0.15124604105949402,1.1344525814056396,0.34887582063674927,0.47592222690582275,-2.7073521614074707,0.003859996795654297,2.392446994781494
0,932,0.4105871021747589,-0.15134036540985107,1.1341856718063354,0.347434401512146,0.4776194989681244,-2.7107720375061035,0.004026889801025391,2.3792388439178467
0,933,0.4104616045951843,-0.15147721767425537,1.1339179277420044,0.34604284167289734,0.47934094071388245,-2.7142367362976074,0.004240274429321289,2.3565077781677246
0,934,0.410377562046051,-0.15164540708065033,1.1336499452590942,0.34468644857406616,0.48107945919036865,-2.717735767364502,0.004487514495849609,2.327256202697754
0,935,0.4103170931339264,-0.1518314927816391,1.133381962776184,0.3433472514152527,0.4828251898288727,-2.7212562561035156,0.004753708839416504,2.29396653175354
0,936,0.4102625548839569,-0.15202240645885468,1.1331143379211426,0.3420092761516571,0.4845673739910126,-2.7247869968414307,0.005024313926696777,2.2599270343780518
0,937,0.41019701957702637,-0.1522056758403778,1.132847547531128,0.34065932035446167,0.48629242181777954,-2.7283172607421875,0.0052852630615234375,2.2273013591766357
0,938,0.4101034104824066,-0.15236884355545044,1.132582187652588,0.33928680419921875,0.48798492550849915,-2.7318365573883057,0.00552213191986084,2.1982011795043945
0,939,0.4099641442298889,-0.15249918401241302,1.1323188543319702,0.3378826081752777,0.4896269738674164,-2.735335111618042,0.005720376968383789,2.175018787384033
0,940,0.40976423025131226,-0.1525857001543045,1.1320582628250122,0.3364398181438446,0.49120259284973145,-2.7388041019439697,0.0058672428131103516,2.159576654434204
0,941,0.40949559211730957,-0.15262237191200256,1.131800651550293,0.3349553644657135,0.49270251393318176,-2.7422382831573486,0.005955934524536133,2.152496099472046
0,942,0.4091605842113495,-0.15261059999465942,1.1315456628799438,0.33343082666397095,0.49412837624549866,-2.7456393241882324,0.005988597869873047,2.1535868644714355
0,943,0.4087715148925781,-0.1525590717792511,1.1312925815582275,0.3318733274936676,0.495492547750473,-2.749014139175415,0.0059757232666015625,2.161388397216797
0,944,0.40834659337997437,-0.15248064696788788,1.1310409307479858,0.3302932679653168,0.49681326746940613,-2.752373218536377,0.005932331085205078,2.1734883785247803
0,945,0.40790504217147827,-0.15238890051841736,1.1307902336120605,0.32870253920555115,0.49810850620269775,-2.7557289600372314,0.005874276161193848,2.187311887741089
0,946,0.4074645936489105,-0.15229643881320953,1.1305413246154785,0.3271162211894989,0.4993932247161865,-2.759093761444092,0.005814790725708008,2.200514793395996
0,947,0.40704163908958435,-0.1522146314382553,1.1302958726882935,0.3255525231361389,0.5006769299507141,-2.762481689453125,0.005765438079833984,2.210099697113037
0,948,0.4066523611545563,-0.1521545797586441,1.1300565004348755,0.3240337371826172,0.5019675493240356,-2.76590895652771,0.0057364702224731445,2.213285446166992
0,949,0.4063121974468231,-0.15212683379650116,1.1298267841339111,0.32258474826812744,0.5032705068588257,-2.769390344619751,0.005736589431762695,2.2070868015289307
0,950,0.406032532453537,-0.15213927626609802,1.1296098232269287,0.321224182844162,0.5045902132987976,-2.7729384899139404,0.005771994590759277,2.189011335372925
0,951,0.4058169722557068,-0.15219464898109436,1.129406452178955,0.31995889544487,0.5059281587600708,-2.776557445526123,0.005844593048095703,2.1583073139190674
0,952,0.405659556388855,-0.15228897333145142,1.1292157173156738,0.3187798261642456,0.5072828531265259,-2.780241012573242,0.0059506893157958984,2.116368293762207
0,953,0.4055465757846832,-0.1524132788181305,1.129035234451294,0.3176663815975189,0.5086500644683838,-2.783975124359131,0.006081819534301758,2.0655434131622314
0,954,0.40546077489852905,-0.15255624055862427,1.1288623809814453,0.316593199968338,0.5100229978561401,-2.787742853164673,0.006227016448974609,2.009155035018921
0,955,0.40538477897644043,-0.15270689129829407,1.1286958456039429,0.31553882360458374,0.511391818523407,-2.7915303707122803,0.006373763084411621,1.9501352310180664
0,956,0.4053022861480713,-0.1528557389974594,1.1285371780395508,0.3144897222518921,0.5127422213554382,-2.7953274250030518,0.006507992744445801,1.8905158042907715
0,957,0.40519753098487854,-0.15299449861049652,1.1283916234970093,0.31344160437583923,0.5140553116798401,-2.799129009246826,0.006612300872802734,1.8314142227172852
0,958,0.40505450963974,-0.15311546623706818,1.128266453742981,0.3123963475227356,0.5153071880340576,-2.80293345451355,0.006667494773864746,1.7732129096984863
0,959,0.40485909581184387,-0.15321215987205505,1.1281696557998657,0.31135955452919006,0.5164749026298523,-2.8067400455474854,0.0066547393798828125,1.7162319421768188
0,960,0.4046024978160858,-0.15328055620193481,1.1281061172485352,0.3103349804878235,0.517543613910675,-2.81054949760437,0.00656282901763916,1.6601252555847168
0,961,0.40428489446640015,-0.1533207893371582,1.128076195716858,0.30932512879371643,0.5185131430625916,-2.814361095428467,0.006391406059265137,1.6052281856536865
0,962,0.40391549468040466,-0.15333709120750427,1.1280750036239624,0.30832934379577637,0.5193976759910583,-2.818174123764038,0.0061522722244262695,1.5506597757339478
0,963,0.4035094976425171,-0.153336301445961,1.1280946731567383,0.307344526052475,0.5202206373214722,-2.821989059448242,0.005864739418029785,1.4967174530029297
0,964,0.40308356285095215,-0.15332607924938202,1.1281285285949707,0.30637016892433167,0.5210056900978088,-2.8258047103881836,0.005547881126403809,1.442657709121704
0,965,0.40265294909477234,-0.15331359207630157,1.1281733512878418,0.3054126799106598,0.5217706561088562,-2.8296196460723877,0.005216479301452637,1.3880438804626465
0,966,0.40223070979118347,-0.15330499410629272,1.1282320022583008,0.3044869303703308,0.5225234627723694,-2.8334312438964844,0.004877567291259766,1.3306037187576294
0,967,0.40182891488075256,-0.15330617129802704,1.1283128261566162,0.30361881852149963,0.5232645273208618,-2.8372344970703125,0.0045318603515625,1.2691829204559326
0,968,0.40145859122276306,-0.15332263708114624,1.128427505493164,0.3028397262096405,0.5239897966384888,-2.841024875640869,0.004176139831542969,1.2010560035705566
0,969,0.4011285603046417,-0.15335887670516968,1.128586769104004,0.3021775186061859,0.524694561958313,-2.8447976112365723,0.0038062334060668945,1.123961329460144
0,970,0.40084266662597656,-0.1534169465303421,1.1287962198257446,0.3016470968723297,0.5253777503967285,-2.8485493659973145,0.0034197568893432617,1.037597417831421
0,971,0.4005982279777527,-0.15349553525447845,1.1290538311004639,0.3012421727180481,0.5260419845581055,-2.852281332015991,0.003016352653503418,0.9421153664588928
0,972,0.40038684010505676,-0.15359051525592804,1.129350185394287,0.30093806982040405,0.5266934037208557,-2.855997085571289,0.002599477767944336,0.8386014103889465
0,973,0.40019747614860535,-0.15369634330272675,1.1296724081039429,0.30070197582244873,0.5273387432098389,-2.8596994876861572,0.002173185348510742,0.7303457856178284
0,974,0.4000198245048523,-0.1538078337907791,1.1300077438354492,0.30050262808799744,0.5279837250709534,-2.863384962081909,0.001742720603942871,0.6205507516860962
0,975,0.3998463451862335,-0.15392102301120758,1.1303437948226929,0.30031824111938477,0.5286308526992798,-2.8670315742492676,0.0013146400451660156,0.510140597820282
0,976,0.39967259764671326,-0.15403296053409576,1.1306673288345337,0.30013802647590637,0.5292773246765137,-2.870577335357666,0.0008984804153442383,0.40348297357559204
0,977,0.3994958996772766,-0.1541409194469452,1.1309587955474854,0.2999609410762787,0.5299145579338074,-2.8738961219787598,0.0005117654800415039,0.30261197686195374
0,978,0.3993144929409027,-0.15424184501171112,1.1311901807785034,0.29979240894317627,0.5305269956588745,-2.876786231994629,0.0001806020736694336,0.2157999724149704
0,979,0.3991267681121826,-0.15433204174041748,1.1313263177871704,0.29964178800582886,0.5310940742492676,-2.8789918422698975,6.175041198730469e-05,0.15065784752368927
0,980,0.3989277780056,-0.1544179469347,1.1313350200653076,0.2995211184024811,0.531596302986145,-2.880293369293213,0.00018489360809326172,0.1153498962521553
0,981,0.3987053334712982,-0.1545269787311554,1.1311970949172974,0.29942578077316284,0.5320281982421875,-2.8806443214416504,0.0001723766326904297,0.10835235565900803
0,982,0.39846065640449524,-0.15465696156024933,1.1309159994125366,0.29936495423316956,0.5323879718780518,-2.8800456523895264,2.7179718017578125e-05,0.1297215074300766
0,983,0.3982086479663849,-0.15477538108825684,1.1305166482925415,0.29935547709465027,0.532680094242096,-2.8785481452941895,0.00022900104522705078,0.17693869769573212
0,984,0.3979794979095459,-0.15481369197368622,1.130036473274231,0.29936909675598145,0.5329388380050659,-2.876281499862671,0.0005655288696289062,0.25178828835487366
0,985,0.3977862298488617,-0.15474699437618256,1.1295114755630493,0.299397736787796,0.5331841707229614,-2.873433828353882,0.000949859619140625,0.35827401280403137
0,986,0.3975803554058075,-0.15470844507217407,1.1289700269699097,0.29944273829460144,0.5334302186965942,-2.8705224990844727,0.0013480186462402344,0.46182459592819214
0,987,0.39736849069595337,-0.1546834111213684,1.1284267902374268,0.29949626326560974,0.5336825251579285,-2.8676209449768066,0.001746535301208496,0.5640591979026794
0,988,0.3971521258354187,-0.15466906130313873,1.1278895139694214,0.299559623003006,0.5339405536651611,-2.8647656440734863,0.0021382570266723633,0.6638184189796448
0,989,0.39693185687065125,-0.15466298162937164,1.127362608909607,0.29963722825050354,0.5341984629631042,-2.8619589805603027,0.0025186538696289062,0.7600182890892029
0,990,0.3967072069644928,-0.15466390550136566,1.1268501281738281,0.2997376024723053,0.5344446897506714,-2.859191417694092,0.0028831958770751953,0.8534043431282043
0,991,0.39647698402404785,-0.15467151999473572,1.1263574361801147,0.29987192153930664,0.534663200378418,-2.856451988220215,0.0032254457473754883,0.9427381753921509
0,992,0.39623966813087463,-0.15468618273735046,1.1258906126022339,0.3000524342060089,0.5348373055458069,-2.853731632232666,0.0035387277603149414,1.027172565460205
0,993,0.3959941864013672,-0.15470832586288452,1.1254544258117676,0.3002881705760956,0.5349535942077637,-2.8510239124298096,0.003817319869995117,1.1058835983276367
0,994,0.39574047923088074,-0.15473772585391998,1.125049352645874,0.30058059096336365,0.5350084900856018,-2.848324775695801,0.004060864448547363,1.1793535947799683
0,995,0.39547958970069885,-0.1547732651233673,1.1246721744537354,0.30092400312423706,0.5350087285041809,-2.845630645751953,0.004273056983947754,1.2477242946624756
0,996,0.3952133059501648,-0.1548132598400116,1.124315857887268,0.3013061583042145,0.5349674224853516,-2.8429408073425293,0.00446164608001709,1.3125388622283936
0,997,0.39494383335113525,-0.15485596656799316,1.1239733695983887,0.30171436071395874,0.5349019765853882,-2.8402535915374756,0.004634857177734375,1.3751546144485474
0,998,0.3946729004383087,-0.1548999547958374,1.1236387491226196,0.3021395802497864,0.5348270535469055,-2.8375675678253174,0.004799604415893555,1.4369492530822754
0,999,0.3944014310836792,-0.15494459867477417,1.1233094930648804,0.3025771379470825,0.5347495079040527,-2.834881544113159,0.004958748817443848,1.4976325035095215
0,1000,0.3941296637058258,-0.1549900472164154,1.1229863166809082,0.3030299246311188,0.5346707105636597,-2.8321938514709473,0.0051116943359375,1.55796217918396
0,1001,0.3938569724559784,-0.15503725409507751,1.1226739883422852,0.30350804328918457,0.534584641456604,-2.829501152038574,0.0052536725997924805,1.6168893575668335
0,1002,0.39358240365982056,-0.15508782863616943,1.1223801374435425,0.3040271997451782,0.5344814658164978,-2.826800584793091,0.005376577377319336,1.6735098361968994
0,1003,0.3933047950267792,-0.15514367818832397,1.1221133470535278,0.30460503697395325,0.5343492031097412,-2.824087381362915,0.005471467971801758,1.7266908884048462
0,1004,0.3930232524871826,-0.15520644187927246,1.1218810081481934,0.3052564859390259,0.5341774821281433,-2.8213579654693604,0.005530714988708496,1.7748676538467407
0,1005,0.3927375078201294,-0.15527679026126862,1.1216858625411987,0.30598747730255127,0.5339614152908325,-2.818610668182373,0.005551576614379883,1.8181153535842896
0,1006,0.3924478590488434,-0.15535400807857513,1.1215249300003052,0.3067915737628937,0.5337046384811401,-2.815847396850586,0.005536913871765137,1.856567144393921
0,1007,0.39215511083602905,-0.15543638169765472,1.1213905811309814,0.3076523542404175,0.5334144830703735,-2.8130714893341064,0.00549471378326416,1.891654133796692
0,1008,0.39186015725135803,-0.1555219143629074,1.1212735176086426,0.30855071544647217,0.533101499080658,-2.810288190841675,0.005434393882751465,1.9243743419647217
0,1009,0.39156344532966614,-0.15560875833034515,1.1211662292480469,0.3094700574874878,0.5327720642089844,-2.807502508163452,0.00536346435546875,1.955446720123291
0,1010,0.3912641704082489,-0.15569542348384857,1.1210638284683228,0.3103996217250824,0.5324257612228394,-2.8047189712524414,0.005285978317260742,1.9863290786743164
0,1011,0.3909601867198944,-0.1557808816432953,1.120964527130127,0.31133437156677246,0.532052218914032,-2.8019425868988037,0.005202054977416992,2.015768051147461
0,1012,0.3906483054161072,-0.15586431324481964,1.120869517326355,0.3122747838497162,0.5316353440284729,-2.799177408218384,0.005108356475830078,2.0436346530914307
0,1013,0.3903251588344574,-0.15594510734081268,1.1207799911499023,0.3132209777832031,0.531156063079834,-2.7964284420013428,0.0050013065338134766,2.0692355632781982
0,1014,0.38998842239379883,-0.1560230255126953,1.1206973791122437,0.31417402625083923,0.5306004881858826,-2.793699264526367,0.004877924919128418,2.0918121337890625
0,1015,0.38963764905929565,-0.15609793365001678,1.1206223964691162,0.31513354182243347,0.529966413974762,-2.7909905910491943,0.004737257957458496,2.111090660095215
0,1016,0.38927459716796875,-0.1561700701713562,1.120553970336914,0.31609782576560974,0.5292631387710571,-2.7883005142211914,0.004581451416015625,2.127896547317505
0,1017,0.3889026641845703,-0.15623998641967773,1.120490312576294,0.3170648515224457,0.5285086035728455,-2.785625457763672,0.004414796829223633,2.142745018005371
0,1018,0.3885258734226227,-0.1563083380460739,1.1204301118850708,0.3180334270000458,0.5277220010757446,-2.7829601764678955,0.004241347312927246,2.1564931869506836
0,1019,0.3881479799747467,-0.1563756763935089,1.1203720569610596,0.31900259852409363,0.5269174575805664,-2.7803022861480713,0.00406491756439209,2.169703245162964
0,1020,0.38777226209640503,-0.15644259750843048,1.1203162670135498,0.3199736475944519,0.5261015892028809,-2.777650833129883,0.003887653350830078,2.182384967803955
0,1021,0.387401819229126,-0.15650975704193115,1.1202644109725952,0.3209502696990967,0.525273323059082,-2.775007963180542,0.003710031509399414,2.1942801475524902
0,1022,0.3870396912097931,-0.1565777063369751,1.1202183961868286,0.32193633913993835,0.5244264602661133,-2.772376775741577,0.00353240966796875,2.2046024799346924
0,1023,0.38668832182884216,-0.15664701163768768,1.1201804876327515,0.3229365646839142,0.5235541462898254,-2.7697601318359375,0.0033539533615112305,2.212754964828491
0,1024,0.3863489329814911,-0.15671803057193756,1.1201518774032593,0.3239527940750122,0.5226516127586365,-2.767160654067993,0.0031745433807373047,2.2182321548461914
0,1025,0.3860210180282593,-0.15679064393043518,1.1201319694519043,0.3249838054180145,0.5217190384864807,-2.764577865600586,0.0029942989349365234,2.2212297916412354
0,1026,0.3857024013996124,-0.15686443448066711,1.1201194524765015,0.32602593302726746,0.5207608938217163,-2.7620091438293457,0.002812981605529785,2.222022771835327
0,1027,0.3853902220726013,-0.1569388508796692,1.1201119422912598,0.3270743489265442,0.5197843909263611,-2.759450674057007,0.0026311874389648438,2.2215824127197266
0,1028,0.3850816786289215,-0.15701307356357574,1.1201069355010986,0.32812321186065674,0.5187950134277344,-2.756899356842041,0.0024492740631103516,2.2206130027770996
0,1029,0.3847748041152954,-0.15708626806735992,1.1201027631759644,0.3291688561439514,0.5177947878837585,-2.75435209274292,0.00226747989654541,2.2192025184631348
0,1030,0.384468674659729,-0.15715739130973816,1.120098352432251,0.33020782470703125,0.5167809724807739,-2.7518069744110107,0.002086162567138672,2.2177908420562744
0,1031,0.38416290283203125,-0.15722517669200897,1.1200928688049316,0.33123651146888733,0.5157454609870911,-2.749263286590576,0.001905679702758789,2.2166433334350586
0,1032,0.3838576078414917,-0.15728837251663208,1.1200860738754272,0.3322516977787018,0.5146787762641907,-2.746720790863037,0.001725912094116211,2.2152299880981445
0,1033,0.3835529386997223,-0.1573459953069687,1.1200776100158691,0.33325159549713135,0.5135737657546997,-2.7441794872283936,0.0015473365783691406,2.213815927505493
0,1034,0.3832489550113678,-0.15739774703979492,1.1200675964355469,0.3342350423336029,0.5124277472496033,-2.7416391372680664,0.0013698339462280273,2.2120471000671387
0,1035,0.3829456567764282,-0.15744414925575256,1.12005615234375,0.33520281314849854,0.5112441778182983,-2.7390999794006348,0.0011931657791137695,2.2102768421173096
0,1036,0.38264286518096924,-0.15748634934425354,1.1200436353683472,0.3361572325229645,0.5100317597389221,-2.736562728881836,0.0010173320770263672,2.20841646194458
0,1037,0.3823404014110565,-0.15752597153186798,1.1200305223464966,0.3371014893054962,0.5088008046150208,-2.734027862548828,0.000841975212097168,2.206554651260376
0,1038,0.3820379674434662,-0.15756440162658691,1.1200172901153564,0.3380384147167206,0.5075594782829285,-2.7314956188201904,0.000666499137878418,2.2049574851989746
0,1039,0.3817351758480072,-0.15760307013988495,1.1200040578842163,0.3389711380004883,0.506313145160675,-2.728966474533081,0.0004911422729492188,2.203181505203247
0,1040,0.3814317286014557,-0.15764346718788147,1.1199913024902344,0.33990249037742615,0.5050634741783142,-2.7264413833618164,0.0003151893615722656,2.201404094696045
0,1041,0.38112717866897583,-0.15768711268901825,1.1199796199798584,0.3408365845680237,0.503810465335846,-2.7239203453063965,0.00013828277587890625,2.198913335800171
0,1042,0.3808211386203766,-0.15773539245128632,1.1199697256088257,0.3417765200138092,0.5025523900985718,-2.7214038372039795,4.0411949157714844e-05,2.195528507232666
0,1043,0.3805132508277893,-0.15778903663158417,1.1199615001678467,0.34272369742393494,0.5012880563735962,-2.7188923358917236,0.00022089481353759766,2.1909773349761963
0,1044,0.3802035450935364,-0.15784797072410583,1.1199549436569214,0.3436777889728546,0.5000172853469849,-2.716386318206787,0.0004029273986816406,2.185342311859131
0,1045,0.37989237904548645,-0.1579112857580185,1.1199500560760498,0.3446374535560608,0.49874061346054077,-2.7138845920562744,0.0005867481231689453,2.17852520942688
0,1046,0.37958019971847534,-0.15797755122184753,1.1199462413787842,0.345598965883255,0.49745941162109375,-2.7113866806030273,0.0007715225219726562,2.171326160430908
0,1047,0.37926751375198364,-0.1580451875925064,1.1199427843093872,0.3465586006641388,0.49617427587509155,-2.7088921070098877,0.0009566545486450195,2.1639223098754883
0,1048,0.37895482778549194,-0.1581127643585205,1.1199392080307007,0.34751397371292114,0.4948858320713043,-2.706399917602539,0.0011415481567382812,2.156583786010742
0,1049,0.3786424994468689,-0.15817904472351074,1.1199347972869873,0.34846261143684387,0.49359196424484253,-2.7039079666137695,0.001325368881225586,2.149402379989624
0,1050,0.37833091616630554,-0.15824292600154877,1.1199290752410889,0.3494030237197876,0.4922899901866913,-2.701413631439209,0.0015077590942382812,2.142836332321167
0,1051,0.37802058458328247,-0.15830352902412415,1.1199212074279785,0.350334107875824,0.4909769296646118,-2.6989152431488037,0.0016876459121704102,2.1367080211639404
0,1052,0.3777117431163788,-0.1583600491285324,1.1199108362197876,0.35125473141670227,0.48964911699295044,-2.696410655975342,0.0018646717071533203,2.1312053203582764
0,1053,0.37740445137023926,-0.1584121733903885,1.119897723197937,0.3521645665168762,0.48830559849739075,-2.693898916244507,0.00203859806060791,2.1263325214385986
0,1054,0.3770987391471863,-0.158460333943367,1.1198822259902954,0.3530641496181488,0.48694702982902527,-2.691380500793457,0.002209782600402832,2.12209415435791
0,1055,0.3767942190170288,-0.15850521624088287,1.1198644638061523,0.3539537787437439,0.4855763912200928,-2.6888575553894043,0.0023783445358276367,2.1184017658233643
0,1056,0.37649044394493103,-0.15854790806770325,1.1198452711105347,0.3548348546028137,0.4841977059841156,-2.6863327026367188,0.0025452375411987305,2.1150734424591064
0,1057,0.3761869966983795,-0.15858949720859528,1.1198251247406006,0.355709433555603,0.48281434178352356,-2.6838085651397705,0.002711057662963867,2.112110137939453
0,1058,0.3758834898471832,-0.15863126516342163,1.1198042631149292,0.3565797209739685,0.4814288318157196,-2.6812870502471924,0.0028759241104125977,2.109142780303955
0,1059,0.3755795657634735,-0.15867453813552856,1.1197831630706787,0.3574492037296295,0.4800424575805664,-2.678769826889038,0.0030404329299926758,2.1060783863067627
0,1060,0.3752748966217041,-0.1587206870317459,1.1197614669799805,0.35832175612449646,0.4786563813686371,-2.6762583255767822,0.0032041072845458984,2.102264881134033
0,1061,0.3749692440032959,-0.15877114236354828,1.1197389364242554,0.35920092463493347,0.47726956009864807,-2.673753261566162,0.0033665895462036133,2.097604990005493
0,1062,0.3746623694896698,-0.1588267832994461,1.119715690612793,0.3600893020629883,0.4758824110031128,-2.6712558269500732,0.003527998924255371,2.0918121337890625
0,1063,0.3743542432785034,-0.1588878482580185,1.1196913719177246,0.36098745465278625,0.4744945466518402,-2.6687657833099365,0.0036878585815429688,2.0846893787384033
0,1064,0.3740449845790863,-0.1589535027742386,1.1196662187576294,0.3618933856487274,0.4731057584285736,-2.6662826538085938,0.00384676456451416,2.076411247253418
0,1065,0.3737349510192871,-0.15902239084243774,1.1196402311325073,0.36280304193496704,0.47171586751937866,-2.6638059616088867,0.004004359245300293,2.0677216053009033
0,1066,0.3734244406223297,-0.15909291803836823,1.1196138858795166,0.36371275782585144,0.47032466530799866,-2.6613330841064453,0.0041615962982177734,2.058424949645996
0,1067,0.3731136620044708,-0.1591634601354599,1.1195870637893677,0.3646184802055359,0.4689314365386963,-2.658862590789795,0.0043182373046875,2.049086093902588
0,1068,0.372802734375,-0.1592325121164322,1.1195601224899292,0.365518182516098,0.46753549575805664,-2.6563920974731445,0.0044748783111572266,2.0402801036834717
0,1069,0.3724916875362396,-0.15929855406284332,1.1195331811904907,0.36641108989715576,0.4661352336406708,-2.6539177894592285,0.004632115364074707,2.0322062969207764
0,1070,0.3721804916858673,-0.15936003625392914,1.1195063591003418,0.3672959804534912,0.4647284746170044,-2.6514363288879395,0.004790067672729492,2.024873971939087
0,1071,0.3718690276145935,-0.1594156175851822,1.1194794178009033,0.36817213892936707,0.4633132815361023,-2.64894437789917,0.004949092864990234,2.018775701522827
0,1072,0.37155717611312866,-0.15946461260318756,1.1194525957107544,0.3690396249294281,0.4618889391422272,-2.646439790725708,0.005109310150146484,2.0138254165649414
0,1073,0.37124502658843994,-0.15950725972652435,1.119425892829895,0.36989855766296387,0.46045541763305664,-2.643923282623291,0.005270957946777344,2.0103237628936768
0,1074,0.3709326386451721,-0.15954481065273285,1.119399070739746,0.3707493245601654,0.459014356136322,-2.641397476196289,0.005433201789855957,2.007596015930176
0,1075,0.3706200420856476,-0.15957890450954437,1.1193722486495972,0.37159276008605957,0.45756804943084717,-2.638866662979126,0.005596041679382324,2.0057430267333984
0,1076,0.3703070878982544,-0.1596115380525589,1.1193453073501587,0.3724299967288971,0.45611822605133057,-2.6363344192504883,0.005759119987487793,2.0042786598205566
0,1077,0.36999350786209106,-0.1596449315547943,1.1193180084228516,0.3732627332210541,0.4546665549278259,-2.6338050365448,0.005921840667724609,2.002715826034546
0,1078,0.36967870593070984,-0.15968164801597595,1.1192904710769653,0.37409403920173645,0.4532131552696228,-2.6312808990478516,0.0060842037200927734,2.0005648136138916
0,1079,0.36936187744140625,-0.15972477197647095,1.1192626953125,0.374927818775177,0.4517580270767212,-2.628765821456909,0.006246209144592285,1.997431755065918
0,1080,0.3690420389175415,-0.15977738797664642,1.1192340850830078,0.3757675290107727,0.45030051469802856,-2.6262617111206055,0.006407260894775391,1.9923301935195923
0,1081,0.3687184751033783,-0.1598418653011322,1.1192049980163574,0.3766167163848877,0.44883978366851807,-2.6237704753875732,0.006567835807800293,1.9852449893951416
0,1082,0.3683910071849823,-0.1599189043045044,1.1191750764846802,0.37747612595558167,0.4473757743835449,-2.621293067932129,0.006727457046508789,1.9755604267120361
0,1083,0.3680599331855774,-0.16000717878341675,1.1191445589065552,0.37834441661834717,0.44590848684310913,-2.6188278198242188,0.0068863630294799805,1.9638359546661377
0,1084,0.36772608757019043,-0.16010388731956482,1.1191136837005615,0.3792181611061096,0.44443830847740173,-2.61637282371521,0.0070449113845825195,1.9505364894866943
0,1085,0.36739057302474976,-0.16020530462265015,1.1190823316574097,0.3800920844078064,0.4429657757282257,-2.6139252185821533,0.007202863693237305,1.9365397691726685
0,1086,0.36705437302589417,-0.16030779480934143,1.1190506219863892,0.38096296787261963,0.4414912164211273,-2.611481189727783,0.007360577583312988,1.9223390817642212
0,1087,0.36671844124794006,-0.16040778160095215,1.1190189123153687,0.3818279504776001,0.4400137960910797,-2.609036922454834,0.007518172264099121,1.9087508916854858
0,1088,0.36638346314430237,-0.16050143539905548,1.1189870834350586,0.382685124874115,0.4385329484939575,-2.606588363647461,0.0076760053634643555,1.8960975408554077
0,1089,0.36605021357536316,-0.16058488190174103,1.118955373764038,0.3835334777832031,0.4370464086532593,-2.604130268096924,0.007834434509277344,1.8852287530899048
0,1090,0.3657192885875702,-0.16065458953380585,1.1189237833023071,0.3843720555305481,0.4355529248714447,-2.6016578674316406,0.007993698120117188,1.8765928745269775
0,1091,0.3653910160064697,-0.16070836782455444,1.1188923120498657,0.3852004408836365,0.4340505003929138,-2.599168300628662,0.008154153823852539,1.8703250885009766
0,1092,0.3650653660297394,-0.16074632108211517,1.1188607215881348,0.3860187232494354,0.4325397312641144,-2.5966620445251465,0.008315324783325195,1.8665543794631958
0,1093,0.3647420406341553,-0.16077101230621338,1.118829369544983,0.38682791590690613,0.4310218393802643,-2.5941414833068848,0.008477568626403809,1.8648761510849
0,1094,0.36442047357559204,-0.16078639030456543,1.1187981367111206,0.387628972530365,0.4294985234737396,-2.5916121006011963,0.008640170097351074,1.8649811744689941
0,1095,0.3641001582145691,-0.1607968807220459,1.1187665462493896,0.3884231448173523,0.4279715120792389,-2.5890793800354004,0.008802175521850586,1.8657153844833374
0,1096,0.3637811243534088,-0.1608067750930786,1.1187342405319214,0.389212429523468,0.42644160985946655,-2.5865485668182373,0.008962631225585938,1.8664495944976807
0,1097,0.36346396803855896,-0.1608203500509262,1.118700623512268,0.3900001347064972,0.42490851879119873,-2.584024429321289,0.009119629859924316,1.8664495944976807
0,1098,0.3631497919559479,-0.1608419269323349,1.1186647415161133,0.39078959822654724,0.42337149381637573,-2.581512212753296,0.009270787239074707,1.8645613193511963
0,1099,0.36284002661705017,-0.1608758419752121,1.118625521659851,0.39158594608306885,0.4218287765979767,-2.5790159702301025,0.009413480758666992,1.8602529764175415
0,1100,0.3625359535217285,-0.1609257161617279,1.1185821294784546,0.3923929035663605,0.42027798295021057,-2.5765395164489746,0.009545445442199707,1.8523459434509277
0,1101,0.3622381389141083,-0.1609930843114853,1.118533968925476,0.39321163296699524,0.4187186360359192,-2.574084997177124,0.009665489196777344,1.840368390083313
0,1102,0.36194613575935364,-0.16107670962810516,1.1184815168380737,0.39404159784317017,0.4171510934829712,-2.571650505065918,0.009774565696716309,1.824884057044983
0,1103,0.3616586923599243,-0.16117312014102936,1.1184256076812744,0.39487865567207336,0.4155765771865845,-2.569232702255249,0.009874939918518066,1.8066692352294922
0,1104,0.3613739609718323,-0.16127756237983704,1.1183677911758423,0.39571821689605713,0.4139965772628784,-2.566826105117798,0.00997018814086914,1.786626935005188
0,1105,0.3610897362232208,-0.161385178565979,1.1183089017868042,0.39655518531799316,0.4124131500720978,-2.564425468444824,0.01006317138671875,1.7660247087478638
0,1106,0.3608035445213318,-0.16149145364761353,1.1182501316070557,0.39738598465919495,0.4108271598815918,-2.5620250701904297,0.010157465934753418,1.7457399368286133
0,1107,0.36051228642463684,-0.16159194707870483,1.1181925535202026,0.39820778369903564,0.4092385470867157,-2.5596187114715576,0.01025688648223877,1.7270307540893555
0,1108,0.3602125644683838,-0.16168250143527985,1.1181374788284302,0.39901870489120483,0.40764671564102173,-2.557199478149414,0.01036536693572998,1.710749864578247
0,1109,0.3599010109901428,-0.16175919771194458,1.1180856227874756,0.3998170793056488,0.4060514271259308,-2.5547609329223633,0.010486364364624023,1.6978894472122192
0,1110,0.3595752716064453,-0.16181929409503937,1.1180375814437866,0.40060141682624817,0.4044519066810608,-2.5522990226745605,0.010622262954711914,1.6888751983642578
0,1111,0.35923492908477783,-0.16186246275901794,1.1179933547973633,0.401371568441391,0.40284815430641174,-2.5498132705688477,0.010773420333862305,1.6840014457702637
0,1112,0.3588819205760956,-0.16189073026180267,1.117952585220337,0.4021291434764862,0.40124082565307617,-2.5473062992095947,0.010937809944152832,1.6828389167785645
0,1113,0.35851967334747314,-0.16190795600414276,1.1179141998291016,0.4028753936290741,0.3996303379535675,-2.5447845458984375,0.011111617088317871,1.6845823526382446
0,1114,0.3581524193286896,-0.16191884875297546,1.1178767681121826,0.4036126732826233,0.3980177342891693,-2.5422558784484863,0.01129007339477539,1.687831997871399
0,1115,0.3577842116355896,-0.1619279682636261,1.1178393363952637,0.40434345602989197,0.39640259742736816,-2.539726734161377,0.011468887329101562,1.691885232925415
0,1116,0.35741910338401794,-0.1619398593902588,1.1178001165390015,0.4050710201263428,0.3947838544845581,-2.537203311920166,0.011643171310424805,1.6953518390655518
0,1117,0.3570611774921417,-0.16195926070213318,1.1177576780319214,0.4057995080947876,0.3931598961353302,-2.5346922874450684,0.011808395385742188,1.6971977949142456
0,1118,0.3567148447036743,-0.1619911640882492,1.1177101135253906,0.406533420085907,0.3915274143218994,-2.5321993827819824,0.011958956718444824,1.695582628250122
0,1119,0.3563837707042694,-0.1620398908853531,1.1176557540893555,0.40727680921554565,0.3898831903934479,-2.5297293663024902,0.012090444564819336,1.6900335550308228
0,1120,0.356069952249527,-0.16210778057575226,1.1175938844680786,0.40803197026252747,0.3882264792919159,-2.52728533744812,0.012200593948364258,1.6791133880615234
0,1121,0.3557726740837097,-0.1621941477060318,1.1175248622894287,0.4087984561920166,0.3865565359592438,-2.5248663425445557,0.012290358543395996,1.6636580228805542
0,1122,0.3554888367652893,-0.16229549050331116,1.1174501180648804,0.4095730483531952,0.3848753869533539,-2.522467613220215,0.012363553047180176,1.6442533731460571
0,1123,0.35521399974823,-0.16240663826465607,1.1173714399337769,0.4103505313396454,0.3831864297389984,-2.5200841426849365,0.012425780296325684,1.6222059726715088
0,1124,0.35494357347488403,-0.1625220626592636,1.1172906160354614,0.4111260175704956,0.3814921975135803,-2.5177083015441895,0.012482166290283203,1.599243402481079
0,1125,0.3546735942363739,-0.1626364141702652,1.1172093152999878,0.4118959903717041,0.37979522347450256,-2.5153346061706543,0.012537956237792969,1.5766910314559937
0,1126,0.3544006943702698,-0.1627444624900818,1.1171283721923828,0.4126570522785187,0.37809643149375916,-2.512956142425537,0.012596607208251953,1.5554479360580444
0,1127,0.3541219234466553,-0.1628407984972,1.1170486211776733,0.4134073555469513,0.3763963282108307,-2.5105667114257812,0.012661576271057129,1.5368423461914062
0,1128,0.3538345992565155,-0.16292032599449158,1.1169707775115967,0.41414588689804077,0.3746947646141052,-2.508159637451172,0.012736201286315918,1.5221283435821533
0,1129,0.35353684425354004,-0.1629791557788849,1.116895079612732,0.4148713946342468,0.3729917109012604,-2.5057308673858643,0.012822270393371582,1.5115492343902588
0,1130,0.35322806239128113,-0.16301606595516205,1.116821527481079,0.4155834913253784,0.3712870180606842,-2.5032782554626465,0.012920379638671875,1.5061018466949463
0,1131,0.3529094457626343,-0.1630331128835678,1.1167501211166382,0.416283518075943,0.3695805072784424,-2.5008041858673096,0.013029336929321289,1.5045418739318848
0,1132,0.3525833785533905,-0.1630350649356842,1.1166800260543823,0.4169721305370331,0.3678728938102722,-2.498314380645752,0.013146042823791504,1.5066214799880981
0,1133,0.352252721786499,-0.1630277931690216,1.1166105270385742,0.41765111684799194,0.3661636412143707,-2.4958159923553467,0.013267278671264648,1.5107722282409668
0,1134,0.35192015767097473,-0.16301728785037994,1.1165411472320557,0.4183224141597748,0.36445239186286926,-2.4933154582977295,0.013389945030212402,1.5159447193145752
0,1135,0.35158804059028625,-0.16300944983959198,1.1164709329605103,0.41898876428604126,0.3627379834651947,-2.4908182621002197,0.013510584831237793,1.5209708213806152
0,1136,0.3512583374977112,-0.163010373711586,1.1163989305496216,0.4196523427963257,0.3610176742076874,-2.4883296489715576,0.01362621784210205,1.5246975421905518
0,1137,0.35093289613723755,-0.1630263328552246,1.1163241863250732,0.4203164279460907,0.3592883348464966,-2.485854148864746,0.013733625411987305,1.5259804725646973
0,1138,0.3506131172180176,-0.1630629301071167,1.1162455081939697,0.4209834039211273,0.3575468957424164,-2.483395576477051,0.013829946517944336,1.5234135389328003
0,1139,0.3502998948097229,-0.16312351822853088,1.1161621809005737,0.4216543436050415,0.35579079389572144,-2.4809563159942627,0.013913393020629883,1.5173640251159668
0,1140,0.34999310970306396,-0.16320808231830597,1.1160744428634644,0.4223296642303467,0.35402074456214905,-2.47853684425354,0.013984322547912598,1.5068812370300293
0,1141,0.3496917486190796,-0.16331283748149872,1.115983009338379,0.4230075776576996,0.3522382378578186,-2.4761338233947754,0.014044642448425293,1.4930520057678223
0,1142,0.3493940830230713,-0.16343152523040771,1.1158888339996338,0.42368489503860474,0.3504466116428375,-2.473742961883545,0.014097452163696289,1.4776374101638794
0,1143,0.349098265171051,-0.16355732083320618,1.1157931089401245,0.4243585765361786,0.34864944219589233,-2.471359968185425,0.014146208763122559,1.461256980895996
0,1144,0.3488025367259979,-0.16368389129638672,1.1156965494155884,0.4250265061855316,0.3468495309352875,-2.4689788818359375,0.01419365406036377,1.4456387758255005
0,1145,0.3485051691532135,-0.16380545496940613,1.115599513053894,0.4256870150566101,0.34504908323287964,-2.4665963649749756,0.014242053031921387,1.4312180280685425
0,1146,0.3482043743133545,-0.1639164537191391,1.115501880645752,0.4263385832309723,0.34324911236763,-2.4642066955566406,0.014293193817138672,1.419961929321289
0,1147,0.3478984832763672,-0.16401143372058868,1.115403175354004,0.4269813895225525,0.3414505422115326,-2.4618053436279297,0.014348626136779785,1.4116688966751099
0,1148,0.347586065530777,-0.16408608853816986,1.11530339717865,0.42761459946632385,0.3396538197994232,-2.459388256072998,0.014409780502319336,1.4077820777893066
0,1149,0.3472665846347809,-0.1641385704278946,1.1152020692825317,0.42823857069015503,0.33785927295684814,-2.4569530487060547,0.014476656913757324,1.4081990718841553
0,1150,0.3469405174255371,-0.16417035460472107,1.1150994300842285,0.4288535416126251,0.33606666326522827,-2.454501152038574,0.014548897743225098,1.4127774238586426
0,1151,0.34660932421684265,-0.16418574750423431,1.1149955987930298,0.4294595718383789,0.3342750370502472,-2.4520368576049805,0.014625191688537598,1.4202375411987305
0,1152,0.3462749719619751,-0.16419056057929993,1.1148909330368042,0.4300576150417328,0.3324837386608124,-2.4495649337768555,0.014703750610351562,1.4303975105285645
0,1153,0.34593963623046875,-0.16419075429439545,1.1147854328155518,0.4306478798389435,0.3306914269924164,-2.4470906257629395,0.014782428741455078,1.4415720701217651
0,1154,0.3456055819988251,-0.1641918420791626,1.1146790981292725,0.4312310218811035,0.32889601588249207,-2.444617748260498,0.01485896110534668,1.4531996250152588
0,1155,0.3452751636505127,-0.16419905424118042,1.1145713329315186,0.4318072497844696,0.32709425687789917,-2.4421491622924805,0.014930486679077148,1.463932991027832
0,1156,0.3449511229991913,-0.16421768069267273,1.1144614219665527,0.4323768615722656,0.32528209686279297,-2.439688205718994,0.014994144439697266,1.472596287727356
0,1157,0.3446360230445862,-0.16425244510173798,1.1143485307693481,0.43294039368629456,0.32345592975616455,-2.4372358322143555,0.01504671573638916,1.4784318208694458
0,1158,0.3443315327167511,-0.16430656611919403,1.114232063293457,0.4334978759288788,0.32161253690719604,-2.434793472290039,0.01508629322052002,1.480812430381775
0,1159,0.3440379202365875,-0.16438063979148865,1.1141122579574585,0.4340493679046631,0.31975147128105164,-2.432361602783203,0.015112876892089844,1.4796226024627686
0,1160,0.3437538146972656,-0.1644720584154129,1.113989233970642,0.43459463119506836,0.31787484884262085,-2.429938793182373,0.015127778053283691,1.4751189947128296
0,1161,0.34347665309906006,-0.16457617282867432,1.1138639450073242,0.435133159160614,0.31598687171936035,-2.427523612976074,0.015134334564208984,1.4690037965774536
0,1162,0.3432033360004425,-0.16468749940395355,1.1137371063232422,0.4356642961502075,0.3140917122364044,-2.4251132011413574,0.015135645866394043,1.4617925882339478
0,1163,0.34293100237846375,-0.1648007333278656,1.1136093139648438,0.4361884295940399,0.31219351291656494,-2.4227051734924316,0.015134930610656738,1.4553526639938354
0,1164,0.3426569104194641,-0.16491125524044037,1.1134804487228394,0.4367055296897888,0.3102955222129822,-2.4202969074249268,0.015134334564208984,1.449964165687561
0,1165,0.34237828850746155,-0.16501449048519135,1.1133499145507812,0.4372159242630005,0.30840015411376953,-2.417886257171631,0.01513528823852539,1.447127103805542
0,1166,0.3420923948287964,-0.16510601341724396,1.1132169961929321,0.4377197325229645,0.3065095841884613,-2.4154694080352783,0.015139579772949219,1.4475326538085938
0,1167,0.3417969048023224,-0.16518212854862213,1.1130807399749756,0.4382178783416748,0.30462536215782166,-2.4130444526672363,0.015147686004638672,1.4518523216247559
0,1168,0.34149062633514404,-0.1652407944202423,1.1129406690597534,0.4387112557888031,0.3027481734752655,-2.410609245300293,0.015160441398620605,1.4604532718658447
0,1169,0.34117400646209717,-0.1652827262878418,1.1127967834472656,0.43919920921325684,0.3008779287338257,-2.4081649780273438,0.015177130699157715,1.4731276035308838
0,1170,0.34084901213645935,-0.1653110235929489,1.1126497983932495,0.4396817982196808,0.2990127503871918,-2.4057133197784424,0.015197038650512695,1.489377498626709
0,1171,0.34051862359046936,-0.16533015668392181,1.112500548362732,0.44015830755233765,0.2971512973308563,-2.403256893157959,0.015218496322631836,1.5077900886535645
0,1172,0.34018611907958984,-0.16534483432769775,1.1123497486114502,0.4406273663043976,0.29529041051864624,-2.4007980823516846,0.015239953994750977,1.527646780014038
0,1173,0.33985471725463867,-0.16535955667495728,1.1121976375579834,0.44108760356903076,0.2934275269508362,-2.3983397483825684,0.01525890827178955,1.5478808879852295
0,1174,0.3395278751850128,-0.16537858545780182,1.1120444536209106,0.44153788685798645,0.2915586829185486,-2.3958821296691895,0.015273213386535645,1.5673545598983765
0,1175,0.3392094373703003,-0.16540618240833282,1.1118894815444946,0.4419761300086975,0.28967973589897156,-2.393425464630127,0.015279531478881836,1.5847381353378296
0,1176,0.33890318870544434,-0.1654464155435562,1.1117318868637085,0.4423995614051819,0.2877857983112335,-2.3909692764282227,0.015274286270141602,1.5991209745407104
0,1177,0.3386119604110718,-0.1655023843050003,1.1115707159042358,0.4428063631057739,0.2858732044696808,-2.3885128498077393,0.015254616737365723,1.609367847442627
0,1178,0.33833667635917664,-0.1655750572681427,1.1114062070846558,0.44319626688957214,0.2839409410953522,-2.3860559463500977,0.015220403671264648,1.615436315536499
0,1179,0.33807572722435,-0.16566279530525208,1.1112383604049683,0.4435698688030243,0.28199100494384766,-2.383598804473877,0.015172481536865234,1.6176153421401978
0,1180,0.3378256857395172,-0.16576197743415833,1.1110682487487793,0.4439294636249542,0.28002768754959106,-2.3811419010162354,0.015114545822143555,1.6168893575668335
0,1181,0.3375823199748993,-0.1658681333065033,1.1108967065811157,0.4442773759365082,0.2780560553073883,-2.3786847591400146,0.015050411224365234,1.614951729774475
0,1182,0.33734139800071716,-0.16597671806812286,1.1107240915298462,0.4446151852607727,0.27608105540275574,-2.3762288093566895,0.014983296394348145,1.6130115985870361
0,1183,0.3370988965034485,-0.1660834550857544,1.1105501651763916,0.4449443519115448,0.27410659193992615,-2.3737733364105225,0.014915704727172852,1.6119192838668823
0,1184,0.33685123920440674,-0.16618439555168152,1.1103745698928833,0.44526681303977966,0.27213582396507263,-2.3713176250457764,0.01484978199005127,1.6128902435302734
0,1185,0.3365947902202606,-0.16627556085586548,1.110196590423584,0.44558411836624146,0.27017155289649963,-2.368861198425293,0.01478731632232666,1.6170103549957275
0,1186,0.33632639050483704,-0.16635341942310333,1.1100152730941772,0.4458971619606018,0.2682161033153534,-2.366403102874756,0.014729499816894531,1.6247375011444092
0,1187,0.3360441327095032,-0.16641584038734436,1.1098296642303467,0.4462057054042816,0.26627063751220703,-2.363943099975586,0.014676570892333984,1.636857509613037
0,1188,0.3357481360435486,-0.16646288335323334,1.1096400022506714,0.4465102553367615,0.2643352448940277,-2.361480712890625,0.014628767967224121,1.6532739400863647
0,1189,0.33544063568115234,-0.1664968580007553,1.1094467639923096,0.44681039452552795,0.2624082863330841,-2.3590168952941895,0.014584779739379883,1.673158884048462
0,1190,0.3351251780986786,-0.1665216088294983,1.1092509031295776,0.447104811668396,0.2604871690273285,-2.3565516471862793,0.014543294906616211,1.6958134174346924
0,1191,0.33480578660964966,-0.1665412187576294,1.1090537309646606,0.447392076253891,0.25856873393058777,-2.354086399078369,0.014502882957458496,1.7197632789611816
0,1192,0.3344864249229431,-0.16655917465686798,1.1088558435440063,0.44766929745674133,0.2566497027873993,-2.35162091255188,0.014461517333984375,1.74416983127594
0,1193,0.3341711759567261,-0.16657856106758118,1.1086584329605103,0.44793352484703064,0.25472623109817505,-2.349154472351074,0.014417886734008789,1.7676860094070435
0,1194,0.3338643014431,-0.16660206019878387,1.1084623336791992,0.44818106293678284,0.25279301404953003,-2.3466858863830566,0.014370203018188477,1.7890350818634033
0,1195,0.3335702121257782,-0.1666320562362671,1.108268141746521,0.44840678572654724,0.2508448660373688,-2.3442130088806152,0.014316678047180176,1.8069943189620972
0,1196,0.3332924246788025,-0.16667039692401886,1.1080764532089233,0.44860637187957764,0.24887754023075104,-2.3417346477508545,0.014255762100219727,1.820266842842102
0,1197,0.33303239941596985,-0.16671781241893768,1.1078875064849854,0.4487781524658203,0.2468891590833664,-2.339249849319458,0.014187097549438477,1.8282054662704468
0,1198,0.33278900384902954,-0.1667737066745758,1.107701301574707,0.4489230215549469,0.24488139152526855,-2.336759090423584,0.01411128044128418,1.831520915031433
0,1199,0.33255869150161743,-0.16683635115623474,1.1075170040130615,0.44904446601867676,0.24285811185836792,-2.3342630863189697,0.014029622077941895,1.8310935497283936
0,1200,0.33233654499053955,-0.16690319776535034,1.1073342561721802,0.44914841651916504,0.24082538485527039,-2.3317642211914062,0.013944625854492188,1.828312635421753
0,1201,0.33211731910705566,-0.16697143018245697,1.1071521043777466,0.44923892617225647,0.2387888878583908,-2.32926344871521,0.013858318328857422,1.8247767686843872
0,1202,0.3318958878517151,-0.16703841090202332,1.1069695949554443,0.4493189752101898,0.23675324022769928,-2.3267624378204346,0.01377260684967041,1.821986198425293
0,1203,0.33166685700416565,-0.16710126399993896,1.1067863702774048,0.44939151406288147,0.23472212255001068,-2.324261426925659,0.013690471649169922,1.8213415145874023
0,1204,0.33142441511154175,-0.16715703904628754,1.106601595878601,0.4494573175907135,0.23269863426685333,-2.321760892868042,0.013614058494567871,1.824347734451294
0,1205,0.3311631977558136,-0.167202889919281,1.1064141988754272,0.44951629638671875,0.2306852489709854,-2.319260597229004,0.013545393943786621,1.8322688341140747
0,1206,0.33087944984436035,-0.16723670065402985,1.1062240600585938,0.4495689868927002,0.22868399322032928,-2.316760778427124,0.013486504554748535,1.845889925956726
0,1207,0.33057260513305664,-0.16725817322731018,1.106030821800232,0.44961515069007874,0.22669531404972076,-2.3142614364624023,0.013437271118164062,1.865505576133728
0,1208,0.33024558424949646,-0.1672687530517578,1.105834722518921,0.4496542811393738,0.2247173935174942,-2.3117618560791016,0.013396024703979492,1.8902052640914917
0,1209,0.3299037218093872,-0.167271226644516,1.1056365966796875,0.4496861398220062,0.22274841368198395,-2.309262752532959,0.01336061954498291,1.9190785884857178
0,1210,0.329553484916687,-0.1672690510749817,1.1054368019104004,0.449709415435791,0.22078461945056915,-2.3067636489868164,0.013327598571777344,1.9502356052398682
0,1211,0.32920095324516296,-0.16726557910442352,1.105236291885376,0.4497225880622864,0.2188226580619812,-2.3042635917663574,0.013294696807861328,1.982384204864502
0,1212,0.3288517892360687,-0.1672642081975937,1.1050351858139038,0.44972312450408936,0.2168586701154709,-2.3017611503601074,0.013258576393127441,2.0135338306427
0,1213,0.32851168513298035,-0.1672685742378235,1.1048334836959839,0.44970521330833435,0.21488714218139648,-2.299255132675171,0.013216018676757812,2.042389392852783
0,1214,0.32818615436553955,-0.16728246212005615,1.1046308279037476,0.44966328144073486,0.2129027098417282,-2.296743154525757,0.013163566589355469,2.0671536922454834
0,1215,0.32788002490997314,-0.16730917990207672,1.1044269800186157,0.4495910406112671,0.21090079843997955,-2.2942230701446533,0.013098359107971191,2.086190938949585
0,1216,0.3275958001613617,-0.16735050082206726,1.1042218208312988,0.44948557019233704,0.20887860655784607,-2.291693925857544,0.01301884651184082,2.098630905151367
0,1217,0.32733261585235596,-0.16740593314170837,1.1040152311325073,0.44934722781181335,0.20683734118938446,-2.2891552448272705,0.012925386428833008,2.1047770977020264
0,1218,0.32708650827407837,-0.16747288405895233,1.1038075685501099,0.449180543422699,0.2047809511423111,-2.2866086959838867,0.012820839881896973,2.1057066917419434
0,1219,0.32685181498527527,-0.1675475686788559,1.1035994291305542,0.4489920735359192,0.20271484553813934,-2.2840566635131836,0.012708902359008789,2.103381872177124
0,1220,0.3266223967075348,-0.16762590408325195,1.1033905744552612,0.44878801703453064,0.20064571499824524,-2.281500816345215,0.01259303092956543,2.099470376968384
0,1221,0.32639268040657043,-0.16770437359809875,1.1031806468963623,0.44857269525527954,0.19857795536518097,-2.2789437770843506,0.012475967407226562,2.0958313941955566
0,1222,0.3261575400829315,-0.16777996718883514,1.102968692779541,0.44834813475608826,0.1965152621269226,-2.2763872146606445,0.012359619140625,2.0936825275421143
0,1223,0.32591190934181213,-0.16784979403018951,1.1027534008026123,0.44811558723449707,0.1944611817598343,-2.273831844329834,0.0122452974319458,2.094336748123169
0,1224,0.3256511390209198,-0.1679113805294037,1.1025331020355225,0.4478748142719269,0.1924181580543518,-2.2712793350219727,0.01213383674621582,2.0991904735565186
0,1225,0.325371652841568,-0.16796277463436127,1.1023062467575073,0.44762542843818665,0.19038830697536469,-2.268730640411377,0.012025594711303711,2.1088645458221436
0,1226,0.32507237792015076,-0.1680033802986145,1.1020725965499878,0.4473678469657898,0.18837229907512665,-2.2661852836608887,0.011920928955078125,2.123753786087036
0,1227,0.32475516200065613,-0.1680341511964798,1.1018325090408325,0.4471011459827423,0.18636909127235413,-2.263643980026245,0.011818885803222656,2.1432929039001465
0,1228,0.32442420721054077,-0.1680573672056198,1.1015877723693848,0.4468255937099457,0.18437638878822327,-2.2611045837402344,0.011718988418579102,2.16654372215271
0,1229,0.32408469915390015,-0.16807587444782257,1.1013399362564087,0.4465410113334656,0.18239106237888336,-2.25856614112854,0.011620044708251953,2.192406177520752
0,1230,0.323741614818573,-0.16809256374835968,1.1010911464691162,0.44624608755111694,0.18041002750396729,-2.2560269832611084,0.011521458625793457,2.2194669246673584
0,1231,0.32339927554130554,-0.16811031103134155,1.1008431911468506,0.44593730568885803,0.17842862010002136,-2.2534852027893066,0.011422514915466309,2.246289014816284
0,1232,0.3230612576007843,-0.16813208162784576,1.100597620010376,0.44560909271240234,0.1764419674873352,-2.250939130783081,0.011322736740112305,2.2715885639190674
0,1233,0.3227311372756958,-0.16816115379333496,1.1003566980361938,0.44525429606437683,0.1744440346956253,-2.2483866214752197,0.011222481727600098,2.2940518856048584
0,1234,0.32241183519363403,-0.16820040345191956,1.1001218557357788,0.44486525654792786,0.17242932319641113,-2.24582576751709,0.011121392250061035,2.3127455711364746
0,1235,0.3221051096916199,-0.16825167834758759,1.0998941659927368,0.4444366693496704,0.1703946441411972,-2.2432548999786377,0.011019468307495117,2.3264150619506836
0,1236,0.32181107997894287,-0.16831521689891815,1.099673867225647,0.4439678490161896,0.16833926737308502,-2.240673542022705,0.010916948318481445,2.3352320194244385
0,1237,0.3215278089046478,-0.1683892011642456,1.0994597673416138,0.44346341490745544,0.16626760363578796,-2.2380828857421875,0.01081383228302002,2.3397536277770996
0,1238,0.3212520480155945,-0.16847051680088043,1.099250316619873,0.44293010234832764,0.1641852706670761,-2.235485076904297,0.010710597038269043,2.3415095806121826
0,1239,0.3209802210330963,-0.1685556322336197,1.099043369293213,0.4423769414424896,0.16209927201271057,-2.232881784439087,0.010607242584228516,2.341676950454712
0,1240,0.32070884108543396,-0.16864138841629028,1.0988370180130005,0.44180983304977417,0.16001500189304352,-2.230276346206665,0.010503768920898438,2.341676950454712
0,1241,0.32043448090553284,-0.16872479021549225,1.0986297130584717,0.4412328898906708,0.1579372137784958,-2.2276713848114014,0.010400533676147461,2.3427631855010986
0,1242,0.3201536238193512,-0.16880276799201965,1.0984193086624146,0.4406473636627197,0.15586969256401062,-2.225069999694824,0.010297417640686035,2.3456852436065674
0,1243,0.3198627233505249,-0.16887256503105164,1.0982041358947754,0.44005414843559265,0.15381558239459991,-2.222476005554199,0.010194778442382812,2.3515188694000244
0,1244,0.31955888867378235,-0.1689317524433136,1.0979827642440796,0.43945297598838806,0.15177741646766663,-2.2198920249938965,0.010092496871948242,2.3610713481903076
0,1245,0.3192407190799713,-0.168979212641716,1.0977541208267212,0.4388435184955597,0.14975637197494507,-2.2173192501068115,0.009990334510803223,2.3747923374176025
0,1246,0.3189089596271515,-0.169015571475029,1.097519040107727,0.4382258653640747,0.14775192737579346,-2.2147579193115234,0.009888648986816406,2.392446994781494
0,1247,0.31856632232666016,-0.1690429300069809,1.0972785949707031,0.437599778175354,0.1457619071006775,-2.212204694747925,0.009786844253540039,2.413299560546875
0,1248,0.3182164430618286,-0.16906419396400452,1.0970344543457031,0.4369649291038513,0.14378300309181213,-2.20965576171875,0.00968468189239502,2.4365456104278564
0,1249,0.31786319613456726,-0.16908256709575653,1.096788763999939,0.4363202452659607,0.14181095361709595,-2.2071080207824707,0.009582042694091797,2.4608449935913086
0,1250,0.31751006841659546,-0.1691010445356369,1.0965430736541748,0.43566325306892395,0.13984166085720062,-2.204557418823242,0.00947880744934082,2.485222101211548
0,1251,0.3171602785587311,-0.16912265121936798,1.0962989330291748,0.43498894572257996,0.13786935806274414,-2.2020018100738525,0.009374380111694336,2.508582353591919
0,1252,0.31681713461875916,-0.16915066540241241,1.096057415008545,0.4342896640300751,0.13588756322860718,-2.1994378566741943,0.00926828384399414,2.529484272003174
0,1253,0.3164840042591095,-0.1691884994506836,1.0958200693130493,0.4335566759109497,0.13388900458812714,-2.1968631744384766,0.009160161018371582,2.546297311782837
0,1254,0.31616345047950745,-0.16923880577087402,1.0955878496170044,0.43278294801712036,0.13186746835708618,-2.194275379180908,0.009049415588378906,2.5580313205718994
0,1255,0.31585654616355896,-0.1693028062582016,1.0953611135482788,0.43196550011634827,0.12982144951820374,-2.1916732788085938,0.008936047554016113,2.563992977142334
0,1256,0.3155621290206909,-0.16937942802906036,1.0951396226882935,0.4311057925224304,0.1277528703212738,-2.1890578269958496,0.008820414543151855,2.564603567123413
0,1257,0.31527742743492126,-0.1694658398628235,1.0949223041534424,0.4302111566066742,0.12566809356212616,-2.1864304542541504,0.008703112602233887,2.5612432956695557
0,1258,0.31499871611595154,-0.16955828666687012,1.094707727432251,0.4292903244495392,0.12357493489980698,-2.1837940216064453,0.008584856986999512,2.5552754402160645
0,1259,0.31472206115722656,-0.16965310275554657,1.0944945812225342,0.42835164070129395,0.12148073315620422,-2.1811513900756836,0.008466362953186035,2.5484488010406494
0,1260,0.31444382667541504,-0.16974686086177826,1.0942814350128174,0.42740073800086975,0.11939140409231186,-2.1785056591033936,0.008348226547241211,2.541912078857422
0,1261,0.3141602873802185,-0.1698363572359085,1.0940674543380737,0.4264408349990845,0.1173095554113388,-2.175858974456787,0.008231520652770996,2.5371334552764893
0,1262,0.3138677477836609,-0.16991859674453735,1.0938515663146973,0.4254731833934784,0.11523772776126862,-2.173214912414551,0.008117198944091797,2.5350494384765625
0,1263,0.3135625422000885,-0.16999073326587677,1.0936323404312134,0.42449650168418884,0.11317701637744904,-2.1705758571624756,0.008005499839782715,2.536670446395874
0,1264,0.3132424056529999,-0.1700509935617447,1.0934094190597534,0.4235113859176636,0.11112862080335617,-2.1679439544677734,0.007897138595581055,2.5428357124328613
0,1265,0.3129071295261383,-0.1700991541147232,1.093182921409607,0.4225175082683563,0.10909219086170197,-2.1653192043304443,0.007792234420776367,2.5531296730041504
0,1266,0.31255874037742615,-0.17013677954673767,1.0929532051086426,0.42151516675949097,0.10706694424152374,-2.1627001762390137,0.0076901912689208984,2.567502021789551
0,1267,0.31220072507858276,-0.1701665222644806,1.0927211046218872,0.4205033779144287,0.10505174100399017,-2.160083770751953,0.007589817047119141,2.584977149963379
0,1268,0.311837375164032,-0.17019155621528625,1.0924879312515259,0.41948220133781433,0.10304491966962814,-2.1574673652648926,0.007490396499633789,2.6041393280029297
0,1269,0.31147295236587524,-0.1702149361371994,1.0922547578811646,0.4184502959251404,0.10104374587535858,-2.154849052429199,0.007390856742858887,2.6239075660705566
0,1270,0.3111117482185364,-0.17023952305316925,1.0920222997665405,0.41740289330482483,0.09904435276985168,-2.152226686477661,0.007289767265319824,2.6427135467529297
0,1271,0.3107585310935974,-0.17026807367801666,1.0917916297912598,0.41633400321006775,0.09704192727804184,-2.149600028991699,0.007186293601989746,2.658811330795288
0,1272,0.3104184567928314,-0.17030347883701324,1.0915637016296387,0.41523557901382446,0.09502959251403809,-2.146968364715576,0.007078766822814941,2.6699047088623047
0,1273,0.31009626388549805,-0.17034843564033508,1.0913394689559937,0.4140995442867279,0.09300132095813751,-2.14433217048645,0.006966352462768555,2.674373149871826
0,1274,0.30979472398757935,-0.17040444910526276,1.091119408607483,0.4129210412502289,0.09095317125320435,-2.141690731048584,0.00684809684753418,2.6707112789154053
0,1275,0.30951347947120667,-0.17047132551670074,1.0909035205841064,0.4117008149623871,0.08888613432645798,-2.1390442848205566,0.00672459602355957,2.6592531204223633
0,1276,0.30924901366233826,-0.17054730653762817,1.0906914472579956,0.4104442596435547,0.08680392801761627,-2.136392116546631,0.006596922874450684,2.641157627105713
0,1277,0.30899590253829956,-0.17062939703464508,1.0904818773269653,0.4091593325138092,0.08471332490444183,-2.1337342262268066,0.006466388702392578,2.6188299655914307
0,1278,0.3087482154369354,-0.17071451246738434,1.0902739763259888,0.40785491466522217,0.08262154459953308,-2.131070852279663,0.006334662437438965,2.5940475463867188
0,1279,0.3085004389286041,-0.17079976201057434,1.090066909790039,0.40653684735298157,0.08053319156169891,-2.1284022331237793,0.0062035322189331055,2.569331407546997
0,1280,0.30824732780456543,-0.17088261246681213,1.0898598432540894,0.40520885586738586,0.07845071703195572,-2.1257288455963135,0.006074190139770508,2.546220541000366
0,1281,0.30798372626304626,-0.17096062004566193,1.089652419090271,0.4038723111152649,0.07637488096952438,-2.123051643371582,0.005948662757873535,2.5264644622802734
0,1282,0.3077046573162079,-0.17103159427642822,1.0894442796707153,0.4025268852710724,0.07430561631917953,-2.1203718185424805,0.005828499794006348,2.5112338066101074
0,1283,0.30740606784820557,-0.1710936576128006,1.0892348289489746,0.4011716842651367,0.07224258780479431,-2.117690086364746,0.005714774131774902,2.5018632411956787
0,1284,0.3070864975452423,-0.17114612460136414,1.0890240669250488,0.39980635046958923,0.07018573582172394,-2.115006685256958,0.005607962608337402,2.4988884925842285
0,1285,0.30674755573272705,-0.1711898148059845,1.088812232017517,0.3984309732913971,0.06813505291938782,-2.112321376800537,0.005507469177246094,2.501706600189209
0,1286,0.30639344453811646,-0.17122645676136017,1.088599681854248,0.3970451056957245,0.0660911351442337,-2.109633445739746,0.005411863327026367,2.509206533432007
0,1287,0.30602970719337463,-0.17125852406024933,1.0883868932724,0.3956492245197296,0.06405453383922577,-2.1069416999816895,0.005319356918334961,2.520103693008423
0,1288,0.3056619167327881,-0.17128853499889374,1.08817458152771,0.3942420184612274,0.06202485039830208,-2.104246139526367,0.0052280426025390625,2.532036304473877
0,1289,0.3052953779697418,-0.1713189333677292,1.0879637002944946,0.3928213119506836,0.06000012904405594,-2.1015467643737793,0.005136966705322266,2.544067144393921
0,1290,0.30493512749671936,-0.17135211825370789,1.087755560874939,0.391383558511734,0.05797777324914932,-2.0988454818725586,0.005045175552368164,2.5538196563720703
0,1291,0.3045862317085266,-0.1713905781507492,1.087551236152649,0.38992172479629517,0.0559535026550293,-2.0961451530456543,0.004951834678649902,2.559408664703369
0,1292,0.3042532801628113,-0.17143666744232178,1.08735191822052,0.38842976093292236,0.05392288416624069,-2.093447685241699,0.0048563480377197266,2.5589497089385986
0,1293,0.3039392828941345,-0.17149190604686737,1.0871589183807373,0.38690388202667236,0.05188320577144623,-2.0907557010650635,0.004758954048156738,2.5514423847198486
0,1294,0.30364447832107544,-0.17155642807483673,1.0869723558425903,0.385343462228775,0.04983355104923248,-2.088068723678589,0.0046596527099609375,2.5363616943359375
0,1295,0.303366094827652,-0.17162896692752838,1.0867912769317627,0.38375213742256165,0.04777640849351883,-2.0853850841522217,0.004558682441711426,2.5151281356811523
0,1296,0.30309954285621643,-0.17170727252960205,1.0866143703460693,0.38213592767715454,0.04571586102247238,-2.0827019214630127,0.004456877708435059,2.48915696144104
0,1297,0.30283936858177185,-0.17178873717784882,1.0864403247833252,0.3805016577243805,0.04365650564432144,-2.080016613006592,0.00435483455657959,2.4609243869781494
0,1298,0.30258050560951233,-0.1718709021806717,1.0862675905227661,0.37885457277297974,0.0416017509996891,-2.077326536178589,0.004253268241882324,2.432204008102417
0,1299,0.302318274974823,-0.1719515174627304,1.086094856262207,0.37719786167144775,0.03955410420894623,-2.074631690979004,0.004152536392211914,2.404524326324463
0,1300,0.30204805731773376,-0.17202843725681305,1.0859211683273315,0.3755331039428711,0.03751397877931595,-2.071931838989258,0.004053592681884766,2.379732608795166
0,1301,0.30176541209220886,-0.17209972441196442,1.0857456922531128,0.37386128306388855,0.0354805663228035,-2.0692288875579834,0.003957033157348633,2.3589980602264404
0,1302,0.30146658420562744,-0.17216363549232483,1.0855677127838135,0.3721825182437897,0.03345334157347679,-2.066523551940918,0.003863811492919922,2.3433480262756348
0,1303,0.30114981532096863,-0.17221933603286743,1.0853867530822754,0.37049639225006104,0.03143234923481941,-2.063816547393799,0.003773808479309082,2.3337228298187256
0,1304,0.3008159399032593,-0.17226721346378326,1.0852031707763672,0.36880260705947876,0.029417525976896286,-2.061107873916626,0.0036870241165161133,2.3296096324920654
0,1305,0.3004681468009949,-0.17230868339538574,1.085017442703247,0.36710119247436523,0.027409663423895836,-2.058396577835083,0.0036025047302246094,2.3303656578063965
0,1306,0.3001110851764679,-0.17234589159488678,1.0848309993743896,0.36539122462272644,0.02540908008813858,-2.0556812286376953,0.0035201311111450195,2.3340585231781006
0,1307,0.29974958300590515,-0.1723809689283371,1.0846446752548218,0.36367160081863403,0.02341623045504093,-2.0529613494873047,0.003438591957092285,2.33941912651062
0,1308,0.2993881404399872,-0.17241601645946503,1.0844597816467285,0.3619402348995209,0.021430285647511482,-2.050236701965332,0.0033577680587768555,2.3449342250823975
0,1309,0.2990310490131378,-0.1724531501531601,1.0842781066894531,0.36019378900527954,0.01944926753640175,-2.0475096702575684,0.0032775402069091797,2.3491873741149902
0,1310,0.29868245124816895,-0.17249445617198944,1.0841013193130493,0.35842809081077576,0.017469534650444984,-2.044782876968384,0.003198385238647461,2.3501036167144775
0,1311,0.29834622144699097,-0.17254196107387543,1.0839312076568604,0.3566379249095917,0.015487455762922764,-2.0420594215393066,0.0031206607818603516,2.346519708633423
0,1312,0.2980251908302307,-0.17259712517261505,1.08376944065094,0.3548199534416199,0.013500086963176727,-2.039341926574707,0.0030448436737060547,2.3369076251983643
0,1313,0.2977201044559479,-0.17266039550304413,1.0836164951324463,0.3529735803604126,0.011506379581987858,-2.036630153656006,0.0029714107513427734,2.321192979812622
0,1314,0.2974291741847992,-0.17273087799549103,1.0834712982177734,0.3511006534099579,0.00950748659670353,-2.033923864364624,0.0029001235961914062,2.3001012802124023
0,1315,0.29714885354042053,-0.17280679941177368,1.0833320617675781,0.3492051959037781,0.007507215719670057,-2.031219244003296,0.0028302669525146484,2.274946451187134
0,1316,0.2968747615814209,-0.1728859394788742,1.083196759223938,0.34729278087615967,0.005509166046977043,-2.028512716293335,0.0027617216110229492,2.2474212646484375
0,1317,0.29660263657569885,-0.1729661077260971,1.0830633640289307,0.34536778926849365,0.0035169494803994894,-2.0258021354675293,0.0026938915252685547,2.219378709793091
0,1318,0.29632869362831116,-0.17304536700248718,1.0829299688339233,0.34343379735946655,0.001532257185317576,-2.023085594177246,0.002626180648803711,2.192227602005005
0,1319,0.29604920744895935,-0.1731218844652176,1.0827947854995728,0.3414926528930664,-0.0004435330629348755,-2.0203635692596436,0.0025582313537597656,2.1671760082244873
0,1320,0.29576048254966736,-0.17319370806217194,1.082655906677246,0.3395453095436096,-0.0024108164943754673,-2.017637252807617,0.002489328384399414,2.1455745697021484
0,1321,0.2954592704772949,-0.1732591986656189,1.0825116634368896,0.3375924825668335,-0.004369734786450863,-2.0149083137512207,0.0024188756942749023,2.1281726360321045
0,1322,0.29514381289482117,-0.17331744730472565,1.082361102104187,0.3356342911720276,-0.006320786662399769,-2.0121774673461914,0.0023463964462280273,2.1158134937286377
0,1323,0.29481440782546997,-0.17336861789226532,1.0822045803070068,0.33367061614990234,-0.008263562805950642,-2.00944447517395,0.0022722482681274414,2.108214855194092
0,1324,0.294473260641098,-0.17341384291648865,1.0820430517196655,0.33170077204704285,-0.010197756811976433,-2.006709098815918,0.0021963119506835938,2.1049630641937256
0,1325,0.29412388801574707,-0.1734548956155777,1.0818785429000854,0.32972419261932373,-0.012123345397412777,-2.003969430923462,0.00211942195892334,2.1046841144561768
0,1326,0.2937701940536499,-0.17349375784397125,1.0817131996154785,0.32773900032043457,-0.014039947651326656,-2.001224994659424,0.002042412757873535,2.105985641479492
0,1327,0.2934158146381378,-0.17353232204914093,1.0815489292144775,0.32574373483657837,-0.015948032960295677,-1.998475193977356,0.001965761184692383,2.1078433990478516
0,1328,0.29306402802467346,-0.17357245087623596,1.0813883543014526,0.32373636960983276,-0.017849260941147804,-1.995721697807312,0.0018911361694335938,2.1088645458221436
0,1329,0.29271817207336426,-0.17361590266227722,1.0812337398529053,0.32171300053596497,-0.019746022298932076,-1.9929674863815308,0.0018197298049926758,2.1078433990478516
0,1330,0.29238128662109375,-0.17366455495357513,1.081087589263916,0.3196709156036377,-0.021641632542014122,-1.99021577835083,0.0017528533935546875,2.1037540435791016
0,1331,0.29205578565597534,-0.17371971905231476,1.0809519290924072,0.3176064193248749,-0.02353849820792675,-1.9874696731567383,0.001692056655883789,2.095364570617676
0,1332,0.29174262285232544,-0.17378199100494385,1.0808277130126953,0.31551873683929443,-0.025437967851758003,-1.9847298860549927,0.0016378164291381836,2.08262300491333
0,1333,0.2914409041404724,-0.1738509088754654,1.0807141065597534,0.31340932846069336,-0.027339428663253784,-1.9819954633712769,0.001589655876159668,2.0655434131622314
0,1334,0.2911480665206909,-0.1739249974489212,1.0806089639663696,0.31128087639808655,-0.029240140691399574,-1.9792639017105103,0.001546621322631836,2.045644760131836
0,1335,0.29086071252822876,-0.17400236427783966,1.0805095434188843,0.3091373145580292,-0.031137512996792793,-1.9765310287475586,0.001506805419921875,2.0240039825439453
0,1336,0.2905755639076233,-0.1740810126066208,1.0804129838943481,0.30698224902153015,-0.03302788734436035,-1.9737939834594727,0.001468658447265625,2.002129316329956
0,1337,0.29028958082199097,-0.1741591840982437,1.080316424369812,0.3048178553581238,-0.03490941599011421,-1.9710510969161987,0.0014302730560302734,1.9808038473129272
0,1338,0.28999996185302734,-0.17423522472381592,1.0802172422409058,0.30264630913734436,-0.036780424416065216,-1.9683022499084473,0.0013898611068725586,1.9612430334091187
0,1339,0.28970399498939514,-0.1743074655532837,1.0801126956939697,0.3004682958126068,-0.038640473037958145,-1.965548038482666,0.001345515251159668,1.944104552268982
0,1340,0.28939929604530334,-0.17437441647052765,1.080000400543213,0.2982848584651947,-0.04048912599682808,-1.9627901315689087,0.0012958049774169922,1.930263876914978
0,1341,0.2890842854976654,-0.1744350641965866,1.079878568649292,0.29609566926956177,-0.042325668036937714,-1.9600290060043335,0.0012390613555908203,1.9203020334243774
0,1342,0.2887588441371918,-0.17448930442333221,1.0797470808029175,0.29390084743499756,-0.04415041208267212,-1.957265853881836,0.001175522804260254,1.9137682914733887
0,1343,0.2884242832660675,-0.17453809082508087,1.0796074867248535,0.2917000949382782,-0.0459633469581604,-1.9544994831085205,0.0011059045791625977,1.9102883338928223
0,1344,0.288083016872406,-0.1745828539133072,1.0794622898101807,0.2894926369190216,-0.047764990478754044,-1.9517289400100708,0.0010319948196411133,1.9094685316085815
0,1345,0.28773796558380127,-0.17462539672851562,1.0793145895004272,0.2872777283191681,-0.049555703997612,-1.9489529132843018,0.0009559392929077148,1.9100834131240845
0,1346,0.28739166259765625,-0.17466731369495392,1.0791672468185425,0.28505438566207886,-0.05133648216724396,-1.9461712837219238,0.0008798837661743164,1.9114148616790771
0,1347,0.2870466411113739,-0.17471018433570862,1.0790232419967651,0.28282061219215393,-0.05310804769396782,-1.9433850049972534,0.0008058547973632812,1.9126430749893188
0,1348,0.28670528531074524,-0.17475558817386627,1.078885555267334,0.28057464957237244,-0.054872360080480576,-1.9405966997146606,0.000736236572265625,1.9128477573394775
0,1349,0.28636986017227173,-0.17480513453483582,1.0787575244903564,0.27831414341926575,-0.05663174018263817,-1.9378093481063843,0.0006736516952514648,1.9115173816680908
0,1350,0.28604236245155334,-0.1748601347208023,1.0786415338516235,0.2760368585586548,-0.05838802456855774,-1.9350266456604004,0.0006198883056640625,1.9077253341674805
0,1351,0.2857237756252289,-0.1749211549758911,1.0785388946533203,0.27374163269996643,-0.060141850262880325,-1.932249665260315,0.0005761384963989258,1.9015601873397827
0,1352,0.2854136824607849,-0.1749880164861679,1.0784491300582886,0.2714291512966156,-0.06189311295747757,-1.9294780492782593,0.0005419254302978516,1.892791986465454
0,1353,0.2851104140281677,-0.17505958676338196,1.0783700942993164,0.26910120248794556,-0.06364049017429352,-1.9267091751098633,0.0005156993865966797,1.882423996925354
0,1354,0.2848116457462311,-0.17513418197631836,1.0782982110977173,0.2667602598667145,-0.06538157165050507,-1.9239391088485718,0.0004947185516357422,1.8713711500167847
0,1355,0.2845149040222168,-0.17521023750305176,1.0782302618026733,0.26440903544425964,-0.0671144425868988,-1.9211653470993042,0.0004763603210449219,1.8600424528121948
0,1356,0.2842179536819458,-0.17528627812862396,1.0781627893447876,0.26204878091812134,-0.06883727014064789,-1.918385624885559,0.00045812129974365234,1.8497025966644287
0,1357,0.2839188873767853,-0.1753607839345932,1.0780928134918213,0.2596808969974518,-0.07054784148931503,-1.9155995845794678,0.0004372596740722656,1.8402620553970337
0,1358,0.28361594676971436,-0.17543244361877441,1.078016996383667,0.2573055326938629,-0.07224494218826294,-1.9128077030181885,0.00041115283966064453,1.8326958417892456
0,1359,0.28330740332603455,-0.17549993097782135,1.0779321193695068,0.25492244958877563,-0.07392678409814835,-1.9100111722946167,0.0003770589828491211,1.827027678489685
0,1360,0.2829921245574951,-0.17556233704090118,1.077836275100708,0.2525322139263153,-0.07559264451265335,-1.907211422920227,0.0003333091735839844,1.8235968351364136
0,1361,0.2826698422431946,-0.1756194829940796,1.0777286291122437,0.25013452768325806,-0.07724190503358841,-1.904408574104309,0.0002791881561279297,1.822201132774353
0,1362,0.28234121203422546,-0.17567187547683716,1.077610731124878,0.24772906303405762,-0.07887496799230576,-1.9016021490097046,0.00021588802337646484,1.8227379322052002
0,1363,0.28200775384902954,-0.17572073638439178,1.077485203742981,0.24531598389148712,-0.08049354702234268,-1.8987910747528076,0.0001456737518310547,1.824669599533081
0,1364,0.2816712260246277,-0.17576736211776733,1.0773556232452393,0.24289540946483612,-0.08209820091724396,-1.8959746360778809,7.140636444091797e-05,1.8275631666183472
0,1365,0.28133344650268555,-0.17581325769424438,1.0772254467010498,0.24046677350997925,-0.08369104564189911,-1.8931524753570557,3.814697265625e-06,1.8314142227172852
0,1366,0.28099608421325684,-0.17585967481136322,1.07709801197052,0.23802989721298218,-0.08527269214391708,-1.8903249502182007,7.724761962890625e-05,1.835363745689392
0,1367,0.2806606590747833,-0.17590782046318054,1.0769764184951782,0.23558369278907776,-0.08684426546096802,-1.8874942064285278,0.0001462697982788086,1.8393046855926514
0,1368,0.2803286612033844,-0.17595885694026947,1.0768640041351318,0.23312708735466003,-0.0884065181016922,-1.884663462638855,0.00020778179168701172,1.8427064418792725
0,1369,0.2800014615058899,-0.17601385712623596,1.07676362991333,0.23065859079360962,-0.08995971828699112,-1.8818351030349731,0.0002593994140625,1.8453596830368042
0,1370,0.2796798348426819,-0.17607347667217255,1.0766770839691162,0.22817754745483398,-0.09150446206331253,-1.8790117502212524,0.0002994537353515625,1.8471616506576538
0,1371,0.2793636918067932,-0.17613761126995087,1.0766041278839111,0.22568485140800476,-0.0930415689945221,-1.8761926889419556,0.0003281831741333008,1.8480089902877808
0,1372,0.27905216813087463,-0.17620554566383362,1.0765424966812134,0.22318066656589508,-0.09456943720579147,-1.8733760118484497,0.0003476142883300781,1.8486443758010864
0,1373,0.27874383330345154,-0.1762760728597641,1.0764890909194946,0.22066627442836761,-0.0960882231593132,-1.8705583810806274,0.00036025047302246094,1.8490676879882812
0,1374,0.27843746542930603,-0.17634785175323486,1.0764403343200684,0.21814273297786713,-0.09759628027677536,-1.867737889289856,0.0003694295883178711,1.8495967388153076
0,1375,0.27813223004341125,-0.17641955614089966,1.076392412185669,0.21561120450496674,-0.09909290820360184,-1.8649115562438965,0.00037860870361328125,1.8504431247711182
0,1376,0.2778279781341553,-0.17648983001708984,1.0763418674468994,0.21307063102722168,-0.1005755290389061,-1.8620795011520386,0.0003910064697265625,1.851288914680481
0,1377,0.27752527594566345,-0.17655731737613678,1.0762850046157837,0.21052196621894836,-0.10204317420721054,-1.8592414855957031,0.0004101991653442383,1.8519231081008911
0,1378,0.2772247791290283,-0.17662063241004944,1.0762182474136353,0.2079630345106125,-0.10349319130182266,-1.856399655342102,0.00043964385986328125,1.8520289659500122
0,1379,0.27692723274230957,-0.1766786128282547,1.0761384963989258,0.20539358258247375,-0.10492391139268875,-1.8535555601119995,0.0004824399948120117,1.8506546020507812
0,1380,0.2766329348087311,-0.17673084139823914,1.0760446786880493,0.2028130739927292,-0.1063351109623909,-1.850709080696106,0.0005396604537963867,1.8481148481369019
0,1381,0.27634164690971375,-0.17677773535251617,1.0759377479553223,0.20022186636924744,-0.10772701352834702,-1.847860336303711,0.0006102323532104492,1.844404935836792
0,1382,0.2760527729988098,-0.17682059109210968,1.075821042060852,0.19762079417705536,-0.10910139232873917,-1.8450086116790771,0.0006910562515258789,1.839836597442627
0,1383,0.2757653295993805,-0.17686091363430023,1.0756986141204834,0.1950119435787201,-0.1104607954621315,-1.8421516418457031,0.0007779598236083984,1.8352570533752441
0,1384,0.2754782736301422,-0.176900252699852,1.0755746364593506,0.1923958659172058,-0.11180686205625534,-1.8392891883850098,0.000867009162902832,1.8307727575302124
0,1385,0.2751905024051666,-0.17694002389907837,1.0754526853561401,0.1897730678319931,-0.11314036697149277,-1.8364216089248657,0.0009545087814331055,1.8273489475250244
0,1386,0.2749009430408478,-0.1769815981388092,1.0753365755081177,0.1871437281370163,-0.11446074396371841,-1.833549976348877,0.0010367631912231445,1.8250986337661743
0,1387,0.2746083438396454,-0.17702612280845642,1.0752298831939697,0.1845082938671112,-0.11576694995164871,-1.8306761980056763,0.0011101961135864258,1.824669599533081
0,1388,0.2743115723133087,-0.17707467079162598,1.0751358270645142,0.1818663626909256,-0.11705757677555084,-1.8278027772903442,0.0011715888977050781,1.8258490562438965
0,1389,0.2740098237991333,-0.17712797224521637,1.075056552886963,0.17921768128871918,-0.11833145469427109,-1.824931025505066,0.0012187957763671875,1.8293826580047607
0,1390,0.2737029492855072,-0.17718608677387238,1.0749921798706055,0.17656210064888,-0.11958810687065125,-1.8220621347427368,0.0012516975402832031,1.8347238302230835
0,1391,0.2733916938304901,-0.17724838852882385,1.0749410390853882,0.1738997846841812,-0.1208280399441719,-1.8191943168640137,0.0012720823287963867,1.8420690298080444
0,1392,0.2730771601200104,-0.1773136854171753,1.074899673461914,0.1712314933538437,-0.1220526322722435,-1.8163254261016846,0.0012832880020141602,1.8507604598999023
0,1393,0.2727605104446411,-0.17738080024719238,1.074864149093628,0.1685560643672943,-0.12326229363679886,-1.813453197479248,0.00128936767578125,1.8603581190109253
0,1394,0.27244266867637634,-0.17744861543178558,1.0748313665390015,0.1658739298582077,-0.124457947909832,-1.8105756044387817,0.0012933015823364258,1.8706390857696533
0,1395,0.2721242308616638,-0.17751628160476685,1.0747979879379272,0.16318462789058685,-0.12563832104206085,-1.8076926469802856,0.0012985467910766602,1.8812798261642456
0,1396,0.2718052566051483,-0.17758309841156006,1.074761152267456,0.16048601269721985,-0.12680087983608246,-1.804803729057312,0.0013077259063720703,1.891757607460022
0,1397,0.2714855670928955,-0.17764849960803986,1.0747181177139282,0.15777714550495148,-0.12794218957424164,-1.8019109964370728,0.0013235807418823242,1.9020745754241943
0,1398,0.2711648941040039,-0.17771193385124207,1.074666142463684,0.15505582094192505,-0.12905891239643097,-1.7990144491195679,0.0013486146926879883,1.9118242263793945
0,1399,0.2708430588245392,-0.17777325212955475,1.0746045112609863,0.15232129395008087,-0.13014979660511017,-1.7961153984069824,0.0013837814331054688,1.9210153818130493
0,1400,0.27052009105682373,-0.17783257365226746,1.0745333433151245,0.1495739370584488,-0.13121449947357178,-1.793214201927185,0.0014287233352661133,1.9295539855957031
0,1401,0.27019619941711426,-0.17789025604724884,1.0744549036026,0.14681561291217804,-0.13225610554218292,-1.7903088331222534,0.0014814138412475586,1.9376511573791504
0,1402,0.26987165212631226,-0.17794691026210785,1.0743720531463623,0.14404848217964172,-0.13327811658382416,-1.787399411201477,0.001538991928100586,1.945513367652893
0,1403,0.2695467472076416,-0.17800310254096985,1.074288010597229,0.1412743180990219,-0.13428275287151337,-1.78448486328125,0.0015984773635864258,1.9533438682556152
0,1404,0.2692217230796814,-0.17805927991867065,1.0742051601409912,0.13849422335624695,-0.13527144491672516,-1.7815654277801514,0.0016573667526245117,1.9614425897598267
0,1405,0.2688967287540436,-0.1781158745288849,1.074126124382019,0.13570983707904816,-0.136243537068367,-1.7786420583724976,0.001713395118713379,1.9696074724197388
0,1406,0.26857200264930725,-0.1781732589006424,1.0740532875061035,0.1329212486743927,-0.13719649612903595,-1.7757165431976318,0.001764059066772461,1.9776397943496704
0,1407,0.2682476341724396,-0.17823170125484467,1.0739890336990356,0.13012950122356415,-0.13812850415706635,-1.7727912664413452,0.0018069744110107422,1.986132025718689
0,1408,0.2679236829280853,-0.178291454911232,1.0739349126815796,0.12733431160449982,-0.13903573155403137,-1.7698683738708496,0.001840829849243164,1.9941959381103516
0,1409,0.2676002085208893,-0.1783524751663208,1.073891282081604,0.12453652918338776,-0.13991829752922058,-1.766947627067566,0.0018650293350219727,2.0023248195648193
0,1410,0.2672770619392395,-0.17841462790966034,1.0738571882247925,0.12173577398061752,-0.1407770961523056,-1.7640289068222046,0.001880645751953125,2.0103237628936768
0,1411,0.2669542133808136,-0.1784776896238327,1.073830485343933,0.11893165856599808,-0.1416141390800476,-1.7611106634140015,0.0018897056579589844,2.0181937217712402
0,1412,0.266631543636322,-0.1785413771867752,1.0738086700439453,0.11612378060817719,-0.1424330174922943,-1.7581896781921387,0.0018947124481201172,2.026226758956909
0,1413,0.26630899310112,-0.1786053478717804,1.0737895965576172,0.11331120133399963,-0.14323437213897705,-1.7552651166915894,0.0018978118896484375,2.0341315269470215
0,1414,0.26598644256591797,-0.17866939306259155,1.0737707614898682,0.11049237847328186,-0.14401750266551971,-1.752335548400879,0.001901388168334961,2.042006015777588
0,1415,0.26566407084465027,-0.17873339354991913,1.0737502574920654,0.1076648160815239,-0.14477886259555817,-1.749401330947876,0.0019073486328125,2.049659013748169
0,1416,0.26534196734428406,-0.17879724502563477,1.0737258195877075,0.10482694208621979,-0.14551301300525665,-1.7464630603790283,0.0019179582595825195,2.0565223693847656
0,1417,0.26502013206481934,-0.17886073887348175,1.0736955404281616,0.10197514295578003,-0.14621420204639435,-1.7435212135314941,0.0019352436065673828,2.0620346069335938
0,1418,0.26469871401786804,-0.17892400920391083,1.0736587047576904,0.0991085022687912,-0.14687927067279816,-1.740577220916748,0.001959681510925293,2.0663013458251953
0,1419,0.2643777132034302,-0.17898696660995483,1.0736150741577148,0.09622770547866821,-0.14750811457633972,-1.7376302480697632,0.0019916296005249023,2.0693302154541016
0,1420,0.2640570104122162,-0.17904964089393616,1.073566198348999,0.09333397448062897,-0.14810384809970856,-1.7346807718276978,0.0020295381546020508,2.071220874786377
0,1421,0.26373645663261414,-0.17911213636398315,1.0735142230987549,0.09043125063180923,-0.1486724615097046,-1.7317278385162354,0.002071380615234375,2.072354316711426
0,1422,0.2634159028530121,-0.17917455732822418,1.0734608173370361,0.08752146363258362,-0.14921823143959045,-1.7287708520889282,0.0021152496337890625,2.073298454284668
0,1423,0.26309531927108765,-0.17923709750175476,1.073408603668213,0.08460734784603119,-0.14974342286586761,-1.7258093357086182,0.002158641815185547,2.07377028465271
0,1424,0.2627745270729065,-0.17929978668689728,1.0733596086502075,0.08169049769639969,-0.15024645626544952,-1.7228447198867798,0.0021996498107910156,2.0743367671966553
0,1425,0.2624533474445343,-0.17936277389526367,1.0733156204223633,0.07877159118652344,-0.15072210133075714,-1.7198773622512817,0.0022363662719726562,2.0744309425354004
0,1426,0.26213160157203674,-0.1794261932373047,1.073278784751892,0.07585126161575317,-0.15116345882415771,-1.716909646987915,0.0022666454315185547,2.073676109313965
0,1427,0.26180917024612427,-0.1794901043176651,1.073250412940979,0.07292993366718292,-0.15156368911266327,-1.713943362236023,0.0022891759872436523,2.0718820095062256
0,1428,0.2614859342575073,-0.1795545518398285,1.0732311010360718,0.07000785320997238,-0.15192072093486786,-1.7109779119491577,0.002303600311279297,2.0689516067504883
0,1429,0.2611619234085083,-0.1796194463968277,1.0732203722000122,0.06708478927612305,-0.15223588049411774,-1.7080142498016357,0.002310037612915039,2.064880132675171
0,1430,0.2608373761177063,-0.17968466877937317,1.073216438293457,0.06416120380163193,-0.15251456201076508,-1.7050507068634033,0.002310514450073242,2.0598506927490234
0,1431,0.2605123817920685,-0.17975009977817535,1.0732173919677734,0.0612361766397953,-0.15276353061199188,-1.7020862102508545,0.002306818962097168,2.054237127304077
0,1432,0.26018717885017395,-0.17981575429439545,1.0732213258743286,0.05830878019332886,-0.15298770368099213,-1.6991194486618042,0.0023009777069091797,2.048130750656128
0,1433,0.2598620653152466,-0.17988163232803345,1.0732263326644897,0.05537745729088783,-0.1531868726015091,-1.6961482763290405,0.002294778823852539,2.0415265560150146
0,1434,0.2595372796058655,-0.17994795739650726,1.0732312202453613,0.052439358085393906,-0.15335626900196075,-1.6931740045547485,0.0022895336151123047,2.0341315269470215
0,1435,0.2592131793498993,-0.18001511693000793,1.0732347965240479,0.049490999430418015,-0.1534862369298935,-1.6901949644088745,0.002286553382873535,2.025453805923462
0,1436,0.2588900923728943,-0.18008333444595337,1.0732356309890747,0.04652842506766319,-0.15356524288654327,-1.6872133016586304,0.0022870302200317383,2.014699935913086
0,1437,0.2585681974887848,-0.18015287816524506,1.0732333660125732,0.043550316244363785,-0.15358667075634003,-1.6842275857925415,0.0022916793823242188,2.0014450550079346
0,1438,0.2582474648952484,-0.18022377789020538,1.073227882385254,0.04055586829781532,-0.15354835987091064,-1.6812390089035034,0.0023003816604614258,1.985836386680603
0,1439,0.2579277753829956,-0.18029582500457764,1.073219656944275,0.03754766285419464,-0.15345560014247894,-1.6782475709915161,0.002312779426574707,1.9680171012878418
0,1440,0.25760889053344727,-0.18036867678165436,1.0732100009918213,0.03452983498573303,-0.15331831574440002,-1.6752535104751587,0.002327442169189453,1.948629379272461
0,1441,0.2572905719280243,-0.18044190108776093,1.073199987411499,0.03150640055537224,-0.15314653515815735,-1.6722568273544312,0.0023431777954101562,1.9282350540161133
0,1442,0.2569730281829834,-0.18051518499851227,1.0731910467147827,0.02848093956708908,-0.1529456079006195,-1.669257640838623,0.002358555793762207,1.9069044589996338
0,1443,0.25665685534477234,-0.18058820068836212,1.0731843709945679,0.025454720482230186,-0.15271341800689697,-1.666256308555603,0.0023723840713500977,1.8847097158432007
0,1444,0.256343275308609,-0.18066075444221497,1.0731812715530396,0.022428402677178383,-0.1524421125650406,-1.6632534265518188,0.0023832321166992188,1.861094355583191
0,1445,0.25603365898132324,-0.1807325929403305,1.0731831789016724,0.019401125609874725,-0.15211719274520874,-1.6602500677108765,0.002389669418334961,1.8350437879562378
0,1446,0.2557293176651001,-0.1808035671710968,1.0731912851333618,0.01637304201722145,-0.1517268270254135,-1.6572474241256714,0.002390623092651367,1.8058024644851685
0,1447,0.2554309070110321,-0.1808735579252243,1.0732063055038452,0.013344360515475273,-0.15126405656337738,-1.6542463302612305,0.0023850202560424805,1.7729922533035278
0,1448,0.25513821840286255,-0.1809425950050354,1.073227882385254,0.010315390303730965,-0.1507304459810257,-1.6512466669082642,0.002373337745666504,1.7367485761642456
0,1449,0.2548501491546631,-0.1810108870267868,1.0732550621032715,0.007287454325705767,-0.1501360982656479,-1.6482479572296143,0.0023566484451293945,1.6978894472122192
0,1450,0.25456497073173523,-0.18107856810092926,1.0732866525650024,0.004260334186255932,-0.14949369430541992,-1.6452503204345703,0.0023359060287475586,1.657411813735962
0,1451,0.25428101420402527,-0.18114593625068665,1.0733212232589722,0.0012347981100901961,-0.14881491661071777,-1.6422522068023682,0.002312779426574707,1.6157997846603394
0,1452,0.25399670004844666,-0.1812134087085724,1.0733587741851807,-0.0017902522813528776,-0.1481037586927414,-1.6392526626586914,0.002287149429321289,1.573709487915039
0,1453,0.25371047854423523,-0.18128147721290588,1.073399305343628,-0.004818499553948641,-0.1473541408777237,-1.6362512111663818,0.0022592544555664062,1.5308458805084229
0,1454,0.2534206807613373,-0.18135066330432892,1.0734436511993408,-0.007853931747376919,-0.1465533971786499,-1.633245825767517,0.002228379249572754,1.4863524436950684
0,1455,0.2531258165836334,-0.18142153322696686,1.0734933614730835,-0.010901093482971191,-0.14568524062633514,-1.6302368640899658,0.0021930932998657227,1.4400780200958252
0,1456,0.2528247833251953,-0.18149453401565552,1.0735492706298828,-0.01396340224891901,-0.14473594725131989,-1.6272226572036743,0.0021524429321289062,1.3907198905944824
0,1457,0.25251734256744385,-0.18156972527503967,1.0736119747161865,-0.017040397971868515,-0.14370130002498627,-1.624204158782959,0.002106189727783203,1.3382292985916138
0,1458,0.25220391154289246,-0.1816466897726059,1.0736808776855469,-0.020129991695284843,-0.1425866186618805,-1.6211824417114258,0.0020546913146972656,1.2825267314910889
0,1459,0.25188589096069336,-0.18172472715377808,1.073754906654358,-0.023227311670780182,-0.1414060741662979,-1.6181584596633911,0.0019991397857666016,1.2246124744415283
0,1460,0.2515648305416107,-0.181802898645401,1.0738331079483032,-0.02632635459303856,-0.14017604291439056,-1.6151336431503296,0.0019401311874389648,1.165164589881897
0,1461,0.25124213099479675,-0.1818798929452896,1.073914885520935,-0.029423341155052185,-0.1389085203409195,-1.6121090650558472,0.0018781423568725586,1.1048213243484497
0,1462,0.25091883540153503,-0.18195383250713348,1.0740011930465698,-0.03251609951257706,-0.13760815560817719,-1.6090850830078125,0.0018121004104614258,1.0432398319244385
0,1463,0.2505955398082733,-0.18202202022075653,1.0740935802459717,-0.03560478612780571,-0.13627080619335175,-1.6060616970062256,0.001740097999572754,0.9803860783576965
0,1464,0.25027260184288025,-0.18208114802837372,1.0741949081420898,-0.038690999150276184,-0.13488554954528809,-1.60303795337677,0.0016586780548095703,0.9147156476974487
0,1465,0.24995028972625732,-0.18212804198265076,1.074307918548584,-0.041776832193136215,-0.13344070315361023,-1.600014328956604,0.0015648603439331055,0.8455725908279419
0,1466,0.24962866306304932,-0.18216079473495483,1.0744346380233765,-0.0448630191385746,-0.13192914426326752,-1.5969905853271484,0.0014564990997314453,0.7727841734886169
0,1467,0.24930767714977264,-0.18217942118644714,1.0745749473571777,-0.047947756946086884,-0.13035082817077637,-1.5939664840698242,0.001333475112915039,0.6968931555747986
0,1468,0.2489875704050064,-0.182186096906662,1.074726939201355,-0.05102701485157013,-0.1287163645029068,-1.5909433364868164,0.0011980533599853516,0.6192882061004639
0,1469,0.24866962432861328,-0.1821843683719635,1.074886679649353,-0.05408733710646629,-0.12704437971115112,-1.5879207849502563,0.001054525375366211,0.543206512928009
0,1470,0.24835756421089172,-0.18217818439006805,1.0750489234924316,-0.057098906487226486,-0.1253674030303955,-1.5848987102508545,0.0009083747863769531,0.4743652045726776
0,1471,0.24806009232997894,-0.18217132985591888,1.075206995010376,-0.05999799072742462,-0.12373887747526169,-1.5818729400634766,0.0007661581039428711,0.41684067249298096
0,1472,0.24779318273067474,-0.18216769397258759,1.0753511190414429,-0.06267271190881729,-0.12224292010068893,-1.5788371562957764,0.0006371736526489258,0.377941757440567
0,1473,0.2475801408290863,-0.18217125535011292,1.0754680633544922,-0.06496366858482361,-0.1209961473941803,-1.5757825374603271,0.0005333423614501953,0.36207687854766846
0,1474,0.2474440336227417,-0.1821809709072113,1.0755304098129272,-0.06670279055833817,-0.1201147735118866,-1.5726933479309082,0.0004805326461791992,0.36530497670173645
0,1475,0.2474055290222168,-0.1821976602077484,1.075483798980713,-0.06781037151813507,-0.11962233483791351,-1.569550633430481,0.0005314350128173828,0.38461336493492126
0,1476,0.24747580289840698,-0.1822246015071869,1.0753053426742554,-0.06825637072324753,-0.11952973157167435,-1.5663466453552246,0.0007086992263793945,0.4182465672492981
0,1477,0.24764594435691833,-0.18225885927677155,1.0750125646591187,-0.06807095557451248,-0.11983724683523178,-1.5630863904953003,0.0009951591491699219,0.46520182490348816
0,1478,0.2478899210691452,-0.18229246139526367,1.0746570825576782,-0.06733597069978714,-0.12053420394659042,-1.5597883462905884,0.0013401508331298828,0.5207697749137878
0,1479,0.2481740117073059,-0.18231558799743652,1.0743050575256348,-0.06615452468395233,-0.12160472571849823,-1.5564758777618408,0.0016785860061645508,0.5794596076011658
0,1480,0.24846677482128143,-0.18231980502605438,1.0740175247192383,-0.0646195262670517,-0.12303055822849274,-1.5531734228134155,0.0019505023956298828,0.6398022174835205
0,1481,0.2487940788269043,-0.18236283957958221,1.0738595724105835,-0.0628301277756691,-0.12474723160266876,-1.5498961210250854,0.0020960569381713867,0.7225342988967896
0,1482,0.2491799145936966,-0.1824936419725418,1.0738739967346191,-0.060845065861940384,-0.12670110166072845,-1.5466549396514893,0.0020775794982910156,0.8416293263435364
0,1483,0.2495659738779068,-0.182652547955513,1.0739341974258423,-0.0588366836309433,-0.12865538895130157,-1.5434424877166748,0.002017498016357422,0.9697498679161072
0,1484,0.2499062865972519,-0.18279246985912323,1.0739303827285767,-0.0569349005818367,-0.13041222095489502,-1.5402493476867676,0.0020221471786499023,1.0829975605010986
0,1485,0.25020429491996765,-0.18292482197284698,1.0738922357559204,-0.05509365350008011,-0.13201072812080383,-1.5370862483978271,0.0020629167556762695,1.183825135231018
0,1486,0.2504632771015167,-0.18305404484272003,1.0738328695297241,-0.053288932889699936,-0.1334756463766098,-1.5339553356170654,0.0021265745162963867,1.2745678424835205
0,1487,0.25068989396095276,-0.18318240344524384,1.0737601518630981,-0.0515073798596859,-0.13483808934688568,-1.5308525562286377,0.0022052526473999023,1.3581149578094482
0,1488,0.2508929669857025,-0.18331025540828705,1.073678731918335,-0.049744147807359695,-0.1361299455165863,-1.5277702808380127,0.002293705940246582,1.4381743669509888
0,1489,0.2510819733142853,-0.18343690037727356,1.0735913515090942,-0.0479976125061512,-0.13738058507442474,-1.5246988534927368,0.0023887157440185547,1.5173640251159668
0,1490,0.25126558542251587,-0.18356071412563324,1.0734995603561401,-0.046269241720438004,-0.13860860466957092,-1.5216299295425415,0.002488255500793457,1.5974067449569702
0,1491,0.2514519691467285,-0.18367919325828552,1.0734055042266846,-0.04455898702144623,-0.13982148468494415,-1.5185564756393433,0.002589583396911621,1.6785306930541992
0,1492,0.2516501843929291,-0.18378829956054688,1.073311686515808,-0.04286685213446617,-0.14101344347000122,-1.5154712200164795,0.002689361572265625,1.7592519521713257
0,1493,0.25187063217163086,-0.18388265371322632,1.07322096824646,-0.04119277372956276,-0.1421675831079483,-1.5123668909072876,0.0027840137481689453,1.8373883962631226
0,1494,0.2521241009235382,-0.18395614624023438,1.0731362104415894,-0.03953612595796585,-0.14326287806034088,-1.509236216545105,0.002869725227355957,1.9103907346725464
0,1495,0.2524190843105316,-0.18400387465953827,1.0730600357055664,-0.03789621219038963,-0.14428167045116425,-1.5060728788375854,0.00294339656829834,1.97575843334198
0,1496,0.2527586817741394,-0.18402400612831116,1.0729933977127075,-0.03627068176865578,-0.14521664381027222,-1.5028750896453857,0.0030039548873901367,2.0327842235565186
0,1497,0.25313904881477356,-0.1840188056230545,1.0729358196258545,-0.03465786948800087,-0.14607514441013336,-1.4996460676193237,0.0030524730682373047,2.082246780395508
0,1498,0.25355085730552673,-0.18399390578269958,1.0728853940963745,-0.03305508941411972,-0.1468755155801773,-1.4963926076889038,0.0030922889709472656,2.126424551010132
0,1499,0.2539817988872528,-0.18395644426345825,1.0728400945663452,-0.03145966678857803,-0.14764106273651123,-1.4931244850158691,0.003126382827758789,2.167717695236206
0,1500,0.2544196844100952,-0.18391364812850952,1.0727978944778442,-0.02986960858106613,-0.14838972687721252,-1.489853024482727,0.003157973289489746,2.208150625228882
0,1501,0.2548530101776123,-0.1838720291852951,1.072757601737976,-0.028283238410949707,-0.14912980794906616,-1.4865909814834595,0.0031893253326416016,2.2484662532806396
0,1502,0.2552706003189087,-0.18383781611919403,1.0727187395095825,-0.026697387918829918,-0.14986003935337067,-1.483354091644287,0.0032215118408203125,2.288499355316162
0,1503,0.2556611895561218,-0.18381717801094055,1.0726815462112427,-0.02510933019220829,-0.15057158470153809,-1.4801597595214844,0.0032547712326049805,2.327256202697754
0,1504,0.25601455569267273,-0.1838155835866928,1.0726460218429565,-0.02351686730980873,-0.1512523591518402,-1.4770251512527466,0.0032896995544433594,2.3638052940368652
0,1505,0.25632449984550476,-0.18383648991584778,1.0726125240325928,-0.021917546167969704,-0.1518951803445816,-1.4739609956741333,0.003325939178466797,2.397268772125244
0,1506,0.25659096240997314,-0.18388018012046814,1.07258141040802,-0.020310748368501663,-0.15249976515769958,-1.4709672927856445,0.003362894058227539,2.4276931285858154
0,1507,0.25682029128074646,-0.18394339084625244,1.07255220413208,-0.01869887486100197,-0.15307362377643585,-1.4680334329605103,0.0034003257751464844,2.4562275409698486
0,1508,0.2570229172706604,-0.18402080237865448,1.0725246667861938,-0.01708393171429634,-0.1536298245191574,-1.4651418924331665,0.0034378767013549805,2.483804225921631
0,1509,0.2572100758552551,-0.18410661816596985,1.0724985599517822,-0.015469036065042019,-0.15418124198913574,-1.462274432182312,0.003475189208984375,2.5116233825683594
0,1510,0.25739115476608276,-0.18419581651687622,1.0724738836288452,-0.013856252655386925,-0.1547364890575409,-1.4594147205352783,0.0035115480422973633,2.5403716564178467
0,1511,0.2575737237930298,-0.18428459763526917,1.0724505186080933,-0.012247135862708092,-0.15529821813106537,-1.4565508365631104,0.0035467147827148438,2.569864511489868
0,1512,0.257764995098114,-0.1843695491552353,1.0724290609359741,-0.01064132060855627,-0.15586243569850922,-1.4536713361740112,0.0035799741744995117,2.5996253490448
0,1513,0.25797322392463684,-0.18444661796092987,1.072410225868225,-0.009037910029292107,-0.15641863644123077,-1.4507631063461304,0.0036101341247558594,2.6284539699554443
0,1514,0.25820833444595337,-0.18451111018657684,1.0723952054977417,-0.007435166742652655,-0.15695086121559143,-1.4478111267089844,0.003635883331298828,2.6545379161834717
0,1515,0.2584800720214844,-0.18455848097801208,1.0723851919174194,-0.005830742884427309,-0.15744441747665405,-1.444800615310669,0.003655672073364258,2.6762025356292725
0,1516,0.2587946057319641,-0.1845858246088028,1.0723809003829956,-0.004222821444272995,-0.15788833796977997,-1.4417219161987305,0.0036689043045043945,2.6923179626464844
0,1517,0.2591518759727478,-0.1845930963754654,1.0723820924758911,-0.0026109141763299704,-0.15828201174736023,-1.4385753870010376,0.003676176071166992,2.7028398513793945
0,1518,0.25954535603523254,-0.18458329141139984,1.0723886489868164,-0.0009954089764505625,-0.15863457322120667,-1.4353710412979126,0.003677964210510254,2.7090606689453125
0,1519,0.2599641978740692,-0.1845613420009613,1.0723990201950073,0.000622068764641881,-0.15896070003509521,-1.4321261644363403,0.0036764144897460938,2.7126712799072266
0,1520,0.26039621233940125,-0.18453311920166016,1.0724120140075684,0.0022395094856619835,-0.1592755764722824,-1.4288604259490967,0.0036733150482177734,2.71541166305542
0,1521,0.2608299255371094,-0.18450461328029633,1.0724267959594727,0.0038548866286873817,-0.15959103405475616,-1.4255937337875366,0.00366973876953125,2.7185819149017334
0,1522,0.2612542510032654,-0.18448179960250854,1.072442889213562,0.0054649789817631245,-0.15991221368312836,-1.422348141670227,0.003666520118713379,2.722898483276367
0,1523,0.26165828108787537,-0.1844712197780609,1.0724598169326782,0.007067842409014702,-0.16024062037467957,-1.419146180152893,0.003664255142211914,2.728571653366089
0,1524,0.26203107833862305,-0.18447956442832947,1.0724776983261108,0.008659850805997849,-0.1605730503797531,-1.4160131216049194,0.0036629438400268555,2.735306739807129
0,1525,0.26236385107040405,-0.1845124512910843,1.0724965333938599,0.010239064693450928,-0.16090717911720276,-1.4129691123962402,0.003662586212158203,2.743096113204956
0,1526,0.262652724981308,-0.1845725178718567,1.0725163221359253,0.011804110370576382,-0.16124126315116882,-1.4100229740142822,0.0036629438400268555,2.7517170906066895
0,1527,0.2629002630710602,-0.18465827405452728,1.0725369453430176,0.01335577666759491,-0.16157598793506622,-1.4071694612503052,0.003663778305053711,2.7611618041992188
0,1528,0.2631147503852844,-0.1847647726535797,1.0725586414337158,0.014896397478878498,-0.16191424429416656,-1.4043896198272705,0.003664731979370117,2.771775245666504
0,1529,0.2633071541786194,-0.184885174036026,1.072581171989441,0.016428710892796516,-0.1622592955827713,-1.4016579389572144,0.003665328025817871,2.78361439704895
0,1530,0.26348790526390076,-0.185013085603714,1.0726045370101929,0.01795540750026703,-0.1626138836145401,-1.3989511728286743,0.0036655664443969727,2.79659366607666
0,1531,0.2636648714542389,-0.18514344096183777,1.0726287364959717,0.01947878673672676,-0.16297969222068787,-1.3962510824203491,0.003665328025817871,2.8106276988983154
0,1532,0.2638441026210785,-0.18527236580848694,1.072654366493225,0.02100105583667755,-0.1633564531803131,-1.3935439586639404,0.00366365909576416,2.8252153396606445
0,1533,0.264031320810318,-0.18539592623710632,1.0726814270019531,0.022524813190102577,-0.16373984515666962,-1.3908170461654663,0.0036606788635253906,2.839728355407715
0,1534,0.26423364877700806,-0.1855088770389557,1.072710394859314,0.02405371330678463,-0.16412320733070374,-1.388054609298706,0.0036557912826538086,2.852726936340332
0,1535,0.26446017622947693,-0.18560457229614258,1.072741985321045,0.025592919439077377,-0.1644965559244156,-1.385236144065857,0.003648042678833008,2.8627960681915283
0,1536,0.2647203505039215,-0.18567609786987305,1.0727770328521729,0.027148254215717316,-0.16484974324703217,-1.382340669631958,0.0036367177963256836,2.867851734161377
0,1537,0.26502081751823425,-0.18571855127811432,1.0728161334991455,0.02872338332235813,-0.16517607867717743,-1.379353404045105,0.003621339797973633,2.8667593002319336
0,1538,0.26536276936531067,-0.18573097884655,1.072859287261963,0.030319664627313614,-0.16547369956970215,-1.3762723207473755,0.003602147102355957,2.8591699600219727
0,1539,0.2657410502433777,-0.18571695685386658,1.0729063749313354,0.03193476051092148,-0.1657480001449585,-1.37310791015625,0.0035794973373413086,2.846269369125366
0,1540,0.26614582538604736,-0.1856835037469864,1.0729564428329468,0.033563170582056046,-0.1660078912973404,-1.3698829412460327,0.003554701805114746,2.8297154903411865
0,1541,0.2665654122829437,-0.18563894927501678,1.0730088949203491,0.035198573023080826,-0.16626431047916412,-1.3666236400604248,0.003528594970703125,2.8116722106933594
0,1542,0.26698821783065796,-0.18559154868125916,1.0730628967285156,0.03683406487107277,-0.16652558743953705,-1.3633562326431274,0.0035022497177124023,2.7935822010040283
0,1543,0.2674028277397156,-0.18554922938346863,1.0731180906295776,0.03846347704529762,-0.16679763793945312,-1.3601082563400269,0.003475785255432129,2.77685546875
0,1544,0.2677972912788391,-0.18552014231681824,1.073174238204956,0.04007948562502861,-0.16708308458328247,-1.3569080829620361,0.0034493207931518555,2.7621541023254395
0,1545,0.2681591808795929,-0.18551254272460938,1.0732307434082031,0.04167472943663597,-0.16738229990005493,-1.3537867069244385,0.0034230947494506836,2.7499380111694336
0,1546,0.2684779465198517,-0.18553370237350464,1.0732877254486084,0.0432429201900959,-0.16769567131996155,-1.350770115852356,0.0033965110778808594,2.740668773651123
0,1547,0.2687477767467499,-0.18558752536773682,1.0733450651168823,0.04478062689304352,-0.16802287101745605,-1.3478728532791138,0.003369450569152832,2.734161615371704
0,1548,0.2689703702926636,-0.18567316234111786,1.0734028816223145,0.046288758516311646,-0.16836386919021606,-1.3450912237167358,0.0033413171768188477,2.7307229042053223
0,1549,0.2691541314125061,-0.18578490614891052,1.0734610557556152,0.047772206366062164,-0.16871826350688934,-1.3424040079116821,0.003312349319458008,2.7303645610809326
0,1550,0.26931121945381165,-0.18591469526290894,1.0735197067260742,0.04923800379037857,-0.16908584535121918,-1.339781641960144,0.0032825469970703125,2.732729196548462
0,1551,0.2694534659385681,-0.18605464696884155,1.0735790729522705,0.05069282278418541,-0.16946713626384735,-1.3371942043304443,0.00325167179107666,2.7372381687164307
0,1552,0.26958996057510376,-0.18619881570339203,1.0736392736434937,0.05214192345738411,-0.16986137628555298,-1.3346198797225952,0.0032199621200561523,2.743666887283325
0,1553,0.26972684264183044,-0.18634314835071564,1.0737004280090332,0.05358950421214104,-0.17026811838150024,-1.3320434093475342,0.00318753719329834,2.7515034675598145
0,1554,0.2698688805103302,-0.18648430705070496,1.0737626552581787,0.0550384446978569,-0.17068526148796082,-1.3294535875320435,0.003154158592224121,2.7600274085998535
0,1555,0.2700220048427582,-0.18661808967590332,1.0738264322280884,0.05649358779191971,-0.17110949754714966,-1.3268357515335083,0.0031197071075439453,2.7681713104248047
0,1556,0.2701949179172516,-0.18673843145370483,1.0738919973373413,0.057961996644735336,-0.1715347319841385,-1.3241691589355469,0.0030841827392578125,2.7743871212005615
0,1557,0.2703987956047058,-0.18683767318725586,1.0739600658416748,0.05945366248488426,-0.1719542145729065,-1.3214277029037476,0.003047347068786621,2.7763619422912598
0,1558,0.2706441879272461,-0.1869082748889923,1.0740314722061157,0.06097646802663803,-0.17236028611660004,-1.318585753440857,0.0030088424682617188,2.771987199783325
0,1559,0.27093759179115295,-0.18694566190242767,1.0741064548492432,0.06253677606582642,-0.17274907231330872,-1.3156284093856812,0.0029687881469726562,2.7600274085998535
0,1560,0.2712782323360443,-0.18695025146007538,1.0741850137710571,0.06413393467664719,-0.17312094569206238,-1.3125567436218262,0.002927541732788086,2.740168809890747
0,1561,0.27165815234184265,-0.18692746758460999,1.0742669105529785,0.06576181948184967,-0.17348137497901917,-1.3093903064727783,0.0028853416442871094,2.714185953140259
0,1562,0.27206486463546753,-0.18688596785068512,1.074351191520691,0.0674101933836937,-0.17383767664432526,-1.3061590194702148,0.002843022346496582,2.6843817234039307
0,1563,0.27248498797416687,-0.1868351250886917,1.0744372606277466,0.06906823068857193,-0.174197718501091,-1.3028943538665771,0.002800583839416504,2.6530628204345703
0,1564,0.2729061543941498,-0.1867838352918625,1.0745242834091187,0.070726178586483,-0.1745680868625641,-1.2996271848678589,0.002758502960205078,2.622340440750122
0,1565,0.2733170688152313,-0.18674050271511078,1.0746115446090698,0.0723751038312912,-0.17495296895503998,-1.2963852882385254,0.0027170181274414062,2.59367036819458
0,1566,0.2737067937850952,-0.18671326339244843,1.0746983289718628,0.07400784641504288,-0.17535562813282013,-1.293196439743042,0.002676248550415039,2.568188428878784
0,1567,0.2740649878978729,-0.18671035766601562,1.0747836828231812,0.07561637461185455,-0.17577755451202393,-1.2900869846343994,0.002636432647705078,2.5469892024993896
0,1568,0.274383544921875,-0.18673810362815857,1.0748671293258667,0.07719515264034271,-0.17622032761573792,-1.2870782613754272,0.002597332000732422,2.530876398086548
0,1569,0.2746593952178955,-0.18679895997047424,1.0749480724334717,0.07874155044555664,-0.1766834855079651,-1.284177541732788,0.0025593042373657227,2.5198707580566406
0,1570,0.2748957872390747,-0.1868906021118164,1.0750266313552856,0.08025792241096497,-0.17716658115386963,-1.2813773155212402,0.002521991729736328,2.5138823986053467
0,1571,0.27510109543800354,-0.18700653314590454,1.0751038789749146,0.0817500427365303,-0.177668496966362,-1.2786556482315063,0.002484560012817383,2.51224684715271
0,1572,0.2752860486507416,-0.18713854253292084,1.0751802921295166,0.08322538435459137,-0.17818690836429596,-1.2759853601455688,0.0024471282958984375,2.513960361480713
0,1573,0.275460422039032,-0.18727906048297882,1.0752567052841187,0.08469043672084808,-0.1787201464176178,-1.2733412981033325,0.00240933895111084,2.518005609512329
0,1574,0.2756316661834717,-0.18742239475250244,1.0753339529037476,0.08615071326494217,-0.17926755547523499,-1.2707046270370483,0.002370595932006836,2.5236737728118896
0,1575,0.27580526471138,-0.1875641644001007,1.075412392616272,0.0876103863120079,-0.17982672154903412,-1.2680612802505493,0.0023311376571655273,2.5298709869384766
0,1576,0.2759867310523987,-0.18770001828670502,1.0754921436309814,0.08907389640808105,-0.18039438128471375,-1.2653982639312744,0.002290964126586914,2.5355896949768066
0,1577,0.27618348598480225,-0.18782418966293335,1.0755740404129028,0.09054835140705109,-0.1809665709733963,-1.2626981735229492,0.0022498369216918945,2.539369583129883
0,1578,0.2764049768447876,-0.1879291832447052,1.0756587982177734,0.09204269200563431,-0.181537464261055,-1.259938359260559,0.002207636833190918,2.538907051086426
0,1579,0.2766612768173218,-0.18800699710845947,1.075747013092041,0.09356630593538284,-0.18210019171237946,-1.2570950984954834,0.0021648406982421875,2.532036304473877
0,1580,0.2769598066806793,-0.1880517303943634,1.0758392810821533,0.09512621909379959,-0.18265031278133392,-1.2541513442993164,0.002121448516845703,2.5168395042419434
0,1581,0.27730241417884827,-0.18806181848049164,1.075935959815979,0.09672443568706512,-0.18318679928779602,-1.2511024475097656,0.002077341079711914,2.4930856227874756
0,1582,0.27768412232398987,-0.18804100155830383,1.0760364532470703,0.0983567163348198,-0.18371281027793884,-1.247959852218628,0.002033233642578125,2.4617197513580322
0,1583,0.278095006942749,-0.18799705803394318,1.076140284538269,0.100013867020607,-0.1842341125011444,-1.2447476387023926,0.001989126205444336,2.4248695373535156
0,1584,0.27852287888526917,-0.18793949484825134,1.0762466192245483,0.10168483853340149,-0.18475817143917084,-1.2414944171905518,0.0019450187683105469,2.3854830265045166
0,1585,0.2789555490016937,-0.18787769973278046,1.0763542652130127,0.10335823148488998,-0.1852903962135315,-1.2382291555404663,0.0019012689590454102,2.345601797103882
0,1586,0.27938151359558105,-0.1878206878900528,1.0764628648757935,0.1050238236784935,-0.18583501875400543,-1.2349798679351807,0.001857161521911621,2.307492733001709
0,1587,0.2797890305519104,-0.18777742981910706,1.0765715837478638,0.10667121410369873,-0.18639518320560455,-1.2317755222320557,0.001812577247619629,2.2726223468780518
0,1588,0.2801659405231476,-0.18775710463523865,1.0766793489456177,0.10828990489244461,-0.18697166442871094,-1.2286454439163208,0.0017670392990112305,2.2423646450042725
0,1589,0.2805016338825226,-0.18776783347129822,1.076785683631897,0.10987087339162827,-0.18756531178951263,-1.2256155014038086,0.001719832420349121,2.217702627182007
0,1590,0.28079017996788025,-0.18781433999538422,1.0768901109695435,0.11140845715999603,-0.18817567825317383,-1.2227013111114502,0.0016707181930541992,2.1994473934173584
0,1591,0.281032532453537,-0.18789592385292053,1.0769926309585571,0.11290373653173447,-0.1888025850057602,-1.2198998928070068,0.0016193389892578125,2.187401294708252
0,1592,0.28123655915260315,-0.18800680339336395,1.0770938396453857,0.1143631860613823,-0.18944571912288666,-1.2171924114227295,0.001565694808959961,2.1813085079193115
0,1593,0.28141388297080994,-0.1881381869316101,1.077194333076477,0.11579667776823044,-0.19010399281978607,-1.2145500183105469,0.0015102624893188477,2.179872512817383
0,1594,0.28157615661621094,-0.18828123807907104,1.0772948265075684,0.11721456050872803,-0.19077689945697784,-1.211944580078125,0.0014535188674926758,2.181936502456665
0,1595,0.2817325294017792,-0.18842913210391998,1.0773957967758179,0.11862373352050781,-0.19146296381950378,-1.209352970123291,0.0013957023620605469,2.1863274574279785
0,1596,0.2818893492221832,-0.18857702612876892,1.0774974822998047,0.12003015726804733,-0.19216163456439972,-1.206760287284851,0.0013374090194702148,2.191959857940674
0,1597,0.2820521295070648,-0.1887209266424179,1.0776002407073975,0.12143881618976593,-0.19287148118019104,-1.2041535377502441,0.0012787580490112305,2.197934150695801
0,1598,0.28222769498825073,-0.18885581195354462,1.0777043104171753,0.12285619974136353,-0.1935899555683136,-1.2015178203582764,0.0012204647064208984,2.202737331390381
0,1599,0.2824257016181946,-0.18897473812103271,1.0778095722198486,0.12429171800613403,-0.1943131983280182,-1.1988312005996704,0.0011638402938842773,2.2041585445404053
0,1600,0.28265777230262756,-0.18906927108764648,1.0779166221618652,0.1257573813199997,-0.1950378268957138,-1.1960679292678833,0.0011097192764282227,2.1993584632873535
0,1601,0.2829344570636749,-0.18913166224956512,1.078025460243225,0.12726296484470367,-0.1957588791847229,-1.1932045221328735,0.0010595321655273438,2.185879707336426
0,1602,0.28326132893562317,-0.18915769457817078,1.0781360864639282,0.12881456315517426,-0.19647426903247833,-1.1902287006378174,0.0010142326354980469,2.1619317531585693
0,1603,0.2836363911628723,-0.18914882838726044,1.0782487392425537,0.13040995597839355,-0.19718535244464874,-1.1871451139450073,0.0009737014770507812,2.1282644271850586
0,1604,0.284050315618515,-0.18911154568195343,1.0783631801605225,0.13204047083854675,-0.19789555668830872,-1.1839736700057983,0.000937342643737793,2.0868475437164307
0,1605,0.2844897508621216,-0.1890554428100586,1.078479290008545,0.13369306921958923,-0.19860903918743134,-1.1807453632354736,0.0009038448333740234,2.040759563446045
0,1606,0.2849403917789459,-0.18899080157279968,1.078596830368042,0.13535383343696594,-0.1993308812379837,-1.177491307258606,0.0008716583251953125,1.9931161403656006
0,1607,0.28538888692855835,-0.18892717361450195,1.0787155628204346,0.13701032102108002,-0.20006459951400757,-1.1742424964904785,0.0008392333984375,1.9464185237884521
0,1608,0.2858222723007202,-0.1888735592365265,1.078834891319275,0.13865014910697937,-0.20081056654453278,-1.1710268259048462,0.0008053779602050781,1.9026918411254883
0,1609,0.2862274944782257,-0.18883918225765228,1.078954815864563,0.14026077091693878,-0.201569601893425,-1.1678752899169922,0.0007681846618652344,1.8638263940811157
0,1610,0.28659215569496155,-0.18883274495601654,1.0790749788284302,0.1418313831090927,-0.20234143733978271,-1.1648154258728027,0.0007257461547851562,1.8314142227172852
0,1611,0.28690722584724426,-0.18886059522628784,1.0791951417922974,0.14335349202156067,-0.20312577486038208,-1.1618677377700806,0.0006767511367797852,1.8063443899154663
0,1612,0.2871702313423157,-0.18892455101013184,1.0793150663375854,0.14482475817203522,-0.2039215862751007,-1.1590384244918823,0.000620722770690918,1.789253830909729
0,1613,0.2873862683773041,-0.1890210509300232,1.079434871673584,0.14625002443790436,-0.2047286331653595,-1.1563156843185425,0.000558018684387207,1.7797126770019531
0,1614,0.28756651282310486,-0.1891426295042038,1.079554796218872,0.1476391851902008,-0.20554772019386292,-1.153674602508545,0.0004899501800537109,1.7766309976577759
0,1615,0.2877238988876343,-0.18928037583827972,1.0796751976013184,0.14900392293930054,-0.20637889206409454,-1.1510854959487915,0.00041794776916503906,1.779052734375
0,1616,0.2878698408603668,-0.18942633271217346,1.0797960758209229,0.15035434067249298,-0.20722249150276184,-1.1485222578048706,0.0003437995910644531,1.7853119373321533
0,1617,0.28801268339157104,-0.1895747035741806,1.0799179077148438,0.15169797837734222,-0.20807841420173645,-1.145965814590454,0.0002684593200683594,1.7940598726272583
0,1618,0.2881583869457245,-0.18972118198871613,1.0800405740737915,0.15304112434387207,-0.20894671976566315,-1.143401861190796,0.0001926422119140625,1.804067850112915
0,1619,0.2883129119873047,-0.18986159563064575,1.0801643133163452,0.15438978374004364,-0.2098260521888733,-1.140816330909729,0.00011742115020751953,1.8140202760696411
0,1620,0.28848397731781006,-0.18999020755290985,1.0802891254425049,0.1557527333498001,-0.21071453392505646,-1.138189435005188,4.374980926513672e-05,1.8216640949249268
0,1621,0.2886815667152405,-0.19009968638420105,1.0804152488708496,0.1571415811777115,-0.2116098701953888,-1.1354970932006836,2.658367156982422e-05,1.8242405652999878
0,1622,0.28891605138778687,-0.19018234312534332,1.080543041229248,0.1585678905248642,-0.21250981092453003,-1.1327130794525146,9.250640869140625e-05,1.8185458183288574
0,1623,0.28919488191604614,-0.1902325451374054,1.0806725025177002,0.160040482878685,-0.21341298520565033,-1.1298184394836426,0.00015234947204589844,1.8021141290664673
0,1624,0.28951945900917053,-0.1902492493391037,1.080803632736206,0.1615607738494873,-0.21431896090507507,-1.126810073852539,0.00020563602447509766,1.7743163108825684
0,1625,0.28988420963287354,-0.19023634493350983,1.0809364318847656,0.16312266886234283,-0.21522927284240723,-1.123701572418213,0.0002532005310058594,1.736297845840454
0,1626,0.29027852416038513,-0.19020158052444458,1.081070899963379,0.16471418738365173,-0.2161465734243393,-1.1205192804336548,0.0002963542938232422,1.6907281875610352
0,1627,0.29068970680236816,-0.1901542693376541,1.0812067985534668,0.1663213074207306,-0.21707384288311005,-1.1172950267791748,0.0003370046615600586,1.640917420387268
0,1628,0.2911053001880646,-0.19010353088378906,1.0813438892364502,0.1679292917251587,-0.2180125117301941,-1.1140598058700562,0.0003770589828491211,1.5902854204177856
0,1629,0.2915136516094208,-0.19005782902240753,1.0814818143844604,0.16952551901340485,-0.21896426379680634,-1.1108429431915283,0.00041806697845458984,1.5414196252822876
0,1630,0.291903018951416,-0.19002576172351837,1.0816199779510498,0.17109669744968414,-0.21992723643779755,-1.1076732873916626,0.000461578369140625,1.4969788789749146
0,1631,0.2922615706920624,-0.1900160163640976,1.08175790309906,0.1726299524307251,-0.2209014594554901,-1.1045811176300049,0.0005097389221191406,1.4601852893829346
0,1632,0.2925790846347809,-0.19003626704216003,1.081895351409912,0.17411379516124725,-0.2218853384256363,-1.1015914678573608,0.0005642175674438477,1.4332674741744995
0,1633,0.29285016655921936,-0.19009053707122803,1.0820318460464478,0.17554239928722382,-0.22287793457508087,-1.0987184047698975,0.0006258487701416016,1.4180312156677246
0,1634,0.29307618737220764,-0.19017788767814636,1.082167387008667,0.1769171953201294,-0.22387859225273132,-1.0959584712982178,0.0006946325302124023,1.4145768880844116
0,1635,0.29326513409614563,-0.1902925968170166,1.082302212715149,0.17824684083461761,-0.22488807141780853,-1.0932916402816772,0.0007696151733398438,1.4217523336410522
0,1636,0.2934284806251526,-0.19042624533176422,1.0824368000030518,0.1795438975095749,-0.22590696811676025,-1.0906890630722046,0.0008490085601806641,1.437493920326233
0,1637,0.2935777008533478,-0.19057053327560425,1.0825715065002441,0.18082082271575928,-0.22693635523319244,-1.0881224870681763,0.0009311437606811523,1.4588444232940674
0,1638,0.2937217354774475,-0.19071894884109497,1.0827068090438843,0.1820869743824005,-0.2279777079820633,-1.0855692625045776,0.0010148286819458008,1.4835851192474365
0,1639,0.2938671410083771,-0.1908666491508484,1.0828427076339722,0.18334922194480896,-0.22903108596801758,-1.0830140113830566,0.0010987520217895508,1.5102540254592896
0,1640,0.2940201461315155,-0.19100944697856903,1.0829793214797974,0.18461325764656067,-0.23009680211544037,-1.0804429054260254,0.0011817216873168945,1.536715030670166
0,1641,0.29418858885765076,-0.19114187359809875,1.0831161737442017,0.1858862042427063,-0.23117440938949585,-1.077839970588684,0.001261591911315918,1.5604723691940308
0,1642,0.2943829298019409,-0.19125668704509735,1.083253026008606,0.18717710673809052,-0.23226284980773926,-1.0751835107803345,0.0013359785079956055,1.577683687210083
0,1643,0.29461508989334106,-0.19134573638439178,1.0833889245986938,0.1884961873292923,-0.2333613485097885,-1.0724494457244873,0.0014014244079589844,1.5851086378097534
0,1644,0.29489484429359436,-0.19140218198299408,1.0835236310958862,0.18985235691070557,-0.2344694286584854,-1.069617509841919,0.0014553070068359375,1.5789237022399902
0,1645,0.295226126909256,-0.19142313301563263,1.0836570262908936,0.19124868512153625,-0.2355869859457016,-1.0666794776916504,0.001496434211730957,1.5577110052108765
0,1646,0.29560503363609314,-0.1914111077785492,1.0837892293930054,0.19268210232257843,-0.2367142140865326,-1.0636436939239502,0.0015255212783813477,1.5225141048431396
0,1647,0.296021044254303,-0.19137343764305115,1.0839208364486694,0.1941433548927307,-0.2378520667552948,-1.060531735420227,0.0015450716018676758,1.4763123989105225
0,1648,0.2964601516723633,-0.19131962954998016,1.084052562713623,0.19561979174613953,-0.23900072276592255,-1.057371973991394,0.0015584230422973633,1.4231281280517578
0,1649,0.29690834879875183,-0.19125941395759583,1.0841848850250244,0.19709956645965576,-0.24016158282756805,-1.0541938543319702,0.0015692710876464844,1.3677347898483276
0,1650,0.2973526418209076,-0.1912020891904831,1.0843180418014526,0.19857054948806763,-0.24133402109146118,-1.051023244857788,0.001580357551574707,1.313731074333191
0,1651,0.29778075218200684,-0.19115674495697021,1.0844523906707764,0.20002157986164093,-0.2425180822610855,-1.0478852987289429,0.001595139503479004,1.2650132179260254
0,1652,0.298180490732193,-0.19113263487815857,1.0845879316329956,0.20144160091876984,-0.2437141090631485,-1.044804573059082,0.0016162395477294922,1.225730538368225
0,1653,0.2985409200191498,-0.19113823771476746,1.0847247838974,0.20282012224197388,-0.2449209839105606,-1.041803002357483,0.0016465187072753906,1.198936104774475
0,1654,0.2988550364971161,-0.19117911159992218,1.0848630666732788,0.20415087044239044,-0.24613939225673676,-1.0388952493667603,0.0016880035400390625,1.1874560117721558
0,1655,0.29912227392196655,-0.19125577807426453,1.0850025415420532,0.20543310046195984,-0.24736835062503815,-1.036082148551941,0.0017408132553100586,1.1914045810699463
0,1656,0.2993488907814026,-0.19136349856853485,1.0851430892944336,0.20667260885238647,-0.24860809743404388,-1.0333510637283325,0.001803755760192871,1.2094985246658325
0,1657,0.2995457947254181,-0.1914941370487213,1.0852848291397095,0.20787908136844635,-0.2498590350151062,-1.0306800603866577,0.0018744468688964844,1.2384364604949951
0,1658,0.29972484707832336,-0.19163860380649567,1.0854275226593018,0.20906324684619904,-0.2511219084262848,-1.028045654296875,0.0019500255584716797,1.2741072177886963
0,1659,0.2998962104320526,-0.1917891502380371,1.0855711698532104,0.21023419499397278,-0.2523960471153259,-1.0254268646240234,0.002028346061706543,1.3134331703186035
0,1660,0.300067663192749,-0.1919398009777069,1.0857155323028564,0.21139870584011078,-0.2536819279193878,-1.0228086709976196,0.0021071434020996094,1.354074478149414
0,1661,0.30024588108062744,-0.19208495318889618,1.085860252380371,0.21256208419799805,-0.25497865676879883,-1.0201774835586548,0.0021845102310180664,1.393531322479248
0,1662,0.30043864250183105,-0.19221854209899902,1.0860049724578857,0.21373002231121063,-0.2562859058380127,-1.0175182819366455,0.0022584199905395508,1.4290287494659424
0,1663,0.300655335187912,-0.19233299791812897,1.0861492156982422,0.2149096131324768,-0.25760284066200256,-1.0148131847381592,0.002325892448425293,1.4569653272628784
0,1664,0.30090564489364624,-0.19242028892040253,1.0862921476364136,0.21610817313194275,-0.2589280605316162,-1.0120434761047363,0.002383708953857422,1.47432279586792
0,1665,0.3011966943740845,-0.19247448444366455,1.0864332914352417,0.21733075380325317,-0.26026034355163574,-1.009195327758789,0.002429485321044922,1.4782993793487549
0,1666,0.30153030157089233,-0.1924939900636673,1.0865724086761475,0.21857872605323792,-0.26159945130348206,-1.00626540184021,0.0024623870849609375,1.468204379081726
0,1667,0.30190175771713257,-0.19248253107070923,1.0867102146148682,0.21984876692295074,-0.2629459500312805,-1.0032622814178467,0.002483963966369629,1.4459096193313599
0,1668,0.3023014962673187,-0.19244778156280518,1.086846947669983,0.22113363444805145,-0.2643003463745117,-1.0002050399780273,0.0024966001510620117,1.41471529006958
0,1669,0.3027178943157196,-0.19239923357963562,1.086983561515808,0.22242502868175507,-0.26566457748413086,-0.9971150159835815,0.0025038719177246094,1.3788496255874634
0,1670,0.303139865398407,-0.1923462301492691,1.087120532989502,0.22371388971805573,-0.26703962683677673,-0.9940139651298523,0.002508997917175293,1.342025876045227
0,1671,0.30355727672576904,-0.19229763746261597,1.0872584581375122,0.22499242424964905,-0.2684275209903717,-0.990919828414917,0.0025151968002319336,1.308058500289917
0,1672,0.3039607107639313,-0.19226233661174774,1.087397813796997,0.22625203430652618,-0.26983073353767395,-0.9878498315811157,0.0025250911712646484,1.280083179473877
0,1673,0.30434080958366394,-0.1922490894794464,1.087538480758667,0.22748450934886932,-0.2712511122226715,-0.984819769859314,0.002541184425354004,1.261450171470642
0,1674,0.30468955636024475,-0.1922658234834671,1.0876805782318115,0.22868241369724274,-0.2726907730102539,-0.981843888759613,0.002565622329711914,1.2549179792404175
0,1675,0.3050024211406708,-0.1923171728849411,1.0878242254257202,0.2298409640789032,-0.2741515338420868,-0.9789291024208069,0.0025998353958129883,1.2620705366134644
0,1676,0.3052802085876465,-0.19240258634090424,1.087969422340393,0.23096080124378204,-0.2756332755088806,-0.9760745763778687,0.002644062042236328,1.2819162607192993
0,1677,0.30552881956100464,-0.19251634180545807,1.088115930557251,0.23204681277275085,-0.2771344482898712,-0.9732697606086731,0.002696514129638672,1.3123897314071655
0,1678,0.305757075548172,-0.19264987111091614,1.088263750076294,0.2331068217754364,-0.278652161359787,-0.9704997539520264,0.0027551651000976562,1.350456714630127
0,1679,0.30597400665283203,-0.19279427826404572,1.0884125232696533,0.23414897918701172,-0.28018441796302795,-0.9677491784095764,0.002817392349243164,1.3925479650497437
0,1680,0.30618733167648315,-0.1929418444633484,1.088562250137329,0.23518006503582,-0.2817278802394867,-0.9650045037269592,0.0028814077377319336,1.4364043474197388
0,1681,0.3064029812812805,-0.19308628141880035,1.088712453842163,0.236204132437706,-0.28327977657318115,-0.96225506067276,0.0029450654983520508,1.4797548055648804
0,1682,0.30662640929222107,-0.19322159886360168,1.0888631343841553,0.2372252345085144,-0.2848375141620636,-0.9594911932945251,0.003007173538208008,1.5203273296356201
0,1683,0.3068632185459137,-0.19334106147289276,1.0890135765075684,0.23824648559093475,-0.2863963544368744,-0.9567020535469055,0.003065347671508789,1.5560768842697144
0,1684,0.30711886286735535,-0.19343821704387665,1.0891635417938232,0.23927129805088043,-0.2879523038864136,-0.9538779854774475,0.003118157386779785,1.585355520248413
0,1685,0.3073972165584564,-0.1935083270072937,1.0893126726150513,0.24030190706253052,-0.28950247168540955,-0.9510113000869751,0.003163933753967285,1.6064468622207642
0,1686,0.30769920349121094,-0.19355008006095886,1.0894607305526733,0.24133934080600739,-0.2910453975200653,-0.9481003880500793,0.0032023191452026367,1.6194289922714233
0,1687,0.3080221116542816,-0.19356663525104523,1.0896079540252686,0.24238194525241852,-0.29258251190185547,-0.9451507329940796,0.0032339096069335938,1.6253396272659302
0,1688,0.30836060643196106,-0.19356438517570496,1.0897548198699951,0.24342641234397888,-0.29411813616752625,-0.9421713948249817,0.003260493278503418,1.6265431642532349
0,1689,0.3087082803249359,-0.1935509443283081,1.0899016857147217,0.24446913599967957,-0.2956569492816925,-0.9391745924949646,0.0032840967178344727,1.6253396272659302
0,1690,0.3090592324733734,-0.1935337632894516,1.090049147605896,0.245505690574646,-0.29720404744148254,-0.9361709356307983,0.0033066272735595703,1.624135136604309
0,1691,0.30940815806388855,-0.19351965188980103,1.0901974439620972,0.24653129279613495,-0.29876476526260376,-0.9331690073013306,0.0033298730850219727,1.624857783317566
0,1692,0.30975034832954407,-0.1935151070356369,1.0903464555740356,0.24754060804843903,-0.3003440797328949,-0.9301758408546448,0.003354668617248535,1.6289476156234741
0,1693,0.31008151173591614,-0.19352659583091736,1.09049654006958,0.24852770566940308,-0.3019479811191559,-0.9271975755691528,0.003382444381713867,1.6379331350326538
0,1694,0.3103979527950287,-0.19355979561805725,1.09064781665802,0.24948714673519135,-0.30358216166496277,-0.9242385625839233,0.0034145116806030273,1.6526820659637451
0,1695,0.3106975853443146,-0.19361788034439087,1.090800166130066,0.2504149377346039,-0.3052486479282379,-0.9213013648986816,0.003451228141784668,1.6736267805099487
0,1696,0.31098076701164246,-0.19370037317276,1.0909534692764282,0.2513115406036377,-0.3069479465484619,-0.9183856844902039,0.0034924745559692383,1.7006534337997437
0,1697,0.31125035881996155,-0.193803071975708,1.0911078453063965,0.25218045711517334,-0.3086754381656647,-0.91548752784729,0.0035376548767089844,1.7324613332748413
0,1698,0.31151068210601807,-0.19391964375972748,1.0912630558013916,0.2530267536640167,-0.31042560935020447,-0.9126014113426208,0.0035856962203979492,1.7676860094070435
0,1699,0.31176647543907166,-0.19404323399066925,1.091418743133545,0.25385600328445435,-0.3121909499168396,-0.9097221493721008,0.003634929656982422,1.804284691810608
0,1700,0.31202253699302673,-0.19416768848896027,1.091574788093567,0.25467202067375183,-0.31396448612213135,-0.9068459868431091,0.0036840438842773438,1.8410062789916992
0,1701,0.3122836947441101,-0.19428758323192596,1.0917302370071411,0.25547653436660767,-0.31573936343193054,-0.9039701819419861,0.0037306547164916992,1.8760714530944824
0,1702,0.31255507469177246,-0.194397434592247,1.0918841361999512,0.2562694549560547,-0.31750643253326416,-0.9010940194129944,0.0037723779678344727,1.9074175357818604
0,1703,0.31284183263778687,-0.19449220597743988,1.0920350551605225,0.2570505440235138,-0.31925755739212036,-0.898216724395752,0.003805875778198242,1.9329993724822998
0,1704,0.31314805150032043,-0.19456812739372253,1.0921823978424072,0.2578188478946686,-0.32098498940467834,-0.8953389525413513,0.003829479217529297,1.9515396356582642
0,1705,0.31347525119781494,-0.19462355971336365,1.0923254489898682,0.25857463479042053,-0.32268670201301575,-0.8924602270126343,0.0038416385650634766,1.9624402523040771
0,1706,0.3138216733932495,-0.19466014206409454,1.0924646854400635,0.2593187093734741,-0.3243640959262848,-0.8895808458328247,0.003843545913696289,1.9664251804351807
0,1707,0.31418296694755554,-0.19468200206756592,1.0926008224487305,0.2600519061088562,-0.3260236084461212,-0.8867011070251465,0.0038368701934814453,1.9654297828674316
0,1708,0.31455346941947937,-0.1946946233510971,1.0927354097366333,0.26077520847320557,-0.3276740610599518,-0.8838216066360474,0.003825068473815918,1.9614425897598267
0,1709,0.31492745876312256,-0.19470320641994476,1.092869520187378,0.2614886164665222,-0.3293239176273346,-0.8809434771537781,0.0038110017776489258,1.9568475484848022
0,1710,0.3152998983860016,-0.19471235573291779,1.0930042266845703,0.2621898651123047,-0.3309790790081024,-0.8780680894851685,0.003797173500061035,1.9528429508209229
0,1711,0.3156660497188568,-0.1947263777256012,1.0931404829025269,0.2628753185272217,-0.33264562487602234,-0.8751989603042603,0.003786325454711914,1.951439380645752
0,1712,0.31602129340171814,-0.19474919140338898,1.0932788848876953,0.2635394036769867,-0.3343258500099182,-0.8723400831222534,0.0037804841995239258,1.953444242477417
0,1713,0.31636157631874084,-0.19478434324264526,1.093420147895813,0.2641765773296356,-0.3360235393047333,-0.869495689868927,0.003781914710998535,1.9598456621170044
0,1714,0.316684365272522,-0.19483403861522675,1.0935646295547485,0.2647828757762909,-0.3377402126789093,-0.866668164730072,0.00379180908203125,1.9711967706680298
0,1715,0.3169895112514496,-0.194898322224617,1.0937120914459229,0.2653574049472809,-0.339475154876709,-0.8638578653335571,0.0038101673126220703,1.987412691116333
0,1716,0.3172794282436371,-0.19497521221637726,1.0938624143600464,0.26590344309806824,-0.34122681617736816,-0.8610625267028809,0.00383603572845459,2.0076935291290283
0,1717,0.3175584673881531,-0.19506123661994934,1.0940146446228027,0.2664261758327484,-0.3429921567440033,-0.8582773208618164,0.0038671493530273438,2.030954122543335
0,1718,0.3178313374519348,-0.1951524019241333,1.0941683053970337,0.26693102717399597,-0.34476715326309204,-0.8554984331130981,0.003901362419128418,2.0559513568878174
0,1719,0.31810253858566284,-0.19524507224559784,1.0943224430084229,0.2674219310283661,-0.34654730558395386,-0.8527219295501709,0.003936290740966797,2.0813069343566895
0,1720,0.31837621331214905,-0.19533617794513702,1.094476342201233,0.2679010033607483,-0.34832778573036194,-0.8499462604522705,0.003969669342041016,2.1058926582336426
0,1721,0.3186565339565277,-0.19542281329631805,1.094628930091858,0.26836809515953064,-0.3501014709472656,-0.8471712470054626,0.003998875617980957,2.128356456756592
0,1722,0.318947434425354,-0.19550228118896484,1.0947792530059814,0.2688220143318176,-0.35186123847961426,-0.8443967700004578,0.004021644592285156,2.147124767303467
0,1723,0.3192521929740906,-0.19557233154773712,1.094926118850708,0.26926106214523315,-0.35359957814216614,-0.8416240215301514,0.004035353660583496,2.1611168384552
0,1724,0.3195723593235016,-0.19563183188438416,1.0950689315795898,0.2696853280067444,-0.35531333088874817,-0.8388529419898987,0.004038810729980469,2.169793128967285
0,1725,0.31990712881088257,-0.19568127393722534,1.0952078104019165,0.2700952887535095,-0.35700297355651855,-0.8360846042633057,0.0040323734283447266,2.1733081340789795
0,1726,0.3202535808086395,-0.19572263956069946,1.0953437089920044,0.27049240469932556,-0.3586744964122772,-0.8333173990249634,0.004017949104309082,2.1730382442474365
0,1727,0.32060760259628296,-0.19575853645801544,1.095477819442749,0.2708779573440552,-0.3603343963623047,-0.830551266670227,0.003998279571533203,2.170334577560425
0,1728,0.3209650218486786,-0.1957918405532837,1.095611333847046,0.2712530493736267,-0.3619906008243561,-0.827786386013031,0.003976106643676758,2.166904926300049
0,1729,0.3213222026824951,-0.19582512974739075,1.095745325088501,0.2716163396835327,-0.3636477589607239,-0.8250236511230469,0.003953814506530762,2.1634700298309326
0,1730,0.3216759264469147,-0.1958605796098709,1.0958806276321411,0.27196475863456726,-0.3653091490268707,-0.8222652077674866,0.003933429718017578,2.1612071990966797
0,1731,0.3220232427120209,-0.19590029120445251,1.0960181951522827,0.27229297161102295,-0.36697596311569214,-0.8195143938064575,0.003917098045349121,2.1605732440948486
0,1732,0.32236140966415405,-0.19594626128673553,1.096158504486084,0.2725953757762909,-0.36864784359931946,-0.8167756199836731,0.003906369209289551,2.162022113800049
0,1733,0.32268863916397095,-0.19599996507167816,1.0963023900985718,0.2728674113750458,-0.3703249990940094,-0.8140515089035034,0.003902912139892578,2.1657304763793945
0,1734,0.3230046033859253,-0.19606168568134308,1.0964499711990356,0.27310803532600403,-0.3720073997974396,-0.8113424777984619,0.003906846046447754,2.1715965270996094
0,1735,0.32331040501594543,-0.19613048434257507,1.0966005325317383,0.27331966161727905,-0.37369346618652344,-0.8086471557617188,0.003917336463928223,2.1795132160186768
0,1736,0.3236086368560791,-0.19620464742183685,1.0967535972595215,0.27350759506225586,-0.37538379430770874,-0.8059613704681396,0.0039327144622802734,2.1889219284057617
0,1737,0.3239022195339203,-0.19628199934959412,1.096908450126648,0.2736770510673523,-0.3770774304866791,-0.8032811284065247,0.0039511919021606445,2.1993584632873535
0,1738,0.3241938054561615,-0.19636042416095734,1.0970637798309326,0.27383312582969666,-0.3787727355957031,-0.800603449344635,0.003970623016357422,2.2102768421173096
0,1739,0.3244858682155609,-0.19643794000148773,1.0972189903259277,0.2739781141281128,-0.3804662525653839,-0.7979258298873901,0.0039893388748168945,2.2208774089813232
0,1740,0.3247806429862976,-0.19651275873184204,1.0973726511001587,0.2741125822067261,-0.3821532726287842,-0.79524827003479,0.004004955291748047,2.230813503265381
0,1741,0.32508015632629395,-0.19658318161964417,1.097523808479309,0.27423539757728577,-0.3838275074958801,-0.7925710082054138,0.004015922546386719,2.2390453815460205
0,1742,0.32538631558418274,-0.1966475397348404,1.097671389579773,0.27434515953063965,-0.3854822814464569,-0.7898949384689331,0.004020214080810547,2.244719982147217
0,1743,0.3257000148296356,-0.1967049241065979,1.0978147983551025,0.2744409441947937,-0.3871138095855713,-0.7872207164764404,0.004016995429992676,2.2473342418670654
0,1744,0.32602107524871826,-0.19675549864768982,1.0979540348052979,0.2745233178138733,-0.38872283697128296,-0.7845486998558044,0.0040062665939331055,2.2475085258483887
0,1745,0.32634827494621277,-0.19680039584636688,1.0980898141860962,0.27459338307380676,-0.3903128206729889,-0.7818782329559326,0.003989100456237793,2.2451560497283936
0,1746,0.3266795575618744,-0.19684140384197235,1.0982234477996826,0.27465274930000305,-0.3918904662132263,-0.7792088389396667,0.003967642784118652,2.241579055786133
0,1747,0.32701292634010315,-0.19688037037849426,1.098356008529663,0.2747020423412323,-0.39346155524253845,-0.7765400409698486,0.003943800926208496,2.237208843231201
0,1748,0.32734668254852295,-0.19691917300224304,1.098488688468933,0.27474087476730347,-0.39503100514411926,-0.7738722562789917,0.003919243812561035,2.2329182624816895
0,1749,0.32767948508262634,-0.19695964455604553,1.0986225605010986,0.2747664451599121,-0.396600604057312,-0.7712075710296631,0.0038956403732299805,2.2288825511932373
0,1750,0.328010231256485,-0.197003573179245,1.0987586975097656,0.2747742533683777,-0.39816972613334656,-0.7685490846633911,0.003874540328979492,2.2251033782958984
0,1751,0.328338086605072,-0.19705282151699066,1.0988976955413818,0.2747590243816376,-0.39973708987236023,-0.7659007906913757,0.003856658935546875,2.2215824127197266
0,1752,0.32866236567497253,-0.19710880517959595,1.0990405082702637,0.27471619844436646,-0.40130117535591125,-0.7632657289505005,0.0038433074951171875,2.2181437015533447
0,1753,0.32898277044296265,-0.19717197120189667,1.0991871356964111,0.2746439278125763,-0.402860552072525,-0.7606449723243713,0.0038344860076904297,2.2145230770111084
0,1754,0.3292996883392334,-0.19724176824092865,1.0993374586105347,0.27454397082328796,-0.4044158458709717,-0.7580375075340271,0.0038300752639770508,2.2111620903015137
0,1755,0.32961389422416687,-0.19731676578521729,1.0994906425476074,0.27442100644111633,-0.4059683084487915,-0.7554401755332947,0.003828883171081543,2.207796096801758
0,1756,0.3299262225627899,-0.19739484786987305,1.0996454954147339,0.27428051829338074,-0.4075183570384979,-0.7528484463691711,0.0038295984268188477,2.2044248580932617
0,1757,0.33023765683174133,-0.19747403264045715,1.0998011827468872,0.27412739396095276,-0.4090672433376312,-0.7502588033676147,0.003831148147583008,2.201404094696045
0,1758,0.33054888248443604,-0.19755251705646515,1.0999566316604614,0.2739647626876831,-0.41061288118362427,-0.7476691007614136,0.0038319826126098633,2.1984682083129883
0,1759,0.3308604657649994,-0.19762836396694183,1.1001105308532715,0.27379369735717773,-0.41215240955352783,-0.7450781464576721,0.0038309097290039062,2.195350170135498
0,1760,0.331172913312912,-0.19769978523254395,1.100261926651001,0.2736138105392456,-0.4136812686920166,-0.7424862384796143,0.003826737403869629,2.191959857940674
0,1761,0.33148661255836487,-0.19776517152786255,1.1004098653793335,0.27342432737350464,-0.41519469022750854,-0.7398941516876221,0.0038183927536010742,2.1875803470611572
0,1762,0.33180177211761475,-0.19782336056232452,1.1005536317825317,0.2732241451740265,-0.4166891872882843,-0.7373016476631165,0.0038052797317504883,2.182295322418213
0,1763,0.3321184515953064,-0.19787420332431793,1.100692868232727,0.2730140686035156,-0.4181632995605469,-0.734709620475769,0.003786921501159668,2.1759183406829834
0,1764,0.33243638277053833,-0.19791875779628754,1.1008282899856567,0.27279454469680786,-0.4196202754974365,-0.7321179509162903,0.0037641525268554688,2.1686203479766846
0,1765,0.3327552080154419,-0.1979587823152542,1.1009610891342163,0.2725663185119629,-0.4210653305053711,-0.7295259833335876,0.0037381649017333984,2.160935640335083
0,1766,0.33307451009750366,-0.19799621403217316,1.1010925769805908,0.27232977747917175,-0.4225030243396759,-0.7269335389137268,0.003710150718688965,2.1530416011810303
0,1767,0.3333938419818878,-0.19803296029567719,1.1012237071990967,0.27208489179611206,-0.4239369034767151,-0.7243413925170898,0.0036815404891967773,2.145209789276123
0,1768,0.3337128460407257,-0.19807091355323792,1.1013556718826294,0.27182963490486145,-0.4253687560558319,-0.7217510938644409,0.0036531686782836914,2.1373491287231445
0,1769,0.33403125405311584,-0.19811199605464935,1.1014891862869263,0.2715606689453125,-0.42679768800735474,-0.7191658020019531,0.003626108169555664,2.129551410675049
0,1770,0.3343488872051239,-0.19815805554389954,1.1016253232955933,0.27127376198768616,-0.42822250723838806,-0.7165892124176025,0.0036011934280395508,2.1215407848358154
0,1771,0.3346654772758484,-0.19821077585220337,1.1017650365829468,0.27096444368362427,-0.42964091897010803,-0.7140241861343384,0.003579378128051758,2.1132218837738037
0,1772,0.33498090505599976,-0.19827093183994293,1.1019086837768555,0.2706311345100403,-0.43105199933052063,-0.7114728689193726,0.0035611391067504883,2.104405164718628
0,1773,0.33529525995254517,-0.19833804666996002,1.1020559072494507,0.2702748477458954,-0.4324556589126587,-0.708934485912323,0.00354611873626709,2.0949909687042236
0,1774,0.33560875058174133,-0.19841070473194122,1.102205753326416,0.2698992192745209,-0.4338527023792267,-0.70640629529953,0.0035332441329956055,2.085346221923828
0,1775,0.33592161536216736,-0.19848696887493134,1.1023575067520142,0.26950809359550476,-0.43524521589279175,-0.7038840055465698,0.003522038459777832,2.0754685401916504
0,1776,0.3362341821193695,-0.19856484234333038,1.1025100946426392,0.2691061794757843,-0.43663498759269714,-0.7013642191886902,0.003511190414428711,2.065922498703003
0,1777,0.3365466892719269,-0.19864241778850555,1.1026623249053955,0.26869621872901917,-0.438020795583725,-0.6988442540168762,0.003499627113342285,2.0563321113586426
0,1778,0.33685943484306335,-0.1987181305885315,1.1028133630752563,0.2682795524597168,-0.43940186500549316,-0.6963227987289429,0.0034863948822021484,2.046792507171631
0,1779,0.3371726870536804,-0.1987905204296112,1.1029620170593262,0.26785585284233093,-0.44077515602111816,-0.6937993764877319,0.0034704208374023438,2.037208080291748
0,1780,0.3374866545200348,-0.1988580971956253,1.1031073331832886,0.267424613237381,-0.4421369731426239,-0.6912742853164673,0.0034505128860473633,2.0270957946777344
0,1781,0.3378014862537384,-0.19892001152038574,1.1032485961914062,0.2669851779937744,-0.44348427653312683,-0.6887479424476624,0.003426074981689453,2.016350507736206
0,1782,0.3381172716617584,-0.19897602498531342,1.1033856868743896,0.2665376365184784,-0.4448167085647583,-0.6862205266952515,0.0033969879150390625,2.0050597190856934
0,1783,0.3384338617324829,-0.19902659952640533,1.1035187244415283,0.2660822570323944,-0.4461349844932556,-0.6836919784545898,0.003363370895385742,1.9933124780654907
0,1784,0.33875104784965515,-0.19907312095165253,1.1036489009857178,0.2656199038028717,-0.44744282960891724,-0.6811624765396118,0.0033262968063354492,1.9810014963150024
0,1785,0.33906856179237366,-0.19911712408065796,1.1037774085998535,0.2651510238647461,-0.4487435519695282,-0.6786316633224487,0.003287196159362793,1.9687129259109497
0,1786,0.33938610553741455,-0.19916006922721863,1.103905200958252,0.26467567682266235,-0.45003992319107056,-0.6761007308959961,0.0032470226287841797,1.9566476345062256
0,1787,0.3397034704685211,-0.19920338690280914,1.104033350944519,0.2641928195953369,-0.45133358240127563,-0.6735703945159912,0.0032067298889160156,1.9446077346801758
0,1788,0.3400203287601471,-0.19924840331077576,1.1041628122329712,0.2637006342411041,-0.4526240825653076,-0.6710434556007385,0.0031675100326538086,1.9326956272125244
0,1789,0.3403364419937134,-0.19929660856723785,1.1042944192886353,0.26319634914398193,-0.453910231590271,-0.6685231328010559,0.003130197525024414,1.9209133386611938
0,1790,0.34065142273902893,-0.19934909045696259,1.1044288873672485,0.2626774311065674,-0.45518994331359863,-0.6660129427909851,0.0030956268310546875,1.9090584516525269
0,1791,0.34096524119377136,-0.1994064748287201,1.1045665740966797,0.26214268803596497,-0.45646199584007263,-0.6635146737098694,0.0030641555786132812,1.8970263004302979
0,1792,0.3412778675556183,-0.19946876168251038,1.1047075986862183,0.26159194111824036,-0.45772626996040344,-0.6610280871391296,0.003035902976989746,1.8849173784255981
0,1793,0.3415895104408264,-0.19953510165214539,1.104851245880127,0.26102715730667114,-0.4589841663837433,-0.6585510969161987,0.0030101537704467773,1.8726258277893066
0,1794,0.34190043807029724,-0.19960404932498932,1.104996681213379,0.26045116782188416,-0.46023696660995483,-0.6560801267623901,0.0029859542846679688,1.86077880859375
0,1795,0.3422110080718994,-0.19967421889305115,1.1051429510116577,0.25986674427986145,-0.4614863097667694,-0.6536113619804382,0.002962350845336914,1.8488560914993286
0,1796,0.3425215780735016,-0.19974443316459656,1.1052889823913574,0.25927555561065674,-0.46273237466812134,-0.6511425971984863,0.0029381513595581055,1.8370689153671265
0,1797,0.3428322970867157,-0.19981364905834198,1.1054341793060303,0.2586783468723297,-0.4639745354652405,-0.6486722826957703,0.0029126405715942383,1.8255274295806885
0,1798,0.34314340353012085,-0.19988082349300385,1.1055775880813599,0.2580747604370117,-0.4652118682861328,-0.6461999416351318,0.0028848648071289062,1.8139123916625977
0,1799,0.34345507621765137,-0.1999451220035553,1.1057183742523193,0.25746452808380127,-0.46644145250320435,-0.6437258720397949,0.002853989601135254,1.8023312091827393
0,1800,0.3437674641609192,-0.2000058889389038,1.1058555841445923,0.2568470239639282,-0.46766048669815063,-0.6412505507469177,0.0028189420700073242,1.7900192737579346
0,1801,0.3440805673599243,-0.2000628262758255,1.1059890985488892,0.25622206926345825,-0.46886828541755676,-0.6387739181518555,0.002779722213745117,1.777622103691101
0,1802,0.34439435601234436,-0.20011630654335022,1.1061192750930786,0.25558972358703613,-0.4700661897659302,-0.636296272277832,0.0027365684509277344,1.7646944522857666
0,1803,0.3447086811065674,-0.20016707479953766,1.1062469482421875,0.2549506723880768,-0.47125598788261414,-0.6338173151016235,0.002690434455871582,1.751783013343811
0,1804,0.34502336382865906,-0.20021598041057587,1.1063727140426636,0.2543056011199951,-0.47243979573249817,-0.6313371658325195,0.0026417970657348633,1.7387757301330566
0,1805,0.34533819556236267,-0.20026400685310364,1.106497883796692,0.25365519523620605,-0.47361958026885986,-0.6288559436798096,0.002592325210571289,1.7257839441299438
0,1806,0.34565290808677673,-0.20031216740608215,1.1066230535507202,0.2529992163181305,-0.47479695081710815,-0.6263748407363892,0.0025423765182495117,1.7130361795425415
0,1807,0.34596726298332214,-0.2003614604473114,1.1067490577697754,0.2523370683193207,-0.4759710133075714,-0.6238958835601807,0.0024930238723754883,1.7006534337997437
0,1808,0.346280962228775,-0.20041298866271973,1.1068766117095947,0.25166773796081543,-0.47714102268218994,-0.6214218139648438,0.0024451017379760742,1.6884117126464844
0,1809,0.3465937077999115,-0.20046770572662354,1.1070064306259155,0.25099000334739685,-0.4783063530921936,-0.6189554929733276,0.002399444580078125,1.6766642332077026
0,1810,0.34690535068511963,-0.20052625238895416,1.107138991355896,0.25030332803726196,-0.4794653058052063,-0.6164990663528442,0.002356410026550293,1.6647162437438965
0,1811,0.347215861082077,-0.2005886286497116,1.1072741746902466,0.24960747361183167,-0.48061755299568176,-0.614052414894104,0.002315998077392578,1.6533923149108887
0,1812,0.347525417804718,-0.20065425336360931,1.107411503791809,0.24890325963497162,-0.48176395893096924,-0.6116142868995667,0.002277851104736328,1.6418712139129639
0,1813,0.34783434867858887,-0.20072220265865326,1.1075505018234253,0.24819177389144897,-0.4829058349132538,-0.6091815233230591,0.0022410154342651367,1.630868673324585
0,1814,0.34814298152923584,-0.2007913887500763,1.107690453529358,0.24747398495674133,-0.48404452204704285,-0.6067513227462769,0.0022050142288208008,1.6201540231704712
0,1815,0.34845152497291565,-0.2008606642484665,1.1078304052352905,0.24675095081329346,-0.4851802885532379,-0.6043213605880737,0.0021686553955078125,1.6097326278686523
0,1816,0.34876030683517456,-0.20092907547950745,1.1079697608947754,0.24602246284484863,-0.4863128960132599,-0.6018900275230408,0.002131342887878418,1.5993657112121582
0,1817,0.3490696847438812,-0.2009958177804947,1.1081078052520752,0.24528855085372925,-0.4874417185783386,-0.5994570851325989,0.00209200382232666,1.5890544652938843
0,1818,0.34937992691993713,-0.2010599970817566,1.1082439422607422,0.24454808235168457,-0.48856520652770996,-0.5970226526260376,0.002050161361694336,1.5786757469177246
0,1819,0.349691241979599,-0.20112085342407227,1.1083776950836182,0.24380050599575043,-0.48968133330345154,-0.5945872664451599,0.0020051002502441406,1.5682283639907837
0,1820,0.3500036299228668,-0.20117802917957306,1.108508825302124,0.24304549396038055,-0.4907902479171753,-0.5921511650085449,0.0019568204879760742,1.557334065437317
0,1821,0.3503171503543854,-0.20123164355754852,1.1086373329162598,0.24228310585021973,-0.491891473531723,-0.5897142887115479,0.0019050836563110352,1.5461097955703735
0,1822,0.35063156485557556,-0.20128242671489716,1.108763575553894,0.24151456356048584,-0.49298593401908875,-0.5872767567634583,0.0018502473831176758,1.5348036289215088
0,1823,0.35094666481018066,-0.2013312578201294,1.1088885068893433,0.24074019491672516,-0.4940759837627411,-0.5848379135131836,0.0017936229705810547,1.5234135389328003
0,1824,0.35126203298568726,-0.20137913525104523,1.1090127229690552,0.23996089398860931,-0.49516236782073975,-0.5823980569839478,0.0017358064651489258,1.5123257637023926
0,1825,0.35157737135887146,-0.20142702758312225,1.1091368198394775,0.23917704820632935,-0.4962461292743683,-0.5799578428268433,0.0016775131225585938,1.5014170408248901
0,1826,0.3518923223018646,-0.2014758288860321,1.1092616319656372,0.23838886618614197,-0.49732786417007446,-0.5775184035301208,0.0016196966171264648,1.4909534454345703
0,1827,0.35220637917518616,-0.20152655243873596,1.1093876361846924,0.23759618401527405,-0.49840593338012695,-0.5750824213027954,0.0015631914138793945,1.480812430381775
0,1828,0.3525192439556122,-0.20158031582832336,1.1095154285430908,0.23679907619953156,-0.4994801878929138,-0.5726523399353027,0.0015085935592651367,1.4713996648788452
0,1829,0.3528306186199188,-0.20163783431053162,1.1096453666687012,0.23599743843078613,-0.5005496144294739,-0.5702300667762756,0.0014564990997314453,1.4621940851211548
0,1830,0.3531404435634613,-0.20169933140277863,1.1097774505615234,0.23519110679626465,-0.5016137361526489,-0.567815899848938,0.0014067888259887695,1.453468918800354
0,1831,0.35344889760017395,-0.201764315366745,1.109911561012268,0.2343803495168686,-0.5026732087135315,-0.5654090642929077,0.0013594627380371094,1.4456387758255005
0,1832,0.353756308555603,-0.20183175802230835,1.1100471019744873,0.23356522619724274,-0.5037286877632141,-0.563007116317749,0.0013136863708496094,1.4380383491516113
0,1833,0.3540631830692291,-0.2019006460905075,1.1101834774017334,0.23274587094783783,-0.5047808885574341,-0.5606076121330261,0.001268625259399414,1.430944561958313
0,1834,0.3543698787689209,-0.2019699513912201,1.1103202104568481,0.23192211985588074,-0.505830705165863,-0.5582084655761719,0.0012236833572387695,1.4240902662277222
0,1835,0.35467684268951416,-0.20203860104084015,1.1104564666748047,0.23109380900859833,-0.5068778395652771,-0.5558082461357117,0.0011779069900512695,1.4177552461624146
0,1836,0.35498446226119995,-0.20210576057434082,1.1105917692184448,0.23026029765605927,-0.5079218149185181,-0.5534065961837769,0.0011304616928100586,1.41111421585083
0,1837,0.3552931547164917,-0.20217058062553406,1.1107256412506104,0.2294207364320755,-0.50896155834198,-0.5510039329528809,0.0010808706283569336,1.4048599004745483
0,1838,0.35560324788093567,-0.20223233103752136,1.1108577251434326,0.22857457399368286,-0.5099963545799255,-0.5486011505126953,0.0010285377502441406,1.3981578350067139
0,1839,0.3559148907661438,-0.20229056477546692,1.1109874248504639,0.22772152721881866,-0.5110246539115906,-0.5461983680725098,0.000972747802734375,1.3912826776504517
0,1840,0.3562280833721161,-0.20234526693820953,1.1111149787902832,0.22686167061328888,-0.5120465755462646,-0.5437958836555481,0.0009137392044067383,1.3839493989944458
0,1841,0.35654258728027344,-0.20239698886871338,1.1112406253814697,0.22599546611309052,-0.5130631923675537,-0.5413931012153625,0.0008519887924194336,1.3768612146377563
0,1842,0.3568580150604248,-0.20244665443897247,1.1113650798797607,0.2251238375902176,-0.5140756964683533,-0.5389896035194397,0.0007883310317993164,1.3693078756332397
0,1843,0.35717394948005676,-0.20249523222446442,1.1114888191223145,0.22424758970737457,-0.5150847434997559,-0.53658527135849,0.0007233619689941406,1.3621435165405273
0,1844,0.3574898838996887,-0.20254355669021606,1.1116124391555786,0.22336767613887787,-0.5160914659500122,-0.5341804027557373,0.0006580352783203125,1.3553745746612549
0,1845,0.3578053414821625,-0.20259258151054382,1.111736536026001,0.2224840372800827,-0.5170959234237671,-0.531775712966919,0.0005929470062255859,1.3490068912506104
0,1846,0.35811981558799744,-0.2026432603597641,1.1118615865707397,0.22159740328788757,-0.5180976986885071,-0.5293731093406677,0.000529170036315918,1.3430461883544922
0,1847,0.3584327697753906,-0.20269657671451569,1.1119883060455322,0.22070778906345367,-0.5190966129302979,-0.5269742012023926,0.0004674196243286133,1.3376442193984985
0,1848,0.3587438762187958,-0.20275333523750305,1.1121169328689575,0.21981558203697205,-0.5200920701026917,-0.5245810747146606,0.000408172607421875,1.333248257637024
0,1849,0.3590528666973114,-0.20281380414962769,1.1122474670410156,0.21892137825489044,-0.5210828185081482,-0.5221946835517883,0.0003516674041748047,1.3294265270233154
0,1850,0.3593599200248718,-0.2028777152299881,1.112379789352417,0.21802495419979095,-0.5220698118209839,-0.5198143124580383,0.00029754638671875,1.3261843919754028
0,1851,0.3596654534339905,-0.20294426381587982,1.1125136613845825,0.21712572872638702,-0.5230532288551331,-0.5174381732940674,0.0002455711364746094,1.3235255479812622
0,1852,0.3599700927734375,-0.2030123919248581,1.112648367881775,0.2162233293056488,-0.5240341424942017,-0.5150640606880188,0.000194549560546875,1.3214540481567383
0,1853,0.36027446389198303,-0.20308108627796173,1.1127835512161255,0.21531720459461212,-0.5250126123428345,-0.5126901268959045,0.00014388561248779297,1.3199723958969116
0,1854,0.3605791926383972,-0.20314939320087433,1.112918496131897,0.21440719068050385,-0.525988757610321,-0.5103153586387634,9.250640869140625e-05,1.3187859058380127
0,1855,0.3608846962451935,-0.20321644842624664,1.1130526065826416,0.2134927660226822,-0.5269615650177002,-0.5079398155212402,3.9577484130859375e-05,1.3175982236862183
0,1856,0.36119166016578674,-0.20328159630298615,1.1131852865219116,0.21257321536540985,-0.5279309749603271,-0.5055639147758484,1.5735626220703125e-05,1.3161121606826782
0,1857,0.3615005314350128,-0.20334401726722717,1.1133164167404175,0.2116479128599167,-0.5288952589035034,-0.5031883716583252,7.390975952148438e-05,1.3146244287490845
0,1858,0.36181166768074036,-0.2034032791852951,1.1134456396102905,0.21071676909923553,-0.529854416847229,-0.5008137822151184,0.0001354217529296875,1.312986135482788
0,1859,0.36212509870529175,-0.20345944166183472,1.1135728359222412,0.20977963507175446,-0.5308079719543457,-0.498440682888031,0.00020051002502441406,1.3111963272094727
0,1860,0.3624405264854431,-0.20351283252239227,1.113698124885559,0.2088371217250824,-0.5317563414573669,-0.4960685074329376,0.0002688169479370117,1.3086568117141724
0,1861,0.3627575635910034,-0.2035641223192215,1.1138222217559814,0.2078896015882492,-0.5327004194259644,-0.4936961829662323,0.000339508056640625,1.306411862373352
0,1862,0.36307573318481445,-0.20361411571502686,1.113945484161377,0.20693771541118622,-0.5336414575576782,-0.4913235306739807,0.0004118680953979492,1.3041630983352661
0,1863,0.36339494585990906,-0.2036634087562561,1.1140680313110352,0.20598210394382477,-0.5345799922943115,-0.48895013332366943,0.0004857778549194336,1.302060604095459
0,1864,0.36371544003486633,-0.20371249318122864,1.1141903400421143,0.20502306520938873,-0.5355163812637329,-0.4865766167640686,0.0005611181259155273,1.3002560138702393
0,1865,0.3640379309654236,-0.20376195013523102,1.1143124103546143,0.2040606141090393,-0.5364507436752319,-0.48420435190200806,0.000638127326965332,1.2987500429153442
0,1866,0.36436349153518677,-0.2038121223449707,1.1144343614578247,0.20309467613697052,-0.5373828411102295,-0.48183488845825195,0.0007174015045166016,1.2970916032791138
0,1867,0.3646930754184723,-0.203863263130188,1.1145559549331665,0.20212586224079132,-0.5383127927780151,-0.4794705808162689,0.0007998943328857422,1.2954310178756714
0,1868,0.3650270998477936,-0.203915536403656,1.1146773099899292,0.2011539787054062,-0.5392399430274963,-0.4771118760108948,0.0008856058120727539,1.293919563293457
0,1869,0.36536547541618347,-0.20396879315376282,1.1147981882095337,0.20017904043197632,-0.5401645302772522,-0.4747585952281952,0.0009748935699462891,1.292557716369629
0,1870,0.36570730805397034,-0.20402275025844574,1.1149187088012695,0.19920136034488678,-0.5410861968994141,-0.47240960597991943,0.0010669231414794922,1.2911944389343262
0,1871,0.3660515248775482,-0.20407706499099731,1.1150388717651367,0.19822046160697937,-0.5420056581497192,-0.470062792301178,0.0011612176895141602,1.2902847528457642
0,1872,0.36639681458473206,-0.20413145422935486,1.1151589155197144,0.1972365379333496,-0.5429232120513916,-0.46771615743637085,0.0012564659118652344,1.2896779775619507
0,1873,0.36674192547798157,-0.20418569445610046,1.115278959274292,0.19624915719032288,-0.5438384413719177,-0.46536898612976074,0.0013519525527954102,1.289374589920044
0,1874,0.36708566546440125,-0.2042395919561386,1.1153991222381592,0.19525864720344543,-0.5447511076927185,-0.46302080154418945,0.0014467239379882812,1.2892227172851562
0,1875,0.36742672324180603,-0.20429320633411407,1.1155195236206055,0.19426511228084564,-0.5456598997116089,-0.4606723487377167,0.0015399456024169922,1.2898297309875488
0,1876,0.36776378750801086,-0.20434662699699402,1.1156405210494995,0.19326838850975037,-0.5465649366378784,-0.4583243727684021,0.0016303062438964844,1.2910429239273071
0,1877,0.3680959641933441,-0.20439985394477844,1.1157623529434204,0.19226820766925812,-0.5474652051925659,-0.45597729086875916,0.0017169713973999023,1.2930117845535278
0,1878,0.3684229850769043,-0.20445291697978973,1.115884780883789,0.1912650763988495,-0.548360288143158,-0.4536319077014923,0.0018002986907958984,1.2951288223266602
0,1879,0.3687453866004944,-0.2045057713985443,1.116007685661316,0.19025930762290955,-0.5492502450942993,-0.4512878358364105,0.0018804073333740234,1.2982980012893677
0,1880,0.3690643310546875,-0.20455849170684814,1.116131067276001,0.18925034999847412,-0.550136387348175,-0.4489440619945526,0.001958012580871582,1.301910400390625
0,1881,0.3693810701370239,-0.20461109280586243,1.1162548065185547,0.1882382482290268,-0.5510190725326538,-0.44659996032714844,0.002034306526184082,1.3059624433517456
0,1882,0.36969661712646484,-0.20466360449790955,1.116378903388977,0.18722297251224518,-0.551899790763855,-0.4442548155784607,0.0021096467971801758,1.310151219367981
0,1883,0.37001147866249084,-0.20471632480621338,1.116503357887268,0.18620476126670837,-0.5527783036231995,-0.4419091045856476,0.0021843910217285156,1.3149220943450928
0,1884,0.3703256845474243,-0.20476961135864258,1.1166285276412964,0.18518376350402832,-0.553655207157135,-0.4395633041858673,0.00225830078125,1.3199723958969116
0,1885,0.3706389367580414,-0.20482397079467773,1.1167548894882202,0.1841604858636856,-0.5545302033424377,-0.43721890449523926,0.0023306608200073242,1.3252986669540405
0,1886,0.37095075845718384,-0.2048800140619278,1.1168831586837769,0.18313491344451904,-0.5554037690162659,-0.4348771572113037,0.002400517463684082,1.3314857482910156
0,1887,0.3712608516216278,-0.20493794977664948,1.1170132160186768,0.18210770189762115,-0.5562751889228821,-0.4325390160083771,0.0024678707122802734,1.3382292985916138
0,1888,0.3715692162513733,-0.20499777793884277,1.117145299911499,0.18107865750789642,-0.5571446418762207,-0.4302043616771698,0.0025322437286376953,1.3455209732055664
0,1889,0.37187618017196655,-0.2050592005252838,1.1172789335250854,0.18004770576953888,-0.5580123066902161,-0.42787232995033264,0.002594590187072754,1.3533517122268677
0,1890,0.37218213081359863,-0.20512162148952484,1.1174136400222778,0.1790143996477127,-0.5588779449462891,-0.42554157972335815,0.002655506134033203,1.3617124557495117
0,1891,0.3724876344203949,-0.2051844298839569,1.1175487041473389,0.1779785007238388,-0.5597417950630188,-0.42321085929870605,0.0027158260345458984,1.3705934286117554
0,1892,0.37279313802719116,-0.20524725317955017,1.1176838874816895,0.17693929374217987,-0.5606037378311157,-0.4208793640136719,0.0027763843536376953,1.3797008991241455
0,1893,0.3730989992618561,-0.20530979335308075,1.1178184747695923,0.1758967936038971,-0.5614635944366455,-0.41854748129844666,0.0028377771377563477,1.3887485265731812
0,1894,0.37340548634529114,-0.20537181198596954,1.1179521083831787,0.1748511791229248,-0.5623212456703186,-0.41621607542037964,0.002900838851928711,1.3980177640914917
0,1895,0.3737128973007202,-0.20543313026428223,1.1180840730667114,0.17380276322364807,-0.5631763339042664,-0.4138863980770111,0.002966165542602539,1.4076430797576904
0,1896,0.3740213215351105,-0.20549368858337402,1.1182143688201904,0.17275136709213257,-0.5640285015106201,-0.4115597605705261,0.0030339956283569336,1.4169268608093262
0,1897,0.37433090806007385,-0.20555344223976135,1.118342399597168,0.1716972440481186,-0.564877450466156,-0.4092366099357605,0.0031050443649291992,1.4266988039016724
0,1898,0.3746415078639984,-0.2056124061346054,1.1184686422348022,0.17064061760902405,-0.5657235383987427,-0.4069167375564575,0.0031785964965820312,1.4366768598556519
0,1899,0.3749530017375946,-0.20567072927951813,1.1185933351516724,0.1695810854434967,-0.566567063331604,-0.40459880232810974,0.003254413604736328,1.4464508295059204
0,1900,0.37526506185531616,-0.20572851598262787,1.118717074394226,0.16851869225502014,-0.5674084424972534,-0.40228164196014404,0.0033316612243652344,1.456696629524231
0,1901,0.3755774199962616,-0.2057858407497406,1.118840217590332,0.1674535721540451,-0.5682471990585327,-0.39996424317359924,0.0034099817276000977,1.4670042991638184
0,1902,0.3758898973464966,-0.20584288239479065,1.1189631223678589,0.1663854867219925,-0.5690836906433105,-0.3976459801197052,0.0034886598587036133,1.4775049686431885
0,1903,0.3762023150920868,-0.20589987933635712,1.119086503982544,0.16531424224376678,-0.5699190497398376,-0.39532721042633057,0.0035669803619384766,1.488326072692871
0,1904,0.3765144944190979,-0.20595690608024597,1.1192104816436768,0.16424034535884857,-0.5707520246505737,-0.3930089771747589,0.0036448240280151367,1.4993300437927246
0,1905,0.3768262565135956,-0.20601403713226318,1.1193351745605469,0.16316401958465576,-0.5715830326080322,-0.3906923234462738,0.0037218332290649414,1.5107722282409668
0,1906,0.3771374821662903,-0.20607131719589233,1.1194608211517334,0.1620856076478958,-0.5724120140075684,-0.3883780241012573,0.0037976503372192383,1.5225141048431396
0,1907,0.3774482309818268,-0.20612876117229462,1.1195874214172363,0.16100497543811798,-0.5732389688491821,-0.3860662579536438,0.003872394561767578,1.5345485210418701
0,1908,0.37775853276252747,-0.20618639886379242,1.1197149753570557,0.15992209315299988,-0.5740636587142944,-0.383756548166275,0.003946065902709961,1.546742558479309
0,1909,0.37806859612464905,-0.20624414086341858,1.1198432445526123,0.15883618593215942,-0.5748864412307739,-0.381447434425354,0.00401914119720459,1.5594688653945923
0,1910,0.3783784806728363,-0.20630182325839996,1.119971752166748,0.1577477604150772,-0.5757074356079102,-0.3791385293006897,0.004091858863830566,1.572340965270996
0,1911,0.37868833541870117,-0.20635946094989777,1.1201000213623047,0.15665659308433533,-0.5765259861946106,-0.3768288791179657,0.004165053367614746,1.5856024026870728
0,1912,0.3789981007575989,-0.20641711354255676,1.1202276945114136,0.1555624008178711,-0.5773419141769409,-0.374518483877182,0.00423884391784668,1.5988762378692627
0,1913,0.3793077766895294,-0.20647494494915009,1.1203542947769165,0.15446585416793823,-0.5781540870666504,-0.3722083866596222,0.004313945770263672,1.6122835874557495
0,1914,0.3796171247959137,-0.20653323829174042,1.1204791069030762,0.15336701273918152,-0.5789613723754883,-0.3698999881744385,0.004390597343444824,1.625941514968872
0,1915,0.3799261152744293,-0.20659220218658447,1.1206016540527344,0.15226639807224274,-0.5797637104988098,-0.3675945997238159,0.004469633102416992,1.6397243738174438
0,1916,0.38023459911346436,-0.20665191113948822,1.120721697807312,0.15116439759731293,-0.5805596709251404,-0.3652927577495575,0.004550933837890625,1.6538658142089844
0,1917,0.38054266571998596,-0.20671240985393524,1.1208393573760986,0.15006117522716522,-0.581349790096283,-0.3629947304725647,0.004634499549865723,1.6681219339370728
0,1918,0.38085034489631653,-0.2067735195159912,1.120954990386963,0.14895612001419067,-0.5821346044540405,-0.3606991171836853,0.004719972610473633,1.6823736429214478
0,1919,0.38115787506103516,-0.20683491230010986,1.121069312095642,0.14784882962703705,-0.5829150676727295,-0.35840460658073425,0.004806876182556152,1.6965057849884033
0,1920,0.3814653158187866,-0.20689630508422852,1.1211827993392944,0.1467391401529312,-0.5836917757987976,-0.35610994696617126,0.004894614219665527,1.7113217115402222
0,1921,0.3817727565765381,-0.20695744454860687,1.1212961673736572,0.14562669396400452,-0.5844640731811523,-0.3538142740726471,0.004982709884643555,1.726237416267395
0,1922,0.3820802867412567,-0.207018181681633,1.1214097738265991,0.14451108872890472,-0.5852310657501221,-0.3515172302722931,0.0050705671310424805,1.7408004999160767
0,1923,0.3823878765106201,-0.20707829296588898,1.1215240955352783,0.14339256286621094,-0.5859900712966919,-0.3492192029953003,0.005157947540283203,1.7552427053451538
0,1924,0.3826954662799835,-0.20713767409324646,1.1216392517089844,0.1422712206840515,-0.586738109588623,-0.34692084789276123,0.005244612693786621,1.769677758216858
0,1925,0.38300299644470215,-0.20719625055789948,1.1217554807662964,0.1411471664905548,-0.5874730348587036,-0.34462273120880127,0.005330204963684082,1.7835571765899658
0,1926,0.3833104372024536,-0.20725391805171967,1.1218727827072144,0.14002074301242828,-0.588193953037262,-0.34232521057128906,0.005414724349975586,1.7968939542770386
0,1927,0.3836178779602051,-0.20731087028980255,1.1219912767410278,0.13889174163341522,-0.5889027118682861,-0.34002795815467834,0.005498170852661133,1.8099161386489868
0,1928,0.3839253783226013,-0.20736727118492126,1.1221107244491577,0.1377599537372589,-0.5896015763282776,-0.337730348110199,0.005580782890319824,1.822845220565796
0,1929,0.38423293828964233,-0.2074231654405594,1.1222306489944458,0.13662578165531158,-0.5902923941612244,-0.33543190360069275,0.0056629180908203125,1.835470199584961
0,1930,0.3845405578613281,-0.2074788510799408,1.1223509311676025,0.1354895681142807,-0.5909761190414429,-0.33313241600990295,0.005745053291320801,1.8481148481369019
0,1931,0.3848482072353363,-0.20753459632396698,1.1224716901779175,0.1343516707420349,-0.5916509628295898,-0.3308314383029938,0.005826711654663086,1.8606736660003662
0,1932,0.3851558566093445,-0.20759084820747375,1.122593641281128,0.13321219384670258,-0.592312753200531,-0.32852864265441895,0.005907297134399414,1.8725212812423706
0,1933,0.3854633867740631,-0.2076481580734253,1.1227174997329712,0.13207195699214935,-0.5929551124572754,-0.3262242078781128,0.0059860944747924805,1.8840866088867188
0,1934,0.3857707381248474,-0.20770694315433502,1.1228439807891846,0.1309320032596588,-0.5935715436935425,-0.3239184319972992,0.00606226921081543,1.894445538520813
0,1935,0.38607779145240784,-0.20776748657226562,1.1229733228683472,0.12979340553283691,-0.5941579341888428,-0.3216118812561035,0.006135463714599609,1.9039257764816284
0,1936,0.3863845467567444,-0.20782974362373352,1.123105525970459,0.12865649163722992,-0.594713568687439,-0.3193047046661377,0.006205916404724121,1.9120291471481323
0,1937,0.3866911232471466,-0.20789340138435364,1.1232402324676514,0.12752068042755127,-0.5952438116073608,-0.31699681282043457,0.006273865699768066,1.9191806316375732
0,1938,0.38699764013290405,-0.20795801281929016,1.123376727104187,0.12638524174690247,-0.5957543849945068,-0.314688116312027,0.00634002685546875,1.9257975816726685
0,1939,0.38730430603027344,-0.2080230712890625,1.1235145330429077,0.1252497285604477,-0.5962511301040649,-0.3123779892921448,0.0064051151275634766,1.9320878982543945
0,1940,0.38761135935783386,-0.20808818936347961,1.1236538887023926,0.12411344051361084,-0.5967350006103516,-0.310065358877182,0.006469011306762695,1.9378530979156494
0,1941,0.3879191279411316,-0.2081531584262848,1.1237958669662476,0.1229766458272934,-0.597202479839325,-0.3077491223812103,0.00653076171875,1.9427952766418457
0,1942,0.3882281184196472,-0.20821788907051086,1.123942494392395,0.12184026837348938,-0.5976451635360718,-0.3054271936416626,0.0065888166427612305,1.946820616722107
0,1943,0.38853877782821655,-0.20828230679035187,1.1240960359573364,0.12070560455322266,-0.5980516672134399,-0.30309757590293884,0.006641030311584473,1.949030876159668
0,1944,0.38885143399238586,-0.20834645628929138,1.124258279800415,0.11957427114248276,-0.5984114408493042,-0.30075913667678833,0.006685972213745117,1.948629379272461
0,1945,0.3891662657260895,-0.2084103375673294,1.1244299411773682,0.11844699084758759,-0.5987207889556885,-0.2984115183353424,0.006722927093505859,1.9456138610839844
0,1946,0.38948318362236023,-0.20847389101982117,1.124610424041748,0.11732403934001923,-0.5989827513694763,-0.296055406332016,0.006752490997314453,1.9403761625289917
0,1947,0.3898017704486847,-0.20853722095489502,1.1247979402542114,0.11620473861694336,-0.5992060899734497,-0.29369252920150757,0.006776332855224609,1.932796835899353
0,1948,0.39012154936790466,-0.20860043168067932,1.124990463256836,0.11508780717849731,-0.5994022488594055,-0.2913247048854828,0.0067958831787109375,1.9241708517074585
0,1949,0.3904421627521515,-0.20866356790065765,1.1251863241195679,0.11397310346364975,-0.599578857421875,-0.28895261883735657,0.006812691688537598,1.9146884679794312
0,1950,0.3907632827758789,-0.2087269127368927,1.1253852844238281,0.11286178976297379,-0.5997357368469238,-0.2865758538246155,0.00682675838470459,1.904336929321289
0,1951,0.39108482003211975,-0.20879100263118744,1.12558913230896,0.11175649613142014,-0.5998649597167969,-0.2841918170452118,0.006836414337158203,1.892791986465454
0,1952,0.39140671491622925,-0.2088564932346344,1.1258008480072021,0.11066105961799622,-0.5999519228935242,-0.28179657459259033,0.006838560104370117,1.8790942430496216
0,1953,0.39172905683517456,-0.2089240998029709,1.1260236501693726,0.10957977920770645,-0.5999804735183716,-0.2793860137462616,0.006829977035522461,1.8620405197143555
0,1954,0.3920518457889557,-0.20899420976638794,1.126259684562683,0.10851634293794632,-0.5999387502670288,-0.27695736289024353,0.006808638572692871,1.8413251638412476
0,1955,0.39237508177757263,-0.20906682312488556,1.126509428024292,0.10747229307889938,-0.5998245477676392,-0.2745107412338257,0.006773948669433594,1.816823124885559
0,1956,0.392698734998703,-0.20914150774478912,1.126771092414856,0.10644561797380447,-0.5996469855308533,-0.27204859256744385,0.006727814674377441,1.7888163328170776
0,1957,0.3930227756500244,-0.20921766757965088,1.1270414590835571,0.10543277114629745,-0.5994216203689575,-0.26957541704177856,0.006673216819763184,1.7581392526626587
0,1958,0.39334729313850403,-0.20929446816444397,1.1273176670074463,0.10442987829446793,-0.5991634726524353,-0.2670946419239044,0.006613254547119141,1.7260106801986694
0,1959,0.3936728537082672,-0.20937120914459229,1.127598524093628,0.1034347265958786,-0.598881721496582,-0.2646074593067169,0.006549358367919922,1.6923478841781616
0,1960,0.39400026202201843,-0.20944729447364807,1.1278845071792603,0.10244842618703842,-0.5985745191574097,-0.2621120512485504,0.006481528282165527,1.6575298309326172
0,1961,0.39433082938194275,-0.20952220261096954,1.1281789541244507,0.10147470235824585,-0.5982301235198975,-0.259602814912796,0.006407260894775391,1.620516300201416
0,1962,0.3946661055088043,-0.20959551632404327,1.1284865140914917,0.10051979124546051,-0.5978296399116516,-0.2570725679397583,0.006322979927062988,1.580162525177002
0,1963,0.39500749111175537,-0.20966675877571106,1.1288114786148071,0.09959018230438232,-0.5973547697067261,-0.2545146048069,0.0062253475189208984,1.5345485210418701
0,1964,0.3953556418418884,-0.20973552763462067,1.129156231880188,0.09868992865085602,-0.5967953205108643,-0.2519254684448242,0.006112337112426758,1.483321189880371
0,1965,0.3957102298736572,-0.20980191230773926,1.129520058631897,0.09781850874423981,-0.5961544513702393,-0.2493065744638443,0.0059844255447387695,1.4269732236862183
0,1966,0.3960699439048767,-0.20986606180667877,1.1298996210098267,0.09697209298610687,-0.5954463481903076,-0.24666385352611542,0.0058441162109375,1.3660168647766113
0,1967,0.3964327275753021,-0.2099282294511795,1.1302900314331055,0.09614500403404236,-0.5946907997131348,-0.24400481581687927,0.005694866180419922,1.3023611307144165
0,1968,0.3967962861061096,-0.20998866856098175,1.130688190460205,0.09533187001943588,-0.5939042568206787,-0.24133554100990295,0.005538463592529297,1.2365388870239258
0,1969,0.39715802669525146,-0.2100474089384079,1.1310932636260986,0.09453085064888,-0.593094527721405,-0.23865774273872375,0.005373835563659668,1.1695231199264526
0,1970,0.39751455187797546,-0.21010395884513855,1.1315081119537354,0.09374428540468216,-0.5922565460205078,-0.23596860468387604,0.005195975303649902,1.1007401943206787
0,1971,0.3978617191314697,-0.21015743911266327,1.1319385766983032,0.09297893196344376,-0.5913758277893066,-0.23326143622398376,0.004996299743652344,1.0290758609771729
0,1972,0.3981952667236328,-0.2102068066596985,1.1323918104171753,0.09224303066730499,-0.5904338359832764,-0.2305278480052948,0.004764676094055176,0.9528546929359436
0,1973,0.3985119163990021,-0.21025119721889496,1.1328734159469604,0.09154361486434937,-0.5894159078598022,-0.22776158154010773,0.004493355751037598,0.8713300824165344
0,1974,0.3988104462623596,-0.2102901041507721,1.1333850622177124,0.0908840000629425,-0.5883172750473022,-0.22496122121810913,0.004179954528808594,0.7838462591171265
0,1975,0.399092435836792,-0.21032367646694183,1.133923888206482,0.09026230871677399,-0.5871462225914001,-0.22213242948055267,0.003828287124633789,0.690405011177063
0,1976,0.3993614614009857,-0.21035273373126984,1.134482502937317,0.08967369794845581,-0.585922360420227,-0.2192905694246292,0.0034481287002563477,0.5938024520874023
0,1977,0.39962226152420044,-0.21037854254245758,1.1350502967834473,0.08911504596471786,-0.5846735835075378,-0.2164672315120697,0.0030531883239746094,0.49574556946754456
0,1978,0.3998796343803406,-0.210402712225914,1.1356127262115479,0.08859184384346008,-0.5834337472915649,-0.21372607350349426,0.002661466598510742,0.39762091636657715
0,1979,0.4001379609107971,-0.21042761206626892,1.1361496448516846,0.08812444657087326,-0.5822475552558899,-0.21118374168872833,0.0022957324981689453,0.3051874339580536
0,1980,0.4004017412662506,-0.21045631170272827,1.1366335153579712,0.08775021880865097,-0.5811744332313538,-0.20902188122272491,0.001986861228942871,0.2255535125732422
0,1981,0.40067553520202637,-0.21049271523952484,1.1370306015014648,0.0875198021531105,-0.580284595489502,-0.2074718326330185,0.0017715692520141602,0.16071254014968872
0,1982,0.4009633958339691,-0.21054066717624664,1.1373088359832764,0.08748247474431992,-0.5796434879302979,-0.20675687491893768,0.0016847848892211914,0.1219465509057045
0,1983,0.4012713134288788,-0.2105948030948639,1.1374481916427612,0.08767305314540863,-0.5792888402938843,-0.2069980651140213,0.0017502307891845703,0.11190582811832428
0,1984,0.40159842371940613,-0.21065711975097656,1.1374504566192627,0.08808662742376328,-0.5792194604873657,-0.20818963646888733,0.001965641975402832,0.12820424139499664
0,1985,0.40192875266075134,-0.21075135469436646,1.1373385190963745,0.08868569135665894,-0.5793914794921875,-0.2102402001619339,0.0022983551025390625,0.17693869769573212
0,1986,0.402269572019577,-0.210849329829216,1.13714599609375,0.08942524343729019,-0.5797317028045654,-0.21285675466060638,0.002718687057495117,0.24066270887851715
0,1987,0.40261536836624146,-0.21094918251037598,1.1369084119796753,0.09025006741285324,-0.5801658630371094,-0.21580009162425995,0.0031872987747192383,0.3134115934371948
0,1988,0.40296226739883423,-0.21104785799980164,1.1366547346115112,0.0911196768283844,-0.580634355545044,-0.21888242661952972,0.0036725997924804688,0.39016950130462646
0,1989,0.4033070206642151,-0.21114298701286316,1.1364039182662964,0.09201271086931229,-0.5810948610305786,-0.2219896763563156,0.00415349006652832,0.46604230999946594
0,1990,0.4036467671394348,-0.21123255789279938,1.1361687183380127,0.09292406588792801,-0.5815176963806152,-0.22506648302078247,0.004615306854248047,0.538139820098877
0,1991,0.40397897362709045,-0.211314857006073,1.13595712184906,0.0938580334186554,-0.581881582736969,-0.22809192538261414,0.005048274993896484,0.6045790910720825
0,1992,0.4043014943599701,-0.21138858795166016,1.1357741355895996,0.09482167661190033,-0.5821709036827087,-0.23106133937835693,0.005445957183837891,0.6649963855743408
0,1993,0.40461358428001404,-0.2114534080028534,1.1356210708618164,0.09581886231899261,-0.5823804140090942,-0.23397761583328247,0.005806446075439453,0.7187328338623047
0,1994,0.40491607785224915,-0.21151018142700195,1.1354953050613403,0.09684743732213974,-0.5825159549713135,-0.2368481159210205,0.0061331987380981445,0.7661724090576172
0,1995,0.4052109718322754,-0.21156054735183716,1.135391116142273,0.09790168702602386,-0.582592248916626,-0.23968346416950226,0.006433010101318359,0.8086665272712708
0,1996,0.4055009186267853,-0.21160657703876495,1.1353017091751099,0.0989740788936615,-0.5826274156570435,-0.24249504506587982,0.0067147016525268555,0.8478835225105286
0,1997,0.40578827261924744,-0.21165019273757935,1.13522207736969,0.10005810111761093,-0.5826365351676941,-0.24529102444648743,0.006984829902648926,0.8851441740989685
0,1998,0.4060748517513275,-0.21169281005859375,1.1351501941680908,0.10115213692188263,-0.5826263427734375,-0.2480754405260086,0.007246613502502441,0.9206860661506653
0,1999,0.40636157989501953,-0.2117352932691574,1.1350880861282349,0.10225965082645416,-0.5825930833816528,-0.25084778666496277,0.007498621940612793,0.9549060463905334
0,2000,0.4066489636898041,-0.2117781788110733,1.135040283203125,0.10338776558637619,-0.5825258493423462,-0.2536032199859619,0.007736682891845703,0.986752450466156
0,2001,0.4069370925426483,-0.21182188391685486,1.1350126266479492,0.10454431921243668,-0.5824105143547058,-0.25633564591407776,0.007955193519592285,1.0152926445007324
0,2002,0.407226026058197,-0.2118666023015976,1.1350090503692627,0.10573478043079376,-0.5822365283966064,-0.2590402364730835,0.008149981498718262,1.040046215057373
0,2003,0.4075157046318054,-0.21191245317459106,1.1350305080413818,0.10695981234312057,-0.5820013880729675,-0.26171615719795227,0.008320331573486328,1.0603560209274292
0,2004,0.40780606865882874,-0.21195927262306213,1.1350740194320679,0.10821440815925598,-0.5817123055458069,-0.2643665373325348,0.008468985557556152,1.0770183801651
0,2005,0.4080969989299774,-0.21200668811798096,1.1351335048675537,0.1094905436038971,-0.5813817381858826,-0.2669975459575653,0.008602023124694824,1.0910980701446533
0,2006,0.4083883762359619,-0.21205443143844604,1.1352030038833618,0.11078009754419327,-0.5810233354568481,-0.2696158289909363,0.008725285530090332,1.1037582159042358
0,2007,0.4086802899837494,-0.21210230886936188,1.1352781057357788,0.11207712441682816,-0.5806467533111572,-0.27222588658332825,0.008843183517456055,1.1152223348617554
0,2008,0.40897271037101746,-0.21215030550956726,1.135357141494751,0.11338017135858536,-0.580254316329956,-0.27482929825782776,0.008957386016845703,1.1258748769760132
0,2009,0.4092659056186676,-0.21219857037067413,1.1354408264160156,0.11469224840402603,-0.5798418521881104,-0.277424693107605,0.009067535400390625,1.1350492238998413
0,2010,0.40956002473831177,-0.21224744617938995,1.1355311870574951,0.11601819843053818,-0.5793992877006531,-0.2800082564353943,0.009171485900878906,1.1429520845413208
0,2011,0.4098552167415619,-0.21229718625545502,1.1356309652328491,0.11736345291137695,-0.5789164304733276,-0.2825762629508972,0.00926661491394043,1.1485881805419922
0,2012,0.4101516306400299,-0.2123478502035141,1.1357413530349731,0.11873108148574829,-0.5783878564834595,-0.2851264178752899,0.009351968765258789,1.151140809059143
0,2013,0.41044917702674866,-0.212399423122406,1.135862112045288,0.120120108127594,-0.5778138637542725,-0.2876589894294739,0.009427547454833984,1.151140809059143
0,2014,0.4107477068901062,-0.21245168149471283,1.1359913349151611,0.12152566015720367,-0.577202320098877,-0.29017648100852966,0.009495377540588379,1.1489287614822388
0,2015,0.411047101020813,-0.21250425279140472,1.1361262798309326,0.12294153869152069,-0.5765631198883057,-0.2926829159259796,0.009557843208312988,1.145517349243164
0,2016,0.41134750843048096,-0.2125568836927414,1.1362645626068115,0.12436193227767944,-0.5759067535400391,-0.29518207907676697,0.00961756706237793,1.1408957242965698
0,2017,0.4116494059562683,-0.21260923147201538,1.1364047527313232,0.125783309340477,-0.5752394795417786,-0.29767635464668274,0.009676337242126465,1.1364275217056274
0,2018,0.4119538366794586,-0.21266096830368042,1.1365463733673096,0.12720541656017303,-0.5745625495910645,-0.30016714334487915,0.00973522663116455,1.131250023841858
0,2019,0.41226235032081604,-0.21271184086799622,1.1366901397705078,0.12863028049468994,-0.5738739371299744,-0.3026544749736786,0.009794473648071289,1.1257010698318481
0,2020,0.4125765860080719,-0.2127615213394165,1.136837124824524,0.13006073236465454,-0.5731695890426636,-0.3051377534866333,0.00985407829284668,1.1190760135650635
0,2021,0.41289782524108887,-0.2128097414970398,1.1369884014129639,0.13149943947792053,-0.5724455118179321,-0.3076164424419403,0.009913921356201172,1.1115314960479736
0,2022,0.4132266044616699,-0.2128565013408661,1.1371442079544067,0.13294683396816254,-0.5717002153396606,-0.31008991599082947,0.009974002838134766,1.1026939153671265
0,2023,0.4135621190071106,-0.21290190517902374,1.1373043060302734,0.1344016194343567,-0.5709355473518372,-0.31255853176116943,0.010033965110778809,1.0930691957473755
0,2024,0.4139028787612915,-0.21294613182544708,1.137467384338379,0.13586120307445526,-0.5701547861099243,-0.3150224983692169,0.010094285011291504,1.0824553966522217
0,2025,0.41424688696861267,-0.21298958361148834,1.1376324892044067,0.13732224702835083,-0.5693623423576355,-0.31748253107070923,0.010154485702514648,1.0711886882781982
0,2026,0.4145921766757965,-0.21303272247314453,1.1377986669540405,0.13878202438354492,-0.5685612559318542,-0.3199390172958374,0.01021432876586914,1.0598021745681763
0,2027,0.4149368107318878,-0.21307601034641266,1.1379656791687012,0.14024004340171814,-0.5677518844604492,-0.32239240407943726,0.010272860527038574,1.048478603363037
0,2028,0.415278822183609,-0.2131202220916748,1.1381340026855469,0.14169691503047943,-0.5669336915016174,-0.32484301924705505,0.010328173637390137,1.0370315313339233
0,2029,0.4156162142753601,-0.2131662517786026,1.138304352760315,0.14315468072891235,-0.5661023259162903,-0.32729095220565796,0.010378360748291016,1.0254565477371216
0,2030,0.41594722867012024,-0.21321487426757812,1.1384778022766113,0.14461548626422882,-0.5652546882629395,-0.32973626255989075,0.010421156883239746,1.0133633613586426
0,2031,0.41627076268196106,-0.21326658129692078,1.1386549472808838,0.14608104526996613,-0.5643879771232605,-0.33217909932136536,0.01045536994934082,1.0009287595748901
0,2032,0.4165867865085602,-0.21332138776779175,1.1388360261917114,0.14755100011825562,-0.5635024309158325,-0.33461934328079224,0.010480642318725586,0.9885355830192566
0,2033,0.4168965220451355,-0.21337872743606567,1.139020323753357,0.14902380108833313,-0.5626001358032227,-0.33705681562423706,0.010498642921447754,0.9755840301513672
0,2034,0.4172017574310303,-0.21343772113323212,1.1392065286636353,0.150497168302536,-0.5616841316223145,-0.3394912779331207,0.010511636734008789,0.9626615643501282
0,2035,0.41750457882881165,-0.21349765360355377,1.1393940448760986,0.1519685685634613,-0.5607590675354004,-0.34192290902137756,0.010521650314331055,0.9497692584991455
0,2036,0.4178065061569214,-0.21355795860290527,1.1395822763442993,0.15343670547008514,-0.5598280429840088,-0.3443520665168762,0.010530233383178711,0.9371172785758972
0,2037,0.4181085228919983,-0.21361829340457916,1.1397711038589478,0.15490086376667023,-0.5588918924331665,-0.34677937626838684,0.010538220405578613,0.924503743648529
0,2038,0.41841110587120056,-0.2136787474155426,1.1399612426757812,0.156361386179924,-0.5579507350921631,-0.34920623898506165,0.010545015335083008,0.9115011692047119
0,2039,0.4187145233154297,-0.2137395590543747,1.140152931213379,0.15781958401203156,-0.5570036768913269,-0.3516342043876648,0.010550737380981445,0.8991813063621521
0,2040,0.41901886463165283,-0.21380089223384857,1.140346646308899,0.15927650034427643,-0.5560498833656311,-0.3540647029876709,0.010554790496826172,0.8871315717697144
0,2041,0.4193241000175476,-0.2138628512620926,1.140542984008789,0.16073228418827057,-0.5550889372825623,-0.3564980626106262,0.010556817054748535,0.8749158382415771
0,2042,0.41963014006614685,-0.21392536163330078,1.1407417058944702,0.16218708455562592,-0.554120659828186,-0.3589341640472412,0.010556697845458984,0.8632075786590576
0,2043,0.419936865568161,-0.2139882892370224,1.1409422159194946,0.16363964974880219,-0.553146243095398,-0.36137163639068604,0.010555148124694824,0.8517978191375732
0,2044,0.42024409770965576,-0.21405135095119476,1.1411439180374146,0.1650886982679367,-0.5521664619445801,-0.36380866169929504,0.010552525520324707,0.8402332067489624
0,2045,0.420551598072052,-0.21411427855491638,1.1413459777832031,0.1665334552526474,-0.551181435585022,-0.3662443161010742,0.010549664497375488,0.828507125377655
0,2046,0.4208591878414154,-0.2141769975423813,1.1415479183197021,0.16797330975532532,-0.5501914024353027,-0.36867818236351013,0.010546684265136719,0.8175706267356873
0,2047,0.42116668820381165,-0.21423955261707306,1.141749382019043,0.16940824687480927,-0.5491947531700134,-0.3711109161376953,0.010544061660766602,0.8060004115104675
0,2048,0.42147374153137207,-0.21430182456970215,1.141950011253357,0.17083904147148132,-0.5481905937194824,-0.37354397773742676,0.010541796684265137,0.7952466011047363
0,2049,0.4217800796031952,-0.21436388790607452,1.142149806022644,0.17226631939411163,-0.547175943851471,-0.37597885727882385,0.010539650917053223,0.7843453288078308
0,2050,0.4220854640007019,-0.21442577242851257,1.1423484086990356,0.17369046807289124,-0.5461500883102417,-0.3784167766571045,0.010537981986999512,0.7727841734886169
0,2051,0.4223899245262146,-0.21448753774166107,1.1425461769104004,0.17511136829853058,-0.5451125502586365,-0.3808578550815582,0.0105363130569458,0.7625885605812073
0,2052,0.4226935803890228,-0.2145492136478424,1.1427428722381592,0.1765287071466446,-0.544063925743103,-0.383301317691803,0.010535120964050293,0.7517343163490295
0,2053,0.4229966700077057,-0.21461065113544464,1.1429388523101807,0.17794209718704224,-0.5430067181587219,-0.38574570417404175,0.010534048080444336,0.7407210469245911
0,2054,0.42329952120780945,-0.21467185020446777,1.1431342363357544,0.17935055494308472,-0.5419425964355469,-0.3881893754005432,0.01053321361541748,0.7303457856178284
0,2055,0.42360246181488037,-0.2147328108549118,1.1433296203613281,0.18075352907180786,-0.5408737659454346,-0.39063137769699097,0.010532379150390625,0.720364511013031
0,2056,0.4239058196544647,-0.21479351818561554,1.1435251235961914,0.1821509748697281,-0.5398008823394775,-0.39307165145874023,0.010531425476074219,0.7105183601379395
0,2057,0.4242098033428192,-0.21485409140586853,1.1437212228775024,0.18354354798793793,-0.5387236475944519,-0.39551159739494324,0.01052999496459961,0.6999749541282654
0,2058,0.42451465129852295,-0.2149146944284439,1.1439183950424194,0.1849318891763687,-0.537641704082489,-0.3979532718658447,0.010527968406677246,0.6906883716583252
0,2059,0.42482060194015503,-0.2149755209684372,1.1441172361373901,0.18631663918495178,-0.5365548133850098,-0.4003984034061432,0.010524749755859375,0.6815623641014099
0,2060,0.42512786388397217,-0.21503660082817078,1.144317865371704,0.1876981556415558,-0.5354632139205933,-0.4028480052947998,0.010520458221435547,0.6720213294029236
0,2061,0.4254363775253296,-0.2150978446006775,1.1445204019546509,0.18907631933689117,-0.5343663692474365,-0.4053017199039459,0.01051473617553711,0.6632285714149475
0,2062,0.4257459044456482,-0.21515913307666779,1.1447242498397827,0.19045065343379974,-0.5332646369934082,-0.4077582359313965,0.010508298873901367,0.6543177366256714
0,2063,0.42605626583099365,-0.2152203619480133,1.1449288129806519,0.19182007014751434,-0.5321584939956665,-0.4102155864238739,0.010501384735107422,0.6464956402778625
0,2064,0.42636746168136597,-0.2152811586856842,1.1451334953308105,0.19318413734436035,-0.5310478806495667,-0.412672221660614,0.010494589805603027,0.6376577615737915
0,2065,0.42667967081069946,-0.21534113585948944,1.145337462425232,0.1945423036813736,-0.5299328565597534,-0.4151275157928467,0.010489106178283691,0.6293178796768188
0,2066,0.42699363827705383,-0.215399831533432,1.1455401182174683,0.19589419662952423,-0.5288130044937134,-0.4175817370414734,0.010485649108886719,0.6211811304092407
0,2067,0.4273103177547455,-0.2154565453529358,1.1457401514053345,0.19723987579345703,-0.5276867151260376,-0.42003700137138367,0.010486364364624023,0.61293625831604
0,2068,0.42763078212738037,-0.2155105024576187,1.1459366083145142,0.19857949018478394,-0.5265517830848694,-0.4224953353404999,0.010492801666259766,0.6039314270019531
0,2069,0.4279559254646301,-0.2155611515045166,1.146128535270691,0.1999131143093109,-0.5254075527191162,-0.4249585270881653,0.010506391525268555,0.5947902202606201
0,2070,0.42828604578971863,-0.21560829877853394,1.1463159322738647,0.2012406587600708,-0.524253785610199,-0.42742717266082764,0.010527372360229492,0.5858404636383057
0,2071,0.42862066626548767,-0.2156522572040558,1.1464990377426147,0.2025621086359024,-0.5230903029441833,-0.42990055680274963,0.010555148124694824,0.5757331252098083
0,2072,0.42895880341529846,-0.21569369733333588,1.1466790437698364,0.20387715101242065,-0.5219195485115051,-0.43237653374671936,0.010587930679321289,0.5657910704612732
0,2073,0.42929917573928833,-0.21573349833488464,1.1468570232391357,0.20518556237220764,-0.5207428932189941,-0.4348528981208801,0.010623931884765625,0.5560231804847717
0,2074,0.4296403229236603,-0.21577253937721252,1.1470341682434082,0.2064877152442932,-0.5195608735084534,-0.4373280107975006,0.010660886764526367,0.5457221865653992
0,2075,0.429980993270874,-0.21581178903579712,1.1472119092941284,0.20778386294841766,-0.518375039100647,-0.43980109691619873,0.010696768760681152,0.53595370054245
0,2076,0.43031972646713257,-0.21585221588611603,1.147391676902771,0.20907515287399292,-0.5171846747398376,-0.4422730803489685,0.010729074478149414,0.5263757109642029
0,2077,0.43065500259399414,-0.2158949375152588,1.1475750207901,0.21036241948604584,-0.5159885883331299,-0.44474512338638306,0.010755419731140137,0.5169987678527832
0,2078,0.43098554015159607,-0.21594105660915375,1.1477636098861694,0.21164700388908386,-0.514786958694458,-0.44721877574920654,0.010773420333862305,0.5082191824913025
0,2079,0.4313105046749115,-0.21599116921424866,1.1479580402374268,0.2129296064376831,-0.5135782361030579,-0.4496952295303345,0.01078188419342041,0.500459611415863
0,2080,0.43162983655929565,-0.21604520082473755,1.1481585502624512,0.21421024203300476,-0.5123624205589294,-0.4521745443344116,0.0107804536819458,0.49416419863700867
0,2081,0.43194442987442017,-0.21610252559185028,1.1483639478683472,0.2154880315065384,-0.5111398696899414,-0.45465561747550964,0.010771036148071289,0.4869846701622009
0,2082,0.43225571513175964,-0.2161620706319809,1.1485728025436401,0.21676190197467804,-0.5099119544029236,-0.45713692903518677,0.01075589656829834,0.48213887214660645
0,2083,0.4325650632381439,-0.2162228226661682,1.1487836837768555,0.2180304229259491,-0.5086790919303894,-0.45961686968803406,0.010737299919128418,0.4768337309360504
0,2084,0.43287333846092224,-0.21628393232822418,1.1489951610565186,0.21929293870925903,-0.5074419379234314,-0.46209508180618286,0.010717272758483887,0.47146889567375183
0,2085,0.4331810772418976,-0.21634511649608612,1.1492066383361816,0.22054912149906158,-0.5061993598937988,-0.46457168459892273,0.01069653034210205,0.46646198630332947
0,2086,0.4334881603717804,-0.21640639007091522,1.1494179964065552,0.22179904580116272,-0.5049501657485962,-0.46704813838005066,0.010675311088562012,0.46182459592819214
0,2087,0.43379417061805725,-0.2164679616689682,1.14962899684906,0.22304268181324005,-0.5036922693252563,-0.4695264995098114,0.010653495788574219,0.4579954743385315
0,2088,0.4340987205505371,-0.21653005480766296,1.1498397588729858,0.22428041696548462,-0.5024239420890808,-0.47200807929039,0.01063084602355957,0.4532715380191803
0,2089,0.43440160155296326,-0.21659278869628906,1.150050163269043,0.22551245987415314,-0.5011441111564636,-0.47449421882629395,0.010607242584228516,0.4506739377975464
0,2090,0.43470290303230286,-0.21665610373020172,1.150260329246521,0.22673845291137695,-0.49985337257385254,-0.47698378562927246,0.010582566261291504,0.4476243853569031
0,2091,0.4350029528141022,-0.2167198210954666,1.15047025680542,0.22795824706554413,-0.49855369329452515,-0.4794756770133972,0.010557293891906738,0.44499385356903076
0,2092,0.4353022575378418,-0.21678364276885986,1.1506799459457397,0.2291715145111084,-0.4972465932369232,-0.48196783661842346,0.010531425476074219,0.4436727464199066
0,2093,0.43560129404067993,-0.21684730052947998,1.1508896350860596,0.2303781658411026,-0.4959343373775482,-0.4844588041305542,0.010505199432373047,0.4423476457595825
0,2094,0.43590062856674194,-0.21691064536571503,1.1510992050170898,0.2315780222415924,-0.4946177303791046,-0.48694804310798645,0.010478973388671875,0.440130352973938
0,2095,0.43620073795318604,-0.21697361767292023,1.1513090133666992,0.23277144134044647,-0.4932970702648163,-0.48943620920181274,0.010452747344970703,0.4387945830821991
0,2096,0.4365020990371704,-0.2170362025499344,1.151519536972046,0.2339589148759842,-0.4919714331626892,-0.49192512035369873,0.01042628288269043,0.4374547600746155
0,2097,0.4368051588535309,-0.21709837019443512,1.1517311334609985,0.23514117300510406,-0.4906400442123413,-0.494416743516922,0.010399460792541504,0.43521252274513245
0,2098,0.43711018562316895,-0.21716012060642242,1.1519440412521362,0.23631855845451355,-0.4893020987510681,-0.49691250920295715,0.010372281074523926,0.4338616132736206
0,2099,0.437417209148407,-0.21722134947776794,1.1521581411361694,0.2374914586544037,-0.48795729875564575,-0.4994129240512848,0.010344862937927246,0.4320538341999054
0,2100,0.4377259612083435,-0.21728214621543884,1.152373194694519,0.23865915834903717,-0.48660555481910706,-0.5019168257713318,0.010317206382751465,0.4302384853363037
0,2101,0.4380360543727875,-0.21734249591827393,1.1525890827178955,0.239821195602417,-0.4852485954761505,-0.5044224262237549,0.010289311408996582,0.4279584586620331
0,2102,0.4383469820022583,-0.21740242838859558,1.152805209159851,0.24097679555416107,-0.483887255191803,-0.5069276094436646,0.010261297225952148,0.42704302072525024
0,2103,0.4386581778526306,-0.21746203303337097,1.1530214548110962,0.2421255260705948,-0.4825213849544525,-0.5094311833381653,0.010233163833618164,0.4252062439918518
0,2104,0.438969224691391,-0.217521533370018,1.1532375812530518,0.24326685070991516,-0.48115071654319763,-0.5119330883026123,0.010204672813415527,0.4224361181259155
0,2105,0.43927958607673645,-0.2175811380147934,1.1534537076950073,0.24440056085586548,-0.4797738194465637,-0.5144343972206116,0.010175466537475586,0.4205792546272278
0,2106,0.4395887851715088,-0.21764113008975983,1.153669834136963,0.24552686512470245,-0.478388249874115,-0.5169368982315063,0.010145187377929688,0.42011377215385437
0,2107,0.4398964047431946,-0.21770180761814117,1.153885841369629,0.24664610624313354,-0.4769919514656067,-0.5194428563117981,0.010113954544067383,0.4196477234363556
0,2108,0.4402022063732147,-0.217763289809227,1.154102087020874,0.2477579414844513,-0.47558367252349854,-0.5219528079032898,0.010080933570861816,0.4196477234363556
0,2109,0.4405062794685364,-0.21782560646533966,1.1543183326721191,0.24886226654052734,-0.4741637706756592,-0.5244667530059814,0.010046720504760742,0.4196477234363556
0,2110,0.4408089220523834,-0.2178885042667389,1.1545345783233643,0.24995917081832886,-0.47273367643356323,-0.5269832611083984,0.01001131534576416,0.4210442304611206
0,2111,0.4411107003688812,-0.21795165538787842,1.1547508239746094,0.25104835629463196,-0.47129592299461365,-0.5295002460479736,0.009975075721740723,0.42336151003837585
0,2112,0.441412091255188,-0.21801473200321198,1.1549670696258545,0.25212985277175903,-0.46985337138175964,-0.5320162773132324,0.009938359260559082,0.4252062439918518
0,2113,0.4417135715484619,-0.21807757019996643,1.1551833152770996,0.25320371985435486,-0.46840617060661316,-0.5345305800437927,0.00990140438079834,0.4261256456375122
0,2114,0.442015677690506,-0.21814003586769104,1.1553996801376343,0.25427013635635376,-0.4669544994831085,-0.5370436906814575,0.009864330291748047,0.42887189984321594
0,2115,0.44231870770454407,-0.21820209920406342,1.155616283416748,0.2553294897079468,-0.46549782156944275,-0.5395573973655701,0.009827375411987305,0.429783433675766
0,2116,0.44262316823005676,-0.21826380491256714,1.15583336353302,0.25638219714164734,-0.4640338122844696,-0.5420739650726318,0.009790301322937012,0.4320538341999054
0,2117,0.44292929768562317,-0.21832522749900818,1.1560513973236084,0.2574284076690674,-0.46256187558174133,-0.544594943523407,0.009753108024597168,0.4329586923122406
0,2118,0.44323718547821045,-0.21838638186454773,1.1562702655792236,0.25846797227859497,-0.4610815644264221,-0.5471211671829224,0.009715676307678223,0.43521252274513245
0,2119,0.44354668259620667,-0.2184472233057022,1.1564899682998657,0.2595008611679077,-0.45959344506263733,-0.5496516227722168,0.009678125381469727,0.43700721859931946
0,2120,0.44385743141174316,-0.21850772202014923,1.1567102670669556,0.260526567697525,-0.45809900760650635,-0.5521842837333679,0.009640336036682129,0.4379018247127533
0,2121,0.44416895508766174,-0.2185678482055664,1.1569308042526245,0.2615445554256439,-0.4565992057323456,-0.5547171831130981,0.00960242748260498,0.4392402768135071
0,2122,0.44448086619377136,-0.21862758696079254,1.1571513414382935,0.2625548839569092,-0.4550950229167938,-0.5572489500045776,0.009564399719238281,0.44101861119270325
0,2123,0.4447927176952362,-0.2186870574951172,1.1573717594146729,0.2635570466518402,-0.45358625054359436,-0.5597789287567139,0.00952613353729248,0.44146206974983215
0,2124,0.4451041519641876,-0.21874643862247467,1.1575921773910522,0.2645508944988251,-0.4520714581012726,-0.5623079538345337,0.009487271308898926,0.4432314932346344
0,2125,0.44541478157043457,-0.21880599856376648,1.1578127145767212,0.26553601026535034,-0.4505484998226166,-0.5648377537727356,0.009447574615478516,0.444113552570343
0,2126,0.4457242488861084,-0.2188659906387329,1.1580333709716797,0.2665122151374817,-0.4490146040916443,-0.5673698782920837,0.009406685829162598,0.44718706607818604
0,2127,0.4460323452949524,-0.21892648935317993,1.1582542657852173,0.26747938990592957,-0.4474678933620453,-0.5699057579040527,0.00936436653137207,0.44980475306510925
0,2128,0.44633910059928894,-0.21898752450942993,1.1584755182266235,0.26843753457069397,-0.44590941071510315,-0.5724453330039978,0.009320616722106934,0.4532715380191803
0,2129,0.44664475321769714,-0.21904896199703217,1.1586971282958984,0.2693864703178406,-0.4443403482437134,-0.574987530708313,0.009275555610656738,0.4571402072906494
0,2130,0.44694969058036804,-0.2191103994846344,1.1589183807373047,0.27032649517059326,-0.4427625238895416,-0.5775305032730103,0.00923001766204834,0.46097642183303833
0,2131,0.447254478931427,-0.21917147934436798,1.1591393947601318,0.27125784754753113,-0.44117918610572815,-0.5800728797912598,0.00918436050415039,0.46520182490348816
0,2132,0.44755977392196655,-0.2192317247390747,1.1593596935272217,0.27218034863471985,-0.43959182500839233,-0.5826138257980347,0.009139418601989746,0.4693892002105713
0,2133,0.4478664994239807,-0.21929049491882324,1.1595783233642578,0.27309373021125793,-0.43800070881843567,-0.5851542353630066,0.009096503257751465,0.4731261134147644
0,2134,0.4481758177280426,-0.21934685111045837,1.1597940921783447,0.273997962474823,-0.436405211687088,-0.5876960158348083,0.00905764102935791,0.4768337309360504
0,2135,0.44848906993865967,-0.2193998545408249,1.160006046295166,0.2748927175998688,-0.43480387330055237,-0.5902419686317444,0.009024500846862793,0.47969764471054077
0,2136,0.44880732893943787,-0.2194487601518631,1.1602128744125366,0.27577757835388184,-0.43319493532180786,-0.5927945375442505,0.008998870849609375,0.48254457116127014
0,2137,0.4491311013698578,-0.21949318051338196,1.160414218902588,0.2766524851322174,-0.4315785765647888,-0.5953550934791565,0.008981585502624512,0.4841638505458832
0,2138,0.449459969997406,-0.2195332944393158,1.1606104373931885,0.277517169713974,-0.4299542307853699,-0.5979225039482117,0.008971810340881348,0.48577776551246643
0,2139,0.4497929811477661,-0.21956993639469147,1.1608024835586548,0.2783719003200531,-0.42832377552986145,-0.6004948616027832,0.008968114852905273,0.4869846701622009
0,2140,0.4501286745071411,-0.2196042388677597,1.1609917879104614,0.2792169451713562,-0.4266888499259949,-0.6030692458152771,0.008968353271484375,0.4873863160610199
0,2141,0.45046544075012207,-0.21963737905025482,1.1611799001693726,0.2800524830818176,-0.4250498414039612,-0.605643093585968,0.008969902992248535,0.48858922719955444
0,2142,0.45080190896987915,-0.21967053413391113,1.1613683700561523,0.28087902069091797,-0.42340683937072754,-0.6082152128219604,0.008970499038696289,0.4893895387649536
0,2143,0.4511365592479706,-0.2197049856185913,1.161558747291565,0.2816965878009796,-0.4217578172683716,-0.6107852458953857,0.008967757225036621,0.4901885688304901
0,2144,0.4514678716659546,-0.21974214911460876,1.1617528200149536,0.2825051248073578,-0.42009982466697693,-0.6133542060852051,0.008959054946899414,0.49178266525268555
0,2145,0.45179444551467896,-0.21978336572647095,1.161952257156372,0.2833044230937958,-0.418429970741272,-0.6159231662750244,0.008941888809204102,0.49456003308296204
0,2146,0.4521152377128601,-0.2198295295238495,1.1621580123901367,0.2840946912765503,-0.4167453646659851,-0.6184933185577393,0.008914828300476074,0.4981081783771515
0,2147,0.45243003964424133,-0.21988074481487274,1.1623704433441162,0.2848755717277527,-0.41504544019699097,-0.6210646629333496,0.008877277374267578,0.5035777688026428
0,2148,0.4527396857738495,-0.2199363261461258,1.1625884771347046,0.28564703464508057,-0.4133321940898895,-0.6236366629600525,0.008830904960632324,0.509372889995575
0,2149,0.45304545760154724,-0.21999500691890717,1.1628105640411377,0.28640908002853394,-0.4116082787513733,-0.6262081265449524,0.008777976036071777,0.5162412524223328
0,2150,0.4533488154411316,-0.22005540132522583,1.1630351543426514,0.287161648273468,-0.4098774790763855,-0.6287782192230225,0.008720755577087402,0.5230193734169006
0,2151,0.4536511301994324,-0.22011655569076538,1.1632609367370605,0.2879047095775604,-0.40814268589019775,-0.6313464641571045,0.008661508560180664,0.5297107696533203
0,2152,0.45395317673683167,-0.2201777994632721,1.1634867191314697,0.28863784670829773,-0.40640372037887573,-0.6339136958122253,0.008601665496826172,0.5366833806037903
0,2153,0.45425543189048767,-0.22023901343345642,1.1637121438980103,0.2893607020378113,-0.40465930104255676,-0.636481523513794,0.00854194164276123,0.5435665845870972
0,2154,0.45455819368362427,-0.22030043601989746,1.1639368534088135,0.29007232189178467,-0.4029074013233185,-0.6390525102615356,0.008482813835144043,0.5503637790679932
0,2155,0.45486152172088623,-0.2203623354434967,1.1641608476638794,0.29077228903770447,-0.40114566683769226,-0.6416289806365967,0.00842440128326416,0.5574290752410889
0,2156,0.45516544580459595,-0.22042499482631683,1.1643840074539185,0.2914600968360901,-0.39937281608581543,-0.6442126035690308,0.008366703987121582,0.5644059777259827
0,2157,0.45546990633010864,-0.2204883098602295,1.1646065711975098,0.2921355664730072,-0.39758890867233276,-0.6468029022216797,0.008309483528137207,0.5709550976753235
0,2158,0.45577484369277954,-0.22055208683013916,1.1648285388946533,0.29279929399490356,-0.3957962989807129,-0.6493978500366211,0.008252739906311035,0.5777686834335327
0,2159,0.4560801386833191,-0.22061601281166077,1.1650500297546387,0.2934516370296478,-0.3939972519874573,-0.6519949436187744,0.008196234703063965,0.584168016910553
0,2160,0.4563855826854706,-0.22067970037460327,1.165271282196045,0.2940935790538788,-0.39219409227371216,-0.6545921564102173,0.008139729499816895,0.5911603569984436
0,2161,0.45669108629226685,-0.22074298560619354,1.1654921770095825,0.2947251796722412,-0.3903872072696686,-0.6571878790855408,0.008083105087280273,0.5983980894088745
0,2162,0.45699670910835266,-0.22080567479133606,1.1657131910324097,0.29534676671028137,-0.3885759711265564,-0.6597821712493896,0.008026123046875,0.6045790910720825
0,2163,0.45730242133140564,-0.2208677977323532,1.165934443473816,0.2959577441215515,-0.38675907254219055,-0.6623757481575012,0.007968544960021973,0.6110178828239441
0,2164,0.45760825276374817,-0.22092938423156738,1.1661561727523804,0.2965576946735382,-0.3849325478076935,-0.6649705171585083,0.00791013240814209,0.6180230975151062
0,2165,0.45791420340538025,-0.2209903448820114,1.1663786172866821,0.2971460819244385,-0.383093923330307,-0.6675671339035034,0.00785064697265625,0.6249497532844543
0,2166,0.4582202434539795,-0.2210506796836853,1.1666018962860107,0.2977229654788971,-0.381243497133255,-0.6701663732528687,0.007789969444274902,0.6324195861816406
0,2167,0.4585264325141907,-0.22111044824123383,1.166825771331787,0.29828816652297974,-0.379381388425827,-0.6727678775787354,0.0077283382415771484,0.6404135823249817
0,2168,0.458832710981369,-0.2211696207523346,1.1670501232147217,0.2988418638706207,-0.37751084566116333,-0.6753699779510498,0.007665872573852539,0.6483091115951538
0,2169,0.45913901925086975,-0.22122831642627716,1.1672747135162354,0.29938453435897827,-0.37563470005989075,-0.6779717206954956,0.007602810859680176,0.6558112502098083
0,2170,0.4594452679157257,-0.22128653526306152,1.16749906539917,0.29991650581359863,-0.3737548887729645,-0.6805723905563354,0.007539510726928711,0.6641131043434143
0,2171,0.4597514569759369,-0.2213445007801056,1.1677229404449463,0.3004373013973236,-0.37187230587005615,-0.683172345161438,0.007476210594177246,0.671730101108551
0,2172,0.4600575268268585,-0.22140267491340637,1.1679461002349854,0.30094608664512634,-0.3699856400489807,-0.6857728362083435,0.007413268089294434,0.6798375844955444
0,2173,0.46036332845687866,-0.2214614748954773,1.1681681871414185,0.3014416992664337,-0.3680925667285919,-0.6883766055107117,0.0073506832122802734,0.6875649690628052
0,2174,0.46066880226135254,-0.22152142226696014,1.1683887243270874,0.30192315578460693,-0.3661903440952301,-0.6909863948822021,0.00728917121887207,0.6949249505996704
0,2175,0.46097391843795776,-0.22158285975456238,1.1686075925827026,0.3023892641067505,-0.36427751183509827,-0.6936039328575134,0.0072286128997802734,0.7033215761184692
0,2176,0.46127864718437195,-0.22164565324783325,1.1688247919082642,0.302839994430542,-0.3623538613319397,-0.6962288022041321,0.007169127464294434,0.7116190791130066
0,2177,0.46158307790756226,-0.22170954942703247,1.1690404415130615,0.3032761216163635,-0.3604210913181305,-0.6988598704338074,0.007110595703125,0.7192770838737488
0,2178,0.46188727021217346,-0.22177404165267944,1.169255018234253,0.3036985695362091,-0.3584822118282318,-0.7014940977096558,0.00705265998840332,0.7273926734924316
0,2179,0.4621914029121399,-0.22183863818645477,1.169468879699707,0.30410873889923096,-0.3565395474433899,-0.7041292190551758,0.006994843482971191,0.7356846928596497
0,2180,0.4624955952167511,-0.22190289199352264,1.169682502746582,0.3045077919960022,-0.3545949459075928,-0.7067636251449585,0.006936907768249512,0.7433580756187439
0,2181,0.46279996633529663,-0.22196641564369202,1.169896125793457,0.3048959970474243,-0.35264748334884644,-0.7093967795372009,0.0068787336349487305,0.7506923675537109
0,2182,0.46310484409332275,-0.22202898561954498,1.1701101064682007,0.30527326464653015,-0.35069480538368225,-0.7120290994644165,0.006819963455200195,0.7589877247810364
0,2183,0.46341046690940857,-0.22209051251411438,1.1703249216079712,0.3056390583515167,-0.34873440861701965,-0.7146616578102112,0.006760239601135254,0.7669382691383362
0,2184,0.4637170732021332,-0.22215086221694946,1.170540690422058,0.3059929609298706,-0.34676384925842285,-0.7172955870628357,0.006699681282043457,0.775059700012207
0,2185,0.46402469277381897,-0.22220996022224426,1.1707576513290405,0.3063350021839142,-0.3447820842266083,-0.7199318408966064,0.006638050079345703,0.7835965752601624
0,2186,0.46433332562446594,-0.22226786613464355,1.1709755659103394,0.30666467547416687,-0.34278908371925354,-0.7225699424743652,0.006575465202331543,0.7922884225845337
0,2187,0.4646427035331726,-0.2223246842622757,1.1711941957473755,0.3069823980331421,-0.34078800678253174,-0.7252086400985718,0.006512165069580078,0.8011302351951599
0,2188,0.4649525284767151,-0.2223806232213974,1.1714130640029907,0.30728837847709656,-0.33878135681152344,-0.7278474569320679,0.00644838809967041,0.8098755478858948
0,2189,0.4652625024318695,-0.22243601083755493,1.171631932258606,0.30758264660835266,-0.3367725908756256,-0.7304855585098267,0.00638425350189209,0.8185274004936218
0,2190,0.465572327375412,-0.22249111533164978,1.171850323677063,0.3078649044036865,-0.33476224541664124,-0.7331228852272034,0.006319999694824219,0.8273253440856934
0,2191,0.4658816456794739,-0.22254648804664612,1.172067642211914,0.3081340491771698,-0.33274999260902405,-0.7357613444328308,0.006256103515625,0.8360307216644287
0,2192,0.4661901295185089,-0.22260288894176483,1.1722832918167114,0.308388352394104,-0.3307334780693054,-0.7384028434753418,0.006192922592163086,0.8444147109985352
0,2193,0.4664974510669708,-0.22266092896461487,1.1724967956542969,0.30862608551979065,-0.32871031761169434,-0.7410503625869751,0.00613093376159668,0.8531750440597534
0,2194,0.4668034017086029,-0.2227211445569992,1.1727077960968018,0.30884599685668945,-0.32667985558509827,-0.7437057495117188,0.006070375442504883,0.8618463277816772
0,2195,0.46710798144340515,-0.22278359532356262,1.1729161739349365,0.309047669172287,-0.32464104890823364,-0.7463693022727966,0.0060111284255981445,0.8713300824165344
0,2196,0.4674112796783447,-0.22284790873527527,1.1731221675872803,0.3092319667339325,-0.32259491086006165,-0.7490400671958923,0.005953192710876465,0.8800448775291443
0,2197,0.46771368384361267,-0.2229134887456894,1.1733264923095703,0.30940037965774536,-0.32054442167282104,-0.7517152428627014,0.005896091461181641,0.8895545601844788
0,2198,0.4680156409740448,-0.22297951579093933,1.1735296249389648,0.30955493450164795,-0.3184911608695984,-0.7543925046920776,0.0058394670486450195,0.8983103632926941
0,2199,0.468317449092865,-0.22304530441761017,1.173732042312622,0.30969730019569397,-0.31643733382225037,-0.7570697069168091,0.0057830810546875,0.907413125038147
0,2200,0.46861958503723145,-0.22311027348041534,1.1739344596862793,0.3098280727863312,-0.31438231468200684,-0.7597458958625793,0.005726337432861328,0.9162119030952454
0,2201,0.46892255544662476,-0.22317394614219666,1.1741372346878052,0.30994778871536255,-0.31232431530952454,-0.7624214887619019,0.005669116973876953,0.92535001039505
0,2202,0.46922701597213745,-0.22323589026927948,1.174340844154358,0.3100561201572418,-0.31025996804237366,-0.7650969624519348,0.005611419677734375,0.9343987703323364
0,2203,0.4695333242416382,-0.22329577803611755,1.1745455265045166,0.31015297770500183,-0.3081863224506378,-0.7677736282348633,0.005553126335144043,0.9433606863021851
0,2204,0.4698418378829956,-0.22335350513458252,1.1747514009475708,0.31023797392845154,-0.3061021864414215,-0.7704522013664246,0.005494236946105957,0.9524437785148621
0,2205,0.4701524078845978,-0.22340911626815796,1.1749584674835205,0.3103107511997223,-0.30400747060775757,-0.7731322646141052,0.005434632301330566,0.962051510810852
0,2206,0.47046467661857605,-0.22346283495426178,1.1751664876937866,0.31037160754203796,-0.30190491676330566,-0.7758133411407471,0.005374431610107422,0.9717656373977661
0,2207,0.4707779884338379,-0.22351513803005219,1.175374984741211,0.3104203939437866,-0.2997976243495941,-0.7784945964813232,0.0053136348724365234,0.9811841249465942
0,2208,0.47109174728393555,-0.2235664576292038,1.1755834817886353,0.3104572296142578,-0.29768896102905273,-0.7811752557754517,0.005252718925476074,0.9907106757164001
0,2209,0.4714052975177765,-0.22361749410629272,1.1757915019989014,0.31048133969306946,-0.29558035731315613,-0.7838560342788696,0.005191683769226074,0.9995592832565308
0,2210,0.47171810269355774,-0.22366902232170105,1.1759984493255615,0.3104913532733917,-0.29347237944602966,-0.7865375876426697,0.005130767822265625,1.0091062784194946
0,2211,0.47202956676483154,-0.22372202575206757,1.176203727722168,0.3104856312274933,-0.2913643419742584,-0.7892226576805115,0.00507044792175293,1.0183717012405396
0,2212,0.47233909368515015,-0.22377757728099823,1.1764066219329834,0.31046175956726074,-0.28925442695617676,-0.7919134497642517,0.005011081695556641,1.0275535583496094
0,2213,0.4726462662220001,-0.22383642196655273,1.1766066551208496,0.31041789054870605,-0.2871409058570862,-0.7946120500564575,0.004952907562255859,1.0368428230285645
0,2214,0.47295093536376953,-0.2238987535238266,1.1768035888671875,0.31035369634628296,-0.2850237786769867,-0.797319233417511,0.004896044731140137,1.0464236736297607
0,2215,0.4732533097267151,-0.22396424412727356,1.1769975423812866,0.31026968359947205,-0.28290361166000366,-0.8000341653823853,0.004840731620788574,1.0561028718948364
0,2216,0.47355392575263977,-0.22403204441070557,1.1771894693374634,0.3101680278778076,-0.280782014131546,-0.8027551174163818,0.004786014556884766,1.0656943321228027
0,2217,0.4738534688949585,-0.22410093247890472,1.177379846572876,0.310050904750824,-0.2786606550216675,-0.8054786920547485,0.004731893539428711,1.0755640268325806
0,2218,0.4741526246070862,-0.22416982054710388,1.1775695085525513,0.3099205493927002,-0.27654027938842773,-0.8082034587860107,0.004677891731262207,1.0853439569473267
0,2219,0.47445210814476013,-0.22423778474330902,1.1777586936950684,0.30977821350097656,-0.27442052960395813,-0.8109277486801147,0.004624009132385254,1.0950366258621216
0,2220,0.4747526943683624,-0.22430402040481567,1.177947998046875,0.3096246123313904,-0.2722991704940796,-0.8136516213417053,0.00457000732421875,1.1046442985534668
0,2221,0.47505518794059753,-0.2243676632642746,1.178138017654419,0.3094600439071655,-0.2701731324195862,-0.8163756132125854,0.0045157670974731445,1.1145201921463013
0,2222,0.47536036372184753,-0.22442807257175446,1.1783287525177002,0.3092842102050781,-0.26803886890411377,-0.8191002607345581,0.004461526870727539,1.1243094205856323
0,2223,0.47566869854927063,-0.22448475658893585,1.1785204410552979,0.3090973496437073,-0.26589468121528625,-0.8218263983726501,0.004407286643981934,1.134014368057251
0,2224,0.47598016262054443,-0.22453777492046356,1.178713083267212,0.3088987469673157,-0.2637402415275574,-0.8245536088943481,0.004353046417236328,1.1439789533615112
0,2225,0.4762941896915436,-0.2245875895023346,1.1789063215255737,0.3086882531642914,-0.2615775465965271,-0.8272820711135864,0.0042989253997802734,1.1538574695587158
0,2226,0.4766099750995636,-0.22463491559028625,1.1790997982025146,0.3084661662578583,-0.25941047072410583,-0.8300110697746277,0.004244685173034668,1.1639883518218994
0,2227,0.4769265949726105,-0.22468072175979614,1.1792932748794556,0.30823183059692383,-0.2572427988052368,-0.8327397108078003,0.0041904449462890625,1.1736985445022583
0,2228,0.47724321484565735,-0.22472600638866425,1.1794863939285278,0.3079845905303955,-0.2550768256187439,-0.8354690670967102,0.0041359663009643555,1.1834944486618042
0,2229,0.47755903005599976,-0.22477196156978607,1.1796785593032837,0.3077230751514435,-0.2529144287109375,-0.8381994366645813,0.004081606864929199,1.193045973777771
0,2230,0.4778732657432556,-0.22481997311115265,1.179869294166565,0.3074451982975006,-0.25075563788414,-0.8409331440925598,0.004027366638183594,1.2026841640472412
0,2231,0.4781850576400757,-0.2248714566230774,1.1800581216812134,0.30714863538742065,-0.24859999120235443,-0.8436724543571472,0.00397336483001709,1.212084412574768
0,2232,0.47849389910697937,-0.22492775321006775,1.1802443265914917,0.3068309426307678,-0.2464471012353897,-0.8464191555976868,0.003920078277587891,1.2215726375579834
0,2233,0.4787995219230652,-0.22498942911624908,1.1804279088974,0.3064917325973511,-0.24429695308208466,-0.8491750359535217,0.0038673877716064453,1.2311465740203857
0,2234,0.47910213470458984,-0.22505609691143036,1.180608868598938,0.3061313331127167,-0.242149218916893,-0.8519390821456909,0.0038155317306518555,1.2408044338226318
0,2235,0.47940224409103394,-0.2251265048980713,1.1807875633239746,0.3057515621185303,-0.24000446498394012,-0.8547093868255615,0.0037642717361450195,1.25070059299469
0,2236,0.4797007143497467,-0.22519910335540771,1.1809648275375366,0.3053552210330963,-0.23786364495754242,-0.8574839234352112,0.0037131309509277344,1.2603638172149658
0,2237,0.47999849915504456,-0.22527222335338593,1.1811411380767822,0.30494508147239685,-0.2357265204191208,-0.8602603673934937,0.003662109375,1.2702617645263672
0,2238,0.48029637336730957,-0.2253444790840149,1.1813169717788696,0.30452239513397217,-0.23359164595603943,-0.8630371689796448,0.0036112070083618164,1.280083179473877
0,2239,0.48059529066085815,-0.22541455924510956,1.1814926862716675,0.3040885031223297,-0.2314573973417282,-0.8658140301704407,0.0035604238510131836,1.289981484413147
0,2240,0.4808961749076843,-0.22548124194145203,1.1816681623458862,0.3036438524723053,-0.22931981086730957,-0.868590772151947,0.003510117530822754,1.2995033264160156
0,2241,0.4811997711658478,-0.22554343938827515,1.181843638420105,0.3031880855560303,-0.22717499732971191,-0.8713679909706116,0.0034606456756591797,1.3095537424087524
0,2242,0.48150667548179626,-0.22560042142868042,1.1820191144943237,0.3027212619781494,-0.22502075135707855,-0.8741459846496582,0.003412008285522461,1.319379210472107
0,2243,0.48181694746017456,-0.2256520688533783,1.1821943521499634,0.30224311351776123,-0.2228560447692871,-0.8769251704216003,0.00336456298828125,1.3297209739685059
0,2244,0.48213014006614685,-0.22569891810417175,1.1823694705963135,0.3017534017562866,-0.22068332135677338,-0.8797049522399902,0.0033180713653564453,1.3399829864501953
0,2245,0.48244547843933105,-0.22574208676815033,1.1825445890426636,0.30125191807746887,-0.21850627660751343,-0.8824857473373413,0.003271937370300293,1.3503117561340332
0,2246,0.48276200890541077,-0.2257828712463379,1.182719349861145,0.3007383644580841,-0.21632914245128632,-0.8852665424346924,0.003226041793823242,1.3605623245239258
0,2247,0.4830787777900696,-0.22582265734672546,1.1828936338424683,0.30021190643310547,-0.21415498852729797,-0.8880482316017151,0.003180265426635742,1.3704506158828735
0,2248,0.4833950102329254,-0.22586297988891602,1.1830673217773438,0.2996714115142822,-0.21198667585849762,-0.8908313512802124,0.0031342506408691406,1.3802679777145386
0,2249,0.4837099313735962,-0.22590555250644684,1.1832400560379028,0.29911524057388306,-0.20982570946216583,-0.8936177492141724,0.0030879974365234375,1.3901569843292236
0,2250,0.4840228855609894,-0.22595229744911194,1.183411717414856,0.2985409200191498,-0.20767275989055634,-0.8964097499847412,0.003041386604309082,1.3994169235229492
0,2251,0.4843333065509796,-0.22600476443767548,1.1835815906524658,0.29794615507125854,-0.20552802085876465,-0.8992091417312622,0.002995014190673828,1.408754825592041
0,2252,0.48464080691337585,-0.22606395184993744,1.1837496757507324,0.2973296344280243,-0.20339152216911316,-0.9020171761512756,0.0029484033584594727,1.4181691408157349
0,2253,0.48494550585746765,-0.22612962126731873,1.1839160919189453,0.29669180512428284,-0.20126403868198395,-0.9048337340354919,0.002901792526245117,1.4269732236862183
0,2254,0.485247939825058,-0.2262004315853119,1.184080958366394,0.29603463411331177,-0.19914458692073822,-0.9076576232910156,0.002855062484741211,1.4358593225479126
0,2255,0.4855487644672394,-0.22627446055412292,1.1842446327209473,0.2953607738018036,-0.19703309237957,-0.9104864001274109,0.0028084516525268555,1.4448264837265015
0,2256,0.48584872484207153,-0.22634965181350708,1.1844074726104736,0.29467251896858215,-0.1949281245470047,-0.9133176803588867,0.0027616024017333984,1.4536035060882568
0,2257,0.48614850640296936,-0.22642427682876587,1.1845695972442627,0.2939717471599579,-0.19282841682434082,-0.916149914264679,0.002714991569519043,1.4623279571533203
0,2258,0.4864487051963806,-0.2264968305826187,1.184731125831604,0.29325947165489197,-0.1907314509153366,-0.9189826846122742,0.002668619155883789,1.4711337089538574
0,2259,0.4867499768733978,-0.2265659123659134,1.1848918199539185,0.2925359606742859,-0.1886332631111145,-0.9218149781227112,0.00262296199798584,1.4801515340805054
0,2260,0.487052857875824,-0.22663022577762604,1.1850513219833374,0.29180145263671875,-0.18653084337711334,-0.9246470928192139,0.0025787353515625,1.489508867263794
0,2261,0.4873577356338501,-0.2266889214515686,1.1852093935012817,0.2910551130771637,-0.18442054092884064,-0.9274786710739136,0.002536177635192871,1.4991995096206665
0,2262,0.48766475915908813,-0.226741760969162,1.1853660345077515,0.2902969717979431,-0.18230164051055908,-0.9303101897239685,0.0024955272674560547,1.5093467235565186
0,2263,0.487973690032959,-0.2267892062664032,1.1855213642120361,0.28952670097351074,-0.18017561733722687,-0.9331417083740234,0.0024564266204833984,1.5199412107467651
0,2264,0.48828408122062683,-0.22683237493038177,1.1856755018234253,0.28874436020851135,-0.17804604768753052,-0.9359732866287231,0.0024186372756958008,1.53033447265625
0,2265,0.4885954260826111,-0.22687268257141113,1.1858291625976562,0.2879500091075897,-0.17591743171215057,-0.9388048052787781,0.0023812055587768555,1.5411655902862549
0,2266,0.48890742659568787,-0.22691179811954498,1.1859829425811768,0.2871430814266205,-0.17379339039325714,-0.9416373372077942,0.002343297004699707,1.5516690015792847
0,2267,0.48922020196914673,-0.22695164382457733,1.1861375570297241,0.2863229811191559,-0.17167635262012482,-0.9444711804389954,0.0023041963577270508,1.5614752769470215
0,2268,0.48953425884246826,-0.22699443995952606,1.1862945556640625,0.28548815846443176,-0.1695680469274521,-0.947307825088501,0.002262592315673828,1.5704728364944458
0,2269,0.48985061049461365,-0.22704267501831055,1.1864553689956665,0.2846364378929138,-0.167469322681427,-0.9501485228538513,0.0022171735763549805,1.5783038139343262
0,2270,0.49017009139060974,-0.22709865868091583,1.1866216659545898,0.2837660014629364,-0.16538070142269135,-0.9529947638511658,0.002166748046875,1.5843676328659058
0,2271,0.4904933571815491,-0.22716397047042847,1.186794400215149,0.2828754186630249,-0.1633027046918869,-0.9558476209640503,0.0021104812622070312,1.5884385108947754
0,2272,0.4908204674720764,-0.22723856568336487,1.1869735717773438,0.28196489810943604,-0.16123542189598083,-0.9587070345878601,0.0020482540130615234,1.5906544923782349
0,2273,0.49115073680877686,-0.2273208349943161,1.187158465385437,0.28103557229042053,-0.15917900204658508,-0.9615722298622131,0.0019805431365966797,1.5909005403518677
0,2274,0.49148309230804443,-0.22740831971168518,1.1873468160629272,0.28008997440338135,-0.15713226795196533,-0.9644419550895691,0.0019093751907348633,1.5899162292480469
0,2275,0.4918164312839508,-0.22749821841716766,1.1875367164611816,0.2791300117969513,-0.15509472787380219,-0.9673143029212952,0.0018361806869506836,1.5883152484893799
0,2276,0.49214968085289,-0.22758810222148895,1.1877262592315674,0.27815768122673035,-0.15306562185287476,-0.9701880216598511,0.0017627477645874023,1.5864660739898682
0,2277,0.4924817383289337,-0.22767587006092072,1.1879132986068726,0.27717411518096924,-0.1510428786277771,-0.9730619192123413,0.0016906261444091797,1.5849851369857788
0,2278,0.4928114116191864,-0.2277597337961197,1.1880958080291748,0.27617961168289185,-0.1490248441696167,-0.9759355187416077,0.0016217231750488281,1.5843676328659058
0,2279,0.49313750863075256,-0.22783799469470978,1.188271403312683,0.27517399191856384,-0.14700870215892792,-0.9788076281547546,0.0015578269958496094,1.5851086378097534
0,2280,0.4934591054916382,-0.22790934145450592,1.188438057899475,0.2741575241088867,-0.14499269425868988,-0.9816776514053345,0.001500844955444336,1.587822437286377
0,2281,0.4937758445739746,-0.22797323763370514,1.1885948181152344,0.27312982082366943,-0.14297522604465485,-0.9845454692840576,0.001451730728149414,1.5926218032836914
0,2282,0.49408793449401855,-0.2280300408601761,1.1887423992156982,0.2720908224582672,-0.14095714688301086,-0.9874114394187927,0.0014096498489379883,1.5994880199432373
0,2283,0.49439623951911926,-0.2280811071395874,1.1888827085494995,0.27104049921035767,-0.13894112408161163,-0.9902757406234741,0.0013731718063354492,1.607908010482788
0,2284,0.49470198154449463,-0.22812800109386444,1.18901789188385,0.2699790894985199,-0.13692902028560638,-0.9931397438049316,0.0013403892517089844,1.6171313524246216
0,2285,0.4950062036514282,-0.22817258536815643,1.1891502141952515,0.2689063251018524,-0.1349238008260727,-0.9960042238235474,0.0013093948364257812,1.6272648572921753
0,2286,0.49530985951423645,-0.22821632027626038,1.1892813444137573,0.2678223252296448,-0.13292866945266724,-0.9988695979118347,0.001278996467590332,1.6370965242385864
0,2287,0.4956136643886566,-0.22826042771339417,1.189411997795105,0.2667264938354492,-0.13094472885131836,-1.001737117767334,0.0012483596801757812,1.6462754011154175
0,2288,0.49591806530952454,-0.22830621898174286,1.1895428895950317,0.2656185030937195,-0.1289740800857544,-1.0046075582504272,0.0012172460556030273,1.6550486087799072
0,2289,0.49622347950935364,-0.22835470736026764,1.1896740198135376,0.26449793577194214,-0.127018541097641,-1.007481575012207,0.0011854171752929688,1.6627166271209717
0,2290,0.4965301752090454,-0.22840666770935059,1.1898056268692017,0.26336434483528137,-0.12507931888103485,-1.0103598833084106,0.0011528730392456055,1.6691774129867554
0,2291,0.49683815240859985,-0.22846227884292603,1.1899373531341553,0.26221764087677,-0.12315641343593597,-1.0132423639297485,0.0011199712753295898,1.6745619773864746
0,2292,0.49714726209640503,-0.22852115333080292,1.1900691986083984,0.2610583007335663,-0.12124934047460556,-1.016129493713379,0.001086592674255371,1.6789969205856323
0,2293,0.4974571466445923,-0.22858229279518127,1.1902012825012207,0.2598866820335388,-0.11935702711343765,-1.0190198421478271,0.0010526180267333984,1.6824899911880493
0,2294,0.49776744842529297,-0.22864454984664917,1.1903330087661743,0.2587036192417145,-0.11747714132070541,-1.0219128131866455,0.0010184049606323242,1.685395359992981
0,2295,0.49807772040367126,-0.228706955909729,1.1904642581939697,0.25750938057899475,-0.1156080961227417,-1.0248079299926758,0.0009840726852416992,1.6881797313690186
0,2296,0.49838757514953613,-0.22876884043216705,1.1905947923660278,0.2563035488128662,-0.11374705284833908,-1.0277044773101807,0.0009497404098510742,1.6907281875610352
0,2297,0.49869659543037415,-0.22882980108261108,1.1907241344451904,0.25508564710617065,-0.1118917167186737,-1.0306029319763184,0.0009156465530395508,1.6938505172729492
0,2298,0.4990043640136719,-0.22888965904712677,1.1908514499664307,0.25385430455207825,-0.11003963649272919,-1.0335028171539307,0.0008827447891235352,1.6975436210632324
0,2299,0.4993104040622711,-0.22894836962223053,1.1909761428833008,0.2526075839996338,-0.10818666964769363,-1.0364043712615967,0.0008512735366821289,1.7022637128829956
0,2300,0.499614417552948,-0.2290058732032776,1.191097617149353,0.2513444125652313,-0.1063312217593193,-1.039307951927185,0.0008218288421630859,1.7080022096633911
0,2301,0.4999164044857025,-0.22906212508678436,1.1912161111831665,0.2500649690628052,-0.10447292774915695,-1.0422136783599854,0.0007941722869873047,1.715205430984497
0,2302,0.5002166032791138,-0.2291172593832016,1.1913318634033203,0.24876993894577026,-0.10261427611112595,-1.045121192932129,0.0007681846618652344,1.7232872247695923
0,2303,0.5005154609680176,-0.22917133569717407,1.1914455890655518,0.24746064841747284,-0.10075796395540237,-1.0480306148529053,0.0007432699203491211,1.7323484420776367
0,2304,0.5008134841918945,-0.2292245328426361,1.191557765007019,0.2461385577917099,-0.09890720993280411,-1.050941824913025,0.0007190704345703125,1.7416996955871582
0,2305,0.5011111497879028,-0.22927699983119965,1.1916693449020386,0.24480561912059784,-0.09706667065620422,-1.05385422706604,0.0006947517395019531,1.7508890628814697
0,2306,0.5014090538024902,-0.2293289303779602,1.191780686378479,0.2434631735086441,-0.09523788839578629,-1.0567682981491089,0.000670313835144043,1.75980806350708
0,2307,0.5017076730728149,-0.22938066720962524,1.1918919086456299,0.2421119660139084,-0.0934225395321846,-1.0596837997436523,0.0006455183029174805,1.7681288719177246
0,2308,0.5020077228546143,-0.22943252325057983,1.1920031309127808,0.24075305461883545,-0.09162270277738571,-1.0626004934310913,0.0006206035614013672,1.7754188776016235
0,2309,0.5023096799850464,-0.22948482632637024,1.1921147108078003,0.23938755691051483,-0.0898396372795105,-1.0655182600021362,0.0005953311920166016,1.7815810441970825
0,2310,0.5026139616966248,-0.22953777015209198,1.192226529121399,0.2380160540342331,-0.08807480335235596,-1.068437099456787,0.0005698204040527344,1.7859694957733154
0,2311,0.502920389175415,-0.22959136962890625,1.192338466644287,0.2366379052400589,-0.08632678538560867,-1.071357250213623,0.0005440711975097656,1.7893632650375366
0,2312,0.5032286047935486,-0.22964537143707275,1.1924502849578857,0.23525285720825195,-0.08459501713514328,-1.074278473854065,0.0005184412002563477,1.7913308143615723
0,2313,0.5035379528999329,-0.22969931364059448,1.192562222480774,0.23386037349700928,-0.08287771046161652,-1.0772011280059814,0.0004923343658447266,1.7924230098724365
0,2314,0.5038477182388306,-0.22975298762321472,1.1926738023757935,0.232459157705307,-0.08117352426052094,-1.0801252126693726,0.0004661083221435547,1.793187141418457
0,2315,0.504157304763794,-0.2298063039779663,1.1927849054336548,0.2310478687286377,-0.07947979867458344,-1.0830515623092651,0.00043976306915283203,1.7938417196273804
0,2316,0.5044663548469543,-0.22985941171646118,1.1928949356079102,0.22962483763694763,-0.07779495418071747,-1.08597993850708,0.00041353702545166016,1.7944961786270142
0,2317,0.504774272441864,-0.22991272807121277,1.19300377368927,0.2281879335641861,-0.07611694186925888,-1.0889116525650024,0.0003876686096191406,1.795695424079895
0,2318,0.5050806999206543,-0.22996672987937927,1.1931105852127075,0.22673478722572327,-0.07444209605455399,-1.09184730052948,0.00036275386810302734,1.7975473403930664
0,2319,0.5053852200508118,-0.23002199828624725,1.1932146549224854,0.2252628654241562,-0.0727681815624237,-1.0947877168655396,0.0003393888473510742,1.80081045627594
0,2320,0.5056876540184021,-0.23007869720458984,1.1933159828186035,0.22377152740955353,-0.07109448313713074,-1.0977332592010498,0.00031757354736328125,1.8051520586013794
0,2321,0.5059880614280701,-0.2301366776227951,1.1934148073196411,0.22226077318191528,-0.06942135095596313,-1.100683331489563,0.0002970695495605469,1.8107810020446777
0,2322,0.5062868595123291,-0.23019561171531677,1.1935113668441772,0.2207328826189041,-0.06775170564651489,-1.1036380529403687,0.0002777576446533203,1.8170385360717773
0,2323,0.5065845251083374,-0.2302548587322235,1.1936063766479492,0.2191903442144394,-0.06608829647302628,-1.1065959930419922,0.00025904178619384766,1.8242405652999878
0,2324,0.5068814754486084,-0.23031391203403473,1.1937003135681152,0.21763615310192108,-0.06443411856889725,-1.109557032585144,0.00024068355560302734,1.8316278457641602
0,2325,0.5071782469749451,-0.2303723394870758,1.1937936544418335,0.21607273817062378,-0.06279177218675613,-1.1125195026397705,0.00022220611572265625,1.838879108428955
0,2326,0.5074753165245056,-0.23042988777160645,1.1938867568969727,0.21450239419937134,-0.06116275116801262,-1.1154835224151611,0.00020360946655273438,1.8457838296890259
0,2327,0.5077732801437378,-0.23048636317253113,1.1939793825149536,0.21292702853679657,-0.05954843387007713,-1.1184483766555786,0.00018513202667236328,1.8517117500305176
0,2328,0.5080724358558655,-0.2305416762828827,1.1940717697143555,0.21134863793849945,-0.057948965579271317,-1.121414303779602,0.0001665353775024414,1.857094168663025
0,2329,0.5083733201026917,-0.23059582710266113,1.1941637992858887,0.20976871252059937,-0.05636581405997276,-1.1243805885314941,0.0001481771469116211,1.8609890937805176
0,2330,0.5086759328842163,-0.23064878582954407,1.1942553520202637,0.20818759500980377,-0.05479854717850685,-1.127347469329834,0.00013017654418945312,1.863511323928833
0,2331,0.5089801549911499,-0.2307005524635315,1.1943466663360596,0.206604465842247,-0.05324661359190941,-1.1303151845932007,0.00011229515075683594,1.8650859594345093
0,2332,0.5092854499816895,-0.23075129091739655,1.1944375038146973,0.2050180435180664,-0.05170980468392372,-1.1332836151123047,9.453296661376953e-05,1.8657153844833374
0,2333,0.5095914602279663,-0.23080113530158997,1.1945278644561768,0.2034263014793396,-0.05018644407391548,-1.136252999305725,7.677078247070312e-05,1.8658204078674316
0,2334,0.5098975896835327,-0.23085030913352966,1.194617748260498,0.201826810836792,-0.04867551103234291,-1.1392244100570679,5.900859832763672e-05,1.865505576133728
0,2335,0.5102035999298096,-0.23089918494224548,1.194706916809082,0.20021748542785645,-0.04717618599534035,-1.142197608947754,4.124641418457031e-05,1.8652957677841187
0,2336,0.5105091333389282,-0.2309483289718628,1.1947954893112183,0.19859610497951508,-0.04568646103143692,-1.1451733112335205,2.3245811462402344e-05,1.8649811744689941
0,2337,0.5108140707015991,-0.2309984415769577,1.1948827505111694,0.19696013629436493,-0.04420441389083862,-1.1481527090072632,5.841255187988281e-06,1.8651909828186035
0,2338,0.5111183524131775,-0.2310502827167511,1.194968581199646,0.19530637562274933,-0.0427275076508522,-1.151136040687561,1.1086463928222656e-05,1.8661350011825562
0,2339,0.511421799659729,-0.23110425472259521,1.1950526237487793,0.19363348186016083,-0.04125479236245155,-1.1541236639022827,2.6941299438476562e-05,1.8677074909210205
0,2340,0.5117244720458984,-0.231160506606102,1.1951347589492798,0.19194085896015167,-0.03978605195879936,-1.1571160554885864,4.1961669921875e-05,1.8702205419540405
0,2341,0.5120264887809753,-0.23121872544288635,1.1952153444290161,0.19022993743419647,-0.03832276165485382,-1.1601126194000244,5.614757537841797e-05,1.8733570575714111
0,2342,0.5123279690742493,-0.23127813637256622,1.1952944993972778,0.18850329518318176,-0.036866337060928345,-1.1631125211715698,6.973743438720703e-05,1.8770099878311157
0,2343,0.5126290917396545,-0.23133805394172668,1.1953731775283813,0.18676432967185974,-0.03542014956474304,-1.166115403175354,8.368492126464844e-05,1.8807597160339355
0,2344,0.5129303932189941,-0.23139804601669312,1.1954517364501953,0.185015469789505,-0.033985480666160583,-1.1691207885742188,9.799003601074219e-05,1.884398341178894
0,2345,0.5132325887680054,-0.2314579337835312,1.195530891418457,0.18325930833816528,-0.03256336227059364,-1.172127366065979,0.00011324882507324219,1.8876150846481323
0,2346,0.5135367512702942,-0.23151801526546478,1.1956119537353516,0.18149831891059875,-0.031154591590166092,-1.1751354932785034,0.00013077259063720703,1.889687418937683
0,2347,0.5138444304466248,-0.2315787971019745,1.1956963539123535,0.17973440885543823,-0.029758278280496597,-1.1781446933746338,0.00015151500701904297,1.890101671218872
0,2348,0.5141569375991821,-0.23164083063602448,1.1957852840423584,0.1779697686433792,-0.028374843299388885,-1.181154489517212,0.00017642974853515625,1.8881332874298096
0,2349,0.5144749879837036,-0.23170441389083862,1.195879578590393,0.17620530724525452,-0.0270034559071064,-1.1841650009155273,0.00020635128021240234,1.8834631443023682
0,2350,0.5147984623908997,-0.23176953196525574,1.1959787607192993,0.1744406670331955,-0.02564423717558384,-1.18717622756958,0.00024068355560302734,1.8763843774795532
0,2351,0.5151264667510986,-0.23183585703372955,1.1960821151733398,0.17267486453056335,-0.024297406896948814,-1.1901884078979492,0.0002791881561279297,1.866973876953125
0,2352,0.5154574513435364,-0.23190271854400635,1.196187973022461,0.17090553045272827,-0.022963112220168114,-1.1932018995285034,0.00032019615173339844,1.855934500694275
0,2353,0.515789806842804,-0.23196937143802643,1.1962950229644775,0.16913114488124847,-0.02164195291697979,-1.196216344833374,0.0003629922866821289,1.8440865278244019
0,2354,0.5161222219467163,-0.23203536868095398,1.1964017152786255,0.167349174618721,-0.020333267748355865,-1.199232578277588,0.0004061460494995117,1.8322688341140747
0,2355,0.5164536833763123,-0.23210054636001587,1.196506381034851,0.16555801033973694,-0.01903686858713627,-1.2022504806518555,0.0004482269287109375,1.820481777191162
0,2356,0.5167833566665649,-0.23216471076011658,1.1966078281402588,0.1637554168701172,-0.017751269042491913,-1.2052711248397827,0.0004881620407104492,1.8095917701721191
0,2357,0.517110288143158,-0.23222783207893372,1.1967041492462158,0.1619396060705185,-0.016475297510623932,-1.2082946300506592,0.0005241632461547852,1.7998319864273071
0,2358,0.517433762550354,-0.2322898656129837,1.1967943906784058,0.16010862588882446,-0.015207764692604542,-1.2113213539123535,0.0005555152893066406,1.7916584014892578
0,2359,0.5177536010742188,-0.23235087096691132,1.1968777179718018,0.1582615077495575,-0.013947730883955956,-1.2143521308898926,0.0005812644958496094,1.78542160987854
0,2360,0.5180699825286865,-0.23241093754768372,1.1969544887542725,0.15639887750148773,-0.012696048244833946,-1.21738600730896,0.0006017684936523438,1.7809218168258667
0,2361,0.5183833837509155,-0.23247000575065613,1.1970258951187134,0.15452240407466888,-0.011453893966972828,-1.2204232215881348,0.0006181001663208008,1.7778422832489014
0,2362,0.5186946392059326,-0.23252815008163452,1.1970934867858887,0.15263403952121735,-0.010222508572041988,-1.223462700843811,0.0006316900253295898,1.7756394147872925
0,2363,0.5190045833587646,-0.23258553445339203,1.1971585750579834,0.15073658525943756,-0.009003679268062115,-1.2265048027038574,0.0006437301635742188,1.7740956544876099
0,2364,0.519313633441925,-0.232642263174057,1.1972222328186035,0.14883217215538025,-0.007798333652317524,-1.229549527168274,0.000655055046081543,1.7725505828857422
0,2365,0.5196216702461243,-0.2326984852552414,1.1972849369049072,0.14692246913909912,-0.0066061499528586864,-1.2325971126556396,0.0006662607192993164,1.7713358402252197
0,2366,0.5199287533760071,-0.23275448381900787,1.1973464488983154,0.1450100988149643,-0.005427737254649401,-1.2356488704681396,0.0006771087646484375,1.7700095176696777
0,2367,0.5202344059944153,-0.23281057178974152,1.19740629196167,0.14309631288051605,-0.004261782392859459,-1.2387062311172485,0.0006872415542602539,1.7689034938812256
0,2368,0.5205385088920593,-0.23286692798137665,1.197464108467102,0.14118246734142303,-0.003107567550614476,-1.2417700290679932,0.0006963014602661133,1.7679075002670288
0,2369,0.5208408236503601,-0.23292364180088043,1.1975198984146118,0.13926908373832703,-0.0019649651367217302,-1.244840145111084,0.0007041692733764648,1.7671325206756592
0,2370,0.5211416482925415,-0.2329806387424469,1.1975737810134888,0.1373557299375534,-0.0008346886606886983,-1.2479166984558105,0.0007110834121704102,1.766467809677124
0,2371,0.5214411616325378,-0.23303771018981934,1.197625994682312,0.13544026017189026,0.00028345733880996704,-1.2509984970092773,0.0007172822952270508,1.7659138441085815
0,2372,0.5217398405075073,-0.23309451341629028,1.1976772546768188,0.13352157175540924,0.001388185191899538,-1.2540836334228516,0.0007231235504150391,1.7655813694000244
0,2373,0.5220381021499634,-0.23315083980560303,1.1977276802062988,0.13159742951393127,0.0024798091035336256,-1.2571707963943481,0.0007289648056030273,1.7650270462036133
0,2374,0.5223366618156433,-0.23320657014846802,1.1977776288986206,0.12966643273830414,0.003558788448572159,-1.2602590322494507,0.0007348060607910156,1.7642507553100586
0,2375,0.5226361155509949,-0.23326171934604645,1.1978274583816528,0.12772755324840546,0.004625325556844473,-1.2633469104766846,0.0007410049438476562,1.7633631229400635
0,2376,0.5229374170303345,-0.2333163321018219,1.1978769302368164,0.12577858567237854,0.005682104267179966,-1.266433835029602,0.0007472038269042969,1.7618086338043213
0,2377,0.5232412815093994,-0.2333705723285675,1.19792640209198,0.12381892651319504,0.006730357650667429,-1.2695196866989136,0.0007536411285400391,1.7594743967056274
0,2378,0.5235483646392822,-0.23342455923557281,1.197975993156433,0.12184758484363556,0.007770594209432602,-1.272602915763855,0.0007603168487548828,1.7563573122024536
0,2379,0.5238585472106934,-0.23347821831703186,1.1980252265930176,0.11986435949802399,0.008803540840744972,-1.2756843566894531,0.0007669925689697266,1.7521181106567383
0,2380,0.5241714119911194,-0.23353148996829987,1.198074460029602,0.1178700253367424,0.009827738627791405,-1.278763771057129,0.0007737874984741211,1.747084617614746
0,2381,0.5244860053062439,-0.23358431458473206,1.1981233358383179,0.11586622893810272,0.010841485112905502,-1.2818424701690674,0.0007808208465576172,1.7415872812271118
0,2382,0.5248014330863953,-0.23363657295703888,1.198171854019165,0.11385460942983627,0.011843138374388218,-1.2849211692810059,0.0007879734039306641,1.735734224319458
0,2383,0.5251166820526123,-0.23368844389915466,1.198219656944275,0.11183656007051468,0.012831578031182289,-1.288001537322998,0.0007951259613037109,1.729974389076233
0,2384,0.5254310369491577,-0.2337401807308197,1.1982663869857788,0.10981366783380508,0.013806316070258617,-1.29108464717865,0.0008020401000976562,1.724308967590332
0,2385,0.5257436633110046,-0.23379237949848175,1.198311686515808,0.10778699815273285,0.014767851680517197,-1.294172763824463,0.0008084774017333984,1.7191941738128662
0,2386,0.5260537266731262,-0.23384574055671692,1.1983551979064941,0.10575861483812332,0.01571689359843731,-1.2972676753997803,0.0008141994476318359,1.714634895324707
0,2387,0.5263606905937195,-0.23390090465545654,1.1983964443206787,0.10372931510210037,0.01665429212152958,-1.3003714084625244,0.0008188486099243164,1.7110930681228638
0,2388,0.5266641974449158,-0.2339581996202469,1.1984349489212036,0.10169990360736847,0.01758107915520668,-1.3034850358963013,0.0008218288421630859,1.7084605693817139
0,2389,0.5269644260406494,-0.2340175360441208,1.198470950126648,0.09966951608657837,0.018496744334697723,-1.3066074848175049,0.0008236169815063477,1.7069706916809082
0,2390,0.5272620320320129,-0.23407837748527527,1.19850492477417,0.09763770550489426,0.019400594756007195,-1.309738039970398,0.0008243322372436523,1.7061680555343628
0,2391,0.5275577902793884,-0.23413991928100586,1.1985373497009277,0.09560342133045197,0.020291630178689957,-1.312873363494873,0.0008244514465332031,1.7059385776519775
0,2392,0.5278526544570923,-0.23420144617557526,1.1985688209533691,0.09356538206338882,0.02116934396326542,-1.316011667251587,0.0008242130279541016,1.7057090997695923
0,2393,0.5281475186347961,-0.2342623472213745,1.1985996961593628,0.09152276068925858,0.022033538669347763,-1.3191502094268799,0.0008240938186645508,1.705479621887207
0,2394,0.5284433364868164,-0.23432207107543945,1.1986302137374878,0.08947519958019257,0.022885117679834366,-1.3222874402999878,0.0008240938186645508,1.7049058675765991
0,2395,0.5287412405014038,-0.2343803197145462,1.1986606121063232,0.08742313832044601,0.023725301027297974,-1.3254212141036987,0.0008242130279541016,1.7032980918884277
0,2396,0.5290423035621643,-0.2344367504119873,1.1986911296844482,0.08536658436059952,0.024556171149015427,-1.3285505771636963,0.0008246898651123047,1.7005383968353271
0,2397,0.5293471813201904,-0.23449113965034485,1.1987216472625732,0.08330630511045456,0.025378556922078133,-1.3316737413406372,0.0008254051208496094,1.6959288120269775
0,2398,0.529656171798706,-0.23454344272613525,1.1987522840499878,0.08124231547117233,0.026192720979452133,-1.3347904682159424,0.0008263587951660156,1.6896861791610718
0,2399,0.5299687385559082,-0.23459383845329285,1.1987828016281128,0.0791739970445633,0.026998359709978104,-1.3379018306732178,0.0008274316787719727,1.6820247173309326
0,2400,0.5302838683128357,-0.23464259505271912,1.1988131999969482,0.07710187882184982,0.027793677523732185,-1.3410091400146484,0.0008287429809570312,1.673158884048462
0,2401,0.5306006073951721,-0.23469021916389465,1.1988435983657837,0.07502532005310059,0.028577040880918503,-1.3441145420074463,0.0008306503295898438,1.6636580228805542
0,2402,0.5309180021286011,-0.23473738133907318,1.1988738775253296,0.07294423133134842,0.029347235336899757,-1.3472192287445068,0.0008329153060913086,1.6537474393844604
0,2403,0.5312357544898987,-0.2347850650548935,1.1989046335220337,0.07085949182510376,0.030104249715805054,-1.3503248691558838,0.000836491584777832,1.6434199810028076
0,2404,0.5315539240837097,-0.234834685921669,1.1989368200302124,0.06877142935991287,0.030848819762468338,-1.3534339666366577,0.0008422136306762695,1.6329072713851929
0,2405,0.5318728685379028,-0.23488792777061462,1.1989713907241821,0.06668125838041306,0.03158171474933624,-1.356547474861145,0.0008512735366821289,1.621964693069458
0,2406,0.5321930050849915,-0.23494642972946167,1.1990092992782593,0.06458988040685654,0.032305143773555756,-1.359667181968689,0.0008643865585327148,1.6103403568267822
0,2407,0.5325146913528442,-0.23501108586788177,1.1990513801574707,0.062497783452272415,0.03301970288157463,-1.362794041633606,0.0008827447891235352,1.5980192422866821
0,2408,0.5328378677368164,-0.23508170247077942,1.1990973949432373,0.060405004769563675,0.033725809305906296,-1.3659281730651855,0.0009058713912963867,1.5849851369857788
0,2409,0.5331621766090393,-0.23515714704990387,1.1991462707519531,0.058310821652412415,0.03442204371094704,-1.3690675497055054,0.0009326934814453125,1.5709712505340576
0,2410,0.5334871411323547,-0.2352355718612671,1.1991972923278809,0.056214455515146255,0.035107456147670746,-1.3722114562988281,0.0009626150131225586,1.5570827722549438
0,2411,0.5338122248649597,-0.23531508445739746,1.1992487907409668,0.05411575734615326,0.03577955812215805,-1.3753565549850464,0.0009938478469848633,1.5430691242218018
0,2412,0.534136950969696,-0.23539401590824127,1.1992994546890259,0.05201408267021179,0.036438748240470886,-1.3785024881362915,0.0010249614715576172,1.528927206993103
0,2413,0.5344611406326294,-0.2354709953069687,1.1993482112884521,0.04991037771105766,0.03708493337035179,-1.3816471099853516,0.0010548830032348633,1.5149115324020386
0,2414,0.5347846150398254,-0.23554472625255585,1.1993935108184814,0.04780607670545578,0.03771962597966194,-1.3847891092300415,0.0010820627212524414,1.500895619392395
0,2415,0.5351073741912842,-0.23561415076255798,1.1994343996047974,0.045703887939453125,0.038343917578458786,-1.3879265785217285,0.0011054277420043945,1.486615777015686
0,2416,0.5354292392730713,-0.23567843437194824,1.199469804763794,0.04360440373420715,0.03895959630608559,-1.3910595178604126,0.0011237859725952148,1.4724632501602173
0,2417,0.5357502102851868,-0.23573729395866394,1.199499487876892,0.04150828719139099,0.03956720605492592,-1.394187092781067,0.0011370182037353516,1.4577709436416626
0,2418,0.5360704064369202,-0.23579107224941254,1.1995235681533813,0.039415113627910614,0.04016665741801262,-1.3973098993301392,0.0011452436447143555,1.4432002305984497
0,2419,0.5363898873329163,-0.2358408123254776,1.1995433568954468,0.03732379153370857,0.04075653478503227,-1.4004288911819458,0.0011496543884277344,1.428480863571167
0,2420,0.5367085337638855,-0.23588776588439941,1.1995600461959839,0.03523211553692818,0.041334886103868484,-1.4035452604293823,0.0011516809463500977,1.41374671459198
0,2421,0.5370263457298279,-0.2359331101179123,1.1995747089385986,0.03313898295164108,0.04190060868859291,-1.4066606760025024,0.0011522769927978516,1.3989973068237305
0,2422,0.5373428463935852,-0.23597809672355652,1.1995881795883179,0.03104446455836296,0.042453330010175705,-1.4097771644592285,0.001152634620666504,1.38479745388031
0,2423,0.5376574993133545,-0.23602396249771118,1.1996005773544312,0.028949299827218056,0.04299314692616463,-1.4128955602645874,0.001152634620666504,1.3710216283798218
0,2424,0.5379692912101746,-0.23607194423675537,1.199611783027649,0.02685524895787239,0.04352191090583801,-1.4160178899765015,0.0011523962020874023,1.3584030866622925
0,2425,0.5382773876190186,-0.2361232042312622,1.1996216773986816,0.02476426400244236,0.044040877372026443,-1.419145941734314,0.0011519193649291992,1.3466838598251343
0,2426,0.5385810732841492,-0.23617851734161377,1.199629783630371,0.022677790373563766,0.04455107823014259,-1.4222804307937622,0.0011507272720336914,1.3364733457565308
0,2427,0.5388803482055664,-0.23623794317245483,1.1996362209320068,0.020595725625753403,0.04505319893360138,-1.4254217147827148,0.001148819923400879,1.327659010887146
0,2428,0.5391756892204285,-0.23630082607269287,1.1996411085128784,0.01851677894592285,0.04554632678627968,-1.4285691976547241,0.0011464357376098633,1.320417046546936
0,2429,0.5394681692123413,-0.2363659292459488,1.1996448040008545,0.01644015684723854,0.04602876305580139,-1.4317198991775513,0.0011436939239501953,1.313731074333191
0,2430,0.5397589206695557,-0.2364320158958435,1.1996475458145142,0.01436335314065218,0.04649965465068817,-1.434873342514038,0.0011407136917114258,1.3077592849731445
0,2431,0.5400490760803223,-0.2364979386329651,1.1996495723724365,0.012286145240068436,0.04695833474397659,-1.438026785850525,0.0011376142501831055,1.3017600774765015
0,2432,0.5403397083282471,-0.23656277358531952,1.1996510028839111,0.01020861230790615,0.047405511140823364,-1.4411792755126953,0.0011345148086547852,1.2955821752548218
0,2433,0.5406320691108704,-0.2366257756948471,1.199651837348938,0.00813315249979496,0.04784230887889862,-1.4443291425704956,0.001131296157836914,1.288159728050232
0,2434,0.5409273505210876,-0.2366863340139389,1.1996519565582275,0.0060612293891608715,0.048272594809532166,-1.4474761486053467,0.0011278390884399414,1.2790125608444214
0,2435,0.5412266254425049,-0.23674389719963074,1.1996513605117798,0.0039958655834198,0.04869816452264786,-1.4506192207336426,0.0011240243911743164,1.267948865890503
0,2436,0.5415302515029907,-0.2367982566356659,1.1996501684188843,0.0019383892649784684,0.0491199754178524,-1.453757405281067,0.0011199712753295898,1.2541379928588867
0,2437,0.5418379902839661,-0.23684954643249512,1.199648141860962,-0.00011206008639419451,0.049537770450115204,-1.4568915367126465,0.001115560531616211,1.2379624843597412
0,2438,0.5421489477157593,-0.23689818382263184,1.1996454000473022,-0.002157398499548435,0.0499502494931221,-1.4600224494934082,0.0011109113693237305,1.219969630241394
0,2439,0.5424619317054749,-0.23694488406181335,1.1996418237686157,-0.004200033377856016,0.05035462602972984,-1.4631510972976685,0.0011061429977416992,1.2008930444717407
0,2440,0.5427755117416382,-0.23699040710926056,1.1996374130249023,-0.006241656839847565,0.050748132169246674,-1.4662784337997437,0.0011010169982910156,1.18101167678833
0,2441,0.5430884957313538,-0.2370356172323227,1.1996318101882935,-0.008283264935016632,0.051130570471286774,-1.4694056510925293,0.0010955333709716797,1.1612955331802368
0,2442,0.5433998703956604,-0.2370813637971878,1.1996245384216309,-0.010323550552129745,0.05150219425559044,-1.4725338220596313,0.0010889768600463867,1.142095685005188
0,2443,0.5437086224555969,-0.23712879419326782,1.1996146440505981,-0.012360749766230583,0.05186529457569122,-1.4756649732589722,0.0010807514190673828,1.1237872838974
0,2444,0.5440138578414917,-0.23717905580997467,1.199601650238037,-0.014391984790563583,0.05222184956073761,-1.4788002967834473,0.0010701417922973633,1.1062374114990234
0,2445,0.5443148612976074,-0.23723292350769043,1.1995849609375,-0.01641525700688362,0.052574023604393005,-1.4819409847259521,0.0010567903518676758,1.0902011394500732
0,2446,0.5446115732192993,-0.23729060590267181,1.1995645761489868,-0.01842965930700302,0.05292247235774994,-1.485087275505066,0.0010405778884887695,1.075018048286438
0,2447,0.544904351234436,-0.23735164105892181,1.1995407342910767,-0.020436637103557587,0.053266312927007675,-1.4882384538650513,0.001021742820739746,1.060909390449524
0,2448,0.5451942086219788,-0.23741504549980164,1.1995141506195068,-0.02243833988904953,0.05360338091850281,-1.4913934469223022,0.0010008811950683594,1.047731876373291
0,2449,0.5454823970794678,-0.23747970163822174,1.199485421180725,-0.024437135085463524,0.05393169820308685,-1.4945495128631592,0.0009784698486328125,1.0349537134170532
0,2450,0.5457701683044434,-0.23754474520683289,1.1994552612304688,-0.02643553912639618,0.054250508546829224,-1.497706413269043,0.0009553432464599609,1.0223989486694336
0,2451,0.5460594296455383,-0.23760966956615448,1.199424147605896,-0.02843286842107773,0.05455966666340828,-1.5008623600006104,0.000931859016418457,1.0087183713912964
0,2452,0.5463523864746094,-0.23767437040805817,1.1993919610977173,-0.0304278451949358,0.054862115532159805,-1.504016399383545,0.00090789794921875,0.9934719800949097
0,2453,0.5466515421867371,-0.2377389818429947,1.199358582496643,-0.032417524605989456,0.05516127496957779,-1.5071682929992676,0.0008835792541503906,0.9751827716827393
0,2454,0.5469594597816467,-0.23780378699302673,1.1993237733840942,-0.034399133175611496,0.05546127259731293,-1.5103174448013306,0.0008586645126342773,0.9526492357254028
0,2455,0.5472773909568787,-0.23786890506744385,1.1992870569229126,-0.036371465772390366,0.055765148252248764,-1.5134631395339966,0.0008327960968017578,0.9255614280700684
0,2456,0.5476052165031433,-0.23793432116508484,1.1992486715316772,-0.03833412006497383,0.05607207864522934,-1.5166057348251343,0.0008062124252319336,0.8932862877845764
0,2457,0.5479412078857422,-0.23799985647201538,1.199208378791809,-0.040289413183927536,0.05637994781136513,-1.5197457075119019,0.0007787942886352539,0.8579779267311096
0,2458,0.5482825636863708,-0.2380652278661728,1.199166178703308,-0.04224034771323204,0.05668459087610245,-1.5228842496871948,0.0007505416870117188,0.8194831013679504
0,2459,0.5486266613006592,-0.2381301373243332,1.1991218328475952,-0.044189199805259705,0.05698232725262642,-1.5260213613510132,0.000720977783203125,0.7793397903442383
0,2460,0.5489712357521057,-0.2381942719221115,1.1990740299224854,-0.04613681882619858,0.05727133899927139,-1.5291578769683838,0.0006887912750244141,0.7391343116760254
0,2461,0.5493146181106567,-0.23825760185718536,1.1990203857421875,-0.04808282479643822,0.05755199119448662,-1.5322949886322021,0.0006514787673950195,0.6994156837463379
0,2462,0.5496557950973511,-0.2383200228214264,1.198957085609436,-0.05002511665225029,0.057827360928058624,-1.5354331731796265,0.0006053447723388672,0.6602717041969299
0,2463,0.5499938726425171,-0.23838156461715698,1.1988799571990967,-0.05195995047688484,0.058100081980228424,-1.5385743379592896,0.0005459785461425781,0.6214960813522339
0,2464,0.5503284335136414,-0.23844224214553833,1.198785662651062,-0.05388525500893593,0.05837420001626015,-1.54171884059906,0.00047004222869873047,0.583162248134613
0,2465,0.5506592392921448,-0.23850202560424805,1.1986727714538574,-0.055799614638090134,0.0586511455476284,-1.5448673963546753,0.00037610530853271484,0.5460806488990784
0,2466,0.5509864687919617,-0.2385609745979309,1.1985429525375366,-0.05770312622189522,0.058929894119501114,-1.548019528388977,0.0002658367156982422,0.5097569227218628
0,2467,0.5513100028038025,-0.23861928284168243,1.1983999013900757,-0.05959470197558403,0.059206753969192505,-1.5511747598648071,0.00014293193817138672,0.4739525020122528
0,2468,0.5516285300254822,-0.23867715895175934,1.1982495784759521,-0.06146635860204697,0.05947784334421158,-1.5543323755264282,1.3113021850585938e-05,0.43968555331230164
0,2469,0.5519370436668396,-0.23873499035835266,1.19809889793396,-0.06329134851694107,0.05973800644278526,-1.5574928522109985,0.00011682510375976562,0.40734416246414185
0,2470,0.55222487449646,-0.23879386484622955,1.1979572772979736,-0.06501196324825287,0.0599825456738472,-1.5606589317321777,0.00023818016052246094,0.3758651316165924
0,2471,0.5524736642837524,-0.23885540664196014,1.1978366374969482,-0.06653071194887161,0.0602073073387146,-1.5638352632522583,0.0003402233123779297,0.3516591191291809
0,2472,0.5526673197746277,-0.23892708122730255,1.1977301836013794,-0.06774678826332092,0.060428887605667114,-1.5670312643051147,0.0004304647445678711,0.33161288499832153
0,2473,0.5527958273887634,-0.2390213906764984,1.1976057291030884,-0.0685947835445404,0.060690250247716904,-1.5702581405639648,0.0005412101745605469,0.31713542342185974
0,2474,0.5528530478477478,-0.2391468733549118,1.1974420547485352,-0.06903025507926941,0.06102164462208748,-1.5735241174697876,0.0006935596466064453,0.30901041626930237
0,2475,0.5528385043144226,-0.23930440843105316,1.1972368955612183,-0.06904890388250351,0.06142958626151085,-1.5768296718597412,0.0008901357650756836,0.3051874339580536
0,2476,0.5527575016021729,-0.23948651552200317,1.1970090866088867,-0.06868928670883179,0.06189442798495293,-1.5801678895950317,0.0011118650436401367,0.3071048855781555
0,2477,0.552619218826294,-0.23968008160591125,1.1967905759811401,-0.068018339574337,0.06237880140542984,-1.5835270881652832,0.0013270378112792969,0.3134115934371948
0,2478,0.5524332523345947,-0.23987045884132385,1.1966150999069214,-0.06710673123598099,0.06284252554178238,-1.586893916130066,0.0015020370483398438,0.3250574469566345
0,2479,0.5522071123123169,-0.24004462361335754,1.1965081691741943,-0.066010020673275,0.06325314939022064,-1.5902565717697144,0.001611471176147461,0.3426406979560852
0,2480,0.5519447922706604,-0.24019186198711395,1.1964826583862305,-0.06476158648729324,0.06359147280454636,-1.5936059951782227,0.0016428232192993164,0.3663747012615204
0,2481,0.5516470670700073,-0.24030297994613647,1.1965398788452148,-0.06337503343820572,0.06385016441345215,-1.5969338417053223,0.0015952587127685547,0.39614182710647583
0,2482,0.5513126850128174,-0.24036970734596252,1.1966744661331177,-0.061852142214775085,0.06402932107448578,-1.6002334356307983,0.0014743804931640625,0.4334103763103485
0,2483,0.5509397983551025,-0.24038545787334442,1.1968789100646973,-0.06018942967057228,0.06413150578737259,-1.6034992933273315,0.0012880563735961914,0.47969764471054077
0,2484,0.5505272150039673,-0.24034708738327026,1.1971487998962402,-0.05838336423039436,0.06415998190641403,-1.6067287921905518,0.0010406970977783203,0.5352230668067932
0,2485,0.5500748157501221,-0.24025610089302063,1.1974847316741943,-0.05643189698457718,0.06411594897508621,-1.6099236011505127,0.0007311105728149414,0.5997046232223511
0,2486,0.549583911895752,-0.24011820554733276,1.1978925466537476,-0.054334476590156555,0.0639989897608757,-1.6130880117416382,0.0003527402877807617,0.6726034283638
0,2487,0.5491322875022888,-0.2399938702583313,1.1981546878814697,-0.05241716653108597,0.06401149928569794,-1.6162502765655518,0.00011587142944335938,0.7407210469245911
0,2488,0.5487168431282043,-0.23988862335681915,1.1982965469360352,-0.05065904185175896,0.06413538753986359,-1.6194162368774414,4.5299530029296875e-06,0.8038125038146973
0,2489,0.5483278632164001,-0.23980310559272766,1.198364496231079,-0.04900409281253815,0.06433187425136566,-1.622591495513916,5.447864532470703e-05,0.8623003363609314
0,2490,0.5479605197906494,-0.23974138498306274,1.1983919143676758,-0.04741178825497627,0.06457342207431793,-1.6257820129394531,6.699562072753906e-05,0.915357232093811
0,2491,0.5476130247116089,-0.2397099733352661,1.1984050273895264,-0.045847367495298386,0.06483790278434753,-1.62899649143219,6.866455078125e-05,0.9606266617774963
0,2492,0.5472850203514099,-0.2397163212299347,1.1984248161315918,-0.044283751398324966,0.06510762125253677,-1.6322427988052368,8.07046890258789e-05,0.9962257146835327
0,2493,0.5469765663146973,-0.23976588249206543,1.1984657049179077,-0.04270157590508461,0.06537078320980072,-1.635527491569519,0.0001176595687866211,1.0202913284301758
0,2494,0.5466865301132202,-0.23985923826694489,1.198534607887268,-0.041090209037065506,0.06562148034572601,-1.6388520002365112,0.00018656253814697266,1.0323034524917603
0,2495,0.5464121699333191,-0.23999109864234924,1.1986308097839355,-0.039449241012334824,0.0658600702881813,-1.642210841178894,0.0002859830856323242,1.034197211265564
0,2496,0.5461491942405701,-0.2401515394449234,1.198747992515564,-0.03778582438826561,0.06609203666448593,-1.6455954313278198,0.00040900707244873047,1.0286954641342163
0,2497,0.5458927154541016,-0.24032878875732422,1.1988765001296997,-0.03610966354608536,0.06632452458143234,-1.6489942073822021,0.0005451440811157227,1.018947958946228
0,2498,0.5456373691558838,-0.24051128327846527,1.199006199836731,-0.03443143516778946,0.06656588613986969,-1.6523962020874023,0.0006833076477050781,1.0085244178771973
0,2499,0.5453776121139526,-0.24068811535835266,1.1991257667541504,-0.03276003897190094,0.06682483106851578,-1.655792474746704,0.0008115768432617188,1.0009287595748901
0,2500,0.545106828212738,-0.24084828794002533,1.199223518371582,-0.031102916225790977,0.06711147725582123,-1.6591731309890747,0.0009174346923828125,0.9993635416030884
0,2501,0.5448176264762878,-0.24098068475723267,1.1992862224578857,-0.02946743182837963,0.06743728369474411,-1.6625289916992188,0.0009868144989013672,1.00813627243042
0,2502,0.5445032119750977,-0.24107542634010315,1.1993019580841064,-0.027860794216394424,0.06781118363142014,-1.6658514738082886,0.0010073184967041016,1.0300261974334717
0,2503,0.5441597104072571,-0.24112679064273834,1.1992636919021606,-0.02628600411117077,0.06823931634426117,-1.6691359281539917,0.000971674919128418,1.0673454999923706
0,2504,0.5437874794006348,-0.24113547801971436,1.1991722583770752,-0.02474265918135643,0.06872057914733887,-1.672383427619934,0.0008808374404907227,1.1197751760482788
0,2505,0.5433912873268127,-0.2411084622144699,1.1990365982055664,-0.02322574146091938,0.06924697011709213,-1.6756001710891724,0.0007445812225341797,1.1849815845489502
0,2506,0.542978823184967,-0.24105678498744965,1.1988706588745117,-0.021727735176682472,0.0698065310716629,-1.678795337677002,0.0005775690078735352,1.2594319581985474
0,2507,0.5425587296485901,-0.2409924864768982,1.198689341545105,-0.02024003490805626,0.07038704305887222,-1.6819792985916138,0.00039565563201904297,1.337790608406067
0,2508,0.5421395897865295,-0.240927055478096,1.19850754737854,-0.018753236159682274,0.07097768038511276,-1.6851612329483032,0.00021445751190185547,1.4159597158432007
0,2509,0.5417303442955017,-0.24087144434452057,1.1983392238616943,-0.0172576867043972,0.07157085090875626,-1.6883530616760254,4.851818084716797e-05,1.489246129989624
0,2510,0.541340708732605,-0.24083667993545532,1.1981985569000244,-0.015743445605039597,0.07215965539216995,-1.6915642023086548,8.749961853027344e-05,1.5522994995117188
0,2511,0.5409803986549377,-0.2408338040113449,1.1980998516082764,-0.014199028722941875,0.07273795455694199,-1.69480562210083,0.00017905235290527344,1.5999773740768433
0,2512,0.5406572818756104,-0.24087128043174744,1.198054313659668,-0.012616707943379879,0.07330161333084106,-1.6980854272842407,0.0002148151397705078,1.6281064748764038
0,2513,0.5403742790222168,-0.24095256626605988,1.1980663537979126,-0.010992778465151787,0.07384981960058212,-1.7014068365097046,0.00019025802612304688,1.6353025436401367
0,2514,0.5401282906532288,-0.24107424914836884,1.1981315612792969,-0.009330078959465027,0.0743848979473114,-1.7047662734985352,0.00011038780212402344,1.6229296922683716
0,2515,0.5399110317230225,-0.24122734367847443,1.1982383728027344,-0.0076379370875656605,0.07491197437047958,-1.7081544399261475,1.2874603271484375e-05,1.595322847366333
0,2516,0.5397117137908936,-0.24140006303787231,1.198371171951294,-0.005927991587668657,0.07543814927339554,-1.7115600109100342,0.0001633167266845703,1.55833899974823
0,2517,0.539519190788269,-0.241580531001091,1.1985136270523071,-0.004211691673845053,0.07597123831510544,-1.7149708271026611,0.0003241300582885742,1.5174928903579712
0,2518,0.5393235087394714,-0.24175789952278137,1.1986504793167114,-0.0024989156518131495,0.07651887834072113,-1.718376636505127,0.00047957897186279297,1.4782993793487549
0,2519,0.5391147136688232,-0.24192184209823608,1.1987659931182861,-0.0007980176596902311,0.0770900771021843,-1.721767544746399,0.0006134510040283203,1.4452327489852905
0,2520,0.5388831496238708,-0.24206224083900452,1.1988439559936523,0.0008829348953440785,0.07769503444433212,-1.7251341342926025,0.00070953369140625,1.4236780405044556
0,2521,0.5386199355125427,-0.2421698421239853,1.1988697052001953,0.002536917570978403,0.0783436968922615,-1.7284685373306274,0.0007526874542236328,1.4180312156677246
0,2522,0.5383193492889404,-0.24223878979682922,1.1988333463668823,0.004159690346568823,0.07904157042503357,-1.7317649126052856,0.0007331371307373047,1.4308078289031982
0,2523,0.5379810333251953,-0.2422684133052826,1.198733925819397,0.005750744603574276,0.07978928834199905,-1.7350231409072876,0.0006500482559204102,1.4624618291854858
0,2524,0.5376101136207581,-0.24226391315460205,1.1985799074172974,0.007313903886824846,0.0805809274315834,-1.7382478713989258,0.000512242317199707,1.5105130672454834
0,2525,0.5372155904769897,-0.24223455786705017,1.1983866691589355,0.008855899795889854,0.08140582591295242,-1.7414488792419434,0.0003355741500854492,1.5703483819961548
0,2526,0.5368078947067261,-0.242190882563591,1.1981714963912964,0.010384684428572655,0.08225300163030624,-1.744634985923767,0.00013780593872070312,1.636857509613037
0,2527,0.5363969802856445,-0.24214310944080353,1.1979515552520752,0.01190875843167305,0.08311281353235245,-1.7478164434432983,6.365776062011719e-05,1.7046762704849243
0,2528,0.5359922051429749,-0.242100790143013,1.1977431774139404,0.01343680638819933,0.0839775875210762,-1.751003384590149,0.0002522468566894531,1.7694565057754517
0,2529,0.535602867603302,-0.2420734018087387,1.1975626945495605,0.014977498911321163,0.08484094589948654,-1.7542052268981934,0.00041174888610839844,1.8260633945465088
0,2530,0.5352383255958557,-0.24207046627998352,1.1974269151687622,0.016540683805942535,0.08569805324077606,-1.7574331760406494,0.0005252361297607422,1.8698019981384277
0,2531,0.5349060893058777,-0.24209995567798615,1.1973496675491333,0.018134240061044693,0.08654478937387466,-1.760695219039917,0.0005791187286376953,1.8967167139053345
0,2532,0.5346100926399231,-0.24216581881046295,1.1973376274108887,0.01976177841424942,0.08737996965646744,-1.7639957666397095,0.0005669593811035156,1.9048506021499634
0,2533,0.5343484282493591,-0.2422664314508438,1.1973881721496582,0.021421952173113823,0.08820494264364243,-1.767332673072815,0.0004914999008178711,1.895168423652649
0,2534,0.5341145396232605,-0.2423950731754303,1.1974890232086182,0.023107757791876793,0.08902357518672943,-1.770697832107544,0.00036513805389404297,1.870952844619751
0,2535,0.533898651599884,-0.24254195392131805,1.1976227760314941,0.024809403344988823,0.08984212577342987,-1.7740803956985474,0.0002053976058959961,1.8372819423675537
0,2536,0.5336908102035522,-0.24269700050354004,1.1977708339691162,0.026515860110521317,0.09066658467054367,-1.777469277381897,3.1113624572753906e-05,1.7992883920669556
0,2537,0.5334817171096802,-0.2428511530160904,1.1979159116744995,0.028218183666467667,0.09150346368551254,-1.7808537483215332,0.00014066696166992188,1.7619197368621826
0,2538,0.5332629084587097,-0.24299611151218414,1.19804048538208,0.029907964169979095,0.09236028045415878,-1.784225344657898,0.0002924203872680664,1.7290692329406738
0,2539,0.5330258011817932,-0.24312381446361542,1.1981269121170044,0.03157658502459526,0.09324558824300766,-1.787575125694275,0.00040662288665771484,1.7057090997695923
0,2540,0.5327624678611755,-0.2432267814874649,1.1981582641601562,0.033217038959264755,0.09416762739419937,-1.7908949851989746,0.0004665851593017578,1.6953518390655518
0,2541,0.5324673056602478,-0.24329960346221924,1.1981227397918701,0.034823570400476456,0.0951322615146637,-1.7941794395446777,0.00046050548553466797,1.7011137008666992
0,2542,0.532139003276825,-0.2433408498764038,1.1980167627334595,0.03639475628733635,0.09614095091819763,-1.7974271774291992,0.00038504600524902344,1.7234008312225342
0,2543,0.5317808985710144,-0.24335362017154694,1.1978480815887451,0.037933822721242905,0.0971890315413475,-1.8006417751312256,0.00024831295013427734,1.7611421346664429
0,2544,0.5314002633094788,-0.24334469437599182,1.197632074356079,0.0394475981593132,0.09826872497797012,-1.8038311004638672,6.54458999633789e-05,1.8096998929977417
0,2545,0.531005859375,-0.24332228302955627,1.197387456893921,0.04094451665878296,0.09937029331922531,-1.8070042133331299,0.00014460086822509766,1.8652957677841187
0,2546,0.5306062698364258,-0.24329440295696259,1.19713294506073,0.04243338480591774,0.10048482567071915,-1.81017005443573,0.00036334991455078125,1.9231534004211426
0,2547,0.5302090644836426,-0.24326860904693604,1.1968858242034912,0.04392242804169655,0.10160541534423828,-1.8133379220962524,0.0005736351013183594,1.9795188903808594
0,2548,0.5298215746879578,-0.24325227737426758,1.1966633796691895,0.045420434325933456,0.1027262955904007,-1.816517949104309,0.0007585287094116211,2.0303759574890137
0,2549,0.5294508934020996,-0.24325285851955414,1.196482539176941,0.04693673923611641,0.10384247452020645,-1.8197190761566162,0.0009011030197143555,2.072071075439453
0,2550,0.52910315990448,-0.243276908993721,1.196358561515808,0.04847913607954979,0.10495037585496902,-1.8229507207870483,0.0009866952896118164,2.101240634918213
0,2551,0.5287819504737854,-0.2433282434940338,1.1962999105453491,0.05005263164639473,0.1060476303100586,-1.826217532157898,0.0010068416595458984,2.116090774536133
0,2552,0.5284866690635681,-0.24340659379959106,1.196305751800537,0.05165662616491318,0.10713544487953186,-1.8295189142227173,0.0009627342224121094,2.1166458129882812
0,2553,0.5282130241394043,-0.24350734055042267,1.1963649988174438,0.053284816443920135,0.10821691900491714,-1.8328478336334229,0.0008653402328491211,2.1056137084960938
0,2554,0.5279541015625,-0.243623286485672,1.1964609622955322,0.05492852255702019,0.10929743945598602,-1.836194634437561,0.000731348991394043,2.086566209793091
0,2555,0.5277023911476135,-0.24374671280384064,1.1965746879577637,0.056577570736408234,0.11038250476121902,-1.8395483493804932,0.0005792379379272461,2.06345796585083
0,2556,0.52745121717453,-0.2438705712556839,1.1966887712478638,0.058221861720085144,0.11147737503051758,-1.842898964881897,0.00042629241943359375,2.039992094039917
0,2557,0.5271943211555481,-0.243988499045372,1.1967864036560059,0.05985357612371445,0.11258861422538757,-1.846238374710083,0.00028908252716064453,2.019357204437256
0,2558,0.5269256234169006,-0.24409449100494385,1.1968507766723633,0.0614636056125164,0.11372274905443192,-1.849557876586914,0.00018405914306640625,2.004962205886841
0,2559,0.5266393423080444,-0.24418288469314575,1.1968653202056885,0.06304413080215454,0.1148868054151535,-1.852850317955017,0.00012755393981933594,1.9998799562454224
0,2560,0.5263308882713318,-0.24424920976161957,1.1968169212341309,0.06458844989538193,0.1160859614610672,-1.8561097383499146,0.0001323223114013672,2.006523370742798
0,2561,0.5259986519813538,-0.2442917674779892,1.1967004537582397,0.06609395146369934,0.11732199043035507,-1.8593339920043945,0.00020313262939453125,2.0257437229156494
0,2562,0.5256443023681641,-0.24431212246418,1.1965211629867554,0.06756292283535004,0.11859232932329178,-1.8625258207321167,0.00033473968505859375,2.056427240371704
0,2563,0.5252726674079895,-0.24431483447551727,1.1962929964065552,0.0690024122595787,0.11989063024520874,-1.8656913042068481,0.0005134344100952148,2.0963916778564453
0,2564,0.5248901844024658,-0.2443060427904129,1.1960340738296509,0.07042117416858673,0.12120930105447769,-1.8688396215438843,0.0007213354110717773,2.141739845275879
0,2565,0.5245034694671631,-0.2442922294139862,1.195763111114502,0.07182836532592773,0.12254058569669724,-1.8719793558120728,0.0009400844573974609,2.189279556274414
0,2566,0.5241191983222961,-0.2442796379327774,1.1954983472824097,0.07323208451271057,0.12387847155332565,-1.8751188516616821,0.0011518001556396484,2.2351958751678467
0,2567,0.5237440466880798,-0.24427486956119537,1.1952574253082275,0.07463981211185455,0.1252177655696869,-1.8782672882080078,0.0013393163681030273,2.2764947414398193
0,2568,0.5233851671218872,-0.24428477883338928,1.1950589418411255,0.0760590061545372,0.1265537440776825,-1.8814338445663452,0.0014847517013549805,2.3092732429504395
0,2569,0.5230492949485779,-0.24431569874286652,1.1949200630187988,0.07749667763710022,0.1278829574584961,-1.8846266269683838,0.0015714168548583984,2.330533742904663
0,2570,0.5227407813072205,-0.24437187612056732,1.1948518753051758,0.07895691692829132,0.12920312583446503,-1.8878517150878906,0.0015888214111328125,2.3378288745880127
0,2571,0.5224600434303284,-0.24445389211177826,1.194854974746704,0.08043944090604782,0.13051484525203705,-1.8911086320877075,0.0015366077423095703,2.331289529800415
0,2572,0.5222033262252808,-0.24455828964710236,1.1949198246002197,0.08194079995155334,0.13182032108306885,-1.8943928480148315,0.001423954963684082,2.3126609325408936
0,2573,0.5219637751579285,-0.24467867612838745,1.195029377937317,0.08345431089401245,0.13312406837940216,-1.8976951837539673,0.0012676715850830078,2.2854185104370117
0,2574,0.5217335820198059,-0.24480776488780975,1.1951632499694824,0.0849718376994133,0.13443073630332947,-1.9010061025619507,0.0010874271392822266,2.253596067428589
0,2575,0.5215054154396057,-0.2449387013912201,1.1953022480010986,0.0864856019616127,0.13574476540088654,-1.9043158292770386,0.0009016990661621094,2.2204368114471436
0,2576,0.5212723612785339,-0.24506519734859467,1.1954282522201538,0.08798840641975403,0.13707099854946136,-1.9076167345046997,0.0007282495498657227,2.1897265911102295
0,2577,0.521027684211731,-0.24518127739429474,1.195522665977478,0.08947305381298065,0.13841430842876434,-1.9109011888504028,0.000584721565246582,2.164736032485962
0,2578,0.5207645893096924,-0.24528096616268158,1.19556725025177,0.090932197868824,0.13977988064289093,-1.9141613245010376,0.0004889965057373047,2.148491621017456
0,2579,0.5204775333404541,-0.24535931646823883,1.1955465078353882,0.0923595130443573,0.14117182791233063,-1.917392373085022,0.00045561790466308594,2.1439321041107178
0,2580,0.5201638340950012,-0.24541379511356354,1.1954528093338013,0.0937519297003746,0.14259226620197296,-1.920591115951538,0.000492095947265625,2.152041435241699
0,2581,0.5198246836662292,-0.24544541537761688,1.1952894926071167,0.09511063247919083,0.14403963088989258,-1.92375910282135,0.0005949735641479492,2.1724977493286133
0,2582,0.5194647908210754,-0.24545824527740479,1.1950699090957642,0.09644116461277008,0.14550970494747162,-1.9269015789031982,0.0007511377334594727,2.202648401260376
0,2583,0.5190912485122681,-0.24545824527740479,1.1948133707046509,0.09775105863809586,0.14699676632881165,-1.9300264120101929,0.0009421110153198242,2.239220142364502
0,2584,0.518711268901825,-0.245451882481575,1.1945397853851318,0.09904816001653671,0.14849528670310974,-1.9331415891647339,0.0011483430862426758,2.278557062149048
0,2585,0.5183317065238953,-0.24544528126716614,1.1942681074142456,0.10033980756998062,0.14999982714653015,-1.9362542629241943,0.0013518333435058594,2.3173954486846924
0,2586,0.5179588794708252,-0.24544435739517212,1.194015383720398,0.10163182765245438,0.15150603652000427,-1.939372181892395,0.001536250114440918,2.352600574493408
0,2587,0.5175992250442505,-0.24545538425445557,1.1937991380691528,0.10293029248714447,0.15301023423671722,-1.9425032138824463,0.0016846656799316406,2.3812122344970703
0,2588,0.5172588229179382,-0.24548426270484924,1.1936354637145996,0.10424036532640457,0.15450873970985413,-1.9456547498703003,0.0017818212509155273,2.4002878665924072
0,2589,0.5169419646263123,-0.24553528428077698,1.1935360431671143,0.10556610673666,0.15599872171878815,-1.9488316774368286,0.0018166303634643555,2.4078595638275146
0,2590,0.5166496634483337,-0.24560965597629547,1.1935038566589355,0.1069083958864212,0.15748043358325958,-1.9520351886749268,0.0017864704132080078,2.4035472869873047
0,2591,0.5163794159889221,-0.24570494890213013,1.19353187084198,0.10826471447944641,0.15895549952983856,-1.9552621841430664,0.0016980171203613281,2.388434886932373
0,2592,0.5161257386207581,-0.2458159476518631,1.1936050653457642,0.109630286693573,0.16042737662792206,-1.9585055112838745,0.0015659332275390625,2.3654608726501465
0,2593,0.5158818364143372,-0.24593624472618103,1.1937052011489868,0.11099886149168015,0.16190065443515778,-1.961756944656372,0.001407623291015625,2.3376612663269043
0,2594,0.5156413912773132,-0.2460595667362213,1.1938145160675049,0.1123640388250351,0.16337896883487701,-1.9650092124938965,0.0012401342391967773,2.308171272277832
0,2595,0.5153984427452087,-0.24618034064769745,1.193915843963623,0.11372042447328568,0.16486598551273346,-1.9682549238204956,0.0010797977447509766,2.2798449993133545
0,2596,0.51514732837677,-0.24629323184490204,1.1939927339553833,0.1150619387626648,0.1663649082183838,-1.97148859500885,0.0009425878524780273,2.2551589012145996
0,2597,0.5148824453353882,-0.24639315903186798,1.1940280199050903,0.11638215184211731,0.16787900030612946,-1.9747040271759033,0.0008445978164672852,2.2370340824127197
0,2598,0.5145990252494812,-0.24647562205791473,1.1940068006515503,0.11767639219760895,0.1694113314151764,-1.9778969287872314,0.0008002519607543945,2.227389335632324
0,2599,0.5142942667007446,-0.24653790891170502,1.1939207315444946,0.11894100904464722,0.17096267640590668,-1.9810646772384644,0.000817418098449707,2.2276527881622314
0,2600,0.5139684677124023,-0.24658024311065674,1.1937702894210815,0.12017621845006943,0.1725330501794815,-1.9842077493667603,0.0008955001831054688,2.237471342086792
0,2601,0.5136250853538513,-0.24660563468933105,1.1935666799545288,0.12138623744249344,0.1741199493408203,-1.9873299598693848,0.0010236501693725586,2.2552454471588135
0,2602,0.5132693648338318,-0.24661901593208313,1.1933261156082153,0.12257692962884903,0.17571976780891418,-1.9904366731643677,0.001186370849609375,2.278557062149048
0,2603,0.5129068493843079,-0.24662557244300842,1.1930668354034424,0.12375465035438538,0.17732876539230347,-1.9935334920883179,0.0013659000396728516,2.3045220375061035
0,2604,0.5125422477722168,-0.2466300129890442,1.1928048133850098,0.1249249279499054,0.1789441555738449,-1.9966269731521606,0.001547098159790039,2.3311214447021484
0,2605,0.512179434299469,-0.24663667380809784,1.1925543546676636,0.126092329621315,0.18056192994117737,-1.9997212886810303,0.001716017723083496,2.3562583923339844
0,2606,0.511821448802948,-0.24664951860904694,1.1923291683197021,0.12726104259490967,0.18217946588993073,-2.0028223991394043,0.0018593072891235352,2.378333806991577
0,2607,0.5114710330963135,-0.24667231738567352,1.1921418905258179,0.12843456864356995,0.1837937831878662,-2.0059354305267334,0.0019648075103759766,2.395798683166504
0,2608,0.5111302733421326,-0.2467079758644104,1.192002296447754,0.12961584329605103,0.18540255725383759,-2.009063959121704,0.002022862434387207,2.407534122467041
0,2609,0.5107998251914978,-0.24675767123699188,1.1919142007827759,0.13080595433712006,0.18700531125068665,-2.012209415435791,0.002029895782470703,2.413299560546875
0,2610,0.5104789137840271,-0.24682042002677917,1.1918736696243286,0.13200360536575317,0.18860287964344025,-2.0153706073760986,0.00198972225189209,2.413461685180664
0,2611,0.5101655721664429,-0.2468932569026947,1.191870093345642,0.13320551812648773,0.1901978850364685,-2.018543004989624,0.0019129514694213867,2.409078359603882
0,2612,0.5098571181297302,-0.24697242677211761,1.1918898820877075,0.13440844416618347,0.19179333746433258,-2.021721124649048,0.0018126964569091797,2.4016735553741455
0,2613,0.5095513463020325,-0.24705439805984497,1.1919190883636475,0.13560791313648224,0.19339197874069214,-2.024899959564209,0.0017027854919433594,2.3928558826446533
0,2614,0.5092465281486511,-0.24713635444641113,1.19194495677948,0.13680021464824677,0.19499583542346954,-2.0280752182006836,0.0015957355499267578,2.3833484649658203
0,2615,0.5089418292045593,-0.24721631407737732,1.1919550895690918,0.13798166811466217,0.1966063380241394,-2.031243324279785,0.001504063606262207,2.3742153644561768
0,2616,0.5086367726325989,-0.24729275703430176,1.1919372081756592,0.13914819061756134,0.19822384417057037,-2.034402847290039,0.0014399290084838867,2.365626335144043
0,2617,0.5083314180374146,-0.24736453592777252,1.1918803453445435,0.14029665291309357,0.19984906911849976,-2.037550449371338,0.0014145374298095703,2.3583343029022217
0,2618,0.5080258250236511,-0.24743099510669708,1.1917773485183716,0.14142464101314545,0.20148198306560516,-2.0406856536865234,0.001434922218322754,2.352351188659668
0,2619,0.5077198147773743,-0.2474920153617859,1.1916277408599854,0.14253252744674683,0.20312219858169556,-2.0438084602355957,0.0015017986297607422,2.3477704524993896
0,2620,0.507413387298584,-0.2475481927394867,1.1914379596710205,0.14362213015556335,0.2047698199748993,-2.046919822692871,0.0016083717346191406,2.3443500995635986
0,2621,0.5071064233779907,-0.24760057032108307,1.1912192106246948,0.1446961760520935,0.20642350614070892,-2.0500221252441406,0.0017435550689697266,2.3417603969573975
0,2622,0.5067986249923706,-0.2476501166820526,1.1909843683242798,0.1457580327987671,0.20808330178260803,-2.0531177520751953,0.001894235610961914,2.3400044441223145
0,2623,0.5064895749092102,-0.24769768118858337,1.1907460689544678,0.14681051671504974,0.20974862575531006,-2.056209087371826,0.0020475387573242188,2.338665723800659
0,2624,0.5061782598495483,-0.24774381518363953,1.1905161142349243,0.14785431325435638,0.21141837537288666,-2.0592973232269287,0.0021914243698120117,2.337744951248169
0,2625,0.5058633685112,-0.247788667678833,1.1903061866760254,0.14888955652713776,0.21309201419353485,-2.0623836517333984,0.002313852310180664,2.3376612663269043
0,2626,0.5055432915687561,-0.2478322833776474,1.190127968788147,0.14991481602191925,0.21476823091506958,-2.065469980239868,0.0024025440216064453,2.3388330936431885
0,2627,0.5052165985107422,-0.2478746473789215,1.1899909973144531,0.150928795337677,0.21644632518291473,-2.0685572624206543,0.0024476051330566406,2.3415095806121826
0,2628,0.5048825144767761,-0.24791575968265533,1.189900279045105,0.15193095803260803,0.21812592446804047,-2.071645736694336,0.0024439096450805664,2.3460192680358887
0,2629,0.5045415163040161,-0.24795566499233246,1.1898534297943115,0.15292158722877502,0.2198067307472229,-2.074735403060913,0.0023937225341796875,2.352018117904663
0,2630,0.5041951537132263,-0.2479945570230484,1.1898421049118042,0.15390168130397797,0.22148960828781128,-2.0778250694274902,0.0023058652877807617,2.359163999557495
0,2631,0.5038456320762634,-0.24803286790847778,1.1898537874221802,0.15487271547317505,0.22317498922348022,-2.080914258956909,0.0021933317184448242,2.3667843341827393
0,2632,0.5034956932067871,-0.24807149171829224,1.1898757219314575,0.15583649277687073,0.2248634248971939,-2.0840022563934326,0.002069711685180664,2.3740506172180176
0,2633,0.5031487941741943,-0.24811208248138428,1.1898961067199707,0.15679478645324707,0.22655391693115234,-2.0870890617370605,0.0019474029541015625,2.379814624786377
0,2634,0.5028093457221985,-0.24815742671489716,1.1899038553237915,0.1577494740486145,0.22824455797672272,-2.0901753902435303,0.00183868408203125,2.3826093673706055
0,2635,0.5024827718734741,-0.24821139872074127,1.1898876428604126,0.1587027609348297,0.22993232309818268,-2.093263626098633,0.0017561912536621094,2.3806369304656982
0,2636,0.5021746754646301,-0.24827808141708374,1.1898374557495117,0.15965653955936432,0.23161399364471436,-2.09635591506958,0.0017112493515014648,2.371493339538574
0,2637,0.501889169216156,-0.2483605295419693,1.1897456645965576,0.16061246395111084,0.23328685760498047,-2.0994534492492676,0.0017123222351074219,2.3543472290039062
0,2638,0.5016270875930786,-0.24845969676971436,1.189610481262207,0.16157053411006927,0.2349502444267273,-2.1025571823120117,0.001761794090270996,2.328601360321045
0,2639,0.5013858675956726,-0.24857370555400848,1.189436674118042,0.16252996027469635,0.23660580813884735,-2.105665683746338,0.0018541812896728516,2.2953312397003174
0,2640,0.5011599063873291,-0.24869857728481293,1.1892340183258057,0.16348910331726074,0.23825722932815552,-2.1087772846221924,0.001978635787963867,2.256546974182129
0,2641,0.5009422302246094,-0.24882915616035461,1.1890140771865845,0.16444450616836548,0.23990768194198608,-2.111889123916626,0.0021218061447143555,2.2150533199310303
0,2642,0.5007254481315613,-0.24895982444286346,1.1887881755828857,0.16539283096790314,0.2415613830089569,-2.1149978637695312,0.002270936965942383,2.1732184886932373
0,2643,0.5005013942718506,-0.24908457696437836,1.18856680393219,0.1663295477628708,0.24322135746479034,-2.118100166320801,0.002413630485534668,2.134050130844116
0,2644,0.5002608895301819,-0.2491963505744934,1.1883594989776611,0.1672486811876297,0.24489028751850128,-2.121192455291748,0.002537965774536133,2.100961208343506
0,2645,0.4999937415122986,-0.24928732216358185,1.188175916671753,0.16814284026622772,0.24657073616981506,-2.124269962310791,0.0026320219039916992,2.0773537158966064
0,2646,0.4996907413005829,-0.24935033917427063,1.1880242824554443,0.1690053790807724,0.24826453626155853,-2.1273293495178223,0.0026851892471313477,2.066490650177002
0,2647,0.499346524477005,-0.24938103556632996,1.1879090070724487,0.16983214020729065,0.24997292459011078,-2.1303677558898926,0.00269162654876709,2.0699920654296875
0,2648,0.4989619553089142,-0.24937991797924042,1.187829613685608,0.1706240028142929,0.25169506669044495,-2.1333858966827393,0.0026519298553466797,2.087597608566284
0,2649,0.4985440671443939,-0.24935217201709747,1.1877795457839966,0.17138561606407166,0.25342920422554016,-2.1363868713378906,0.002573847770690918,2.1167383193969727
0,2650,0.49810370802879333,-0.2493060976266861,1.1877492666244507,0.17212426662445068,0.2551717162132263,-2.1393752098083496,0.0024695396423339844,2.153768539428711
0,2651,0.49765321612358093,-0.24925130605697632,1.1877286434173584,0.17284910380840302,0.2569196820259094,-2.142357349395752,0.0023518800735473633,2.194012403488159
0,2652,0.4972046911716461,-0.24919761717319489,1.1877079010009766,0.17356762290000916,0.2586681842803955,-2.145338535308838,0.0022336244583129883,2.2331809997558594
0,2653,0.49677056074142456,-0.24915552139282227,1.1876780986785889,0.17428742349147797,0.26041126251220703,-2.1483254432678223,0.0021266937255859375,2.266672134399414
0,2654,0.4963642954826355,-0.24913674592971802,1.187630534172058,0.1750159114599228,0.26214179396629333,-2.151325225830078,0.0020433664321899414,2.2896108627319336
0,2655,0.4959995150566101,-0.24915337562561035,1.1875566244125366,0.17576083540916443,0.26385176181793213,-2.1543452739715576,0.0019958019256591797,2.2969508171081543
0,2656,0.4956868290901184,-0.24921509623527527,1.1874499320983887,0.17652803659439087,0.2655349373817444,-2.1573915481567383,0.0019932985305786133,2.2845618724823
0,2657,0.4954301714897156,-0.24932578206062317,1.1873080730438232,0.17731983959674835,0.2671889364719391,-2.1604666709899902,0.002039670944213867,2.2515106201171875
0,2658,0.4952252209186554,-0.24948178231716156,1.1871339082717896,0.17813360691070557,0.2688167691230774,-2.1635680198669434,0.002130866050720215,2.1992692947387695
0,2659,0.49506011605262756,-0.24967296421527863,1.1869349479675293,0.17896337807178497,0.27042528986930847,-2.1666884422302246,0.00225675106048584,2.1323986053466797
0,2660,0.49491938948631287,-0.24988576769828796,1.186720371246338,0.17980057001113892,0.27202343940734863,-2.1698203086853027,0.0024040937423706055,2.05680775642395
0,2661,0.49478697776794434,-0.25010597705841064,1.1864997148513794,0.18063540756702423,0.27362048625946045,-2.1729536056518555,0.0025593042373657227,1.9786291122436523
0,2662,0.4946472942829132,-0.2503197491168976,1.186281442642212,0.18145820498466492,0.2752240300178528,-2.176079750061035,0.002710103988647461,1.9033089876174927
0,2663,0.49448442459106445,-0.2505129277706146,1.1860729455947876,0.1822572946548462,0.27684086561203003,-2.1791889667510986,0.0028449296951293945,1.8369624614715576
0,2664,0.4942818582057953,-0.25067052245140076,1.185882329940796,0.18302084505558014,0.2784777283668518,-2.1822710037231445,0.002951502799987793,1.7850927114486694
0,2665,0.49402421712875366,-0.2507787346839905,1.185715913772583,0.18373727798461914,0.28013941645622253,-2.1853160858154297,0.003019571304321289,1.7531230449676514
0,2666,0.4937017261981964,-0.2508285343647003,1.1855778694152832,0.18439850211143494,0.28182944655418396,-2.1883187294006348,0.0030421018600463867,1.7443941831588745
0,2667,0.49331367015838623,-0.2508188486099243,1.185468077659607,0.18500353395938873,0.2835473418235779,-2.1912782192230225,0.0030188560485839844,1.759029507637024
0,2668,0.49286922812461853,-0.25075751543045044,1.1853824853897095,0.18555933237075806,0.28528934717178345,-2.1942009925842285,0.0029556751251220703,1.7935144901275635
0,2669,0.49238455295562744,-0.25065878033638,1.1853139400482178,0.18607832491397858,0.28704914450645447,-2.197096824645996,0.002863764762878418,1.8427064418792725
0,2670,0.4918781518936157,-0.25053924322128296,1.1852543354034424,0.18657401204109192,0.28881874680519104,-2.199977159500122,0.00275576114654541,1.8996037244796753
0,2671,0.49136796593666077,-0.2504153251647949,1.1851955652236938,0.18705914914608002,0.2905900776386261,-2.2028539180755615,0.0026443004608154297,1.9575474262237549
0,2672,0.4908711910247803,-0.25030314922332764,1.1851308345794678,0.18754592537879944,0.29235363006591797,-2.2057387828826904,0.0025409460067749023,2.0103237628936768
0,2673,0.4904053509235382,-0.2502197027206421,1.1850528717041016,0.18804647028446198,0.2940984070301056,-2.208643913269043,0.002457857131958008,2.051377058029175
0,2674,0.4899881184101105,-0.2501823306083679,1.1849545240402222,0.18857146799564362,0.2958123981952667,-2.2115814685821533,0.0024071931838989258,2.0738649368286133
0,2675,0.48963427543640137,-0.2502058446407318,1.184829831123352,0.18913081288337708,0.2974855303764343,-2.21456241607666,0.0023995637893676758,2.07244873046875
0,2676,0.4893508851528168,-0.2502976655960083,1.1846762895584106,0.1897292137145996,0.2991127669811249,-2.2175917625427246,0.0024396181106567383,2.044400691986084
0,2677,0.48913446068763733,-0.25045475363731384,1.1844955682754517,0.1903645396232605,0.30069684982299805,-2.2206671237945557,0.0025249719619750977,1.9913477897644043
0,2678,0.4889717102050781,-0.25066444277763367,1.1842930316925049,0.1910286396741867,0.30224698781967163,-2.22377872467041,0.002646803855895996,1.9180585145950317
0,2679,0.48884373903274536,-0.25090840458869934,1.1840763092041016,0.1917092651128769,0.3037768006324768,-2.2269132137298584,0.0027922391891479492,1.8319483995437622
0,2680,0.4887308180332184,-0.2511674165725708,1.1838535070419312,0.19239334762096405,0.30529963970184326,-2.230056047439575,0.002947568893432617,1.740463137626648
0,2681,0.4886148273944855,-0.25142353773117065,1.1836313009262085,0.19306758046150208,0.30682703852653503,-2.2331931591033936,0.0031011104583740234,1.6501935720443726
0,2682,0.4884786009788513,-0.25165966153144836,1.1834161281585693,0.19371803104877472,0.3083690106868744,-2.2363109588623047,0.0032417774200439453,1.5682283639907837
0,2683,0.48830491304397583,-0.2518586814403534,1.183213710784912,0.1943299025297165,0.3099350035190582,-2.2393946647644043,0.003359079360961914,1.5002435445785522
0,2684,0.48807772994041443,-0.2520044445991516,1.1830296516418457,0.19488918781280518,0.3115328550338745,-2.2424304485321045,0.0034427642822265625,1.4526609182357788
0,2685,0.48778584599494934,-0.2520853281021118,1.1828677654266357,0.1953856199979782,0.3131680190563202,-2.245408535003662,0.0034859180450439453,1.4291657209396362
0,2686,0.4874265491962433,-0.25209832191467285,1.1827284097671509,0.1958160698413849,0.3148413598537445,-2.2483267784118652,0.003487110137939453,1.4306710958480835
0,2687,0.48700714111328125,-0.2520502805709839,1.182608962059021,0.19618655741214752,0.316548228263855,-2.2511911392211914,0.003450751304626465,1.4545456171035767
0,2688,0.4865427017211914,-0.251956045627594,1.1825040578842163,0.19651047885417938,0.3182806968688965,-2.2540156841278076,0.0033860206604003906,1.4954094886779785
0,2689,0.48605161905288696,-0.25183382630348206,1.1824074983596802,0.19680407643318176,0.3200283348560333,-2.2568156719207764,0.003304004669189453,1.5459831953048706
0,2690,0.485551655292511,-0.2517017126083374,1.1823128461837769,0.1970825493335724,0.321780264377594,-2.2596075534820557,0.0032161474227905273,1.5998550653457642
0,2691,0.48505929112434387,-0.2515767216682434,1.1822142601013184,0.19735968112945557,0.32352545857429504,-2.262406349182129,0.003133058547973633,1.650549292564392
0,2692,0.48459044098854065,-0.251475989818573,1.1821060180664062,0.19764848053455353,0.325250506401062,-2.2652266025543213,0.0030651092529296875,1.691885232925415
0,2693,0.484160840511322,-0.2514168322086334,1.1819819211959839,0.1979609578847885,0.3269413113594055,-2.26808500289917,0.003023386001586914,1.717371940612793
0,2694,0.4837842583656311,-0.25141456723213196,1.1818372011184692,0.19830787181854248,0.3285853862762451,-2.27099347114563,0.003016948699951172,1.7222650051116943
0,2695,0.4834684133529663,-0.25147807598114014,1.181668758392334,0.19869540631771088,0.3301754593849182,-2.273961067199707,0.0030515193939208984,1.7034128904342651
0,2696,0.48321205377578735,-0.25160646438598633,1.181477427482605,0.19912271201610565,0.33171236515045166,-2.2769861221313477,0.0031262636184692383,1.660832405090332
0,2697,0.48300501704216003,-0.2517888844013214,1.1812671422958374,0.19958265125751495,0.33320698142051697,-2.2800588607788086,0.0032341480255126953,1.5991209745407104
0,2698,0.48283156752586365,-0.2520083487033844,1.1810439825057983,0.20006264746189117,0.33467286825180054,-2.283163547515869,0.00336456298828125,1.5243124961853027
0,2699,0.482674777507782,-0.252246230840683,1.1808143854141235,0.20054958760738373,0.3361258804798126,-2.286282539367676,0.0035060644149780273,1.443064570426941
0,2700,0.48251935839653015,-0.25248557329177856,1.1805840730667114,0.20102998614311218,0.33758029341697693,-2.289400339126587,0.00364840030670166,1.3611375093460083
0,2701,0.48235154151916504,-0.2527109980583191,1.1803580522537231,0.201490119099617,0.33904722332954407,-2.2925004959106445,0.003782510757446289,1.2845087051391602
0,2702,0.48215821385383606,-0.25290772318840027,1.1801410913467407,0.2019159197807312,0.3405371606349945,-2.2955667972564697,0.003899693489074707,1.2182040214538574
0,2703,0.48192691802978516,-0.25306159257888794,1.1799373626708984,0.20229318737983704,0.3420596420764923,-2.2985832691192627,0.003991961479187012,1.1673458814620972
0,2704,0.48164820671081543,-0.2531616687774658,1.1797503232955933,0.20261038839817047,0.343621164560318,-2.30153751373291,0.004053235054016113,1.1360831260681152
0,2705,0.4813186526298523,-0.2532036006450653,1.1795806884765625,0.20286311209201813,0.3452241122722626,-2.30442476272583,0.004081368446350098,1.1255271434783936
0,2706,0.4809422194957733,-0.25319167971611023,1.1794272661209106,0.20305535197257996,0.3468649685382843,-2.307250499725342,0.0040787458419799805,1.134359359741211
0,2707,0.4805293083190918,-0.25313737988471985,1.1792861223220825,0.2031993418931961,0.3485350012779236,-2.310028076171875,0.0040520429611206055,1.157751441001892
0,2708,0.4800935685634613,-0.25305598974227905,1.1791523694992065,0.20331020653247833,0.3502236008644104,-2.312774896621704,0.0040100812911987305,1.1905829906463623
0,2709,0.4796483516693115,-0.25296294689178467,1.179020881652832,0.20340272784233093,0.35191893577575684,-2.315509557723999,0.003962039947509766,1.2270070314407349
0,2710,0.4792056977748871,-0.252872496843338,1.178887128829956,0.2034905105829239,0.3536092936992645,-2.3182477951049805,0.003915905952453613,1.2619154453277588
0,2711,0.4787766635417938,-0.2527981400489807,1.1787468194961548,0.2035849541425705,0.35528191924095154,-2.32100510597229,0.003879547119140625,1.2907397747039795
0,2712,0.47837191820144653,-0.25275328755378723,1.1785950660705566,0.20369653403759003,0.356923371553421,-2.3237967491149902,0.003861069679260254,1.3091052770614624
0,2713,0.47800084948539734,-0.25275012850761414,1.1784276962280273,0.20383407175540924,0.3585207760334015,-2.3266358375549316,0.003867626190185547,1.313135027885437
0,2714,0.47766929864883423,-0.2527964413166046,1.1782420873641968,0.204003244638443,0.36006563901901245,-2.329531669616699,0.003903985023498535,1.3007073402404785
0,2715,0.47737765312194824,-0.2528930604457855,1.178038239479065,0.2042050063610077,0.361557275056839,-2.332484483718872,0.003970146179199219,1.2713396549224854
0,2716,0.4771203100681305,-0.2530331611633301,1.1778186559677124,0.20443417131900787,0.3630037009716034,-2.33548641204834,0.004062294960021973,1.2274852991104126
0,2717,0.4768875241279602,-0.25320449471473694,1.1775877475738525,0.2046813815832138,0.3644183278083801,-2.3385236263275146,0.004172801971435547,1.1731982231140137
0,2718,0.4766683876514435,-0.25339314341545105,1.177350401878357,0.2049359381198883,0.36581605672836304,-2.3415794372558594,0.004293680191040039,1.113817811012268
0,2719,0.47645270824432373,-0.2535860538482666,1.177111268043518,0.2051866501569748,0.3672104477882385,-2.3446385860443115,0.004417061805725098,1.052762508392334
0,2720,0.47623154520988464,-0.25377169251441956,1.1768742799758911,0.20542241632938385,0.36861321330070496,-2.3476853370666504,0.004536271095275879,0.994653046131134
0,2721,0.47599655389785767,-0.253939151763916,1.176642656326294,0.20563119649887085,0.37003427743911743,-2.3507044315338135,0.0046454668045043945,0.9429457783699036
0,2722,0.4757397770881653,-0.2540779113769531,1.176419973373413,0.2058001607656479,0.3714827597141266,-2.3536806106567383,0.004738807678222656,0.9013548493385315
0,2723,0.47545483708381653,-0.25417929887771606,1.176208734512329,0.20591899752616882,0.3729660212993622,-2.356599807739258,0.004811525344848633,0.8726764917373657
0,2724,0.4751386046409607,-0.254239022731781,1.1760098934173584,0.20598146319389343,0.3744870722293854,-2.3594565391540527,0.0048618316650390625,0.8579779267311096
0,2725,0.4747926592826843,-0.254258930683136,1.1758229732513428,0.20598995685577393,0.3760437071323395,-2.362253189086914,0.00489044189453125,0.8568368554115295
0,2726,0.4744229018688202,-0.2542465627193451,1.175645351409912,0.20595349371433258,0.377628892660141,-2.365001678466797,0.004901766777038574,0.8661494851112366
0,2727,0.4740374684333801,-0.2542126476764679,1.175473690032959,0.20588524639606476,0.37923282384872437,-2.3677186965942383,0.0049016475677490234,0.8824873566627502
0,2728,0.4736447334289551,-0.25416824221611023,1.1753044128417969,0.20579829812049866,0.38084477186203003,-2.3704206943511963,0.0048961639404296875,0.9015719294548035
0,2729,0.4732521176338196,-0.25412359833717346,1.175134301185608,0.20570366084575653,0.38245412707328796,-2.3731231689453125,0.0048906803131103516,0.9204735159873962
0,2730,0.47286614775657654,-0.25408801436424255,1.1749598979949951,0.20561042428016663,0.38405001163482666,-2.3758389949798584,0.004890918731689453,0.936072587966919
0,2731,0.47249290347099304,-0.2540706992149353,1.1747783422470093,0.20552639663219452,0.38562101125717163,-2.3785808086395264,0.004901409149169922,0.945432722568512
0,2732,0.4721379578113556,-0.2540801465511322,1.174586296081543,0.2054579108953476,0.38715535402297974,-2.381359815597534,0.004927396774291992,0.9472936391830444
0,2733,0.47180506587028503,-0.2541223168373108,1.1743816137313843,0.20540910959243774,0.3886450231075287,-2.3841843605041504,0.004972219467163086,0.9392030239105225
0,2734,0.4714951515197754,-0.2541988492012024,1.174163818359375,0.20538166165351868,0.3900879919528961,-2.3870556354522705,0.005036592483520508,0.9217480421066284
0,2735,0.4712056517601013,-0.2543061375617981,1.1739343404769897,0.20537279546260834,0.3914892077445984,-2.3899693489074707,0.0051184892654418945,0.8954741358757019
0,2736,0.4709315001964569,-0.25443652272224426,1.1736961603164673,0.2053767442703247,0.3928595185279846,-2.392914295196533,0.005213499069213867,0.8632075786590576
0,2737,0.47066640853881836,-0.254580557346344,1.1734527349472046,0.20538592338562012,0.39421170949935913,-2.395878314971924,0.005316019058227539,0.8277983069419861
0,2738,0.4704044759273529,-0.2547292709350586,1.1732069253921509,0.20539222657680511,0.3955574631690979,-2.398847818374634,0.0054215192794799805,0.7922884225845337
0,2739,0.47014057636260986,-0.25487473607063293,1.172961711883545,0.20538738369941711,0.3969067335128784,-2.401811122894287,0.005525469779968262,0.7584719061851501
0,2740,0.4698699116706848,-0.25500956177711487,1.172719120979309,0.2053624987602234,0.3982681930065155,-2.404754400253296,0.005624294281005859,0.7287364602088928
0,2741,0.4695880115032196,-0.25512683391571045,1.1724812984466553,0.2053074836730957,0.39964917302131653,-2.407665491104126,0.00571441650390625,0.7052663564682007
0,2742,0.46929100155830383,-0.255220502614975,1.1722499132156372,0.20521332323551178,0.40105557441711426,-2.410532236099243,0.005793094635009766,0.6884182095527649
0,2743,0.468976765871048,-0.2552871108055115,1.1720257997512817,0.2050745189189911,0.4024907946586609,-2.4133481979370117,0.005858659744262695,0.6795496940612793
0,2744,0.4686456620693207,-0.25532710552215576,1.1718086004257202,0.2048913687467575,0.4039539396762848,-2.416114330291748,0.005911707878112793,0.6772422194480896
0,2745,0.46830055117607117,-0.2553447484970093,1.1715972423553467,0.20466983318328857,0.4054400324821472,-2.4188392162323,0.00595402717590332,0.6809878945350647
0,2746,0.4679458737373352,-0.25534677505493164,1.1713895797729492,0.20441985130310059,0.40694162249565125,-2.4215357303619385,0.00598907470703125,0.6878494620323181
0,2747,0.46758633852005005,-0.25534045696258545,1.171183705329895,0.2041522115468979,0.4084506630897522,-2.424217700958252,0.006020307540893555,0.6966123580932617
0,2748,0.4672260284423828,-0.2553325891494751,1.1709778308868408,0.2038758099079132,0.40995919704437256,-2.4268970489501953,0.006050705909729004,0.7049888968467712
0,2749,0.4668685793876648,-0.2553292214870453,1.1707699298858643,0.2035967856645584,0.41145867109298706,-2.429584503173828,0.006083369255065918,0.7121688723564148
0,2750,0.46651744842529297,-0.25533634424209595,1.1705584526062012,0.20332053303718567,0.41294050216674805,-2.432288885116577,0.006120920181274414,0.7170974612236023
0,2751,0.4661756753921509,-0.2553597092628479,1.1703414916992188,0.20305117964744568,0.4143953323364258,-2.4350180625915527,0.006166338920593262,0.7190049886703491
0,2752,0.46584564447402954,-0.2554037868976593,1.1701174974441528,0.20279166102409363,0.41581618785858154,-2.4377784729003906,0.006221652030944824,0.7165514826774597
0,2753,0.4655281901359558,-0.25547024607658386,1.1698862314224243,0.20254310965538025,0.4172002375125885,-2.4405722618103027,0.006287574768066406,0.710793673992157
0,2754,0.4652222692966461,-0.25555747747421265,1.1696480512619019,0.20230479538440704,0.4185502529144287,-2.443397045135498,0.006363391876220703,0.7019290924072266
0,2755,0.4649253189563751,-0.25566089153289795,1.1694047451019287,0.20207327604293823,0.4198734164237976,-2.4462456703186035,0.0064465999603271484,0.6921034455299377
0,2756,0.464633971452713,-0.25577425956726074,1.1691577434539795,0.20184384286403656,0.42118018865585327,-2.4491095542907715,0.006534695625305176,0.6809878945350647
0,2757,0.46434491872787476,-0.2558916509151459,1.1689091920852661,0.20161154866218567,0.4224790334701538,-2.451979398727417,0.006624579429626465,0.6711472272872925
0,2758,0.4640551805496216,-0.25600770115852356,1.1686604022979736,0.20137110352516174,0.4237780272960663,-2.454846143722534,0.0067141056060791016,0.6629334688186646
0,2759,0.46376222372055054,-0.25611767172813416,1.168412208557129,0.20111526548862457,0.42508313059806824,-2.457700729370117,0.006801724433898926,0.6567057967185974
0,2760,0.4634634256362915,-0.2562170922756195,1.1681653261184692,0.20083734393119812,0.4263993799686432,-2.460533618927002,0.0068857669830322266,0.6531203985214233
0,2761,0.4631567597389221,-0.2563021779060364,1.1679205894470215,0.20053057372570038,0.4277303218841553,-2.4633355140686035,0.0069648027420043945,0.6525209546089172
0,2762,0.4628407955169678,-0.2563703656196594,1.1676781177520752,0.20019005239009857,0.4290785491466522,-2.4661006927490234,0.0070383548736572266,0.6537193655967712
0,2763,0.4625154435634613,-0.25642138719558716,1.1674377918243408,0.19981509447097778,0.43044403195381165,-2.4688286781311035,0.007106423377990723,0.65700364112854
0,2764,0.46218204498291016,-0.25645753741264343,1.1671993732452393,0.19940942525863647,0.43182408809661865,-2.471524953842163,0.007169604301452637,0.6614560484886169
0,2765,0.4618428349494934,-0.25648269057273865,1.1669623851776123,0.19898004829883575,0.4332145154476166,-2.474198341369629,0.007229208946228027,0.6667596101760864
0,2766,0.461500346660614,-0.25650137662887573,1.166725993156433,0.19853456318378448,0.43461018800735474,-2.4768590927124023,0.007286667823791504,0.6726034283638
0,2767,0.4611569941043854,-0.2565179169178009,1.166489839553833,0.19807963073253632,0.43600577116012573,-2.47951602935791,0.007343173027038574,0.6775310635566711
0,2768,0.46081480383872986,-0.2565363943576813,1.1662530899047852,0.19762006402015686,0.437395840883255,-2.4821763038635254,0.007400155067443848,0.6829963326454163
0,2769,0.46047571301460266,-0.25656068325042725,1.1660155057907104,0.1971595585346222,0.43877461552619934,-2.484846591949463,0.007458329200744629,0.6869955658912659
0,2770,0.4601415693759918,-0.25659483671188354,1.1657764911651611,0.19670043885707855,0.4401353597640991,-2.487532138824463,0.0075190067291259766,0.6915377974510193
0,2771,0.45981380343437195,-0.25664207339286804,1.165535807609558,0.19624492526054382,0.44147220253944397,-2.490236759185791,0.007582664489746094,0.6954878568649292
0,2772,0.45949310064315796,-0.2567040026187897,1.1652932167053223,0.19579418003559113,0.44278258085250854,-2.492962598800659,0.007649660110473633,0.6994156837463379
0,2773,0.4591791033744812,-0.2567799985408783,1.1650488376617432,0.195347398519516,0.44406774640083313,-2.495708465576172,0.0077201128005981445,0.7033215761184692
0,2774,0.4588705003261566,-0.25686725974082947,1.1648030281066895,0.19490310549736023,0.44533219933509827,-2.4984707832336426,0.007792949676513672,0.708035409450531
0,2775,0.4585654139518738,-0.25696176290512085,1.1645561456680298,0.19445855915546417,0.4465828835964203,-2.501243829727173,0.00786745548248291,0.7132670283317566
0,2776,0.45826196670532227,-0.2570595443248749,1.1643086671829224,0.19401079416275024,0.4478261172771454,-2.5040221214294434,0.007942676544189453,0.7190049886703491
0,2777,0.4579583704471588,-0.2571568787097931,1.1640604734420776,0.193556010723114,0.4490671753883362,-2.5067996978759766,0.008018136024475098,0.7257768511772156
0,2778,0.45765313506126404,-0.2572506368160248,1.1638118028640747,0.19309040904045105,0.450310081243515,-2.5095701217651367,0.00809323787689209,0.7330201268196106
0,2779,0.45734480023384094,-0.2573380470275879,1.163562297821045,0.1926085650920868,0.451556921005249,-2.512326717376709,0.008167862892150879,0.7409852147102356
0,2780,0.45703208446502686,-0.25741660594940186,1.1633116006851196,0.19210556149482727,0.45281001925468445,-2.5150628089904785,0.008241891860961914,0.7486042380332947
0,2781,0.456714004278183,-0.25748443603515625,1.163059115409851,0.1915772557258606,0.454070508480072,-2.5177736282348633,0.008315563201904297,0.7561464309692383
0,2782,0.4563904404640198,-0.25754112005233765,1.162805199623108,0.19102293252944946,0.4553382992744446,-2.5204577445983887,0.008388638496398926,0.7636141777038574
0,2783,0.4560619592666626,-0.25758764147758484,1.1625497341156006,0.19044458866119385,0.4566124975681305,-2.523118257522583,0.008461475372314453,0.7702479362487793
0,2784,0.45572975277900696,-0.25762638449668884,1.1622929573059082,0.18984663486480713,0.4578911364078522,-2.525761127471924,0.008533954620361328,0.7763209939002991
0,2785,0.45539534091949463,-0.25766026973724365,1.162035584449768,0.18923501670360565,0.45917201042175293,-2.5283939838409424,0.00860595703125,0.7823469638824463
0,2786,0.45506012439727783,-0.25769203901290894,1.1617778539657593,0.1886141151189804,0.4604521691799164,-2.5310230255126953,0.00867760181427002,0.7873333692550659
0,2787,0.45472538471221924,-0.25772446393966675,1.1615204811096191,0.1879882514476776,0.4617288410663605,-2.533653736114502,0.008748650550842285,0.792782187461853
0,2788,0.45439228415489197,-0.2577601969242096,1.161264181137085,0.18735982477664948,0.46299833059310913,-2.536290168762207,0.008818745613098145,0.7981938719749451
0,2789,0.4540618658065796,-0.2578018605709076,1.1610093116760254,0.18673038482666016,0.4642561674118042,-2.5389347076416016,0.008887648582458496,0.8035690188407898
0,2790,0.4537350833415985,-0.2578519284725189,1.1607565879821777,0.1861012578010559,0.465498685836792,-2.541590690612793,0.008955001831054688,0.8103586435317993
0,2791,0.4534125328063965,-0.2579118013381958,1.1605064868927002,0.18547314405441284,0.466723769903183,-2.5442590713500977,0.009020566940307617,0.8170918226242065
0,2792,0.45309409499168396,-0.25798141956329346,1.1602588891983032,0.18484598398208618,0.4679310917854309,-2.5469391345977783,0.009084224700927734,0.8256680369377136
0,2793,0.45277905464172363,-0.2580590546131134,1.1600134372711182,0.18421919643878937,0.46912387013435364,-2.5496294498443604,0.00914621353149414,0.8343907594680786
0,2794,0.45246633887290955,-0.2581421136856079,1.1597691774368286,0.18359054625034332,0.47030580043792725,-2.5523273944854736,0.009207367897033691,0.8439511060714722
0,2795,0.45215481519699097,-0.25822773575782776,1.159525752067566,0.18295878171920776,0.4714815020561218,-2.5550296306610107,0.009267568588256836,0.8538628220558167
0,2796,0.4518434405326843,-0.25831347703933716,1.1592822074890137,0.18232178688049316,0.4726541340351105,-2.557732105255127,0.009327530860900879,0.8645666241645813
0,2797,0.451531320810318,-0.2583971619606018,1.1590373516082764,0.18167655169963837,0.47382548451423645,-2.5604305267333984,0.009388208389282227,0.8749158382415771
0,2798,0.4512174129486084,-0.2584769129753113,1.1587903499603271,0.1810193955898285,0.4749969244003296,-2.5631206035614014,0.009450197219848633,0.8842594623565674
0,2799,0.4509009122848511,-0.2585509121417999,1.1585400104522705,0.1803465187549591,0.476168692111969,-2.5657973289489746,0.009514331817626953,0.894162118434906
0,2800,0.4505811929702759,-0.25861793756484985,1.1582856178283691,0.17965510487556458,0.4773409068584442,-2.5684568881988525,0.009581208229064941,0.9028732776641846
0,2801,0.45025795698165894,-0.2586773931980133,1.1580265760421753,0.1789437085390091,0.4785134792327881,-2.5710971355438232,0.00965118408203125,0.9104271531105042
0,2802,0.4499315321445465,-0.25872981548309326,1.157763123512268,0.17821308970451355,0.47968611121177673,-2.5737197399139404,0.009724259376525879,0.9177056550979614
0,2803,0.4496026635169983,-0.25877657532691956,1.157496452331543,0.17746727168560028,0.4808586537837982,-2.576328754425049,0.009799480438232422,0.9236567616462708
0,2804,0.4492724537849426,-0.25881949067115784,1.1572275161743164,0.1767093986272812,0.48203012347221375,-2.578930139541626,0.009876132011413574,0.9293591380119324
0,2805,0.4489421844482422,-0.258860319852829,1.1569576263427734,0.17594395577907562,0.4832001328468323,-2.5815281867980957,0.009953737258911133,0.9341893792152405
0,2806,0.4486135244369507,-0.25890055298805237,1.1566877365112305,0.17517399787902832,0.4843670427799225,-2.584127426147461,0.010031819343566895,0.9392030239105225
0,2807,0.44828855991363525,-0.2589416205883026,1.1564185619354248,0.1744014024734497,0.48552870750427246,-2.586730480194092,0.010110735893249512,0.9433606863021851
0,2808,0.4479696750640869,-0.25898465514183044,1.1561506986618042,0.17362815141677856,0.4866828918457031,-2.589339256286621,0.01019132137298584,0.9475002288818359
0,2809,0.44765934348106384,-0.25903066992759705,1.1558849811553955,0.17285552620887756,0.48782679438591003,-2.5919556617736816,0.01027381420135498,0.9510046243667603
0,2810,0.44735920429229736,-0.25908032059669495,1.1556212902069092,0.1720840483903885,0.4889589548110962,-2.594581127166748,0.010359406471252441,0.9547010660171509
0,2811,0.4470694065093994,-0.2591337263584137,1.155360221862793,0.17131407558918,0.4900786876678467,-2.597214698791504,0.010447502136230469,0.9583833813667297
0,2812,0.44678863883018494,-0.2591904103755951,1.1551010608673096,0.1705448478460312,0.4911874532699585,-2.599855899810791,0.010538220405578613,0.961441159248352
0,2813,0.446514368057251,-0.25924935936927795,1.1548434495925903,0.16977477073669434,0.49228787422180176,-2.6025028228759766,0.010630488395690918,0.9650976657867432
0,2814,0.4462437331676483,-0.25930941104888916,1.1545867919921875,0.16900257766246796,0.49338299036026,-2.6051533222198486,0.010723590850830078,0.9685384035110474
0,2815,0.4459739923477173,-0.25936955213546753,1.1543301343917847,0.1682259440422058,0.4944746494293213,-2.607805013656616,0.01081693172454834,0.9721683263778687
0,2816,0.44570258259773254,-0.25942906737327576,1.1540727615356445,0.1674426645040512,0.49556398391723633,-2.6104543209075928,0.010909795761108398,0.9759851098060608
0,2817,0.4454270005226135,-0.2594873309135437,1.1538140773773193,0.16664980351924896,0.4966515898704529,-2.613098382949829,0.01100146770477295,0.979986846446991
0,2818,0.44514474272727966,-0.25954386591911316,1.1535528898239136,0.16584424674510956,0.4977368712425232,-2.615732431411743,0.01109170913696289,0.9843699336051941
0,2819,0.444853812456131,-0.2595982551574707,1.1532886028289795,0.16502341628074646,0.49881961941719055,-2.6183526515960693,0.011179924011230469,0.9885355830192566
0,2820,0.4445531666278839,-0.25965026021003723,1.1530207395553589,0.1641860455274582,0.49989956617355347,-2.620957136154175,0.011266112327575684,0.9926838278770447
0,2821,0.4442431926727295,-0.2596999704837799,1.1527495384216309,0.1633324921131134,0.5009763240814209,-2.623546838760376,0.011350035667419434,0.997403621673584
0,2822,0.443925678730011,-0.259747713804245,1.1524755954742432,0.16246512532234192,0.502050518989563,-2.626124858856201,0.011432290077209473,1.0017104148864746
0,2823,0.44360312819480896,-0.25979408621788025,1.1521998643875122,0.16158758103847504,0.503122091293335,-2.628695249557495,0.011513233184814453,1.0059988498687744
0,2824,0.44327783584594727,-0.2598397135734558,1.151923656463623,0.1607026308774948,0.5041913986206055,-2.63126277923584,0.011592745780944824,1.0102691650390625
0,2825,0.44295167922973633,-0.25988534092903137,1.1516481637954712,0.15981252491474152,0.5052582025527954,-2.6338305473327637,0.011670708656311035,1.0141355991363525
0,2826,0.44262585043907166,-0.2599320709705353,1.1513749361038208,0.15891936421394348,0.5063214898109436,-2.6364004611968994,0.011746048927307129,1.0181795358657837
0,2827,0.44230106472969055,-0.2599811553955078,1.1511059999465942,0.1580243706703186,0.5073806047439575,-2.6389734745025635,0.011817097663879395,1.0223989486694336
0,2828,0.44197776913642883,-0.2600339651107788,1.1508432626724243,0.15712875127792358,0.5084338188171387,-2.641550064086914,0.01188206672668457,1.0273630619049072
0,2829,0.4416562020778656,-0.26009151339530945,1.150588035583496,0.15623287856578827,0.5094802975654602,-2.6441307067871094,0.011939644813537598,1.032492995262146
0,2830,0.44133636355400085,-0.26015397906303406,1.1503407955169678,0.15533655881881714,0.5105197429656982,-2.6467156410217285,0.011989235877990723,1.0385398864746094
0,2831,0.44101807475090027,-0.2602209448814392,1.150100827217102,0.15443973243236542,0.5115523338317871,-2.6493043899536133,0.01203155517578125,1.0451139211654663
0,2832,0.4407009482383728,-0.2602912187576294,1.1498662233352661,0.15354150533676147,0.512579619884491,-2.6518959999084473,0.012068510055541992,1.0522047281265259
0,2833,0.4403845965862274,-0.2603633403778076,1.1496349573135376,0.15264105796813965,0.5136025547981262,-2.6544899940490723,0.012102007865905762,1.059432864189148
0,2834,0.4400685131549835,-0.26043593883514404,1.149404764175415,0.15173721313476562,0.5146224498748779,-2.6570849418640137,0.012134313583374023,1.0667954683303833
0,2835,0.43975237011909485,-0.26050785183906555,1.1491734981536865,0.15082836151123047,0.5156395435333252,-2.659679651260376,0.01216733455657959,1.0741075277328491
0,2836,0.4394357204437256,-0.2605780363082886,1.1489391326904297,0.14991244673728943,0.516653299331665,-2.662271499633789,0.012202978134155273,1.0810081958770752
0,2837,0.4391181468963623,-0.2606455683708191,1.1486996412277222,0.14898799359798431,0.5176629424095154,-2.6648571491241455,0.012243270874023438,1.0875053405761719
0,2838,0.43879926204681396,-0.2607097625732422,1.1484532356262207,0.14805296063423157,0.5186671614646912,-2.667433738708496,0.012289881706237793,1.0932481288909912
0,2839,0.43847885727882385,-0.26077011227607727,1.1481986045837402,0.1471063494682312,0.5196653604507446,-2.669999599456787,0.012343883514404297,1.0984266996383667
0,2840,0.4381569027900696,-0.2608267068862915,1.1479361057281494,0.1461484730243683,0.5206576585769653,-2.6725547313690186,0.012405037879943848,1.102516531944275
0,2841,0.4378337264060974,-0.2608800530433655,1.1476669311523438,0.14518024027347565,0.5216444134712219,-2.6751012802124023,0.012472152709960938,1.1064143180847168
0,2842,0.437509685754776,-0.26093095541000366,1.1473931074142456,0.14420363306999207,0.5226266980171204,-2.677642345428467,0.012543439865112305,1.1094168424606323
0,2843,0.43718525767326355,-0.26098039746284485,1.147117018699646,0.14322099089622498,0.52360600233078,-2.6801810264587402,0.012616634368896484,1.112411379814148
0,2844,0.4368607997894287,-0.2610294222831726,1.1468409299850464,0.1422341763973236,0.5245824456214905,-2.6827199459075928,0.012689590454101562,1.1150468587875366
0,2845,0.436536580324173,-0.26107892394065857,1.1465671062469482,0.14124435186386108,0.525556206703186,-2.685260534286499,0.012760043144226074,1.1175010204315186
0,2846,0.436212956905365,-0.2611300051212311,1.1462980508804321,0.14025290310382843,0.5265270471572876,-2.6878035068511963,0.012825608253479004,1.120473861694336
0,2847,0.4358901083469391,-0.2611837685108185,1.1460360288619995,0.1392609030008316,0.5274945497512817,-2.6903486251831055,0.012883901596069336,1.1236131191253662
0,2848,0.4355682134628296,-0.26124107837677,1.1457829475402832,0.13826876878738403,0.5284578204154968,-2.692896604537964,0.012933135032653809,1.1274380683898926
0,2849,0.43524739146232605,-0.26130232214927673,1.1455395221710205,0.1372767686843872,0.5294169783592224,-2.6954472064971924,0.012972593307495117,1.1315958499908447
0,2850,0.4349275529384613,-0.26136720180511475,1.1453052759170532,0.13628487288951874,0.5303720235824585,-2.697999954223633,0.013002634048461914,1.1362553834915161
0,2851,0.43460848927497864,-0.2614348828792572,1.1450783014297485,0.13529258966445923,0.5313233733177185,-2.700554847717285,0.013025283813476562,1.1410672664642334
0,2852,0.43428999185562134,-0.26150423288345337,1.1448556184768677,0.1342984288930893,0.5322715640068054,-2.703111410140991,0.013043522834777832,1.1467125415802002
0,2853,0.4339718222618103,-0.26157405972480774,1.1446349620819092,0.1333014816045761,0.5332170724868774,-2.7056691646575928,0.013059616088867188,1.1521602869033813
0,2854,0.4336535930633545,-0.2616434395313263,1.1444133520126343,0.13230052590370178,0.534159779548645,-2.7082271575927734,0.013076305389404297,1.157751441001892
0,2855,0.4333350658416748,-0.2617115080356598,1.1441887617111206,0.1312939077615738,0.5350985527038574,-2.7107834815979004,0.013095736503601074,1.1629793643951416
0,2856,0.43301594257354736,-0.26177769899368286,1.1439586877822876,0.13028091192245483,0.5360325574874878,-2.7133355140686035,0.013120293617248535,1.1680161952972412
0,2857,0.4326959550380707,-0.261841356754303,1.1437207460403442,0.12925985455513,0.5369603633880615,-2.715880870819092,0.013152122497558594,1.1723639965057373
0,2858,0.43237483501434326,-0.2619021236896515,1.1434736251831055,0.12822969257831573,0.5378810167312622,-2.7184181213378906,0.01319265365600586,1.176363229751587
0,2859,0.4320526123046875,-0.261959969997406,1.1432170867919922,0.12719057500362396,0.5387943983078003,-2.7209465503692627,0.013242006301879883,1.179519534111023
0,2860,0.43172943592071533,-0.262015163898468,1.1429524421691895,0.12614348530769348,0.5397011637687683,-2.7234675884246826,0.013298869132995605,1.1823365688323975
0,2861,0.43140557408332825,-0.2620683014392853,1.1426820755004883,0.12508957087993622,0.5406025648117065,-2.7259836196899414,0.013361096382141113,1.1846513748168945
0,2862,0.4310813248157501,-0.2621200978755951,1.1424082517623901,0.12403017282485962,0.5414999723434448,-2.7284977436065674,0.013426542282104492,1.1866317987442017
0,2863,0.4307570457458496,-0.26217126846313477,1.1421338319778442,0.12296709418296814,0.5423945188522339,-2.7310116291046143,0.013492226600646973,1.1886091232299805
0,2864,0.4304329454898834,-0.26222261786460876,1.1418614387512207,0.1219014972448349,0.5432866811752319,-2.7335267066955566,0.01355588436126709,1.1905829906463623
0,2865,0.4301092028617859,-0.26227498054504395,1.1415938138961792,0.12083455920219421,0.5441769957542419,-2.736043930053711,0.013614416122436523,1.1925537586212158
0,2866,0.4297858774662018,-0.2623293399810791,1.1413335800170898,0.11976706981658936,0.5450649261474609,-2.738563299179077,0.013665437698364258,1.195176362991333
0,2867,0.4294632077217102,-0.2623865008354187,1.1410831212997437,0.11870021373033524,0.5459508895874023,-2.7410848140716553,0.013706445693969727,1.1979564428329468
0,2868,0.42914119362831116,-0.2624468505382538,1.1408438682556152,0.11763438582420349,0.5468343496322632,-2.743607997894287,0.01373600959777832,1.2015447616577148
0,2869,0.42881983518600464,-0.26251035928726196,1.1406151056289673,0.11656967550516129,0.5477151870727539,-2.7461330890655518,0.013754844665527344,1.2054470777511597
0,2870,0.4284990429878235,-0.2625764012336731,1.1403950452804565,0.11550526320934296,0.5485941171646118,-2.74865984916687,0.013764739036560059,1.2103073596954346
0,2871,0.42817872762680054,-0.262643963098526,1.1401804685592651,0.11443981528282166,0.5494704842567444,-2.751188039779663,0.013768911361694336,1.2153090238571167
0,2872,0.4278586506843567,-0.2627120614051819,1.1399686336517334,0.11337225139141083,0.5503448247909546,-2.7537176609039307,0.013770341873168945,1.2206110954284668
0,2873,0.42753857374191284,-0.2627798020839691,1.139756441116333,0.11230140924453735,0.5512163043022156,-2.7562482357025146,0.013771891593933105,1.225730538368225
0,2874,0.42721837759017944,-0.2628466486930847,1.1395412683486938,0.11122651398181915,0.5520839691162109,-2.758777618408203,0.013776183128356934,1.2309876680374146
0,2875,0.4268978238105774,-0.26291194558143616,1.1393202543258667,0.11014679819345474,0.5529463291168213,-2.7613039016723633,0.013786077499389648,1.2357474565505981
0,2876,0.4265766143798828,-0.26297521591186523,1.139090895652771,0.10906092822551727,0.5538022518157959,-2.7638251781463623,0.013803958892822266,1.2404890060424805
0,2877,0.4262545704841614,-0.2630360722541809,1.1388511657714844,0.1079682931303978,0.5546504259109497,-2.7663397789001465,0.013831853866577148,1.2445836067199707
0,2878,0.4259317219257355,-0.26309457421302795,1.1386007070541382,0.10686901956796646,0.555490255355835,-2.7688472270965576,0.013869881629943848,1.2483514547348022
0,2879,0.4256080985069275,-0.26315081119537354,1.1383403539657593,0.10576330125331879,0.5563223958015442,-2.771347999572754,0.01391756534576416,1.2517954111099243
0,2880,0.4252839684486389,-0.2632051408290863,1.1380727291107178,0.10465209931135178,0.5571484565734863,-2.7738444805145264,0.013972163200378418,1.2549179792404175
0,2881,0.4249597191810608,-0.26325806975364685,1.1378005743026733,0.10353658348321915,0.5579696893692017,-2.776338577270508,0.014031171798706055,1.2580326795578003
0,2882,0.4246360957622528,-0.2633099853992462,1.1375266313552856,0.10241757333278656,0.5587876439094543,-2.7788331508636475,0.014092326164245605,1.2608295679092407
0,2883,0.42431408166885376,-0.2633613646030426,1.1372535228729248,0.10129661858081818,0.5596031546592712,-2.7813289165496826,0.014153599739074707,1.263620138168335
0,2884,0.42399510741233826,-0.2634124755859375,1.1369835138320923,0.10017531365156174,0.5604166388511658,-2.783827304840088,0.0142134428024292,1.2668681144714355
0,2885,0.4236811101436615,-0.26346340775489807,1.136718988418579,0.09905514866113663,0.5612283945083618,-2.7863285541534424,0.014270901679992676,1.2699536085128784
0,2886,0.423373818397522,-0.2635143995285034,1.1364617347717285,0.09793797135353088,0.5620385408401489,-2.788832664489746,0.01432502269744873,1.2739536762237549
0,2887,0.42307430505752563,-0.2635655105113983,1.1362130641937256,0.09682457894086838,0.5628466010093689,-2.791339874267578,0.014375448226928711,1.2780942916870117
0,2888,0.4227825403213501,-0.263616681098938,1.1359727382659912,0.09571441262960434,0.5636525750160217,-2.7938501834869385,0.014422297477722168,1.2826792001724243
0,2889,0.42249733209609985,-0.2636679708957672,1.1357394456863403,0.09460711479187012,0.5644567012786865,-2.79636287689209,0.014466166496276855,1.287855863571167
0,2890,0.42221662402153015,-0.26371926069259644,1.135511040687561,0.09350107610225677,0.5652587413787842,-2.7988781929016113,0.014507770538330078,1.2931631803512573
0,2891,0.42193830013275146,-0.26377037167549133,1.1352852582931519,0.09239379316568375,0.5660586357116699,-2.8013949394226074,0.014548301696777344,1.2993526458740234
0,2892,0.42166030406951904,-0.26382124423980713,1.1350595951080322,0.09128372371196747,0.5668553113937378,-2.803912401199341,0.014588713645935059,1.3053628206253052
0,2893,0.4213806688785553,-0.26387208700180054,1.1348321437835693,0.09017004817724228,0.567648708820343,-2.806429147720337,0.014629721641540527,1.312091588973999
0,2894,0.42109739780426025,-0.2639229893684387,1.1346006393432617,0.08905091881752014,0.5684362649917603,-2.808943033218384,0.014672398567199707,1.3186373710632324
0,2895,0.4208086431026459,-0.26397407054901123,1.1343629360198975,0.08792521059513092,0.5692164897918701,-2.8114519119262695,0.014717578887939453,1.3252986669540405
0,2896,0.4205129146575928,-0.26402556896209717,1.134117603302002,0.08679207414388657,0.5699883699417114,-2.8139538764953613,0.014765620231628418,1.3317797183990479
0,2897,0.4202095866203308,-0.2640775740146637,1.1338638067245483,0.0856514722108841,0.5707506537437439,-2.8164474964141846,0.014816999435424805,1.3385217189788818
0,2898,0.41989922523498535,-0.26412999629974365,1.1336021423339844,0.08450350910425186,0.5715039372444153,-2.818934202194214,0.014871597290039062,1.345229983329773
0,2899,0.4195832908153534,-0.26418259739875793,1.1333342790603638,0.08334904909133911,0.5722498297691345,-2.821415424346924,0.014928579330444336,1.35161554813385
0,2900,0.41926372051239014,-0.2642351984977722,1.1330626010894775,0.08218934386968613,0.5729901790618896,-2.8238940238952637,0.014986753463745117,1.3582590818405151
0,2901,0.41894224286079407,-0.26428771018981934,1.1327897310256958,0.08102565258741379,0.5737262964248657,-2.826371669769287,0.015044927597045898,1.3645836114883423
0,2902,0.41862010955810547,-0.2643403708934784,1.1325182914733887,0.07985931634902954,0.5744593739509583,-2.8288497924804688,0.015100955963134766,1.371592402458191
0,2903,0.41829800605773926,-0.2643936276435852,1.1322511434555054,0.07869098335504532,0.5751898288726807,-2.831329107284546,0.015152454376220703,1.3785656690597534
0,2904,0.4179762303829193,-0.26444798707962036,1.1319913864135742,0.0775209590792656,0.5759172439575195,-2.8338093757629395,0.015196561813354492,1.3863511085510254
0,2905,0.417654812335968,-0.2645041346549988,1.1317418813705444,0.07634936273097992,0.5766406655311584,-2.836290121078491,0.015230178833007812,1.3943736553192139
0,2906,0.4173337519168854,-0.26456260681152344,1.1315048933029175,0.07517647743225098,0.5773605108261108,-2.8387715816497803,0.0152510404586792,1.4033268690109253
0,2907,0.417013019323349,-0.2646235227584839,1.131280541419983,0.07400286942720413,0.5780760049819946,-2.8412528038024902,0.015259027481079102,1.4127774238586426
0,2908,0.4166925847530365,-0.26468655467033386,1.1310673952102661,0.07282821834087372,0.5787880420684814,-2.8437340259552,0.015255570411682129,1.4228531122207642
0,2909,0.4163723886013031,-0.2647511959075928,1.1308623552322388,0.0716521367430687,0.5794961452484131,-2.8462159633636475,0.015243768692016602,1.433677077293396
0,2910,0.4160524606704712,-0.2648165225982666,1.1306618452072144,0.0704738050699234,0.5802009701728821,-2.848698377609253,0.015227317810058594,1.4445555210113525
0,2911,0.41573280096054077,-0.26488178968429565,1.1304627656936646,0.06929148733615875,0.580902099609375,-2.8511815071105957,0.015209555625915527,1.455890417098999
0,2912,0.41541337966918945,-0.2649465501308441,1.130262017250061,0.06810414791107178,0.5815973877906799,-2.8536627292633057,0.015193462371826172,1.4670042991638184
0,2913,0.41509419679641724,-0.26501044631004333,1.1300568580627441,0.06690918654203415,0.5822842121124268,-2.856140613555908,0.015182018280029297,1.4780346155166626
0,2914,0.4147752821445465,-0.26507315039634705,1.1298446655273438,0.06570347398519516,0.5829588174819946,-2.858612298965454,0.015177726745605469,1.488326072692871
0,2915,0.41445672512054443,-0.2651345133781433,1.1296230554580688,0.06448492407798767,0.5836178660392761,-2.861074447631836,0.015183210372924805,1.4982855319976807
0,2916,0.414138525724411,-0.26519426703453064,1.129391074180603,0.06325191259384155,0.5842593312263489,-2.8635261058807373,0.015199422836303711,1.5068812370300293
0,2917,0.41382062435150146,-0.2652525007724762,1.1291489601135254,0.062004756182432175,0.5848838686943054,-2.865967273712158,0.015226006507873535,1.5149115324020386
0,2918,0.4135029911994934,-0.2653094530105591,1.1288988590240479,0.06074577942490578,0.585493803024292,-2.8684000968933105,0.015260815620422363,1.5221283435821533
0,2919,0.41318562626838684,-0.2653654217720032,1.12864351272583,0.05947750061750412,0.5860930681228638,-2.8708279132843018,0.015301108360290527,1.5287991762161255
0,2920,0.412868469953537,-0.2654208540916443,1.1283866167068481,0.05820239707827568,0.5866845846176147,-2.873253107070923,0.015342950820922852,1.5351860523223877
0,2921,0.412551611661911,-0.26547616720199585,1.1281315088272095,0.05692035332322121,0.58726966381073,-2.875676393508911,0.015383124351501465,1.5415464639663696
0,2922,0.41223520040512085,-0.2655319273471832,1.1278823614120483,0.055629752576351166,0.5878473520278931,-2.8780975341796875,0.01541757583618164,1.5476279258728027
0,2923,0.41191932559013367,-0.2655888497829437,1.1276441812515259,0.054326705634593964,0.5884154438972473,-2.88051438331604,0.015441060066223145,1.5536856651306152
0,2924,0.4116041660308838,-0.2656477987766266,1.1274217367172241,0.05300692468881607,0.5889698266983032,-2.8829240798950195,0.015448927879333496,1.5587157011032104
0,2925,0.41128990054130554,-0.2657094895839691,1.1272187232971191,0.0516669861972332,0.5895073413848877,-2.885324478149414,0.01543736457824707,1.5633541345596313
0,2926,0.4109765887260437,-0.2657740116119385,1.1270365715026855,0.05030568689107895,0.590027391910553,-2.8877146244049072,0.01540517807006836,1.566980004310608
0,2927,0.4106641113758087,-0.26584121584892273,1.1268728971481323,0.04892442002892494,0.590531051158905,-2.8900961875915527,0.015354514122009277,1.5697250366210938
0,2928,0.4103523790836334,-0.2659102976322174,1.1267237663269043,0.047527190297842026,0.5910215377807617,-2.892470598220825,0.01528942584991455,1.5719674825668335
0,2929,0.41004127264022827,-0.26598039269447327,1.1265840530395508,0.04611799493432045,0.5915014743804932,-2.8948404788970947,0.015215158462524414,1.573709487915039
0,2930,0.4097307622432709,-0.26605096459388733,1.1264500617980957,0.044698238372802734,0.591972827911377,-2.8972067832946777,0.015135407447814941,1.5749523639678955
0,2931,0.40942105650901794,-0.2661215364933014,1.1263200044631958,0.04326571524143219,0.5924340486526489,-2.8995673656463623,0.015052080154418945,1.5756977796554565
0,2932,0.40911251306533813,-0.2661918103694916,1.1261941194534302,0.0418124794960022,0.5928791165351868,-2.9019179344177246,0.014965295791625977,1.5754494667053223
0,2933,0.40880563855171204,-0.2662618160247803,1.1260745525360107,0.0403275340795517,0.5933005213737488,-2.904252052307129,0.014873385429382324,1.572465419769287
0,2934,0.4085010886192322,-0.2663317024707794,1.125963568687439,0.03880051150918007,0.5936903357505798,-2.906562089920044,0.014774203300476074,1.5667301416397095
0,2935,0.4081990718841553,-0.2664014995098114,1.125862956047058,0.03722414746880531,0.5940431356430054,-2.908843994140625,0.014666318893432617,1.5572082996368408
0,2936,0.4078996479511261,-0.2664710581302643,1.1257727146148682,0.035597849637269974,0.5943590998649597,-2.911098003387451,0.014549732208251953,1.5440833568572998
0,2937,0.40760233998298645,-0.2665404677391052,1.125691533088684,0.03392869234085083,0.5946429967880249,-2.9133286476135254,0.014425396919250488,1.5277748107910156
0,2938,0.40730658173561096,-0.2666097581386566,1.1256179809570312,0.032228127121925354,0.5949028730392456,-2.9155423641204834,0.01429450511932373,1.5090874433517456
0,2939,0.40701189637184143,-0.26667892932891846,1.125551462173462,0.030506325885653496,0.5951467752456665,-2.9177451133728027,0.01415717601776123,1.489114761352539
0,2940,0.40671780705451965,-0.26674818992614746,1.1254950761795044,0.028767216950654984,0.5953784584999084,-2.9199399948120117,0.014009952545166016,1.4679378271102905
0,2941,0.4064241349697113,-0.2668180465698242,1.12545645236969,0.02700665406882763,0.5955970287322998,-2.9221255779266357,0.013845205307006836,1.4456387758255005
0,2942,0.4061308801174164,-0.2668890357017517,1.1254483461380005,0.025212636217474937,0.5957967638969421,-2.924295425415039,0.013649940490722656,1.4207885265350342
0,2943,0.4058380722999573,-0.2669619023799896,1.1254857778549194,0.023369397968053818,0.5959699153900146,-2.9264419078826904,0.013409137725830078,1.392688512802124
0,2944,0.40554583072662354,-0.2670372426509857,1.125582218170166,0.021462928503751755,0.5961092710494995,-2.9285571575164795,0.013109207153320312,1.3602745532989502
0,2945,0.4052540361881256,-0.26711511611938477,1.1257431507110596,0.019486315548419952,0.5962114930152893,-2.930638313293457,0.012744784355163574,1.3232299089431763
0,2946,0.40496259927749634,-0.26719504594802856,1.125964879989624,0.017443643882870674,0.5962784886360168,-2.9326868057250977,0.012319326400756836,1.2816108465194702
0,2947,0.4046713411808014,-0.26727625727653503,1.1262353658676147,0.01534887682646513,0.5963174104690552,-2.934709072113037,0.011844992637634277,1.2362223863601685
0,2948,0.404380202293396,-0.267357736825943,1.1265391111373901,0.01322070974856615,0.5963362455368042,-2.936711549758911,0.011337518692016602,1.1882797479629517
0,2949,0.4040892422199249,-0.26743826270103455,1.1268631219863892,0.011077298782765865,0.5963422060012817,-2.9386959075927734,0.010809898376464844,1.1384919881820679
0,2950,0.40379905700683594,-0.2675163447856903,1.1271997690200806,0.008934099227190018,0.5963379740715027,-2.9406557083129883,0.010270476341247559,1.0880450010299683
0,2951,0.40351057052612305,-0.2675902247428894,1.1275489330291748,0.006804991513490677,0.5963221788406372,-2.9425723552703857,0.009720206260681152,1.0362764596939087
0,2952,0.40322503447532654,-0.26765766739845276,1.1279157400131226,0.004702608101069927,0.5962901711463928,-2.944417953491211,0.00915515422821045,0.9831764101982117
0,2953,0.4029437303543091,-0.26771649718284607,1.1283072233200073,0.002637380501255393,0.5962353348731995,-2.9461634159088135,0.008569478988647461,0.9278841614723206
0,2954,0.4026676118373871,-0.2677650451660156,1.1287288665771484,0.0006167497485876083,0.5961540937423706,-2.947787284851074,0.007958531379699707,0.8695316314697266
0,2955,0.4023968279361725,-0.26780298352241516,1.12918221950531,-0.0013576829805970192,0.596045970916748,-2.949284553527832,0.007321000099182129,0.8089084625244141
0,2956,0.4021306037902832,-0.26783129572868347,1.1296640634536743,-0.003291213884949684,0.595914363861084,-2.9506704807281494,0.006659269332885742,0.7449357509613037
0,2957,0.4018675982952118,-0.26785191893577576,1.1301668882369995,-0.005194660741835833,0.5957657098770142,-2.9519739151000977,0.00597989559173584,0.6795496940612793
0,2958,0.4016062915325165,-0.26786717772483826,1.1306830644607544,-0.007079040631651878,0.5956071019172668,-2.9532270431518555,0.005288958549499512,0.6126169562339783
0,2959,0.40134549140930176,-0.26787900924682617,1.1312057971954346,-0.008953428827226162,0.5954439640045166,-2.9544553756713867,0.004592418670654297,0.5446454286575317
0,2960,0.40108442306518555,-0.26788854598999023,1.131730318069458,-0.010821955278515816,0.5952802896499634,-2.955674648284912,0.003894209861755371,0.4780632257461548
0,2961,0.40082284808158875,-0.2678965926170349,1.1322520971298218,-0.01267981342971325,0.5951195955276489,-2.9568872451782227,0.0031986236572265625,0.41021621227264404
0,2962,0.40056103467941284,-0.2679036855697632,1.1327635049819946,-0.01450728252530098,0.5949670076370239,-2.9580812454223633,0.002513408660888672,0.34434962272644043
0,2963,0.4002997577190399,-0.2679106593132019,1.133249044418335,-0.016255304217338562,0.5948339700698853,-2.959221601486206,0.0018544197082519531,0.2811601459980011
0,2964,0.400040864944458,-0.26791927218437195,1.1336802244186401,-0.017832662910223007,0.59474116563797,-2.9602417945861816,0.0012509822845458984,0.2255535125732422
0,2965,0.3997870087623596,-0.2679322361946106,1.1340140104293823,-0.019102314487099648,0.5947197675704956,-2.961043119430542,0.0007477998733520508,0.17913678288459778
0,2966,0.39954179525375366,-0.26795297861099243,1.134199857711792,-0.019900521263480186,0.5948079824447632,-2.9615070819854736,0.00039708614349365234,0.1532333940267563
0,2967,0.39930856227874756,-0.26798462867736816,1.1341933012008667,-0.02008197270333767,0.5950378179550171,-2.9615285396575928,0.00024497509002685547,0.15065784752368927
0,2968,0.3990890681743622,-0.26802858710289,1.1339731216430664,-0.019573461264371872,0.5954251885414124,-2.9610538482666016,0.00031375885009765625,0.17582935094833374
0,2969,0.39888277649879456,-0.26808395981788635,1.1335508823394775,-0.018405616283416748,0.5959599018096924,-2.960104465484619,0.0005917549133300781,0.22728192806243896
0,2970,0.3986869752407074,-0.2681475877761841,1.1329667568206787,-0.016703225672245026,0.5966113805770874,-2.958768844604492,0.0010371208190917969,0.3000143766403198
0,2971,0.3984978497028351,-0.268215537071228,1.1322747468948364,-0.014638430438935757,0.5973386764526367,-2.9571714401245117,0.0015943050384521484,0.3866429924964905
0,2972,0.39831164479255676,-0.2682843804359436,1.131524920463562,-0.01237419806420803,0.5981032848358154,-2.9554290771484375,0.00221097469329834,0.47969764471054077
0,2973,0.39812567830085754,-0.26835203170776367,1.1307528018951416,-0.010028848424553871,0.5988790988922119,-2.953627347946167,0.0028502941131591797,0.5757331252098083
0,2974,0.39793840050697327,-0.2684172987937927,1.1299779415130615,-0.007668143138289452,0.5996510982513428,-2.9518134593963623,0.0034918785095214844,0.671730101108551
0,2975,0.3977489173412323,-0.2684797942638397,1.1292084455490112,-0.005318234674632549,0.6004140973091125,-2.950004816055298,0.004127025604248047,0.766683042049408
0,2976,0.39755645394325256,-0.2685396075248718,1.1284469366073608,-0.002981432480737567,0.6011683940887451,-2.948199510574341,0.004752635955810547,0.8607103824615479
0,2977,0.39735954999923706,-0.2685973048210144,1.1276949644088745,-0.0006479436415247619,0.6019165515899658,-2.9463820457458496,0.005366086959838867,0.9538809061050415
0,2978,0.3971555531024933,-0.26865363121032715,1.1269551515579224,0.001698325970210135,0.6026631593704224,-2.944526433944702,0.005962848663330078,1.0469844341278076
0,2979,0.39694052934646606,-0.26870954036712646,1.1262320280075073,0.0040771919302642345,0.6034135222434998,-2.9425978660583496,0.006535768508911133,1.1391792297363281
0,2980,0.39671021699905396,-0.2687661945819855,1.1255310773849487,0.0065101152285933495,0.6041735410690308,-2.940558433532715,0.007076263427734375,1.232258677482605
0,2981,0.3964613080024719,-0.26882460713386536,1.124856948852539,0.009015345014631748,0.6049473285675049,-2.9383764266967773,0.00757753849029541,1.325150966644287
0,2982,0.396192729473114,-0.26888519525527954,1.124211072921753,0.01160073559731245,0.6057360172271729,-2.936039447784424,0.008037090301513672,1.4189969301223755
0,2983,0.3959062397480011,-0.2689477205276489,1.1235908269882202,0.014261697418987751,0.6065360903739929,-2.933558225631714,0.008459091186523438,1.5132312774658203
0,2984,0.39560574293136597,-0.2690114378929138,1.1229910850524902,0.01698380336165428,0.6073422431945801,-2.9309628009796143,0.008851051330566406,1.607908010482788
0,2985,0.3952958881855011,-0.2690751552581787,1.122405767440796,0.019746094942092896,0.6081469058990479,-2.9282898902893066,0.00922250747680664,1.7029533386230469
0,2986,0.3949803113937378,-0.2691376209259033,1.1218311786651611,0.022525975480675697,0.6089409589767456,-2.9255709648132324,0.009579658508300781,1.7973294258117676
0,2987,0.3946608006954193,-0.269197553396225,1.1212681531906128,0.025301063433289528,0.6097140312194824,-2.9228250980377197,0.009923100471496582,1.890101671218872
0,2988,0.3943372964859009,-0.2692534029483795,1.1207219362258911,0.028045998886227608,0.6104528903961182,-2.920057535171509,0.01024770736694336,1.9799144268035889
0,2989,0.3940082788467407,-0.2693038582801819,1.1202017068862915,0.03073505125939846,0.6111419200897217,-2.9172630310058594,0.010543584823608398,2.064690589904785
0,2990,0.3936718702316284,-0.26934775710105896,1.1197175979614258,0.03334430605173111,0.6117668151855469,-2.914433240890503,0.010799527168273926,2.1423797607421875
0,2991,0.39332669973373413,-0.2693844139575958,1.1192761659622192,0.035857636481523514,0.6123178005218506,-2.911562204360962,0.011008143424987793,2.2118701934814453
0,2992,0.39297279715538025,-0.26941412687301636,1.1188777685165405,0.038273558020591736,0.6127957701683044,-2.908649206161499,0.011169075965881348,2.2729668617248535
0,2993,0.3926115036010742,-0.2694380283355713,1.118516206741333,0.0406058132648468,0.6132109761238098,-2.905700445175171,0.011289358139038086,2.3269195556640625
0,2994,0.3922450542449951,-0.26945772767066956,1.1181814670562744,0.0428774431347847,0.6135778427124023,-2.9027259349823,0.01138007640838623,2.376110792160034
0,2995,0.39187613129615784,-0.2694750726222992,1.1178640127182007,0.04511212557554245,0.613911509513855,-2.8997347354888916,0.011452317237854004,2.422123670578003
0,2996,0.3915071487426758,-0.2694920599460602,1.1175575256347656,0.04732564464211464,0.6142198443412781,-2.896733283996582,0.011513590812683105,2.4665651321411133
0,2997,0.3911404311656952,-0.2695109248161316,1.1172614097595215,0.04952320083975792,0.6145024299621582,-2.8937244415283203,0.011565923690795898,2.509986400604248
0,2998,0.39077848196029663,-0.26953426003456116,1.1169804334640503,0.05169965699315071,0.6147509813308716,-2.8907053470611572,0.011605620384216309,2.5519027709960938
0,2999,0.39042365550994873,-0.26956474781036377,1.1167216300964355,0.053842149674892426,0.6149520874023438,-2.8876733779907227,0.011626839637756348,2.5914809703826904
0,3000,0.3900778591632843,-0.26960471272468567,1.1164921522140503,0.05593741312623024,0.6150927543640137,-2.884625196456909,0.011623263359069824,2.62770938873291
0,3001,0.3897419571876526,-0.26965537667274475,1.1162956953048706,0.057978589087724686,0.6151674389839172,-2.881558656692505,0.011591672897338867,2.6602096557617188
0,3002,0.38941535353660583,-0.26971617341041565,1.116131067276001,0.059967175126075745,0.6151792407035828,-2.8784754276275635,0.011532783508300781,2.688898801803589
0,3003,0.389096200466156,-0.26978495717048645,1.1159917116165161,0.06191214546561241,0.6151397228240967,-2.8753788471221924,0.011452436447143555,2.7148351669311523
0,3004,0.38878196477890015,-0.26985883712768555,1.1158692836761475,0.06382603198289871,0.6150625944137573,-2.8722736835479736,0.011357665061950684,2.738525390625
0,3005,0.38847026228904724,-0.2699349820613861,1.1157562732696533,0.06572064012289047,0.6149600148200989,-2.8691625595092773,0.01125490665435791,2.760878324508667
0,3006,0.38815927505493164,-0.2700108587741852,1.1156474351882935,0.06760084629058838,0.6148360967636108,-2.86604642868042,0.011148452758789062,2.782207727432251
0,3007,0.3878476321697235,-0.27008435130119324,1.1155401468276978,0.06946448981761932,0.6146868467330933,-2.862922430038452,0.011040568351745605,2.801978349685669
0,3008,0.3875342607498169,-0.2701534926891327,1.1154340505599976,0.07130295038223267,0.6145009398460388,-2.85978627204895,0.010931015014648438,2.8189728260040283
0,3009,0.3872184157371521,-0.27021655440330505,1.1153298616409302,0.07310470193624496,0.614264965057373,-2.856632709503174,0.010818958282470703,2.832204818725586
0,3010,0.38689953088760376,-0.2702723741531372,1.1152281761169434,0.07486055791378021,0.6139693856239319,-2.8534579277038574,0.010703682899475098,2.840693235397339
0,3011,0.3865775763988495,-0.2703206539154053,1.1151294708251953,0.07656699419021606,0.6136113405227661,-2.850261688232422,0.010584712028503418,2.8442742824554443
0,3012,0.38625290989875793,-0.2703622877597809,1.1150336265563965,0.07822823524475098,0.613197922706604,-2.8470468521118164,0.010462164878845215,2.843173027038574
0,3013,0.3859262466430664,-0.270398885011673,1.1149399280548096,0.07985375821590424,0.6127418875694275,-2.8438191413879395,0.010337114334106445,2.8389012813568115
0,3014,0.3855985403060913,-0.27043232321739197,1.114848256111145,0.08145501464605331,0.6122578978538513,-2.8405838012695312,0.010209918022155762,2.832550287246704
0,3015,0.38527095317840576,-0.27046453952789307,1.114759087562561,0.08304139971733093,0.6117554306983948,-2.8373446464538574,0.010080575942993164,2.8253538608551025
0,3016,0.3849447965621948,-0.27049750089645386,1.114674687385559,0.0846184566617012,0.611238420009613,-2.834104299545288,0.009947419166564941,2.8174445629119873
0,3017,0.38462159037590027,-0.27053314447402954,1.1145987510681152,0.08618675172328949,0.6107032299041748,-2.830862283706665,0.009807467460632324,2.809373617172241
0,3018,0.38430318236351013,-0.2705734074115753,1.114536166191101,0.08774387091398239,0.6101414561271667,-2.8276171684265137,0.009656667709350586,2.8005805015563965
0,3019,0.38399121165275574,-0.270620197057724,1.1144919395446777,0.08928632736206055,0.6095441579818726,-2.824367046356201,0.009490728378295898,2.7909884452819824
0,3020,0.3836866617202759,-0.27067455649375916,1.114469289779663,0.09081193059682846,0.6089062094688416,-2.821110486984253,0.009307146072387695,2.7802371978759766
0,3021,0.38338932394981384,-0.27073630690574646,1.114467740058899,0.09231984615325928,0.6082270741462708,-2.817847728729248,0.009105920791625977,2.768242120742798
0,3022,0.38309797644615173,-0.2708040475845337,1.1144838333129883,0.09381136298179626,0.6075136661529541,-2.814580202102661,0.008890151977539062,2.7550582885742188
0,3023,0.38281068205833435,-0.2708756625652313,1.1145118474960327,0.09528905153274536,0.6067752838134766,-2.8113107681274414,0.008664727210998535,2.741525650024414
0,3024,0.3825255036354065,-0.2709490954875946,1.1145460605621338,0.09675581008195877,0.6060217022895813,-2.808041572570801,0.008434176445007324,2.727567195892334
0,3025,0.3822408616542816,-0.2710224688053131,1.1145809888839722,0.09821288287639618,0.605259358882904,-2.8047752380371094,0.008203268051147461,2.7132482528686523
0,3026,0.38195550441741943,-0.2710941731929779,1.1146117448806763,0.0996594950556755,0.6044908761978149,-2.801513433456421,0.007976531982421875,2.6988537311553955
0,3027,0.38166844844818115,-0.27116289734840393,1.1146339178085327,0.10109352320432663,0.6037161350250244,-2.7982583045959473,0.007757902145385742,2.6840901374816895
0,3028,0.3813788592815399,-0.27122730016708374,1.11464262008667,0.10251056402921677,0.602932870388031,-2.7950119972229004,0.007551789283752441,2.6686580181121826
0,3029,0.38108623027801514,-0.2712864577770233,1.1146348714828491,0.10390764474868774,0.6021392345428467,-2.791776180267334,0.007361173629760742,2.652177333831787
0,3030,0.3807903230190277,-0.27134010195732117,1.1146092414855957,0.10528357326984406,0.6013338565826416,-2.7885513305664062,0.007187247276306152,2.6347765922546387
0,3031,0.38049137592315674,-0.27138853073120117,1.1145671606063843,0.10663872957229614,0.6005178689956665,-2.785337209701538,0.007028698921203613,2.6163623332977295
0,3032,0.38019007444381714,-0.2714328169822693,1.114512324333191,0.10797648876905441,0.5996931195259094,-2.7821319103240967,0.006882309913635254,2.597214937210083
0,3033,0.37988710403442383,-0.27147430181503296,1.1144492626190186,0.10930002480745316,0.5988619327545166,-2.778933525085449,0.0067435503005981445,2.57769775390625
0,3034,0.3795831501483917,-0.27151432633399963,1.1143827438354492,0.11061292141675949,0.5980268120765686,-2.775740623474121,0.006608009338378906,2.5578784942626953
0,3035,0.37927868962287903,-0.2715540826320648,1.114317536354065,0.11191724240779877,0.5971887707710266,-2.772552967071533,0.006471037864685059,2.53829026222229
0,3036,0.3789738416671753,-0.2715948224067688,1.1142581701278687,0.11321407556533813,0.5963478088378906,-2.7693703174591064,0.006327986717224121,2.5189383029937744
0,3037,0.3786684572696686,-0.27163803577423096,1.1142096519470215,0.11450271308422089,0.5955028533935547,-2.766195058822632,0.006173491477966309,2.500063180923462
0,3038,0.3783622980117798,-0.27168503403663635,1.1141772270202637,0.11578196287155151,0.5946522355079651,-2.7630293369293213,0.006001949310302734,2.4817543029785156
0,3039,0.37805503606796265,-0.2717369496822357,1.114165186882019,0.11705069988965988,0.5937949419021606,-2.7598750591278076,0.005808591842651367,2.464024543762207
0,3040,0.3777465224266052,-0.27179422974586487,1.1141753196716309,0.11830811947584152,0.5929298996925354,-2.7567334175109863,0.005591630935668945,2.4471261501312256
0,3041,0.37743690609931946,-0.27185648679733276,1.114206075668335,0.11955505609512329,0.5920579433441162,-2.753602981567383,0.00535273551940918,2.4309158325195312
0,3042,0.3771262764930725,-0.27192237973213196,1.114253044128418,0.1207914650440216,0.5911800861358643,-2.7504827976226807,0.005096554756164551,2.4151642322540283
0,3043,0.37681496143341064,-0.27199044823646545,1.1143107414245605,0.12201917916536331,0.5902983546257019,-2.7473700046539307,0.004829049110412598,2.3998801708221436
0,3044,0.3765033483505249,-0.2720593512058258,1.1143733263015747,0.12323988229036331,0.5894138813018799,-2.7442612648010254,0.004556417465209961,2.3849904537200928
0,3045,0.37619176506996155,-0.2721279561519623,1.1144359111785889,0.12445484846830368,0.5885287523269653,-2.7411553859710693,0.004284024238586426,2.3700900077819824
0,3046,0.375880628824234,-0.2721955478191376,1.1144932508468628,0.12566614151000977,0.5876423716545105,-2.738048553466797,0.004017472267150879,2.355510711669922
0,3047,0.3755705952644348,-0.27226153016090393,1.114539623260498,0.12687638401985168,0.5867551565170288,-2.7349374294281006,0.0037630796432495117,2.3408408164978027
0,3048,0.37526246905326843,-0.2723253667354584,1.1145685911178589,0.12808868288993835,0.5858674049377441,-2.731818437576294,0.0035277605056762695,2.326246500015259
0,3049,0.37495696544647217,-0.2723866403102875,1.1145738363265991,0.1293056756258011,0.5849784016609192,-2.728687286376953,0.0033184289932250977,2.311645269393921
0,3050,0.37465450167655945,-0.2724452316761017,1.1145520210266113,0.13052958250045776,0.584088146686554,-2.7255423069000244,0.0031387805938720703,2.2969508171081543
0,3051,0.3743550479412079,-0.272501140832901,1.1145033836364746,0.13175982236862183,0.5831963419914246,-2.7223830223083496,0.0029883384704589844,2.282247543334961
0,3052,0.3740580976009369,-0.27255475521087646,1.1144325733184814,0.13299405574798584,0.5823031663894653,-2.7192132472991943,0.0028623342514038086,2.267449140548706
0,3053,0.37376290559768677,-0.27260664105415344,1.1143467426300049,0.13422955572605133,0.5814086198806763,-2.716036319732666,0.0027527809143066406,2.2527272701263428
0,3054,0.3734687566757202,-0.2726573944091797,1.1142529249191284,0.13546308875083923,0.5805129408836365,-2.7128565311431885,0.002652287483215332,2.2379963397979736
0,3055,0.37317514419555664,-0.2727074921131134,1.1141575574874878,0.1366920918226242,0.5796154141426086,-2.709676504135132,0.0025539398193359375,2.223519802093506
0,3056,0.37288206815719604,-0.2727571427822113,1.1140658855438232,0.1379152238368988,0.5787160992622375,-2.7064976692199707,0.0024524927139282227,2.208770990371704
0,3057,0.372589647769928,-0.27280667424201965,1.1139832735061646,0.13913147151470184,0.5778136253356934,-2.703319549560547,0.0023425817489624023,2.1942801475524902
0,3058,0.3722984790802002,-0.2728559970855713,1.113915205001831,0.14034093916416168,0.5769069790840149,-2.7001407146453857,0.002219080924987793,2.1794233322143555
0,3059,0.3720090389251709,-0.2729053497314453,1.1138670444488525,0.14154338836669922,0.5759942531585693,-2.6969594955444336,0.0020769834518432617,2.1646459102630615
0,3060,0.37172171473503113,-0.2729547619819641,1.113842248916626,0.14273881912231445,0.5750747919082642,-2.6937754154205322,0.0019129514694213867,2.149402379989624
0,3061,0.37143656611442566,-0.2730042040348053,1.1138408184051514,0.14392773807048798,0.5741488933563232,-2.6905875205993652,0.0017272233963012695,2.134141683578491
0,3062,0.37115320563316345,-0.2730536162853241,1.1138594150543213,0.145109623670578,0.5732169151306152,-2.6873974800109863,0.001522660255432129,2.1184017658233643
0,3063,0.37087109684944153,-0.2731028199195862,1.1138923168182373,0.14628483355045319,0.5722805261611938,-2.684206247329712,0.0013047456741333008,2.102823495864868
0,3064,0.37058961391448975,-0.27315178513526917,1.1139334440231323,0.14745377004146576,0.5713418126106262,-2.681015729904175,0.0010793209075927734,2.0873162746429443
0,3065,0.37030795216560364,-0.2732006311416626,1.1139771938323975,0.14861631393432617,0.5704024434089661,-2.677828073501587,0.0008512735366821289,2.071693181991577
0,3066,0.3700253665447235,-0.27324962615966797,1.114018201828003,0.149772509932518,0.5694644451141357,-2.6746463775634766,0.0006256103515625,2.0566177368164062
0,3067,0.3697408437728882,-0.2732992172241211,1.1140515804290771,0.1509217768907547,0.5685304403305054,-2.671473979949951,0.0004063844680786133,2.0418143272399902
0,3068,0.3694531321525574,-0.2733502984046936,1.1140716075897217,0.15206453204154968,0.5676038265228271,-2.6683156490325928,0.00019848346710205078,2.0279645919799805
0,3069,0.36916103959083557,-0.27340376377105713,1.1140731573104858,0.1532006710767746,0.5666874647140503,-2.6651763916015625,6.079673767089844e-06,2.0153796672821045
0,3070,0.36886370182037354,-0.2734602093696594,1.114052176475525,0.15432992577552795,0.5657840967178345,-2.6620593070983887,0.0001672506332397461,2.0042786598205566
0,3071,0.3685608506202698,-0.27351972460746765,1.1140079498291016,0.15545214712619781,0.5648941993713379,-2.658965587615967,0.0003211498260498047,1.9946863651275635
0,3072,0.3682531714439392,-0.27358198165893555,1.113943338394165,0.1565680205821991,0.5640158653259277,-2.6558923721313477,0.000457763671875,1.9862306118011475
0,3073,0.36794185638427734,-0.27364620566368103,1.113863468170166,0.15767765045166016,0.5631464719772339,-2.6528353691101074,0.0005816221237182617,1.979123592376709
0,3074,0.3676283359527588,-0.27371132373809814,1.1137741804122925,0.15878112614154816,0.5622820854187012,-2.6497888565063477,0.0006972551345825195,1.9723877906799316
0,3075,0.3673138916492462,-0.2737766206264496,1.1136811971664429,0.15987911820411682,0.5614199042320251,-2.6467480659484863,0.0008096694946289062,1.9660271406173706
0,3076,0.3669997751712799,-0.27384138107299805,1.113588571548462,0.16097207367420197,0.5605573058128357,-2.6437082290649414,0.0009218454360961914,1.9598456621170044
0,3077,0.3666870892047882,-0.27390503883361816,1.1135005950927734,0.16206000745296478,0.5596914887428284,-2.6406655311584473,0.0010373592376708984,1.953444242477417
0,3078,0.36637723445892334,-0.2739669978618622,1.1134214401245117,0.16314366459846497,0.5588197708129883,-2.6376149654388428,0.0011594295501708984,1.9466196298599243
0,3079,0.3660719096660614,-0.2740265429019928,1.1133564710617065,0.16422338783740997,0.5579390525817871,-2.6345503330230713,0.0012922286987304688,1.9385600090026855
0,3080,0.3657728135585785,-0.2740829885005951,1.1133102178573608,0.16529951989650726,0.5570456981658936,-2.6314656734466553,0.001439213752746582,1.9296553134918213
0,3081,0.36548101902008057,-0.27413591742515564,1.113286018371582,0.16637243330478668,0.5561387538909912,-2.6283581256866455,0.0016030073165893555,1.9190785884857178
0,3082,0.36519646644592285,-0.27418529987335205,1.113283634185791,0.1674422025680542,0.5552175045013428,-2.6252269744873047,0.0017833709716796875,1.9072123765945435
0,3083,0.3649179935455322,-0.2742317318916321,1.1132997274398804,0.1685086488723755,0.5542842745780945,-2.6220762729644775,0.001977682113647461,1.894135594367981
0,3084,0.3646438717842102,-0.27427589893341064,1.1133289337158203,0.1695709079504013,0.5533424615859985,-2.6189122200012207,0.0021820068359375,1.880135416984558
0,3085,0.3643721640110016,-0.27431854605674744,1.1133652925491333,0.17062848806381226,0.5523959398269653,-2.615741491317749,0.0023914575576782227,1.8657153844833374
0,3086,0.3641014099121094,-0.27436041831970215,1.1134033203125,0.17168085277080536,0.5514474511146545,-2.6125693321228027,0.0026017427444458008,1.851077675819397
0,3087,0.36383071541786194,-0.27440211176872253,1.1134380102157593,0.17272882163524628,0.5504993796348572,-2.609398603439331,0.0028083324432373047,1.8367494344711304
0,3088,0.36355963349342346,-0.2744442820549011,1.113464117050171,0.17377346754074097,0.5495537519454956,-2.606231689453125,0.003006577491760254,1.822630524635315
0,3089,0.36328786611557007,-0.27448761463165283,1.1134750843048096,0.17481616139411926,0.5486121773719788,-2.603069305419922,0.0031899213790893555,1.809375286102295
0,3090,0.3630152940750122,-0.27453291416168213,1.113464593887329,0.17585916817188263,0.5476769804954529,-2.599912166595459,0.003352522850036621,1.7968939542770386
0,3091,0.3627418279647827,-0.2745807468891144,1.1134276390075684,0.17690391838550568,0.5467487573623657,-2.5967609882354736,0.0034894943237304688,1.7853119373321533
0,3092,0.36246755719184875,-0.27463120222091675,1.1133629083633423,0.17795081436634064,0.545828104019165,-2.593616008758545,0.0035992860794067383,1.7749779224395752
0,3093,0.3621925711631775,-0.2746840715408325,1.1132731437683105,0.17899936437606812,0.5449144840240479,-2.5904762744903564,0.0036847591400146484,1.76535964012146
0,3094,0.3619169294834137,-0.27473878860473633,1.1131643056869507,0.18004797399044037,0.544005274772644,-2.587340831756592,0.0037516355514526367,1.756691575050354
0,3095,0.36164090037345886,-0.2747943699359894,1.1130434274673462,0.18109434843063354,0.5430996417999268,-2.584209680557251,0.003806591033935547,1.7484283447265625
0,3096,0.36136460304260254,-0.27485018968582153,1.1129173040390015,0.18213622272014618,0.542195200920105,-2.5810816287994385,0.0038563013076782227,1.740463137626648
0,3097,0.36108797788619995,-0.2749059796333313,1.112791657447815,0.18317236006259918,0.5412912964820862,-2.5779571533203125,0.0039064884185791016,1.7328002452850342
0,3098,0.3608108162879944,-0.2749614715576172,1.1126717329025269,0.18420027196407318,0.5403868556022644,-2.5748372077941895,0.003962516784667969,1.7248764038085938
0,3099,0.36053282022476196,-0.2750166058540344,1.1125630140304565,0.1852165013551712,0.5394816994667053,-2.5717239379882812,0.00402987003326416,1.7170300483703613
0,3100,0.3602534532546997,-0.275071382522583,1.1124720573425293,0.18621772527694702,0.5385755300521851,-2.568619966506958,0.004115462303161621,1.709147572517395
0,3101,0.3599722385406494,-0.2751259505748749,1.1124048233032227,0.18720053136348724,0.5376679301261902,-2.56552791595459,0.004225730895996094,1.7006534337997437
0,3102,0.35968881845474243,-0.27518028020858765,1.1123645305633545,0.188162699341774,0.5367593169212341,-2.5624494552612305,0.004364013671875,1.6924636363983154
0,3103,0.3594032824039459,-0.2752343416213989,1.1123509407043457,0.18910470604896545,0.5358498096466064,-2.55938458442688,0.0045299530029296875,1.6835365295410156
0,3104,0.35911595821380615,-0.27528807520866394,1.1123594045639038,0.1900288611650467,0.5349395275115967,-2.556330919265747,0.004718661308288574,1.6746788024902344
0,3105,0.35882726311683655,-0.27534133195877075,1.1123831272125244,0.1909387856721878,0.534029483795166,-2.553286075592041,0.004923105239868164,1.665539026260376
0,3106,0.35853785276412964,-0.27539417147636414,1.1124155521392822,0.19183917343616486,0.5331192016601562,-2.550246238708496,0.005136370658874512,1.6565849781036377
0,3107,0.35824814438819885,-0.27544650435447693,1.1124510765075684,0.19273312389850616,0.5322095155715942,-2.5472092628479004,0.005352616310119629,1.6475825309753418
0,3108,0.3579586148262024,-0.2754981815814972,1.1124849319458008,0.19362270832061768,0.5313003063201904,-2.544172763824463,0.005566716194152832,1.6387693881988525
0,3109,0.3576698303222656,-0.2755493223667145,1.112512469291687,0.1945103257894516,0.5303918719291687,-2.541134834289551,0.005773663520812988,1.6301485300064087
0,3110,0.3573824465274811,-0.275599867105484,1.112527847290039,0.19539874792099,0.5294842720031738,-2.538092613220215,0.005967259407043457,1.6214821338653564
0,3111,0.3570973575115204,-0.2756497859954834,1.1125246286392212,0.1962912529706955,0.5285775065422058,-2.5350422859191895,0.006140589714050293,1.6130115985870361
0,3112,0.3568154275417328,-0.27569910883903503,1.1124961376190186,0.197191059589386,0.5276718139648438,-2.5319807529449463,0.0062863826751708984,1.6048623323440552
0,3113,0.3565371334552765,-0.27574777603149414,1.112438678741455,0.19809949398040771,0.5267667770385742,-2.5289061069488525,0.006400704383850098,1.5967941284179688
0,3114,0.3562624156475067,-0.2757958471775055,1.1123526096343994,0.19901642203330994,0.5258623361587524,-2.5258188247680664,0.006484031677246094,1.5888079404830933
0,3115,0.3559906780719757,-0.2758435010910034,1.1122430562973022,0.19994007050991058,0.5249585509300232,-2.5227208137512207,0.006541728973388672,1.5811529159545898
0,3116,0.35572102665901184,-0.27589064836502075,1.1121171712875366,0.20086650550365448,0.5240549445152283,-2.5196163654327393,0.006581664085388184,1.573211908340454
0,3117,0.3554525375366211,-0.27593740820884705,1.1119823455810547,0.20179249346256256,0.5231515765190125,-2.5165085792541504,0.00661158561706543,1.5659805536270142
0,3118,0.3551844656467438,-0.275983989238739,1.1118448972702026,0.20271503925323486,0.5222486257553101,-2.5134012699127197,0.0066384077072143555,1.558464527130127
0,3119,0.3549163341522217,-0.2760305106639862,1.1117089986801147,0.20363150537014008,0.5213454365730286,-2.51029634475708,0.00666654109954834,1.5514167547225952
0,3120,0.3546479642391205,-0.2760773301124573,1.1115789413452148,0.2045399695634842,0.5204415917396545,-2.507194995880127,0.0067005157470703125,1.5442100763320923
0,3121,0.35437917709350586,-0.2761250436306,1.1114590167999268,0.20543791353702545,0.519536554813385,-2.5040993690490723,0.006744742393493652,1.5374789237976074
0,3122,0.35410985350608826,-0.27617427706718445,1.1113539934158325,0.20632238686084747,0.5186296701431274,-2.501011371612549,0.006804108619689941,1.530590295791626
0,3123,0.3538398742675781,-0.27622562646865845,1.1112678050994873,0.20719052851200104,0.5177205801010132,-2.497932195663452,0.006882905960083008,1.5236704349517822
0,3124,0.3535691797733307,-0.2762792706489563,1.1112022399902344,0.20804151892662048,0.5168085694313049,-2.4948627948760986,0.006982922554016113,1.5167189836502075
0,3125,0.3532978296279907,-0.27633512020111084,1.1111564636230469,0.20887652039527893,0.5158945322036743,-2.49180269241333,0.0071032047271728516,1.5101244449615479
0,3126,0.3530259132385254,-0.2763926684856415,1.11112642288208,0.2096974104642868,0.5149787068367004,-2.4887499809265137,0.007239580154418945,1.503370761871338
0,3127,0.35275357961654663,-0.27645111083984375,1.1111068725585938,0.21050715446472168,0.5140620470046997,-2.4857029914855957,0.007386565208435059,1.4967174530029297
0,3128,0.35248100757598877,-0.2765097916126251,1.1110930442810059,0.21130907535552979,0.5131454467773438,-2.482658863067627,0.007539272308349609,1.4901657104492188
0,3129,0.35220834612846375,-0.2765681743621826,1.1110806465148926,0.2121051400899887,0.5122296214103699,-2.479617118835449,0.007693052291870117,1.4837168455123901
0,3130,0.3519359529018402,-0.2766258120536804,1.1110665798187256,0.21289734542369843,0.5113145112991333,-2.4765753746032715,0.007844686508178711,1.4777698516845703
0,3131,0.35166406631469727,-0.2766822576522827,1.1110472679138184,0.21368739008903503,0.510400652885437,-2.473531723022461,0.007990360260009766,1.4715327024459839
0,3132,0.35139328241348267,-0.27673694491386414,1.1110180616378784,0.21447710692882538,0.5094876885414124,-2.4704837799072266,0.008124828338623047,1.4654027223587036
0,3133,0.35112425684928894,-0.2767890989780426,1.110973834991455,0.2152690887451172,0.5085753798484802,-2.4674277305603027,0.00824272632598877,1.4592467546463013
0,3134,0.3508576452732086,-0.276838093996048,1.1109098196029663,0.21606503427028656,0.5076642632484436,-2.4643611907958984,0.008338570594787598,1.4530649185180664
0,3135,0.3505937159061432,-0.27688363194465637,1.1108232736587524,0.2168656587600708,0.5067539215087891,-2.461282730102539,0.008409500122070312,1.446586012840271
0,3136,0.35033249855041504,-0.2769257724285126,1.110715627670288,0.2176714688539505,0.505844235420227,-2.458192825317383,0.008456945419311523,1.4399422407150269
0,3137,0.3500734269618988,-0.2769651710987091,1.1105903387069702,0.21848034858703613,0.5049348473548889,-2.4550931453704834,0.008484840393066406,1.4331309795379639
0,3138,0.34981587529182434,-0.2770026922225952,1.1104530096054077,0.21928970515727997,0.5040265321731567,-2.4519882202148438,0.008499383926391602,1.426424503326416
0,3139,0.34955915808677673,-0.2770389914512634,1.1103096008300781,0.22009742259979248,0.5031184554100037,-2.448880195617676,0.00850677490234375,1.419961929321289
0,3140,0.34930288791656494,-0.2770746648311615,1.1101644039154053,0.2209019809961319,0.5022107362747192,-2.4457714557647705,0.008511781692504883,1.4136083126068115
0,3141,0.34904715418815613,-0.2771102786064148,1.110020399093628,0.22170153260231018,0.5013023614883423,-2.442662477493286,0.00851750373840332,1.4075040817260742
0,3142,0.34879234433174133,-0.2771463692188263,1.1098803281784058,0.22249476611614227,0.5003921985626221,-2.4395532608032227,0.008526444435119629,1.4013731479644775
0,3143,0.3485392928123474,-0.2771836221218109,1.109747290611267,0.2232808917760849,0.49947798252105713,-2.436441421508789,0.008541345596313477,1.3952155113220215
0,3144,0.34828904271125793,-0.27722272276878357,1.1096245050430298,0.22405827045440674,0.4985569715499878,-2.4333250522613525,0.008565068244934082,1.3884668350219727
0,3145,0.34804242849349976,-0.27726441621780396,1.109514832496643,0.22482658922672272,0.49762681126594543,-2.430201530456543,0.008600115776062012,1.3814018964767456
0,3146,0.34779995679855347,-0.2773090600967407,1.1094197034835815,0.22558476030826569,0.4966864585876465,-2.427070140838623,0.008647561073303223,1.3733035326004028
0,3147,0.34756141901016235,-0.2773563265800476,1.1093380451202393,0.22633309662342072,0.4957367479801178,-2.423931360244751,0.00870668888092041,1.364870309829712
0,3148,0.34732598066329956,-0.2774057686328888,1.1092674732208252,0.22707241773605347,0.4947793483734131,-2.4207866191864014,0.00877523422241211,1.3555189371109009
0,3149,0.3470926582813263,-0.2774565517902374,1.1092045307159424,0.22780460119247437,0.4938172399997711,-2.417638063430786,0.008850336074829102,1.346247911453247
0,3150,0.3468603491783142,-0.2775077521800995,1.1091452836990356,0.2285299301147461,0.4928533732891083,-2.4144887924194336,0.008928418159484863,1.3364733457565308
0,3151,0.3466281592845917,-0.277558833360672,1.1090871095657349,0.22925011813640594,0.4918898642063141,-2.4113399982452393,0.00900721549987793,1.3272167444229126
0,3152,0.34639549255371094,-0.27760931849479675,1.109027624130249,0.22996601462364197,0.4909282624721527,-2.4081931114196777,0.009084820747375488,1.3181921243667603
0,3153,0.3461616337299347,-0.2776586711406708,1.1089640855789185,0.23067748546600342,0.489969938993454,-2.405050277709961,0.009158492088317871,1.3095537424087524
0,3154,0.34592577815055847,-0.27770641446113586,1.1088935136795044,0.23138482868671417,0.48901689052581787,-2.4019131660461426,0.009225726127624512,1.3014594316482544
0,3155,0.3456870913505554,-0.2777518928050995,1.1088125705718994,0.2320879101753235,0.4880702793598175,-2.3987843990325928,0.00928354263305664,1.2945244312286377
0,3156,0.345444917678833,-0.27779465913772583,1.108718752861023,0.23278720676898956,0.487131804227829,-2.395664691925049,0.009329676628112793,1.2883117198944092
0,3157,0.34519895911216736,-0.277834415435791,1.1086108684539795,0.23348230123519897,0.48620182275772095,-2.392554998397827,0.009363055229187012,1.2829843759536743
0,3158,0.3449495732784271,-0.2778714597225189,1.108489751815796,0.2341730147600174,0.48527997732162476,-2.389455556869507,0.009384393692016602,1.2790125608444214
0,3159,0.3446974456310272,-0.2779063582420349,1.1083587408065796,0.23485985398292542,0.48436474800109863,-2.3863635063171387,0.009396672248840332,1.2759490013122559
0,3160,0.34444352984428406,-0.27793970704078674,1.1082212924957275,0.23554295301437378,0.4834539592266083,-2.3832767009735107,0.009402990341186523,1.2734928131103516
0,3161,0.3441886901855469,-0.2779722511768341,1.1080806255340576,0.23622210323810577,0.48254629969596863,-2.380192995071411,0.009406208992004395,1.2719552516937256
0,3162,0.343933641910553,-0.2780042886734009,1.1079391241073608,0.23689697682857513,0.481640100479126,-2.377110719680786,0.009408235549926758,1.2704157829284668
0,3163,0.34367895126342773,-0.2780364751815796,1.107798457145691,0.2375677525997162,0.48073408007621765,-2.374028444290161,0.009410738945007324,1.2697995901107788
0,3164,0.3434251844882965,-0.27806946635246277,1.107659935951233,0.23823381960391998,0.4798257350921631,-2.3709447383880615,0.00941479206085205,1.269028663635254
0,3165,0.3431731164455414,-0.2781040668487549,1.1075247526168823,0.2388942837715149,0.4789130389690399,-2.3678579330444336,0.009421229362487793,1.26825749874115
0,3166,0.3429236114025116,-0.27814120054244995,1.1073944568634033,0.23954862356185913,0.47799354791641235,-2.3647656440734863,0.00943136215209961,1.2676401138305664
0,3167,0.3426772952079773,-0.278181791305542,1.1072700023651123,0.24019639194011688,0.477064311504364,-2.361666202545166,0.009446024894714355,1.26655912399292
0,3168,0.3424345850944519,-0.27822619676589966,1.1071521043777466,0.2408367544412613,0.4761243760585785,-2.3585588932037354,0.009465694427490234,1.264548897743225
0,3169,0.3421952724456787,-0.278274267911911,1.1070404052734375,0.24146991968154907,0.47517430782318115,-2.3554441928863525,0.009490251541137695,1.2620705366134644
0,3170,0.3419586718082428,-0.2783251702785492,1.1069337129592896,0.24209661781787872,0.4742163419723511,-2.352323055267334,0.00951850414276123,1.2592766284942627
0,3171,0.34172385931015015,-0.2783779799938202,1.1068305969238281,0.24271775782108307,0.4732537567615509,-2.349198818206787,0.009549617767333984,1.256164789199829
0,3172,0.34148991107940674,-0.27843165397644043,1.106729507446289,0.24333378672599792,0.47228947281837463,-2.3460731506347656,0.009582161903381348,1.2533575296401978
0,3173,0.34125596284866333,-0.27848535776138306,1.1066292524337769,0.24394458532333374,0.4713256359100342,-2.3429484367370605,0.009615302085876465,1.25070059299469
0,3174,0.34102123975753784,-0.27853861451148987,1.1065292358398438,0.24455027282238007,0.47036421298980713,-2.3398263454437256,0.009648799896240234,1.2486648559570312
0,3175,0.34078484773635864,-0.2785910964012146,1.1064294576644897,0.24515031278133392,0.4694064259529114,-2.33670973777771,0.009683012962341309,1.2470967769622803
0,3176,0.34054550528526306,-0.278642475605011,1.1063295602798462,0.24574336409568787,0.4684543311595917,-2.3336024284362793,0.00971829891204834,1.2466260194778442
0,3177,0.3403016924858093,-0.27869242429733276,1.106229543685913,0.2463279664516449,0.4675092399120331,-2.3305091857910156,0.009755253791809082,1.2475675344467163
0,3178,0.3400522768497467,-0.27874064445495605,1.1061292886734009,0.2469027042388916,0.466572642326355,-2.327432870864868,0.009794354438781738,1.2500746250152588
0,3179,0.3397965431213379,-0.27878686785697937,1.1060289144515991,0.24746669828891754,0.46564584970474243,-2.324376106262207,0.009836077690124512,1.2542940378189087
0,3180,0.33953484892845154,-0.27883124351501465,1.1059285402297974,0.24802075326442719,0.4647282361984253,-2.3213376998901367,0.0098801851272583,1.2605191469192505
0,3181,0.33926835656166077,-0.27887412905693054,1.1058281660079956,0.24856653809547424,0.46381863951683044,-2.3183140754699707,0.009926319122314453,1.267948865890503
0,3182,0.33899855613708496,-0.27891579270362854,1.105728030204773,0.24910515546798706,0.4629148244857788,-2.315300464630127,0.009973883628845215,1.2768688201904297
0,3183,0.3387269079685211,-0.27895671129226685,1.1056277751922607,0.24963825941085815,0.46201473474502563,-2.3122923374176025,0.010021805763244629,1.2866398096084595
0,3184,0.33845460414886475,-0.27899712324142456,1.1055277585983276,0.25016719102859497,0.46111738681793213,-2.3092868328094482,0.010069847106933594,1.297242522239685
0,3185,0.3381824791431427,-0.27903735637664795,1.1054275035858154,0.25069236755371094,0.46022099256515503,-2.3062806129455566,0.010117292404174805,1.3083577156066895
0,3186,0.33791112899780273,-0.27907776832580566,1.1053264141082764,0.25121432542800903,0.45932433009147644,-2.3032729625701904,0.010163187980651855,1.3196758031845093
0,3187,0.33764123916625977,-0.2791188061237335,1.1052238941192627,0.25173333287239075,0.458423912525177,-2.300260305404663,0.01020658016204834,1.3308976888656616
0,3188,0.3373737931251526,-0.27916133403778076,1.1051185131072998,0.25225022435188293,0.4575166702270508,-2.297239303588867,0.010245919227600098,1.3423174619674683
0,3189,0.33710968494415283,-0.2792060971260071,1.1050089597702026,0.25276485085487366,0.4565988779067993,-2.29420804977417,0.010279417037963867,1.3526285886764526
0,3190,0.336849570274353,-0.2792535126209259,1.1048940420150757,0.25327709317207336,0.4556681215763092,-2.2911629676818848,0.01030576229095459,1.3621435165405273
0,3191,0.3365936279296875,-0.2793036997318268,1.1047736406326294,0.25378668308258057,0.454723596572876,-2.28810453414917,0.010324597358703613,1.3707362413406372
0,3192,0.33634138107299805,-0.2793564200401306,1.1046481132507324,0.25429341197013855,0.4537668526172638,-2.285033941268921,0.010336637496948242,1.378423810005188
0,3193,0.33609193563461304,-0.2794109582901001,1.1045191287994385,0.2547970116138458,0.4528016746044159,-2.281954288482666,0.010343790054321289,1.385503888130188
0,3194,0.3358442187309265,-0.27946656942367554,1.1043882369995117,0.2552977204322815,0.4518316984176636,-2.2788686752319336,0.010348081588745117,1.3924075365066528
0,3195,0.33559730648994446,-0.27952250838279724,1.1042563915252686,0.25579479336738586,0.45086029171943665,-2.275780439376831,0.010350823402404785,1.3992769718170166
0,3196,0.33535051345825195,-0.27957823872566223,1.1041243076324463,0.2562877833843231,0.449889600276947,-2.2726917266845703,0.0103529691696167,1.4066696166992188
0,3197,0.3351033926010132,-0.2796332836151123,1.103992223739624,0.25677624344825745,0.44892069697380066,-2.269603729248047,0.010354876518249512,1.4143003225326538
0,3198,0.33485567569732666,-0.2796872854232788,1.1038602590560913,0.2572594881057739,0.44795334339141846,-2.266516923904419,0.010356783866882324,1.4224404096603394
0,3199,0.3346070647239685,-0.2797398567199707,1.10372793674469,0.2577366232872009,0.44698643684387207,-2.2634313106536865,0.010358095169067383,1.4308078289031982
0,3200,0.3343571722507477,-0.2797904908657074,1.1035951375961304,0.2582070529460907,0.44602006673812866,-2.260347604751587,0.010359048843383789,1.4399422407150269
0,3201,0.3341057300567627,-0.2798386216163635,1.1034612655639648,0.2586696743965149,0.44505253434181213,-2.257265090942383,0.010358929634094238,1.449289083480835
0,3202,0.33385273814201355,-0.2798841893672943,1.1033265590667725,0.25912484526634216,0.4440837502479553,-2.2541840076446533,0.010357975959777832,1.4593809843063354
0,3203,0.333598256111145,-0.2799273431301117,1.1031910181045532,0.25957244634628296,0.44311386346817017,-2.2511038780212402,0.01035618782043457,1.4696696996688843
0,3204,0.3333425521850586,-0.2799685597419739,1.1030548810958862,0.2600131630897522,0.44214364886283875,-2.2480251789093018,0.010353803634643555,1.4806803464889526
0,3205,0.3330860137939453,-0.28000834584236145,1.102918267250061,0.26044824719429016,0.44117406010627747,-2.2449469566345215,0.010350704193115234,1.491871953010559
0,3206,0.3328290581703186,-0.2800472378730774,1.1027816534042358,0.2608782947063446,0.440205842256546,-2.2418692111968994,0.010347366333007812,1.5037612915039062
0,3207,0.332571804523468,-0.28008556365966797,1.102644920349121,0.26130375266075134,0.4392394423484802,-2.2387919425964355,0.010343670845031738,1.5159447193145752
0,3208,0.33231455087661743,-0.2801237404346466,1.1025080680847168,0.2617252469062805,0.43827423453330994,-2.2357146739959717,0.010339498519897461,1.528671145439148
0,3209,0.33205729722976685,-0.2801622152328491,1.1023707389831543,0.26214274764060974,0.43730923533439636,-2.232637405395508,0.010334610939025879,1.5415464639663696
0,3210,0.3318001627922058,-0.28020143508911133,1.1022318601608276,0.262555867433548,0.436341792345047,-2.2295584678649902,0.010327816009521484,1.5546928644180298
0,3211,0.3315432071685791,-0.2802419066429138,1.1020904779434204,0.262964129447937,0.4353697597980499,-2.226478099822998,0.010318517684936523,1.5676043033599854
0,3212,0.33128660917282104,-0.28028443455696106,1.1019456386566162,0.26336681842803955,0.4343893527984619,-2.2233948707580566,0.010305523872375488,1.5807816982269287
0,3213,0.33103039860725403,-0.28032931685447693,1.1017966270446777,0.26376378536224365,0.43339890241622925,-2.220308303833008,0.010288357734680176,1.5932360887527466
0,3214,0.33077457547187805,-0.2803766131401062,1.1016435623168945,0.26415520906448364,0.43239840865135193,-2.2172179222106934,0.010267019271850586,1.6052281856536865
0,3215,0.33051905035972595,-0.28042590618133545,1.1014868021011353,0.26454076170921326,0.43138962984085083,-2.2141246795654297,0.010241866111755371,1.6171313524246216
0,3216,0.33026373386383057,-0.28047654032707214,1.101327657699585,0.2649211585521698,0.43037593364715576,-2.2110297679901123,0.01021420955657959,1.6290677785873413
0,3217,0.33000850677490234,-0.28052783012390137,1.1011673212051392,0.2652968466281891,0.4293600916862488,-2.2079336643218994,0.0101851224899292,1.640917420387268
0,3218,0.3297531306743622,-0.28057920932769775,1.1010065078735352,0.2656676769256592,0.42834487557411194,-2.2048375606536865,0.010155320167541504,1.6530373096466064
0,3219,0.32949739694595337,-0.280630499124527,1.1008461713790894,0.266033798456192,0.4273316264152527,-2.201742172241211,0.01012575626373291,1.665539026260376
0,3220,0.329241007566452,-0.28068169951438904,1.1006873846054077,0.26639485359191895,0.42632028460502625,-2.198648452758789,0.010097742080688477,1.6784141063690186
0,3221,0.32898327708244324,-0.2807329595088959,1.1005312204360962,0.2667495012283325,0.42531079053878784,-2.1955580711364746,0.010072708129882812,1.6917695999145508
0,3222,0.32872334122657776,-0.280784547328949,1.1003791093826294,0.26709580421447754,0.42430180311203003,-2.1924734115600586,0.01005256175994873,1.7059385776519775
0,3223,0.3284602761268616,-0.28083688020706177,1.1002330780029297,0.26743215322494507,0.4232925474643707,-2.1893973350524902,0.010039687156677246,1.7206734418869019
0,3224,0.32819339632987976,-0.28089022636413574,1.1000943183898926,0.2677569091320038,0.4222821891307831,-2.186331272125244,0.01003575325012207,1.736185073852539
0,3225,0.32792240381240845,-0.28094473481178284,1.0999631881713867,0.2680695056915283,0.421270489692688,-2.1832759380340576,0.010041117668151855,1.752453088760376
0,3226,0.3276476263999939,-0.28100019693374634,1.0998390913009644,0.26837027072906494,0.42025765776634216,-2.180230140686035,0.010055184364318848,1.7695671319961548
0,3227,0.32736992835998535,-0.28105631470680237,1.0997203588485718,0.26866137981414795,0.41924479603767395,-2.177191734313965,0.010075688362121582,1.7873934507369995
0,3228,0.3270903527736664,-0.2811127305030823,1.0996054410934448,0.26894503831863403,0.4182332456111908,-2.1741580963134766,0.010100603103637695,1.8056942224502563
0,3229,0.32680976390838623,-0.2811691462993622,1.0994924306869507,0.26922279596328735,0.4172235429286957,-2.1711266040802,0.010127425193786621,1.8245621919631958
0,3230,0.3265286982059479,-0.2812252342700958,1.0993800163269043,0.2694958746433258,0.41621601581573486,-2.168095827102661,0.0101546049118042,1.8436620235443115
0,3231,0.3262476623058319,-0.2812808156013489,1.0992671251296997,0.2697650194168091,0.4152105450630188,-2.1650640964508057,0.010180830955505371,1.8630913496017456
0,3232,0.3259669542312622,-0.2813356816768646,1.0991523265838623,0.27002987265586853,0.4142054617404938,-2.162029266357422,0.010204434394836426,1.8828396797180176
0,3233,0.3256869614124298,-0.28138959407806396,1.0990338325500488,0.2702902853488922,0.4131978154182434,-2.158989906311035,0.01022350788116455,1.9023834466934204
0,3234,0.32540807127952576,-0.2814422845840454,1.098909616470337,0.2705463171005249,0.41218331456184387,-2.155941963195801,0.01023566722869873,1.9215246438980103
0,3235,0.32513076066970825,-0.2814934551715851,1.0987768173217773,0.27079737186431885,0.41115766763687134,-2.1528825759887695,0.010237812995910645,1.9399727582931519
0,3236,0.32485535740852356,-0.2815428376197815,1.0986340045928955,0.2710427939891815,0.410118043422699,-2.1498098373413086,0.010228395462036133,1.9575474262237549
0,3237,0.32458195090293884,-0.28159043192863464,1.0984805822372437,0.27128222584724426,0.4090641438961029,-2.1467232704162598,0.010206818580627441,1.9742720127105713
0,3238,0.324310302734375,-0.28163638710975647,1.0983178615570068,0.27151572704315186,0.40799784660339355,-2.1436240673065186,0.010174393653869629,1.989971399307251
0,3239,0.32403987646102905,-0.2816810607910156,1.0981483459472656,0.271744042634964,0.40692338347435,-2.1405158042907715,0.010133981704711914,2.0052549839019775
0,3240,0.3237701952457428,-0.28172481060028076,1.0979747772216797,0.2719672918319702,0.40584495663642883,-2.137401580810547,0.010088682174682617,2.02042293548584
0,3241,0.3235008418560028,-0.28176796436309814,1.0977994203567505,0.2721855938434601,0.40476611256599426,-2.134284496307373,0.010040998458862305,2.035478115081787
0,3242,0.32323163747787476,-0.28181084990501404,1.0976237058639526,0.2723991572856903,0.40368837118148804,-2.1311655044555664,0.009992361068725586,2.050804615020752
0,3243,0.3229626417160034,-0.2818538546562195,1.0974485874176025,0.27260756492614746,0.40261197090148926,-2.128045082092285,0.009943842887878418,2.066206693649292
0,3244,0.3226943016052246,-0.2818973958492279,1.097274661064148,0.2728101313114166,0.40153416991233826,-2.1249213218688965,0.009896039962768555,2.0815887451171875
0,3245,0.3224271535873413,-0.2819421589374542,1.097102403640747,0.27300533652305603,0.4004514217376709,-2.1217923164367676,0.009849190711975098,2.0962982177734375
0,3246,0.32216203212738037,-0.28198903799057007,1.0969325304031372,0.27319151163101196,0.39935797452926636,-2.118654251098633,0.0098038911819458,2.1100707054138184
0,3247,0.32189956307411194,-0.2820388376712799,1.0967656373977661,0.27336758375167847,0.39824962615966797,-2.115504264831543,0.009760618209838867,2.1222786903381348
0,3248,0.32164013385772705,-0.28209176659584045,1.0966016054153442,0.2735323905944824,0.39712420105934143,-2.1123414039611816,0.009719014167785645,2.132765769958496
0,3249,0.32138365507125854,-0.28214773535728455,1.0964406728744507,0.2736860513687134,0.39598244428634644,-2.1091651916503906,0.009679436683654785,2.141557216644287
0,3250,0.3211294412612915,-0.28220611810684204,1.0962820053100586,0.2738298773765564,0.3948284089565277,-2.1059789657592773,0.009641289710998535,2.14894700050354
0,3251,0.32087668776512146,-0.2822659909725189,1.0961250066757202,0.273965060710907,0.39366739988327026,-2.102785587310791,0.009604215621948242,2.155766725540161
0,3252,0.3206247091293335,-0.2823265790939331,1.0959690809249878,0.2740936279296875,0.39250457286834717,-2.099587917327881,0.009567618370056152,2.162203311920166
0,3253,0.3203727900981903,-0.2823871374130249,1.0958137512207031,0.27421650290489197,0.3913428783416748,-2.0963892936706543,0.009531140327453613,2.168710708618164
0,3254,0.32012027502059937,-0.2824471592903137,1.0956584215164185,0.2743338346481323,0.3901842534542084,-2.0931899547576904,0.009494662284851074,2.1754684448242188
0,3255,0.3198665976524353,-0.28250592947006226,1.0955023765563965,0.27444517612457275,0.38902825117111206,-2.089992046356201,0.009457230567932129,2.182833433151245
0,3256,0.3196108043193817,-0.28256258368492126,1.0953447818756104,0.27454912662506104,0.38787421584129333,-2.0867958068847656,0.009418487548828125,2.1909773349761963
0,3257,0.31935179233551025,-0.28261613845825195,1.0951848030090332,0.27464422583580017,0.38672035932540894,-2.0836033821105957,0.009377717971801758,2.199892282485962
0,3258,0.3190884292125702,-0.2826654613018036,1.09502112865448,0.27472859621047974,0.385564923286438,-2.0804152488708496,0.009333968162536621,2.2099227905273438
0,3259,0.3188200891017914,-0.2827100455760956,1.094853401184082,0.27480146288871765,0.3844069540500641,-2.0772323608398438,0.009286880493164062,2.221141815185547
0,3260,0.3185468018054962,-0.28274983167648315,1.0946816205978394,0.2748626172542572,0.383246511220932,-2.074054718017578,0.009236574172973633,2.2335317134857178
0,3261,0.3182692527770996,-0.2827855348587036,1.0945063829421997,0.2749127745628357,0.3820843994617462,-2.070880889892578,0.009183406829833984,2.246985912322998
0,3262,0.31798863410949707,-0.2828182876110077,1.0943288803100586,0.274954229593277,0.38092246651649475,-2.0677099227905273,0.009128212928771973,2.2613987922668457
0,3263,0.3177061975002289,-0.28284913301467896,1.0941500663757324,0.2749883830547333,0.37976232171058655,-2.064540147781372,0.009071588516235352,2.2762365341186523
0,3264,0.317423015832901,-0.282879114151001,1.0939708948135376,0.2750166654586792,0.37860509753227234,-2.061370372772217,0.009014368057250977,2.2917470932006836
0,3265,0.3171398639678955,-0.2829091250896454,1.0937920808792114,0.2750396132469177,0.37744995951652527,-2.0581984519958496,0.008957147598266602,2.3073229789733887
0,3266,0.3168575167655945,-0.2829401195049286,1.0936137437820435,0.27505671977996826,0.3762953281402588,-2.055023193359375,0.008899688720703125,2.3227102756500244
0,3267,0.3165769577026367,-0.2829732596874237,1.0934361219406128,0.2750672698020935,0.37513670325279236,-2.0518412590026855,0.008842229843139648,2.3374102115631104
0,3268,0.31629955768585205,-0.28301042318344116,1.093259572982788,0.27506938576698303,0.37396782636642456,-2.048647880554199,0.008784770965576172,2.350686550140381
0,3269,0.31602680683135986,-0.28305336833000183,1.0930842161178589,0.275060772895813,0.37278178334236145,-2.045438289642334,0.008727431297302246,2.3615686893463135
0,3270,0.3157598376274109,-0.2831037938594818,1.0929102897644043,0.2750400900840759,0.3715725243091583,-2.042208194732666,0.008670210838317871,2.3693466186523438
0,3271,0.31549912691116333,-0.28316226601600647,1.0927377939224243,0.27500662207603455,0.37033811211586,-2.0389561653137207,0.008612990379333496,2.3738856315612793
0,3272,0.3152441084384918,-0.2832280695438385,1.092566728591919,0.27496039867401123,0.36908113956451416,-2.035684108734131,0.008556008338928223,2.3752870559692383
0,3273,0.3149935305118561,-0.28329968452453613,1.0923967361450195,0.27490296959877014,0.367807537317276,-2.032396078109741,0.00849902629852295,2.374380350112915
0,3274,0.3147456645965576,-0.28337493538856506,1.0922276973724365,0.2748362720012665,0.36652469635009766,-2.029097557067871,0.008442282676696777,2.3720712661743164
0,3275,0.3144990801811218,-0.2834518551826477,1.0920592546463013,0.27476197481155396,0.36523956060409546,-2.0257935523986816,0.008385658264160156,2.3691813945770264
0,3276,0.31425249576568604,-0.28352880477905273,1.0918912887573242,0.27468109130859375,0.3639565706253052,-2.022487163543701,0.008329153060913086,2.366288185119629
0,3277,0.31400471925735474,-0.28360435366630554,1.0917235612869263,0.2745933532714844,0.362678587436676,-2.019181251525879,0.008272767066955566,2.363970994949341
0,3278,0.31375443935394287,-0.28367680311203003,1.0915557146072388,0.2744978070259094,0.36140626668930054,-2.0158779621124268,0.008216261863708496,2.362563133239746
0,3279,0.31349998712539673,-0.2837442457675934,1.0913878679275513,0.2743927836418152,0.3601393401622772,-2.012579917907715,0.008159995079040527,2.3626458644866943
0,3280,0.31323951482772827,-0.28380444645881653,1.0912196636199951,0.27427616715431213,0.358877956867218,-2.009289264678955,0.008104085922241211,2.364633321762085
0,3281,0.31297141313552856,-0.2838554084300995,1.0910507440567017,0.2741456925868988,0.3576223850250244,-2.0060086250305176,0.008048176765441895,2.36893367767334
0,3282,0.31269508600234985,-0.28389647603034973,1.09088134765625,0.27400079369544983,0.35637199878692627,-2.0027384757995605,0.00799262523651123,2.376110792160034
0,3283,0.3124110698699951,-0.28392818570137024,1.0907113552093506,0.2738421559333801,0.3551267385482788,-1.9994772672653198,0.007937073707580566,2.3855648040771484
0,3284,0.3121209442615509,-0.28395241498947144,1.0905410051345825,0.27367153763771057,0.3538874685764313,-1.996224045753479,0.007881760597229004,2.397023916244507
0,3285,0.3118266761302948,-0.28397172689437866,1.0903706550598145,0.2734912633895874,0.35265329480171204,-1.9929746389389038,0.007826447486877441,2.410053253173828
0,3286,0.3115302324295044,-0.2839883267879486,1.090200424194336,0.27330368757247925,0.35142454504966736,-1.9897270202636719,0.007771015167236328,2.4239816665649414
0,3287,0.3112331032752991,-0.2840040326118469,1.090030312538147,0.2731096148490906,0.3502002954483032,-1.9864784479141235,0.007715344429016113,2.438231945037842
0,3288,0.31093648076057434,-0.28402048349380493,1.089860439300537,0.27290967106819153,0.34897878766059875,-1.9832268953323364,0.007659316062927246,2.452639102935791
0,3289,0.31064170598983765,-0.28403955698013306,1.0896906852722168,0.2727032005786896,0.3477555513381958,-1.9799680709838867,0.007602691650390625,2.4661684036254883
0,3290,0.3103505074977875,-0.28406357765197754,1.0895205736160278,0.27248844504356384,0.3465241491794586,-1.976697325706482,0.007544755935668945,2.4780447483062744
0,3291,0.31006506085395813,-0.2840954661369324,1.0893497467041016,0.2722628116607666,0.3452766537666321,-1.9734081029891968,0.007485151290893555,2.4872689247131348
0,3292,0.30978745222091675,-0.28413820266723633,1.0891776084899902,0.2720237970352173,0.3440045118331909,-1.9700945615768433,0.007422924041748047,2.4922215938568115
0,3293,0.30951908230781555,-0.28419363498687744,1.0890039205551147,0.271769642829895,0.3427025377750397,-1.9667519330978394,0.0073577165603637695,2.492614507675171
0,3294,0.30925989151000977,-0.2842618525028229,1.0888288021087646,0.27150046825408936,0.34137073159217834,-1.9633805751800537,0.007289886474609375,2.487898349761963
0,3295,0.3090084493160248,-0.28434085845947266,1.0886526107788086,0.27121731638908386,0.34001463651657104,-1.9599848985671997,0.007219791412353516,2.479229211807251
0,3296,0.30876249074935913,-0.2844274640083313,1.0884755849838257,0.2709221839904785,0.3386431932449341,-1.9565714597702026,0.007148027420043945,2.46783447265625
0,3297,0.30851951241493225,-0.28451842069625854,1.0882983207702637,0.27061760425567627,0.3372655212879181,-1.953147053718567,0.0070754289627075195,2.4547131061553955
0,3298,0.3082774579524994,-0.2846108675003052,1.0881214141845703,0.27030491828918457,0.3358883857727051,-1.9497175216674805,0.0070029497146606445,2.4413607120513916
0,3299,0.30803462862968445,-0.2847024202346802,1.0879449844360352,0.26998525857925415,0.3345174491405487,-1.9462872743606567,0.00693058967590332,2.4281768798828125
0,3300,0.30778923630714417,-0.2847907543182373,1.0877697467803955,0.26965776085853577,0.33315426111221313,-1.9428590536117554,0.006859421730041504,2.41605544090271
0,3301,0.3075392246246338,-0.2848730683326721,1.0875961780548096,0.2693209648132324,0.331801176071167,-1.939436674118042,0.0067899227142333984,2.4058263301849365
0,3302,0.3072821795940399,-0.284946084022522,1.0874251127243042,0.2689729630947113,0.330459862947464,-1.936023473739624,0.006723284721374512,2.3981668949127197
0,3303,0.3070157766342163,-0.2850066125392914,1.0872572660446167,0.26861169934272766,0.3291319012641907,-1.932623267173767,0.006660342216491699,2.3941643238067627
0,3304,0.30673864483833313,-0.2850528657436371,1.0870931148529053,0.26823610067367554,0.327818363904953,-1.9292374849319458,0.006601572036743164,2.393918991088867
0,3305,0.30645108222961426,-0.28508511185646057,1.0869325399398804,0.26784610748291016,0.3265188932418823,-1.925865650177002,0.0065468549728393555,2.397676944732666
0,3306,0.3061548173427582,-0.2851058840751648,1.0867750644683838,0.26744410395622253,0.32523223757743835,-1.922505259513855,0.006495356559753418,2.404768705368042
0,3307,0.30585241317749023,-0.28511855006217957,1.0866199731826782,0.26703155040740967,0.32395634055137634,-1.9191522598266602,0.006446242332458496,2.4142725467681885
0,3308,0.3055465817451477,-0.2851266860961914,1.0864661931991577,0.26661086082458496,0.3226897120475769,-1.9158023595809937,0.006398200988769531,2.4250311851501465
0,3309,0.3052394390106201,-0.2851332426071167,1.0863133668899536,0.26618367433547974,0.32142961025238037,-1.9124515056610107,0.00635075569152832,2.436706304550171
0,3310,0.3049325942993164,-0.28514039516448975,1.0861607789993286,0.2657504677772522,0.32017406821250916,-1.9090975522994995,0.006302833557128906,2.4483258724212646
0,3311,0.30462759733200073,-0.2851501703262329,1.0860077142715454,0.265310138463974,0.3189193904399872,-1.9057365655899048,0.006253838539123535,2.4592537879943848
0,3312,0.30432629585266113,-0.2851652503013611,1.085853099822998,0.2648606598377228,0.3176592290401459,-1.9023628234863281,0.0062024593353271484,2.46854829788208
0,3313,0.3040311634540558,-0.28518912196159363,1.0856958627700806,0.2643996775150299,0.31638574600219727,-1.898970603942871,0.006147623062133789,2.47456693649292
0,3314,0.30374467372894287,-0.28522518277168274,1.0855350494384766,0.2639240324497223,0.31509071588516235,-1.8955525159835815,0.006088137626647949,2.476306438446045
0,3315,0.3034685552120209,-0.28527602553367615,1.0853694677352905,0.2634314000606537,0.3137679994106293,-1.8921033143997192,0.006022930145263672,2.4725096225738525
0,3316,0.30320316553115845,-0.28534215688705444,1.0851991176605225,0.26292115449905396,0.31241661310195923,-1.8886226415634155,0.005952000617980957,2.46307110786438
0,3317,0.3029472529888153,-0.2854217290878296,1.0850245952606201,0.26239442825317383,0.3110407292842865,-1.8851135969161987,0.005876064300537109,2.448725461959839
0,3318,0.3026983439922333,-0.285511314868927,1.0848472118377686,0.2618534564971924,0.30964866280555725,-1.8815828561782837,0.005796551704406738,2.4304327964782715
0,3319,0.3024536073207855,-0.2856070399284363,1.0846682786941528,0.2613016366958618,0.3082495331764221,-1.8780381679534912,0.005715012550354004,2.4101343154907227
0,3320,0.3022104799747467,-0.2857052981853485,1.0844889879226685,0.2607409656047821,0.30685126781463623,-1.874485969543457,0.005632638931274414,2.3890082836151123
0,3321,0.30196696519851685,-0.28580325841903687,1.0843104124069214,0.260172963142395,0.3054594397544861,-1.8709317445755005,0.005550861358642578,2.3679418563842773
0,3322,0.30172106623649597,-0.28589823842048645,1.0841338634490967,0.25959765911102295,0.30407777428627014,-1.8673789501190186,0.005470871925354004,2.3481037616729736
0,3323,0.3014705777168274,-0.28598710894584656,1.0839604139328003,0.25901445746421814,0.3027089238166809,-1.8638314008712769,0.0053937435150146484,2.3301138877868652
0,3324,0.30121302604675293,-0.28606632351875305,1.083791732788086,0.25842195749282837,0.30135607719421387,-1.8602930307388306,0.005321383476257324,2.3151984214782715
0,3325,0.30094602704048157,-0.2861325740814209,1.0836292505264282,0.25781846046447754,0.30002158880233765,-1.8567675352096558,0.005255222320556641,2.3040974140167236
0,3326,0.3006681799888611,-0.2861838936805725,1.0834739208221436,0.2572035491466522,0.29870718717575073,-1.8532568216323853,0.005196213722229004,2.297461986541748
0,3327,0.3003796637058258,-0.2862205505371094,1.0833256244659424,0.2565777599811554,0.29741236567497253,-1.8497610092163086,0.005144000053405762,2.295245885848999
0,3328,0.30008214712142944,-0.28624480962753296,1.0831832885742188,0.2559412717819214,0.29613539576530457,-1.8462767601013184,0.005097627639770508,2.2967803478240967
0,3329,0.29977819323539734,-0.28626036643981934,1.0830453634262085,0.25529637932777405,0.29487311840057373,-1.8428001403808594,0.00505518913269043,2.301037311553955
0,3330,0.29947054386138916,-0.28627094626426697,1.0829102993011475,0.25464433431625366,0.29362279176712036,-1.8393266201019287,0.005015254020690918,2.306983470916748
0,3331,0.2991614043712616,-0.28627973794937134,1.0827765464782715,0.25398606061935425,0.2923816740512848,-1.8358525037765503,0.004976153373718262,2.313760757446289
0,3332,0.29885241389274597,-0.2862889766693115,1.082642912864685,0.25332126021385193,0.2911469340324402,-1.8323744535446167,0.0049364566802978516,2.3206870555877686
0,3333,0.29854515194892883,-0.28630080819129944,1.0825083255767822,0.2526496946811676,0.28991517424583435,-1.8288891315460205,0.004895329475402832,2.3268353939056396
0,3334,0.29824134707450867,-0.2863175868988037,1.082371473312378,0.251968115568161,0.2886812686920166,-1.8253917694091797,0.004851222038269043,2.3313732147216797
0,3335,0.29794323444366455,-0.2863423526287079,1.0822304487228394,0.2512742877006531,0.28743842244148254,-1.8218766450881958,0.004802346229553223,2.3328840732574463
0,3336,0.2976530194282532,-0.2863782048225403,1.082083821296692,0.2505645155906677,0.2861800491809845,-1.818336844444275,0.004747152328491211,2.3302817344665527
0,3337,0.2973722219467163,-0.28642717003822327,1.0819299221038818,0.24983645975589752,0.2849019467830658,-1.8147684335708618,0.004683971405029297,2.3226258754730225
0,3338,0.29710111021995544,-0.2864896357059479,1.0817689895629883,0.2490893453359604,0.28360310196876526,-1.8111711740493774,0.004613280296325684,2.309781551361084
0,3339,0.29683834314346313,-0.28656378388404846,1.081601858139038,0.24832506477832794,0.2822878360748291,-1.8075482845306396,0.0045359134674072266,2.2924301624298096
0,3340,0.2965816855430603,-0.2866465449333191,1.081430435180664,0.24754640460014343,0.2809630036354065,-1.803905725479126,0.0044536590576171875,2.271760940551758
0,3341,0.2963285744190216,-0.2867344915866852,1.081256628036499,0.24675683677196503,0.27963554859161377,-1.8002502918243408,0.004368782043457031,2.249075412750244
0,3342,0.29607680439949036,-0.2868245840072632,1.0810823440551758,0.2459588348865509,0.2783123850822449,-1.7965883016586304,0.0042830705642700195,2.2258949279785156
0,3343,0.2958245873451233,-0.2869144380092621,1.0809091329574585,0.2451539933681488,0.27699777483940125,-1.7929233312606812,0.0041980743408203125,2.2028262615203857
0,3344,0.29557034373283386,-0.28700175881385803,1.0807384252548218,0.24434320628643036,0.27569493651390076,-1.7892590761184692,0.0041152238845825195,2.180769920349121
0,3345,0.2953122854232788,-0.2870842218399048,1.0805720090866089,0.24352611601352692,0.2744065225124359,-1.785598635673523,0.004036307334899902,2.16048264503479
0,3346,0.2950485050678253,-0.28715911507606506,1.0804119110107422,0.24270199239253998,0.273134708404541,-1.7819448709487915,0.003963351249694824,2.142745018005371
0,3347,0.29477736353874207,-0.2872239947319031,1.0802600383758545,0.24187082052230835,0.2718827724456787,-1.7783011198043823,0.0038982629776000977,2.128356456756592
0,3348,0.29449790716171265,-0.2872777283191681,1.0801172256469727,0.2410319745540619,0.2706511616706848,-1.7746682167053223,0.0038416385650634766,2.1176626682281494
0,3349,0.2942104637622833,-0.28732064366340637,1.0799833536148071,0.24018594622612,0.26943930983543396,-1.7710455656051636,0.003793478012084961,2.1104416847229004
0,3350,0.29391637444496155,-0.2873547375202179,1.0798567533493042,0.23933270573616028,0.2682456374168396,-1.7674309015274048,0.003751993179321289,2.1063573360443115
0,3351,0.29361772537231445,-0.28738272190093994,1.079735279083252,0.23847350478172302,0.267067551612854,-1.7638212442398071,0.003715038299560547,2.104405164718628
0,3352,0.29331642389297485,-0.28740745782852173,1.0796170234680176,0.23760859668254852,0.26590198278427124,-1.7602125406265259,0.0036808252334594727,2.1037540435791016
0,3353,0.29301416873931885,-0.28743112087249756,1.0795001983642578,0.23673859238624573,0.26474660634994507,-1.7566020488739014,0.003647446632385254,2.1037540435791016
0,3354,0.29271209239959717,-0.28745532035827637,1.0793834924697876,0.23586270213127136,0.26359909772872925,-1.7529875040054321,0.003613591194152832,2.1035678386688232
0,3355,0.29241129755973816,-0.2874813675880432,1.0792651176452637,0.2349795252084732,0.26245740056037903,-1.7493659257888794,0.003577589988708496,2.103102684020996
0,3356,0.2921130061149597,-0.2875107526779175,1.0791435241699219,0.23408672213554382,0.26131755113601685,-1.745733380317688,0.003537774085998535,2.1010544300079346
0,3357,0.291818767786026,-0.2875452935695648,1.0790166854858398,0.23318159580230713,0.2601753771305084,-1.7420858144760132,0.003492116928100586,2.096951961517334
0,3358,0.2915298640727997,-0.28758665919303894,1.0788824558258057,0.23226112127304077,0.25902748107910156,-1.7384188175201416,0.0034384727478027344,2.089846611022949
0,3359,0.29124706983566284,-0.2876357138156891,1.078739881515503,0.23132328689098358,0.2578713595867157,-1.7347298860549927,0.0033761262893676758,2.079331159591675
0,3360,0.29097023606300354,-0.28769227862358093,1.0785890817642212,0.23036837577819824,0.25670796632766724,-1.7310198545455933,0.0033049583435058594,2.065448760986328
0,3361,0.2906982898712158,-0.2877551019191742,1.0784317255020142,0.22939860820770264,0.25554028153419495,-1.7272921800613403,0.0032268762588500977,2.0488951206207275
0,3362,0.2904296815395355,-0.28782224655151367,1.0782699584960938,0.2284170538187027,0.2543729245662689,-1.72355055809021,0.0031440258026123047,2.0303759574890137
0,3363,0.2901627719402313,-0.2878917455673218,1.07810640335083,0.22742673754692078,0.2532103955745697,-1.719800353050232,0.003058791160583496,2.0109076499938965
0,3364,0.28989630937576294,-0.2879621982574463,1.0779428482055664,0.22643014788627625,0.25205615162849426,-1.7160453796386719,0.002973318099975586,1.9914461374282837
0,3365,0.28962934017181396,-0.2880323827266693,1.0777809619903564,0.22542832791805267,0.25091269612312317,-1.7122876644134521,0.0028891563415527344,1.9721893072128296
0,3366,0.2893611192703247,-0.28810128569602966,1.077622413635254,0.22442196309566498,0.2497818022966385,-1.7085293531417847,0.0028078556060791016,1.9536443948745728
0,3367,0.2890907824039459,-0.2881680727005005,1.0774693489074707,0.223410964012146,0.24866485595703125,-1.704771876335144,0.0027315616607666016,1.9361355304718018
0,3368,0.2888176739215851,-0.28823164105415344,1.0773234367370605,0.2223954051733017,0.2475636899471283,-1.7010170221328735,0.0026619434356689453,1.9199961423873901
0,3369,0.2885410785675049,-0.28829121589660645,1.0771864652633667,0.22137483954429626,0.24647922813892365,-1.6972655057907104,0.0026007890701293945,1.9056724309921265
0,3370,0.288260817527771,-0.28834661841392517,1.077059030532837,0.2203494906425476,0.2454119622707367,-1.693518042564392,0.002548694610595703,1.8929985761642456
0,3371,0.2879771292209625,-0.2883981168270111,1.0769404172897339,0.21931907534599304,0.24436165392398834,-1.689773440361023,0.0025048255920410156,1.8820079565048218
0,3372,0.28769078850746155,-0.2884465456008911,1.0768287181854248,0.21828429400920868,0.2433266043663025,-1.686030626296997,0.0024672746658325195,1.872416615486145
0,3373,0.2874026596546173,-0.2884930968284607,1.0767219066619873,0.2172454297542572,0.24230511486530304,-1.6822880506515503,0.0024341344833374023,1.8638263940811157
0,3374,0.2871135175228119,-0.28853869438171387,1.07661771774292,0.21620258688926697,0.2412957400083542,-1.6785441637039185,0.0024030208587646484,1.855829119682312
0,3375,0.28682398796081543,-0.28858405351638794,1.0765146017074585,0.21515512466430664,0.24029701948165894,-1.6747972965240479,0.0023725032806396484,1.8480089902877808
0,3376,0.2865344285964966,-0.2886294424533844,1.0764108896255493,0.214102640748024,0.23930838704109192,-1.6710463762283325,0.0023407936096191406,1.8402620553970337
0,3377,0.2862451672554016,-0.2886752188205719,1.0763051509857178,0.213043674826622,0.23832808434963226,-1.6672894954681396,0.0023065805435180664,1.8324824571609497
0,3378,0.2859565019607544,-0.2887212932109833,1.076195240020752,0.21197687089443207,0.2373555302619934,-1.6635257005691528,0.00226747989654541,1.824347734451294
0,3379,0.2856687605381012,-0.28876787424087524,1.0760794878005981,0.21090003848075867,0.23638929426670074,-1.6597527265548706,0.0022219419479370117,1.8155301809310913
0,3380,0.2853822410106659,-0.2888149321079254,1.075956106185913,0.20981185138225555,0.23542839288711548,-1.6559690237045288,0.0021680593490600586,1.8058024644851685
0,3381,0.2850969433784485,-0.2888623774051666,1.0758247375488281,0.20871153473854065,0.23447296023368835,-1.6521741151809692,0.0021054744720458984,1.7950414419174194
0,3382,0.2848127484321594,-0.28891026973724365,1.0756863355636597,0.20760002732276917,0.23352327942848206,-1.6483688354492188,0.0020351409912109375,1.7838863134384155
0,3383,0.28452932834625244,-0.28895851969718933,1.075542688369751,0.20647919178009033,0.23258079588413239,-1.644554853439331,0.0019588470458984375,1.771777629852295
0,3384,0.28424641489982605,-0.2890070974826813,1.0753960609436035,0.20535121858119965,0.23164692521095276,-1.6407344341278076,0.0018790960311889648,1.7594743967056274
0,3385,0.283963680267334,-0.28905603289604187,1.0752484798431396,0.20421774685382843,0.2307230681180954,-1.636909008026123,0.0017979145050048828,1.7471966743469238
0,3386,0.2836810350418091,-0.2891053259372711,1.075101613998413,0.20308049023151398,0.22981040179729462,-1.6330797672271729,0.0017168521881103516,1.7350575923919678
0,3387,0.28339844942092896,-0.2891552150249481,1.0749571323394775,0.20193959772586823,0.22890911996364594,-1.6292475461959839,0.0016378164291381836,1.72260582447052
0,3388,0.28311607241630554,-0.2892060875892639,1.0748164653778076,0.2007950097322464,0.22801999747753143,-1.6254119873046875,0.0015622377395629883,1.7104066610336304
0,3389,0.2828342616558075,-0.2892584502696991,1.0746817588806152,0.19964684545993805,0.22714361548423767,-1.6215729713439941,0.0014922618865966797,1.698119878768921
0,3390,0.2825532555580139,-0.28931280970573425,1.074554681777954,0.19849486649036407,0.22628037631511688,-1.6177303791046143,0.0014296770095825195,1.6855114698410034
0,3391,0.2822732627391815,-0.28936946392059326,1.0744364261627197,0.19733883440494537,0.22543078660964966,-1.6138840913772583,0.0013755559921264648,1.6725740432739258
0,3392,0.2819943130016327,-0.28942835330963135,1.074326992034912,0.19617873430252075,0.22459468245506287,-1.6100335121154785,0.0013300180435180664,1.6592999696731567
0,3393,0.2817161977291107,-0.2894892394542694,1.0742251873016357,0.1950145959854126,0.22377215325832367,-1.6061794757843018,0.0012918710708618164,1.6457998752593994
0,3394,0.2814386785030365,-0.28955164551734924,1.0741291046142578,0.1938474029302597,0.22296258807182312,-1.602321982383728,0.0012590885162353516,1.6320682764053345
0,3395,0.28116145730018616,-0.28961488604545593,1.074036717414856,0.19267696142196655,0.22216488420963287,-1.5984611511230469,0.0012296438217163086,1.618341088294983
0,3396,0.2808842360973358,-0.2896784842014313,1.0739461183547974,0.19150365889072418,0.22137929499149323,-1.5945969820022583,0.0012015104293823242,1.6047405004501343
0,3397,0.28060662746429443,-0.2897418439388275,1.0738556385040283,0.19032730162143707,0.22060570120811462,-1.59073007106781,0.0011730194091796875,1.5915155410766602
0,3398,0.28032824397087097,-0.28980427980422974,1.0737643241882324,0.1891479790210724,0.21984398365020752,-1.5868602991104126,0.0011430978775024414,1.5784276723861694
0,3399,0.2800486087799072,-0.28986477851867676,1.0736703872680664,0.18796482682228088,0.21909473836421967,-1.5829886198043823,0.0011098384857177734,1.5659805536270142
0,3400,0.27976712584495544,-0.2899221181869507,1.0735719203948975,0.18677738308906555,0.2183590829372406,-1.5791144371032715,0.0010712146759033203,1.5546928644180298
0,3401,0.27948322892189026,-0.2899751365184784,1.0734673738479614,0.18558508157730103,0.21763771772384644,-1.575238823890686,0.0010254383087158203,1.5444635152816772
0,3402,0.279196560382843,-0.2900233268737793,1.073355793952942,0.18438738584518433,0.21693050861358643,-1.5713610649108887,0.0009714365005493164,1.5354410409927368
0,3403,0.27890723943710327,-0.2900668680667877,1.0732375383377075,0.1831849217414856,0.2162380814552307,-1.5674821138381958,0.0009098052978515625,1.527518630027771
0,3404,0.27861571311950684,-0.29010653495788574,1.0731137990951538,0.1819777637720108,0.21556001901626587,-1.5636012554168701,0.0008414983749389648,1.520713448524475
0,3405,0.27832263708114624,-0.2901436686515808,1.0729866027832031,0.18076710402965546,0.21489521861076355,-1.5597177743911743,0.0007690191268920898,1.514782428741455
0,3406,0.2780286967754364,-0.290179580450058,1.0728579759597778,0.17955343425273895,0.21424314379692078,-1.5558316707611084,0.00069427490234375,1.5092171430587769
0,3407,0.2777344584465027,-0.2902153730392456,1.0727295875549316,0.17833758890628815,0.2136031687259674,-1.5519428253173828,0.0006192922592163086,1.5038913488388062
0,3408,0.2774405777454376,-0.2902520000934601,1.0726028680801392,0.1771196573972702,0.2129748910665512,-1.5480501651763916,0.000545501708984375,1.4984161853790283
0,3409,0.2771477699279785,-0.2902904748916626,1.072479009628296,0.17589940130710602,0.21235835552215576,-1.5441526174545288,0.00047409534454345703,1.4926587343215942
0,3410,0.27685683965682983,-0.2903320789337158,1.072359561920166,0.17467612028121948,0.21175365149974823,-1.540249228477478,0.0004069805145263672,1.485957384109497
0,3411,0.276568740606308,-0.29037803411483765,1.0722461938858032,0.17344936728477478,0.21116113662719727,-1.536338448524475,0.0003457069396972656,1.4780346155166626
0,3412,0.2762843072414398,-0.2904294431209564,1.0721402168273926,0.17221876978874207,0.21058060228824615,-1.532418966293335,0.0002919435501098633,1.4687374830245972
0,3413,0.27600380778312683,-0.29048678278923035,1.0720422267913818,0.17098411917686462,0.21001246571540833,-1.528490662574768,0.00024628639221191406,1.4573681354522705
0,3414,0.27572697401046753,-0.290549635887146,1.0719516277313232,0.16974547505378723,0.20945651829242706,-1.5245537757873535,0.00020813941955566406,1.4444200992584229
0,3415,0.27545297145843506,-0.29061681032180786,1.0718668699264526,0.16850361227989197,0.20891283452510834,-1.520609736442566,0.00017583370208740234,1.4302606582641602
0,3416,0.27518078684806824,-0.29068684577941895,1.0717862844467163,0.16725915670394897,0.20838144421577454,-1.5166596174240112,0.0001474618911743164,1.4152684211730957
0,3417,0.27490946650505066,-0.290758341550827,1.0717082023620605,0.16601307690143585,0.20786228775978088,-1.5127053260803223,0.00012123584747314453,1.3996964693069458
0,3418,0.2746381163597107,-0.290830135345459,1.0716310739517212,0.1647658497095108,0.2073553502559662,-1.5087480545043945,9.560585021972656e-05,1.3845148086547852
0,3419,0.27436593174934387,-0.2909010052680969,1.0715535879135132,0.163517564535141,0.20686155557632446,-1.5047886371612549,6.902217864990234e-05,1.369593620300293
0,3420,0.2740921378135681,-0.290969580411911,1.0714746713638306,0.16226895153522491,0.20638231933116913,-1.5008289813995361,4.017353057861328e-05,1.3558076620101929
0,3421,0.27381572127342224,-0.2910343408584595,1.0713926553726196,0.16102010011672974,0.2059190422296524,-1.4968703985214233,7.271766662597656e-06,1.3431919813156128
0,3422,0.2735356092453003,-0.29109376668930054,1.0713061094284058,0.15977120399475098,0.2054733783006668,-1.492913842201233,3.135204315185547e-05,1.3326610326766968
0,3423,0.27325114607810974,-0.29114672541618347,1.071214199066162,0.15852271020412445,0.20504611730575562,-1.4889612197875977,7.665157318115234e-05,1.3239691257476807
0,3424,0.27296218276023865,-0.2911929190158844,1.0711164474487305,0.15727432072162628,0.20463819801807404,-1.4850116968154907,0.00012934207916259766,1.3177467584609985
0,3425,0.2726691961288452,-0.29123327136039734,1.0710136890411377,0.15602636337280273,0.20424845814704895,-1.481065273284912,0.0001882314682006836,1.313582181930542
0,3426,0.2723732888698578,-0.29126930236816406,1.070907711982727,0.15477897226810455,0.20387519896030426,-1.4771201610565186,0.0002516508102416992,1.31074857711792
0,3427,0.2720756232738495,-0.29130280017852783,1.0707999467849731,0.15353170037269592,0.20351678133010864,-1.4731746912002563,0.0003178119659423828,1.3089557886123657
0,3428,0.2717771530151367,-0.29133525490760803,1.070691704750061,0.152284175157547,0.2031715214252472,-1.4692270755767822,0.0003851652145385742,1.3076096773147583
0,3429,0.2714789807796478,-0.2913677990436554,1.070583701133728,0.15103618800640106,0.20283833146095276,-1.4652752876281738,0.00045287609100341797,1.306411862373352
0,3430,0.27118217945098877,-0.2914012670516968,1.0704765319824219,0.14978601038455963,0.20251710712909698,-1.4613171815872192,0.0005203485488891602,1.3044630289077759
0,3431,0.27088820934295654,-0.2914363145828247,1.0703703165054321,0.14853279292583466,0.2022065818309784,-1.4573479890823364,0.0005875825881958008,1.3010082244873047
0,3432,0.2705986499786377,-0.29147371649742126,1.0702646970748901,0.14727424085140228,0.20190675556659698,-1.453363060951233,0.0006546974182128906,1.295733094215393
0,3433,0.27031517028808594,-0.29151421785354614,1.0701597929000854,0.1460074931383133,0.20161761343479156,-1.4493587017059326,0.0007215738296508789,1.2874000072479248
0,3434,0.27003875374794006,-0.29155823588371277,1.0700554847717285,0.14473222196102142,0.20133890211582184,-1.4453316926956177,0.0007884502410888672,1.275795578956604
0,3435,0.26976922154426575,-0.2916056513786316,1.0699515342712402,0.14344795048236847,0.20107102394104004,-1.4412825107574463,0.000855565071105957,1.2608295679092407
0,3436,0.2695055603981018,-0.2916560471057892,1.0698482990264893,0.1421571969985962,0.20081357657909393,-1.4372140169143677,0.0009223222732543945,1.2428529262542725
0,3437,0.2692459523677826,-0.2917086184024811,1.069745659828186,0.1408613920211792,0.20056761801242828,-1.4331313371658325,0.0009889602661132812,1.223333477973938
0,3438,0.2689884603023529,-0.29176244139671326,1.0696438550949097,0.1395632028579712,0.20033372938632965,-1.429039716720581,0.001055002212524414,1.2023588418960571
0,3439,0.2687315046787262,-0.2918168008327484,1.0695428848266602,0.13826508820056915,0.20011240243911743,-1.4249441623687744,0.0011208057403564453,1.1815086603164673
0,3440,0.2684735953807831,-0.29187098145484924,1.0694427490234375,0.13696807622909546,0.19990549981594086,-1.4208481311798096,0.0011861324310302734,1.1607898473739624
0,3441,0.26821333169937134,-0.2919243574142456,1.0693439245224,0.1356741189956665,0.19971412420272827,-1.4167557954788208,0.0012505054473876953,1.1412386894226074
0,3442,0.2679489552974701,-0.29197612404823303,1.069246530532837,0.13438422977924347,0.19954106211662292,-1.412672519683838,0.001313924789428711,1.123961329460144
0,3443,0.2676788568496704,-0.29202547669410706,1.0691509246826172,0.13310013711452484,0.1993885189294815,-1.4086017608642578,0.0013761520385742188,1.1092405319213867
0,3444,0.267401784658432,-0.292071670293808,1.0690573453903198,0.1318233162164688,0.19925810396671295,-1.4045474529266357,0.0014369487762451172,1.0980703830718994
0,3445,0.26711732149124146,-0.29211458563804626,1.0689656734466553,0.13055378198623657,0.199151411652565,-1.400510549545288,0.001496434211730957,1.0903805494308472
0,3446,0.26682615280151367,-0.29215455055236816,1.0688759088516235,0.12929150462150574,0.19906628131866455,-1.396488904953003,0.0015548467636108398,1.0858848094940186
0,3447,0.26652994751930237,-0.2921923100948334,1.0687880516052246,0.1280350536108017,0.19900070130825043,-1.392478585243225,0.001611948013305664,1.0839006900787354
0,3448,0.26623043417930603,-0.2922287881374359,1.0687016248703003,0.12678316235542297,0.19895151257514954,-1.388474464416504,0.0016682147979736328,1.083539605140686
0,3449,0.26592928171157837,-0.29226481914520264,1.068616271018982,0.12553441524505615,0.19891713559627533,-1.384472370147705,0.0017241239547729492,1.0840811729431152
0,3450,0.26562777161598206,-0.2923011779785156,1.0685324668884277,0.12428706884384155,0.19889605045318604,-1.380468487739563,0.0017789602279663086,1.084442138671875
0,3451,0.2653268575668335,-0.29233860969543457,1.0684503316879272,0.12304065376520157,0.1988869160413742,-1.3764606714248657,0.0018326044082641602,1.084983229637146
0,3452,0.2650272846221924,-0.29237809777259827,1.0683709383010864,0.12179286032915115,0.19889114797115326,-1.3724470138549805,0.001883864402770996,1.0846225023269653
0,3453,0.2647298574447632,-0.29242074489593506,1.0682954788208008,0.12054213881492615,0.19890865683555603,-1.3684258460998535,0.0019311904907226562,1.0828169584274292
0,3454,0.264435350894928,-0.2924676835536957,1.0682250261306763,0.11928722262382507,0.1989397257566452,-1.3643944263458252,0.001973390579223633,1.0795592069625854
0,3455,0.26414427161216736,-0.2925195097923279,1.0681604146957397,0.11802598088979721,0.19898588955402374,-1.3603529930114746,0.0020096302032470703,1.0741075277328491
0,3456,0.2638566195964813,-0.29257622361183167,1.0681018829345703,0.11675924807786942,0.19904664158821106,-1.3563003540039062,0.0020394325256347656,1.0667954683303833
0,3457,0.26357191801071167,-0.2926372289657593,1.0680485963821411,0.11548808962106705,0.19912146031856537,-1.3522378206253052,0.0020638704299926758,1.0575841665267944
0,3458,0.26328927278518677,-0.29270145297050476,1.0679993629455566,0.11421430110931396,0.19921058416366577,-1.3481683731079102,0.0020842552185058594,1.0471713542938232
0,3459,0.26300784945487976,-0.29276761412620544,1.0679527521133423,0.11294035613536835,0.19931277632713318,-1.3440929651260376,0.0021021366119384766,1.0360875129699707
0,3460,0.2627267837524414,-0.292834609746933,1.0679075717926025,0.11166741698980331,0.19942815601825714,-1.3400144577026367,0.0021190643310546875,1.0246930122375488
0,3461,0.26244544982910156,-0.2929014563560486,1.0678631067276,0.11039682477712631,0.19955669343471527,-1.3359333276748657,0.0021358728408813477,1.0133633613586426
0,3462,0.2621631622314453,-0.2929673194885254,1.067818284034729,0.10912832617759705,0.1996990144252777,-1.3318506479263306,0.002153635025024414,1.0024915933609009
0,3463,0.2618791162967682,-0.29303112626075745,1.0677725076675415,0.10786138474941254,0.1998562067747116,-1.327767252922058,0.0021734237670898438,0.9922894835472107
0,3464,0.2615923285484314,-0.2930915653705597,1.067724347114563,0.1065954938530922,0.20003072917461395,-1.3236842155456543,0.002196669578552246,0.9833754897117615
0,3465,0.26130211353302,-0.2931477725505829,1.0676734447479248,0.10533022880554199,0.20022284984588623,-1.3196015357971191,0.0022240877151489258,0.9759851098060608
0,3466,0.261008083820343,-0.29319924116134644,1.0676192045211792,0.10406477749347687,0.20043392479419708,-1.3155202865600586,0.0022563934326171875,0.9697498679161072
0,3467,0.26071053743362427,-0.2932461202144623,1.0675619840621948,0.10280009359121323,0.20066308975219727,-1.3114396333694458,0.002293109893798828,0.965300440788269
0,3468,0.2604100704193115,-0.2932894229888916,1.067502498626709,0.10153606534004211,0.2009100764989853,-1.3073590993881226,0.002333402633666992,0.9618480801582336
0,3469,0.2601076364517212,-0.29333046078681946,1.0674418210983276,0.1002744510769844,0.201172336935997,-1.3032779693603516,0.002375960350036621,0.959607720375061
0,3470,0.2598041296005249,-0.29337045550346375,1.0673810243606567,0.09901534765958786,0.20144858956336975,-1.2991950511932373,0.0024194717407226562,0.9573619365692139
0,3471,0.2595004141330719,-0.29341045022010803,1.0673210620880127,0.09775813668966293,0.20173896849155426,-1.2951096296310425,0.00246274471282959,0.9551109671592712
0,3472,0.2591969966888428,-0.293451189994812,1.0672627687454224,0.09650298953056335,0.20204076170921326,-1.2910195589065552,0.0025049448013305664,0.9526492357254028
0,3473,0.25889432430267334,-0.29349344968795776,1.0672074556350708,0.0952463150024414,0.20235562324523926,-1.2869240045547485,0.0025445222854614258,0.9493570923805237
0,3474,0.2585929334163666,-0.2935379147529602,1.067156195640564,0.09398514032363892,0.20268380641937256,-1.2828199863433838,0.0025801658630371094,0.9452257752418518
0,3475,0.25829336047172546,-0.2935854196548462,1.067110300064087,0.09271606057882309,0.20302551984786987,-1.2787047624588013,0.0026105642318725586,0.9394113421440125
0,3476,0.25799596309661865,-0.2936364710330963,1.0670708417892456,0.09143626689910889,0.2033812403678894,-1.2745769023895264,0.002634286880493164,0.931462287902832
0,3477,0.25770077109336853,-0.2936912477016449,1.0670379400253296,0.09014546126127243,0.2037515640258789,-1.2704354524612427,0.0026514530181884766,0.9217480421066284
0,3478,0.257407546043396,-0.29374924302101135,1.0670108795166016,0.08884530514478683,0.20413634181022644,-1.266282320022583,0.00266265869140625,0.9097821116447449
0,3479,0.25711584091186523,-0.2938097417354584,1.066988468170166,0.08753945678472519,0.2045351266860962,-1.2621192932128906,0.002669215202331543,0.8967843651771545
0,3480,0.25682497024536133,-0.2938718795776367,1.0669692754745483,0.08623185008764267,0.20494772493839264,-1.2579495906829834,0.002672910690307617,0.8831523060798645
0,3481,0.2565343976020813,-0.2939348816871643,1.0669522285461426,0.08492537587881088,0.20537330210208893,-1.2537753582000732,0.0026748180389404297,0.8686310052871704
0,3482,0.25624358654022217,-0.29399800300598145,1.0669364929199219,0.08362091332674026,0.205812007188797,-1.2495979070663452,0.0026760101318359375,0.8543210029602051
0,3483,0.25595182180404663,-0.2940603792667389,1.066921591758728,0.08231818675994873,0.206263467669487,-1.2454180717468262,0.0026770830154418945,0.8402332067489624
0,3484,0.2556583285331726,-0.29412105679512024,1.0669074058532715,0.08101548999547958,0.20672781765460968,-1.2412347793579102,0.002678513526916504,0.826141893863678
0,3485,0.25536221265792847,-0.2941789925098419,1.0668939352035522,0.07970932871103287,0.20720568299293518,-1.2370481491088867,0.0026803016662597656,0.8130104541778564
0,3486,0.25506266951560974,-0.2942332625389099,1.0668811798095703,0.07839704304933548,0.20769764482975006,-1.2328579425811768,0.002682924270629883,0.8003971576690674
0,3487,0.2547593116760254,-0.294283390045166,1.0668691396713257,0.0770779475569725,0.20820307731628418,-1.2286632061004639,0.0026863813400268555,0.788823127746582
0,3488,0.25445228815078735,-0.2943296730518341,1.0668578147888184,0.07575179636478424,0.20872297883033752,-1.224464774131775,0.0026906728744506836,0.7780834436416626
0,3489,0.2541423439979553,-0.29437294602394104,1.066847324371338,0.07442155480384827,0.20925670862197876,-1.220262050628662,0.0026955604553222656,0.7677032947540283
0,3490,0.25383052229881287,-0.2944142520427704,1.0668379068374634,0.07309024780988693,0.20980383455753326,-1.2160558700561523,0.0027004480361938477,0.7576975226402283
0,3491,0.25351768732070923,-0.2944547235965729,1.066829800605774,0.07176008820533752,0.2103642225265503,-1.2118464708328247,0.0027049779891967773,0.7480812072753906
0,3492,0.2532045841217041,-0.2944953441619873,1.0668238401412964,0.07043168693780899,0.2109372615814209,-1.2076332569122314,0.002707958221435547,0.7386046648025513
0,3493,0.25289186835289,-0.2945367097854614,1.0668210983276367,0.06910397857427597,0.2115216851234436,-1.2034140825271606,0.0027083158493041992,0.7276616096496582
0,3494,0.2525798976421356,-0.2945793569087982,1.0668238401412964,0.06777224689722061,0.21211685240268707,-1.1991863250732422,0.002703547477722168,0.7160050868988037
0,3495,0.25226905941963196,-0.29462379217147827,1.0668349266052246,0.06643027812242508,0.2127215713262558,-1.1949455738067627,0.0026907920837402344,0.7027649283409119
0,3496,0.251959890127182,-0.29467037320137024,1.066856861114502,0.06507200747728348,0.2133345603942871,-1.190687656402588,0.0026673078536987305,0.6869955658912659
0,3497,0.2516525983810425,-0.29471951723098755,1.0668916702270508,0.0636938288807869,0.21395443379878998,-1.1864097118377686,0.002630949020385742,0.6685181260108948
0,3498,0.2513471245765686,-0.2947711646556854,1.066939353942871,0.062294766306877136,0.21458272635936737,-1.182112216949463,0.0025818347930908203,0.6480072140693665
0,3499,0.25104328989982605,-0.29482510685920715,1.0669983625411987,0.060879044234752655,0.21521949768066406,-1.1777966022491455,0.002521514892578125,0.6249497532844543
0,3500,0.25074073672294617,-0.29488080739974976,1.0670658349990845,0.05945289880037308,0.21586643159389496,-1.1734682321548462,0.002452850341796875,0.5997046232223511
0,3501,0.2504388988018036,-0.29493770003318787,1.0671390295028687,0.058022577315568924,0.2165249139070511,-1.169130563735962,0.0023789405822753906,0.5736902356147766
0,3502,0.250137597322464,-0.29499539732933044,1.067215919494629,0.05659204721450806,0.21719548106193542,-1.164786696434021,0.0023016929626464844,0.5464388728141785
0,3503,0.24983684718608856,-0.29505354166030884,1.0672961473464966,0.055162519216537476,0.21787750720977783,-1.1604359149932861,0.00222170352935791,0.5192646384239197
0,3504,0.24953679740428925,-0.29511186480522156,1.067380666732788,0.05373096838593483,0.21856917440891266,-1.1560770273208618,0.002137899398803711,0.49098625779151917
0,3505,0.2492377907037735,-0.2951700687408447,1.0674712657928467,0.05229238420724869,0.21926815807819366,-1.1517055034637451,0.0020487308502197266,0.46097642183303833
0,3506,0.24894021451473236,-0.29522788524627686,1.0675699710845947,0.05084111914038658,0.21997153759002686,-1.147316336631775,0.001952052116394043,0.42932793498039246
0,3507,0.2486443966627121,-0.2952851951122284,1.0676783323287964,0.04937300458550453,0.22067846357822418,-1.1429071426391602,0.0018464326858520508,0.3951526880264282
0,3508,0.24835047125816345,-0.29534196853637695,1.0677968263626099,0.04788746312260628,0.22138790786266327,-1.138476848602295,0.001731276512145996,0.35881972312927246
0,3509,0.24805840849876404,-0.29539838433265686,1.06792414188385,0.04638895392417908,0.22210131585597992,-1.1340291500091553,0.0016077756881713867,0.3195939064025879
0,3510,0.24776864051818848,-0.295454740524292,1.0680580139160156,0.04488895460963249,0.2228192389011383,-1.129571557044983,0.0014783143997192383,0.2797648012638092
0,3511,0.24748308956623077,-0.29551127552986145,1.0681949853897095,0.04341186583042145,0.2235366404056549,-1.1251198053359985,0.001345992088317871,0.2398483008146286
0,3512,0.24720750749111176,-0.2955680191516876,1.0683305263519287,0.042007964104413986,0.2242378443479538,-1.1207038164138794,0.0012151002883911133,0.1988101601600647
0,3513,0.246953547000885,-0.295624703168869,1.0684577226638794,0.04077091068029404,0.22488629817962646,-1.1163785457611084,0.001091599464416504,0.16071254014968872
0,3514,0.24674054980278015,-0.2956807017326355,1.0685664415359497,0.03984895721077919,0.22542023658752441,-1.1122300624847412,0.0009844303131103516,0.1297215074300766
0,3515,0.24659357964992523,-0.2957351505756378,1.0686442852020264,0.039430540055036545,0.22575734555721283,-1.1083699464797974,0.0009043216705322266,0.10279206931591034
0,3516,0.246526300907135,-0.29579150676727295,1.0686784982681274,0.03964449465274811,0.22581833600997925,-1.1049057245254517,0.00086212158203125,0.09278740733861923
0,3517,0.2465280443429947,-0.2958599030971527,1.068661093711853,0.04047312214970589,0.22555755078792572,-1.1019062995910645,0.0008642673492431641,0.09278740733861923
0,3518,0.24659915268421173,-0.2959400713443756,1.0685921907424927,0.04191432148218155,0.22496935725212097,-1.0993704795837402,0.0009104013442993164,0.11869405955076218
0,3519,0.24675112962722778,-0.29602158069610596,1.0684808492660522,0.04398206248879433,0.22408974170684814,-1.09722900390625,0.0009933710098266602,0.1557663530111313
0,3520,0.24700233340263367,-0.29608747363090515,1.0683414936065674,0.04670073091983795,0.22298108041286469,-1.0953693389892578,0.0011016130447387695,0.19979193806648254
0,3521,0.24737176299095154,-0.29612043499946594,1.0681891441345215,0.05009572580456734,0.22170673310756683,-1.0936758518218994,0.0012230873107910156,0.23821108043193817
0,3522,0.24781981110572815,-0.29612964391708374,1.0680347681045532,0.05391263961791992,0.2203379124403,-1.0920578241348267,0.0013483762741088867,0.27268099784851074
0,3523,0.2482433170080185,-0.2961525619029999,1.0678822994232178,0.057598747313022614,0.21895524859428406,-1.090458869934082,0.001471400260925293,0.3096429705619812
0,3524,0.24865198135375977,-0.29618364572525024,1.0677366256713867,0.06118212640285492,0.2175728678703308,-1.0888539552688599,0.0015878677368164062,0.34774231910705566
0,3525,0.24904997646808624,-0.2962213158607483,1.0676002502441406,0.06467096507549286,0.21619722247123718,-1.0872352123260498,0.001695394515991211,0.3835945427417755
0,3526,0.24944202601909637,-0.29626432061195374,1.0674751996994019,0.06808244436979294,0.2148285210132599,-1.0856022834777832,0.0017917156219482422,0.41684067249298096
0,3527,0.2498316913843155,-0.29631176590919495,1.067361831665039,0.07143246382474899,0.21346460282802582,-1.0839576721191406,0.0018765926361083984,0.4476243853569031
0,3528,0.25022092461586,-0.296362966299057,1.0672595500946045,0.07473500818014145,0.21210230886936188,-1.0823044776916504,0.0019506216049194336,0.4751894772052765
0,3529,0.2506102919578552,-0.2964170277118683,1.0671662092208862,0.07800096273422241,0.21073885262012482,-1.0806454420089722,0.0020161867141723633,0.5012409687042236
0,3530,0.2509996294975281,-0.29647332429885864,1.067079782485962,0.08123952895402908,0.20937001705169678,-1.078983187675476,0.0020754337310791016,0.5256316661834717
0,3531,0.2513884902000427,-0.2965313196182251,1.0669986009597778,0.08445703983306885,0.20799265801906586,-1.0773193836212158,0.00213015079498291,0.5482263565063477
0,3532,0.25177666544914246,-0.2965904474258423,1.0669219493865967,0.08765724301338196,0.20660553872585297,-1.07565438747406,0.0021811723709106445,0.5712977051734924
0,3533,0.2521640956401825,-0.2966502010822296,1.0668506622314453,0.09084107726812363,0.20520833134651184,-1.0739874839782715,0.002227783203125,0.5931430459022522
0,3534,0.25255087018013,-0.2967100143432617,1.0667866468429565,0.09400822967290878,0.20380184054374695,-1.0723164081573486,0.002268195152282715,0.6148487329483032
0,3535,0.25293731689453125,-0.29676952958106995,1.0667321681976318,0.09715697169303894,0.20238713920116425,-1.0706384181976318,0.0023001432418823242,0.6358139514923096
0,3536,0.25332361459732056,-0.29682835936546326,1.0666886568069458,0.10028637945652008,0.20096565783023834,-1.0689518451690674,0.0023224353790283203,0.6558112502098083
0,3537,0.25370991230010986,-0.29688650369644165,1.0666565895080566,0.10339649021625519,0.19953781366348267,-1.0672566890716553,0.0023344755172729492,0.6749267578125
0,3538,0.25409621000289917,-0.29694411158561707,1.0666346549987793,0.10648884624242783,0.19810257852077484,-1.0655547380447388,0.0023375749588012695,0.6926686763763428
0,3539,0.2544824779033661,-0.2970013916492462,1.0666207075119019,0.10956621170043945,0.19665874540805817,-1.0638481378555298,0.0023338794708251953,0.709967315196991
0,3540,0.254868745803833,-0.29705893993377686,1.0666123628616333,0.11263136565685272,0.19520366191864014,-1.062139868736267,0.0023255348205566406,0.7273926734924316
0,3541,0.25525498390197754,-0.2971169352531433,1.0666077136993408,0.1156853660941124,0.19373680651187897,-1.0604323148727417,0.002314448356628418,0.7438843250274658
0,3542,0.25564104318618774,-0.2971755266189575,1.066605567932129,0.11872837692499161,0.19225701689720154,-1.0587267875671387,0.002301812171936035,0.7600182890892029
0,3543,0.2560268044471741,-0.2972347140312195,1.066605567932129,0.12175755202770233,0.19076408445835114,-1.057023048400879,0.0022878646850585938,0.7763209939002991
0,3544,0.25641220808029175,-0.2972942292690277,1.0666078329086304,0.12477017194032669,0.18925721943378448,-1.0553205013275146,0.0022727251052856445,0.7920414209365845
0,3545,0.2567971646785736,-0.29735395312309265,1.0666126012802124,0.12776239216327667,0.18773746490478516,-1.05361807346344,0.002256155014038086,0.8072134256362915
0,3546,0.2571815550327301,-0.29741382598876953,1.066619873046875,0.1307327300310135,0.18620432913303375,-1.0519154071807861,0.002238035202026367,0.8213911652565002
0,3547,0.257565438747406,-0.2974737882614136,1.0666296482086182,0.13368107378482819,0.18465854227542877,-1.0502125024795532,0.0022183656692504883,0.8350939750671387
0,3548,0.2579488456249237,-0.2975338399410248,1.0666420459747314,0.13661068677902222,0.18310028314590454,-1.048509955406189,0.002197265625,0.8483449816703796
0,3549,0.25833186507225037,-0.29759442806243896,1.0666567087173462,0.13952460885047913,0.18152958154678345,-1.0468083620071411,0.0021747350692749023,0.8609377145767212
0,3550,0.2587145268917084,-0.2976556122303009,1.066673994064331,0.1424264758825302,0.179946631193161,-1.045108675956726,0.002150416374206543,0.8737968802452087
0,3551,0.2590966522693634,-0.2977176308631897,1.066694974899292,0.14531852304935455,0.1783517450094223,-1.043410301208496,0.0021233558654785156,0.8864696025848389
0,3552,0.259477823972702,-0.297780841588974,1.0667210817337036,0.14820076525211334,0.17674657702445984,-1.0417122840881348,0.0020918846130371094,0.8996164202690125
0,3553,0.2598574161529541,-0.2978455126285553,1.0667550563812256,0.1510726362466812,0.17513205111026764,-1.0400116443634033,0.0020531415939331055,0.9123594164848328
0,3554,0.26023489236831665,-0.29791203141212463,1.066799521446228,0.15393273532390594,0.17350924015045166,-1.0383057594299316,0.0020045042037963867,0.926195502281189
0,3555,0.2606096863746643,-0.2979806959629059,1.066856861114502,0.15677961707115173,0.1718791127204895,-1.0365921258926392,0.0019434690475463867,0.940660297870636
0,3556,0.26098164916038513,-0.29805153608322144,1.0669273138046265,0.15961311757564545,0.17024266719818115,-1.0348703861236572,0.0018696784973144531,0.9551109671592712
0,3557,0.2613510191440582,-0.2981243431568146,1.0670101642608643,0.16243305802345276,0.16859936714172363,-1.0331414937973022,0.0017838478088378906,0.9703549742698669
0,3558,0.26171836256980896,-0.2981988489627838,1.0671027898788452,0.16524149477481842,0.16694721579551697,-1.0314080715179443,0.001688838005065918,0.9859588742256165
0,3559,0.262084424495697,-0.29827460646629333,1.067201852798462,0.1680389940738678,0.16528525948524475,-1.0296728610992432,0.001587986946105957,1.0019057989120483
0,3560,0.26244989037513733,-0.2983511984348297,1.067304253578186,0.17082665860652924,0.1636117845773697,-1.0279394388198853,0.001484513282775879,1.0181795358657837
0,3561,0.26281529664993286,-0.29842790961265564,1.0674071311950684,0.1736040860414505,0.16192515194416046,-1.0262088775634766,0.001381516456604004,1.0340080261230469
0,3562,0.2631811499595642,-0.2985040545463562,1.0675076246261597,0.17636974155902863,0.1602243036031723,-1.024482250213623,0.0012819766998291016,1.0499706268310547
0,3563,0.2635478675365448,-0.29857882857322693,1.0676029920578003,0.179121196269989,0.1585080921649933,-1.0227595567703247,0.0011888742446899414,1.0653269290924072
0,3564,0.26391586661338806,-0.29865139722824097,1.0676907300949097,0.18185600638389587,0.1567753553390503,-1.0210405588150024,0.0011049509048461914,1.0797404050827026
0,3565,0.2642854154109955,-0.2987210750579834,1.0677694082260132,0.18457289040088654,0.15502549707889557,-1.019324779510498,0.0010317564010620117,1.093785047531128
0,3566,0.2646564841270447,-0.29878801107406616,1.0678390264511108,0.1872716248035431,0.15325921773910522,-1.0176126956939697,0.0009692907333374023,1.1064143180847168
0,3567,0.26502877473831177,-0.2988526523113251,1.0679012537002563,0.18995369970798492,0.15147703886032104,-1.0159039497375488,0.0009158849716186523,1.118726134300232
0,3568,0.2654018998146057,-0.2989157438278198,1.0679587125778198,0.1926216185092926,0.14968061447143555,-1.014198899269104,0.0008685588836669922,1.1307308673858643
0,3569,0.26577550172805786,-0.29897814989089966,1.06801438331604,0.19527824223041534,0.14787054061889648,-1.0124971866607666,0.0008242130279541016,1.142095685005188
0,3570,0.2661494016647339,-0.2990403175354004,1.068070411682129,0.19792470335960388,0.14604899287223816,-1.0107983350753784,0.0007807016372680664,1.1538574695587158
0,3571,0.2665236294269562,-0.29910215735435486,1.0681289434432983,0.20056194067001343,0.14421626925468445,-1.0091012716293335,0.0007356405258178711,1.165164589881897
0,3572,0.266898512840271,-0.2991633713245392,1.0681915283203125,0.203189879655838,0.14237338304519653,-1.0074039697647095,0.000687718391418457,1.1765295267105103
0,3573,0.26727432012557983,-0.2992233335971832,1.0682597160339355,0.20580799877643585,0.14052143692970276,-1.0057038068771362,0.0006356239318847656,1.1872912645339966
0,3574,0.2676514983177185,-0.2992814779281616,1.0683341026306152,0.20841538906097412,0.13866107165813446,-1.0039994716644287,0.0005788803100585938,1.1973028182983398
0,3575,0.26803022623062134,-0.2993374466896057,1.0684152841567993,0.2110120952129364,0.1367923766374588,-1.002289056777954,0.0005168914794921875,1.20658278465271
0,3576,0.2684102952480316,-0.29939138889312744,1.0685029029846191,0.21359768509864807,0.13491545617580414,-1.0005742311477661,0.00045013427734375,1.2153090238571167
0,3577,0.26879143714904785,-0.2994438409805298,1.0685960054397583,0.21617285907268524,0.13302938640117645,-0.9988558292388916,0.00037932395935058594,1.2234934568405151
0,3578,0.26917314529418945,-0.2994955778121948,1.068692922592163,0.21873827278614044,0.13113342225551605,-0.9971372485160828,0.00030601024627685547,1.2316232919692993
0,3579,0.2695550322532654,-0.2995472550392151,1.0687923431396484,0.2212943136692047,0.1292267143726349,-0.9954203963279724,0.00023114681243896484,1.2395421266555786
0,3580,0.26993659138679504,-0.29959937930107117,1.0688927173614502,0.22384066879749298,0.12730850279331207,-0.9937069416046143,0.00015628337860107422,1.2477242946624756
0,3581,0.27031752467155457,-0.29965245723724365,1.0689923763275146,0.2263767421245575,0.1253775805234909,-0.991998016834259,8.285045623779297e-05,1.256164789199829
0,3582,0.27069738507270813,-0.29970675706863403,1.0690897703170776,0.22890084981918335,0.12343305349349976,-0.9902933239936829,1.239776611328125e-05,1.2653224468231201
0,3583,0.2710758447647095,-0.29976266622543335,1.069183349609375,0.2314111888408661,0.12147355079650879,-0.9885936379432678,5.3763389587402344e-05,1.2751818895339966
0,3584,0.2714526355266571,-0.29982027411460876,1.0692722797393799,0.23390628397464752,0.11949844658374786,-0.9868980646133423,0.00011491775512695312,1.2855746746063232
0,3585,0.27182766795158386,-0.29987967014312744,1.069356083869934,0.23638609051704407,0.11750762164592743,-0.9852076172828674,0.0001704692840576172,1.2967898845672607
0,3586,0.272201269865036,-0.2999406158924103,1.0694358348846436,0.23885132372379303,0.1155015379190445,-0.9835212230682373,0.00022161006927490234,1.3085072040557861
0,3587,0.2725737392902374,-0.3000028133392334,1.0695130825042725,0.2413039207458496,0.11348121613264084,-0.981839120388031,0.0002696514129638672,1.3210097551345825
0,3588,0.27294543385505676,-0.3000658452510834,1.0695892572402954,0.24374519288539886,0.11144931614398956,-0.9801613092422485,0.0003159046173095703,1.333835244178772
0,3589,0.2733168303966522,-0.30012935400009155,1.0696663856506348,0.24617637693881989,0.1094060093164444,-0.978486955165863,0.0003622770309448242,1.347119688987732
0,3590,0.27368834614753723,-0.3001927435398102,1.0697462558746338,0.24859842658042908,0.1073528602719307,-0.9768151044845581,0.00041043758392333984,1.360418438911438
0,3591,0.27406060695648193,-0.3002552390098572,1.0698307752609253,0.25101152062416077,0.10529037564992905,-0.9751436710357666,0.00046193599700927734,1.3737308979034424
0,3592,0.2744341194629669,-0.30031609535217285,1.069921612739563,0.2534150183200836,0.1032206267118454,-0.9734709858894348,0.0005183219909667969,1.3866333961486816
0,3593,0.27480942010879517,-0.3003746569156647,1.0700205564498901,0.25580865144729614,0.1011437177658081,-0.971794068813324,0.000580906867980957,1.3985776901245117
0,3594,0.27518680691719055,-0.3004305362701416,1.0701284408569336,0.2581922709941864,0.09906026721000671,-0.9701123237609863,0.0006506443023681641,1.4098656177520752
0,3595,0.2755661606788635,-0.3004838228225708,1.0702449083328247,0.26056554913520813,0.09697043895721436,-0.9684261083602905,0.0007270574569702148,1.4202375411987305
0,3596,0.27594706416130066,-0.30053505301475525,1.0703686475753784,0.26292917132377625,0.09487314522266388,-0.9667368531227112,0.0008090734481811523,1.4299869537353516
0,3597,0.2763289213180542,-0.3005850315093994,1.0704976320266724,0.2652833163738251,0.09276789426803589,-0.9650469422340393,0.0008949041366577148,1.4393985271453857
0,3598,0.276711106300354,-0.30063456296920776,1.070629596710205,0.26762819290161133,0.09065360575914383,-0.9633590579032898,0.0009824037551879883,1.449018955230713
0,3599,0.2770930826663971,-0.30068448185920715,1.0707625150680542,0.26996302604675293,0.08852815628051758,-0.9616745710372925,0.0010701417922973633,1.4588444232940674
0,3600,0.27747437357902527,-0.30073538422584534,1.0708941221237183,0.272286981344223,0.08639109134674072,-0.9599950313568115,0.0011557340621948242,1.4692703485488892
0,3601,0.2778545320034027,-0.30078789591789246,1.0710217952728271,0.27459782361984253,0.08424077183008194,-0.958321213722229,0.001237034797668457,1.4802837371826172
0,3602,0.2782331705093384,-0.3008424639701843,1.0711432695388794,0.2768940031528473,0.08207587897777557,-0.9566543102264404,0.0013117790222167969,1.492396593093872
0,3603,0.2786100208759308,-0.300899475812912,1.0712569952011108,0.2791733741760254,0.07989469915628433,-0.9549932479858398,0.0013786554336547852,1.5051920413970947
0,3604,0.27898499369621277,-0.3009589910507202,1.0713618993759155,0.28143563866615295,0.07769770175218582,-0.9533390998840332,0.0014367103576660156,1.5190396308898926
0,3605,0.27935823798179626,-0.3010208010673523,1.071459412574768,0.2836814820766449,0.07548505812883377,-0.951691210269928,0.001487135887145996,1.5339107513427734
0,3606,0.2797301411628723,-0.3010844588279724,1.0715514421463013,0.28591272234916687,0.07325869053602219,-0.9500493407249451,0.001531839370727539,1.5495234727859497
0,3607,0.28010106086730957,-0.30114930868148804,1.0716406106948853,0.2881315052509308,0.07101988047361374,-0.948412299156189,0.0015732049942016602,1.5661054849624634
0,3608,0.2804715931415558,-0.3012147545814514,1.0717297792434692,0.2903391718864441,0.0687711238861084,-0.9467793703079224,0.0016137361526489258,1.5827611684799194
0,3609,0.28084224462509155,-0.3012799918651581,1.0718218088150024,0.2925371527671814,0.0665130615234375,-0.9451489448547363,0.001656174659729004,1.5999773740768433
0,3610,0.28121358156204224,-0.3013441860675812,1.0719190835952759,0.294725626707077,0.06424811482429504,-0.9435192942619324,0.0017025470733642578,1.6168893575668335
0,3611,0.2815863788127899,-0.3014063239097595,1.0720244646072388,0.2969042956829071,0.06197833642363548,-0.9418884515762329,0.0017552375793457031,1.6333867311477661
0,3612,0.2819613218307495,-0.30146554112434387,1.0721404552459717,0.29907238483428955,0.05970495939254761,-0.9402535557746887,0.0018166303634643555,1.6488884687423706
0,3613,0.28233885765075684,-0.301521360874176,1.0722686052322388,0.3012297749519348,0.05742901936173439,-0.9386134743690491,0.0018877983093261719,1.6631873846054077
0,3614,0.2827189564704895,-0.3015737235546112,1.0724087953567505,0.30337661504745483,0.05515018850564957,-0.9369677901268005,0.001968860626220703,1.6763139963150024
0,3615,0.28310126066207886,-0.30162313580513,1.072559118270874,0.30551308393478394,0.05286817252635956,-0.9353184103965759,0.002057790756225586,1.6882957220077515
0,3616,0.28348493576049805,-0.3016706109046936,1.0727170705795288,0.30763953924179077,0.05058084800839424,-0.9336672425270081,0.0021528005599975586,1.700078010559082
0,3617,0.2838691473007202,-0.30171728134155273,1.0728793144226074,0.30975618958473206,0.04828662425279617,-0.9320178031921387,0.00225067138671875,1.7117791175842285
0,3618,0.28425320982933044,-0.3017641007900238,1.073042869567871,0.3118622303009033,0.04598367214202881,-0.9303715229034424,0.0023490190505981445,1.7235143184661865
0,3619,0.2846364676952362,-0.3018120229244232,1.0732043981552124,0.31395646929740906,0.04366961121559143,-0.9287302494049072,0.002444624900817871,1.736297845840454
0,3620,0.28501835465431213,-0.3018619418144226,1.073360562324524,0.3160363435745239,0.04134409874677658,-0.9270962476730347,0.0025347471237182617,1.7497708797454834
0,3621,0.28539833426475525,-0.30191469192504883,1.07350754737854,0.3180989623069763,0.039004016667604446,-0.925469696521759,0.002615690231323242,1.7643616199493408
0,3622,0.2857760488986969,-0.3019709587097168,1.073642611503601,0.3201414942741394,0.03664904832839966,-0.9238519668579102,0.002685070037841797,1.7800425291061401
0,3623,0.286151260137558,-0.302031010389328,1.0737643241882324,0.3221627175807953,0.034278273582458496,-0.9222428798675537,0.0027414560317993164,1.7973294258117676
0,3624,0.28652408719062805,-0.3020946681499481,1.0738738775253296,0.324163556098938,0.03189249709248543,-0.9206429123878479,0.00278627872467041,1.8157457113265991
0,3625,0.28689494729042053,-0.3021611273288727,1.0739738941192627,0.32614609599113464,0.029493091627955437,-0.9190503358840942,0.0028215646743774414,1.835363745689392
0,3626,0.28726446628570557,-0.3022294342517853,1.074068546295166,0.3281135559082031,0.027081923559308052,-0.9174636006355286,0.0028513669967651367,1.8560400009155273
0,3627,0.2876332998275757,-0.30229857563972473,1.0741617679595947,0.33006882667541504,0.02466152235865593,-0.9158816337585449,0.0028792619705200195,1.8771142959594727
0,3628,0.28800225257873535,-0.3023673892021179,1.074257493019104,0.33201366662979126,0.022234231233596802,-0.9143020510673523,0.0029085874557495117,1.8983670473098755
0,3629,0.2883721590042114,-0.3024347722530365,1.074359655380249,0.3339485824108124,0.019802821800112724,-0.9127228260040283,0.002942800521850586,1.919486403465271
0,3630,0.2887440025806427,-0.3024994134902954,1.074472188949585,0.3358733057975769,0.01737009920179844,-0.9111409187316895,0.0029854774475097656,1.939771056175232
0,3631,0.28911879658699036,-0.3025600016117096,1.0745989084243774,0.3377874493598938,0.014939513988792896,-0.9095540046691895,0.003039717674255371,1.9585469961166382
0,3632,0.2894972860813141,-0.30261579155921936,1.074742078781128,0.3396904170513153,0.012512407265603542,-0.9079594612121582,0.003107428550720215,1.9755604267120361
0,3633,0.2898795008659363,-0.30266663432121277,1.0749024152755737,0.34158211946487427,0.01008983701467514,-0.9063576459884644,0.0031893253326416016,1.9904630184173584
0,3634,0.29026496410369873,-0.3027130663394928,1.0750776529312134,0.3434629440307617,0.007669926155358553,-0.9047494530677795,0.003283262252807617,2.0037903785705566
0,3635,0.29065266251564026,-0.3027563691139221,1.0752642154693604,0.3453335464000702,0.005250090733170509,-0.9031374454498291,0.003386259078979492,2.0161564350128174
0,3636,0.2910412847995758,-0.3027980923652649,1.0754578113555908,0.34719428420066833,0.0028274692595005035,-0.9015254378318787,0.003494739532470703,2.0281574726104736
0,3637,0.2914293110370636,-0.30283984541893005,1.07565438747406,0.34904444217681885,0.0003986060619354248,-0.8999154567718506,0.0036052465438842773,2.0405678749084473
0,3638,0.29181504249572754,-0.3028832674026489,1.0758496522903442,0.35088300704956055,-0.002038331236690283,-0.8983101844787598,0.003714442253112793,2.054237127304077
0,3639,0.2921964228153229,-0.3029302656650543,1.0760400295257568,0.3527064621448517,-0.004485026001930237,-0.8967111706733704,0.0038198232650756836,2.06980299949646
0,3640,0.29257094860076904,-0.30298304557800293,1.0762214660644531,0.3545112609863281,-0.006943549960851669,-0.8951206803321838,0.00391840934753418,2.0882537364959717
0,3641,0.2929365038871765,-0.3030434548854828,1.0763903856277466,0.35629379749298096,-0.009414647705852985,-0.8935399055480957,0.004007577896118164,2.1102561950683594
0,3642,0.29329192638397217,-0.30311235785484314,1.076545238494873,0.3580516576766968,-0.01189857441931963,-0.8919693827629089,0.004086613655090332,2.1362500190734863
0,3643,0.29363760352134705,-0.3031894862651825,1.0766865015029907,0.3597855865955353,-0.014396240934729576,-0.8904086351394653,0.004155755043029785,2.166182279586792
0,3644,0.29397520422935486,-0.30327337980270386,1.0768169164657593,0.36149805784225464,-0.016905158758163452,-0.8888570666313171,0.004217028617858887,2.1993584632873535
0,3645,0.29430732131004333,-0.3033618628978729,1.076940655708313,0.36319294571876526,-0.019424796104431152,-0.8873121738433838,0.004273533821105957,2.2348456382751465
0,3646,0.2946367859840393,-0.3034524619579315,1.0770621299743652,0.36487385630607605,-0.021952098235487938,-0.8857718706130981,0.004328131675720215,2.2713301181793213
0,3647,0.29496628046035767,-0.3035427927970886,1.0771852731704712,0.3665435016155243,-0.02448427863419056,-0.8842340111732483,0.00438380241394043,2.308171272277832
0,3648,0.29529860615730286,-0.3036305010318756,1.0773144960403442,0.368202805519104,-0.027018139138817787,-0.882695734500885,0.00444340705871582,2.3437654972076416
0,3649,0.2956366240978241,-0.3037131726741791,1.0774542093276978,0.36985141038894653,-0.029549146071076393,-0.8811538815498352,0.004509925842285156,2.3771815299987793
0,3650,0.29598307609558105,-0.3037881851196289,1.077608585357666,0.3714888393878937,-0.032072514295578,-0.879605233669281,0.004586219787597656,2.406639814376831
0,3651,0.2963401675224304,-0.3038537800312042,1.077780842781067,0.37311434745788574,-0.034584593027830124,-0.8780473470687866,0.004674315452575684,2.4315600395202637
0,3652,0.2967085838317871,-0.3039093613624573,1.0779719352722168,0.37472769618034363,-0.03708433359861374,-0.8764790892601013,0.004774928092956543,2.451441526412964
0,3653,0.2970872223377228,-0.3039557635784149,1.0781800746917725,0.3763295114040375,-0.039573103189468384,-0.874901533126831,0.0048863887786865234,2.467041254043579
0,3654,0.29747360944747925,-0.30399516224861145,1.0784014463424683,0.3779205083847046,-0.04205433651804924,-0.8733176589012146,0.00500643253326416,2.4791502952575684
0,3655,0.2978646457195282,-0.3040304183959961,1.0786311626434326,0.37950119376182556,-0.04453377053141594,-0.8717312812805176,0.005131363868713379,2.4895501136779785
0,3656,0.298257440328598,-0.3040640950202942,1.078863501548767,0.38107118010520935,-0.04701525345444679,-0.8701459765434265,0.005257010459899902,2.4993584156036377
0,3657,0.2986496090888977,-0.3040987551212311,1.0790927410125732,0.3826290965080261,-0.04950329288840294,-0.8685652613639832,0.005379080772399902,2.5098302364349365
0,3658,0.29903915524482727,-0.3041367828845978,1.0793124437332153,0.3841705620288849,-0.052000366151332855,-0.8669924139976501,0.005492210388183594,2.5216565132141113
0,3659,0.29942435026168823,-0.30418071150779724,1.0795152187347412,0.38569048047065735,-0.05450865998864174,-0.8654306530952454,0.005590081214904785,2.5355896949768066
0,3660,0.2998036742210388,-0.30423271656036377,1.0796945095062256,0.38718318939208984,-0.05702999606728554,-0.8638830184936523,0.005667328834533691,2.5523626804351807
0,3661,0.300176203250885,-0.30429407954216003,1.0798460245132446,0.38864538073539734,-0.059565234929323196,-0.8623515367507935,0.005720257759094238,2.5722246170043945
0,3662,0.3005421459674835,-0.30436480045318604,1.079969882965088,0.39007702469825745,-0.062114253640174866,-0.8608355522155762,0.0057489871978759766,2.595179319381714
0,3663,0.30090242624282837,-0.3044432997703552,1.0800704956054688,0.3914814591407776,-0.0646752119064331,-0.8593330383300781,0.0057572126388549805,2.6206233501434326
0,3664,0.3012586236000061,-0.3045271337032318,1.080155372619629,0.39286404848098755,-0.06724623590707779,-0.8578405380249023,0.005751490592956543,2.6482629776000977
0,3665,0.30161261558532715,-0.3046136796474457,1.0802326202392578,0.3942306935787201,-0.06982388347387314,-0.8563539981842041,0.005738735198974609,2.676933765411377
0,3666,0.3019663095474243,-0.30470019578933716,1.0803102254867554,0.39558547735214233,-0.0724044069647789,-0.8548693656921387,0.0057256221771240234,2.7058796882629395
0,3667,0.30232176184654236,-0.3047841191291809,1.0803959369659424,0.3969310522079468,-0.07498268783092499,-0.8533825874328613,0.005718588829040527,2.7340900897979736
0,3668,0.3026811480522156,-0.30486273765563965,1.0804977416992188,0.39826786518096924,-0.07755178213119507,-0.8518885970115662,0.005724430084228516,2.760240077972412
0,3669,0.30304694175720215,-0.3049331605434418,1.0806233882904053,0.3995963931083679,-0.08010465651750565,-0.8503829836845398,0.005749106407165527,2.7831926345825195
0,3670,0.3034210801124573,-0.3049931824207306,1.0807791948318481,0.40091589093208313,-0.08263455331325531,-0.8488612771034241,0.005797982215881348,2.8015589714050293
0,3671,0.3038043975830078,-0.30504170060157776,1.080967903137207,0.40222635865211487,-0.08513827621936798,-0.8473215103149414,0.005872964859008789,2.8151509761810303
0,3672,0.30419638752937317,-0.30507946014404297,1.0811874866485596,0.403528094291687,-0.08761812001466751,-0.8457651138305664,0.005972385406494141,2.8241758346557617
0,3673,0.3045951724052429,-0.3051087260246277,1.0814318656921387,0.40482133626937866,-0.09007970988750458,-0.8441961407661438,0.00609135627746582,2.829646348953247
0,3674,0.3049980700016022,-0.30513256788253784,1.0816919803619385,0.4061063826084137,-0.09253080934286118,-0.8426196575164795,0.006222367286682129,2.8332412242889404
0,3675,0.30540239810943604,-0.3051541745662689,1.0819587707519531,0.40738192200660706,-0.09497898817062378,-0.8410413265228271,0.006358027458190918,2.8360037803649902
0,3676,0.3058055341243744,-0.30517682433128357,1.0822235345840454,0.40864595770835876,-0.09743017703294754,-0.8394662141799927,0.006491303443908691,2.839590549468994
0,3677,0.30620500445365906,-0.3052038848400116,1.08247709274292,0.409893661737442,-0.09988841414451599,-0.8378989696502686,0.00661468505859375,2.84489369392395
0,3678,0.3065981864929199,-0.3052389621734619,1.0827100276947021,0.41111913323402405,-0.10235733538866043,-0.8363446593284607,0.0067206621170043945,2.853070020675659
0,3679,0.3069826662540436,-0.30528539419174194,1.0829133987426758,0.41231536865234375,-0.10483881831169128,-0.8348069787025452,0.006801962852478027,2.8651883602142334
0,3680,0.3073567748069763,-0.30534544587135315,1.0830812454223633,0.41347789764404297,-0.10733390599489212,-0.8332889676094055,0.006853699684143066,2.8817427158355713
0,3681,0.30772024393081665,-0.3054194450378418,1.0832122564315796,0.4146057665348053,-0.1098422259092331,-0.8317910432815552,0.006875038146972656,2.9028589725494385
0,3682,0.30807435512542725,-0.3055056631565094,1.0833113193511963,0.41570213437080383,-0.11236274242401123,-0.8303105235099792,0.006869912147521973,2.9280381202697754
0,3683,0.30842143297195435,-0.3056007921695709,1.0833871364593506,0.4167729616165161,-0.11489276587963104,-0.8288431763648987,0.0068454742431640625,2.956315279006958
0,3684,0.3087644875049591,-0.30570080876350403,1.083450198173523,0.4178253710269928,-0.11742909252643585,-0.8273835778236389,0.006810307502746582,2.9864232540130615
0,3685,0.3091065287590027,-0.3058018386363983,1.0835106372833252,0.4188650846481323,-0.11996709555387497,-0.8259261250495911,0.006772398948669434,3.0168795585632324
0,3686,0.309450626373291,-0.30589985847473145,1.0835784673690796,0.4198959469795227,-0.12250044196844101,-0.8244656920433044,0.006739616394042969,3.046518087387085
0,3687,0.30980023741722107,-0.30599090456962585,1.0836637020111084,0.4209194779396057,-0.12501998245716095,-0.8229954838752747,0.00671994686126709,3.0734517574310303
0,3688,0.3101590573787689,-0.3060706555843353,1.0837764739990234,0.4219364523887634,-0.1275155395269394,-0.821509063243866,0.006720900535583496,3.0957913398742676
0,3689,0.31053033471107483,-0.30613553524017334,1.083925724029541,0.4229469895362854,-0.12997736036777496,-0.8200004696846008,0.006749272346496582,3.1120004653930664
0,3690,0.3109157979488373,-0.3061835765838623,1.0841162204742432,0.4239512085914612,-0.1324005126953125,-0.8184669017791748,0.006808638572692871,3.1211087703704834
0,3691,0.31131500005722046,-0.3062152862548828,1.0843465328216553,0.42494916915893555,-0.13478590548038483,-0.8169090747833252,0.0068978071212768555,3.1234915256500244
0,3692,0.311725378036499,-0.30623361468315125,1.0846092700958252,0.4259410500526428,-0.13714022934436798,-0.8153316378593445,0.007010817527770996,3.1201677322387695
0,3693,0.3121429979801178,-0.3062429428100586,1.084893822669983,0.4269266724586487,-0.139475017786026,-0.8137413859367371,0.007139801979064941,3.113698720932007
0,3694,0.3125637173652649,-0.3062480688095093,1.085188627243042,0.4279046356678009,-0.14180056750774384,-0.8121457099914551,0.007275700569152832,3.105640411376953
0,3695,0.31298360228538513,-0.3062537610530853,1.0854827165603638,0.4288725256919861,-0.14412598311901093,-0.8105515837669373,0.007410407066345215,3.098066806793213
0,3696,0.3133987486362457,-0.3062647879123688,1.0857656002044678,0.4298250377178192,-0.146457239985466,-0.808964729309082,0.0075359344482421875,3.092628002166748
0,3697,0.31380510330200195,-0.3062862157821655,1.0860260725021362,0.43075552582740784,-0.1487978845834732,-0.8073919415473938,0.007644057273864746,3.0909817218780518
0,3698,0.3141988217830658,-0.30632299184799194,1.0862531661987305,0.43165674805641174,-0.15115110576152802,-0.8058391213417053,0.0077266693115234375,3.0944631099700928
0,3699,0.31457701325416565,-0.30637890100479126,1.0864390134811401,0.4325222969055176,-0.15351857244968414,-0.8043095469474792,0.0077779293060302734,3.1042532920837402
0,3700,0.3149387240409851,-0.3064550459384918,1.0865811109542847,0.4333497881889343,-0.15590044856071472,-0.8028048872947693,0.007796049118041992,3.1206068992614746
0,3701,0.31528544425964355,-0.30654966831207275,1.0866835117340088,0.43414223194122314,-0.1582956314086914,-0.801322877407074,0.007784366607666016,3.1429853439331055
0,3702,0.31562066078186035,-0.3066582679748535,1.0867557525634766,0.4349059462547302,-0.16070103645324707,-0.7998579144477844,0.00774991512298584,3.1697795391082764
0,3703,0.31594881415367126,-0.30677518248558044,1.0868098735809326,0.43564873933792114,-0.16311295330524445,-0.7984032034873962,0.0077016353607177734,3.1995325088500977
0,3704,0.3162745535373688,-0.3068946301937103,1.0868581533432007,0.4363780915737152,-0.16552585363388062,-0.7969518303871155,0.007648587226867676,3.2303454875946045
0,3705,0.316602498292923,-0.30701109766960144,1.0869120359420776,0.4370986223220825,-0.16793198883533478,-0.7954965233802795,0.007598876953125,3.260026693344116
0,3706,0.3169376850128174,-0.3071189224720001,1.0869832038879395,0.4378131031990051,-0.17032171785831451,-0.7940295338630676,0.00756072998046875,3.2864632606506348
0,3707,0.31728532910346985,-0.30721214413642883,1.087083339691162,0.4385232627391815,-0.17268212139606476,-0.7925426363945007,0.007542252540588379,3.3072474002838135
0,3708,0.31765028834342957,-0.3072854280471802,1.0872228145599365,0.4392297863960266,-0.1750008910894394,-0.7910282611846924,0.007550358772277832,3.3201863765716553
0,3709,0.3180356025695801,-0.3073354959487915,1.087408185005188,0.43993306159973145,-0.17727020382881165,-0.7894813418388367,0.0075893402099609375,3.323958158493042
0,3710,0.3184412121772766,-0.30736228823661804,1.0876389741897583,0.4406331777572632,-0.17948903143405914,-0.7879022359848022,0.007658720016479492,3.3183577060699463
0,3711,0.31886395812034607,-0.3073693513870239,1.0879086256027222,0.4413304328918457,-0.18166649341583252,-0.7862958908081055,0.007753968238830566,3.30523419380188
0,3712,0.3192986249923706,-0.3073624074459076,1.088205337524414,0.44202369451522827,-0.18381397426128387,-0.7846705913543701,0.007866740226745605,3.286939859390259
0,3713,0.31973928213119507,-0.3073481023311615,1.088516354560852,0.44271188974380493,-0.18594618141651154,-0.7830356955528259,0.007988452911376953,3.266026496887207
0,3714,0.32018011808395386,-0.30733299255371094,1.0888292789459229,0.44339171051979065,-0.1880735605955124,-0.7813994884490967,0.008110761642456055,3.2452199459075928
0,3715,0.3206155598163605,-0.30732351541519165,1.0891321897506714,0.44405847787857056,-0.1902049481868744,-0.7797700762748718,0.008225560188293457,3.2266464233398438
0,3716,0.3210398256778717,-0.3073265552520752,1.089413046836853,0.4447048604488373,-0.19234541058540344,-0.7781547904014587,0.008325338363647461,3.2124783992767334
0,3717,0.32144713401794434,-0.3073490858078003,1.089659571647644,0.4453229308128357,-0.1944991499185562,-0.7765613198280334,0.008401870727539062,3.2047905921936035
0,3718,0.3218328356742859,-0.3073967397212982,1.0898622274398804,0.44590556621551514,-0.19666969776153564,-0.7749954462051392,0.008449316024780273,3.2052791118621826
0,3719,0.32219481468200684,-0.3074721097946167,1.0900163650512695,0.4464491903781891,-0.19885720312595367,-0.7734596729278564,0.008464813232421875,3.2144277095794678
0,3720,0.322534441947937,-0.30757349729537964,1.0901250839233398,0.4469555914402008,-0.20106029510498047,-0.7719519734382629,0.00845038890838623,3.2318601608276367
0,3721,0.3228563666343689,-0.3076953887939453,1.090198040008545,0.4474312663078308,-0.20327594876289368,-0.7704662680625916,0.008412599563598633,3.255699872970581
0,3722,0.32316696643829346,-0.30783021450042725,1.0902482271194458,0.4478845000267029,-0.2054993212223053,-0.7689943313598633,0.008359670639038086,3.2837815284729004
0,3723,0.3234729468822479,-0.30797016620635986,1.0902893543243408,0.4483233392238617,-0.20772480964660645,-0.7675274610519409,0.008300542831420898,3.31351637840271
0,3724,0.3237808048725128,-0.3081077039241791,1.0903337001800537,0.4487535357475281,-0.20994342863559723,-0.7660569548606873,0.00824284553527832,3.3424599170684814
0,3725,0.32409706711769104,-0.30823537707328796,1.0903936624526978,0.44917917251586914,-0.21214456856250763,-0.7645738124847412,0.0081939697265625,3.367901563644409
0,3726,0.3244287967681885,-0.3083455562591553,1.0904815196990967,0.44960251450538635,-0.2143145203590393,-0.7630684971809387,0.008161187171936035,3.387146472930908
0,3727,0.32478249073028564,-0.3084311783313751,1.0906084775924683,0.45002496242523193,-0.21643972396850586,-0.7615318894386292,0.008150935173034668,3.3973045349121094
0,3728,0.32516273856163025,-0.3084872364997864,1.0907822847366333,0.4504477381706238,-0.218510240316391,-0.7599577307701111,0.008167386054992676,3.3967859745025635
0,3729,0.325570285320282,-0.3085128366947174,1.0910040140151978,0.45087137818336487,-0.220523402094841,-0.7583450675010681,0.008210897445678711,3.385122776031494
0,3730,0.32600176334381104,-0.30851155519485474,1.0912679433822632,0.4512954652309418,-0.22248654067516327,-0.756698727607727,0.008278131484985352,3.364062547683716
0,3731,0.32645073533058167,-0.3084902763366699,1.0915632247924805,0.4517189860343933,-0.2244129776954651,-0.7550272941589355,0.008362531661987305,3.336010694503784
0,3732,0.3269093334674835,-0.30845749378204346,1.0918763875961304,0.45213988423347473,-0.22631751000881195,-0.7533416748046875,0.008456587791442871,3.3043456077575684
0,3733,0.3273695409297943,-0.3084217309951782,1.0921951532363892,0.45255526900291443,-0.22821341454982758,-0.7516515851020813,0.008553624153137207,3.2720751762390137
0,3734,0.3278232216835022,-0.30839139223098755,1.0925074815750122,0.4529604911804199,-0.23011086881160736,-0.7499659061431885,0.008647441864013672,3.2421419620513916
0,3735,0.32826152443885803,-0.30837535858154297,1.092801809310913,0.45334944128990173,-0.2320168912410736,-0.7482936382293701,0.008733153343200684,3.2173500061035156
0,3736,0.3286750912666321,-0.30838313698768616,1.0930663347244263,0.45371419191360474,-0.23393744230270386,-0.7466434240341187,0.008805632591247559,3.2006337642669678
0,3737,0.3290556073188782,-0.3084230422973633,1.09329092502594,0.4540477395057678,-0.2358756810426712,-0.7450223565101624,0.008861064910888672,3.1943273544311523
0,3738,0.32939857244491577,-0.3084995448589325,1.0934702157974243,0.4543458819389343,-0.2378339022397995,-0.743434727191925,0.00889742374420166,3.199655055999756
0,3739,0.3297051191329956,-0.3086116909980774,1.093605637550354,0.4546087682247162,-0.23981119692325592,-0.7418789267539978,0.00891566276550293,3.216254472732544
0,3740,0.3299817740917206,-0.3087529242038727,1.093705177307129,0.4548417925834656,-0.24180394411087036,-0.7403492331504822,0.008919239044189453,3.2419002056121826
0,3741,0.3302384912967682,-0.30891352891921997,1.0937808752059937,0.45505282282829285,-0.24380667507648468,-0.7388366460800171,0.008913040161132812,3.2736902236938477
0,3742,0.33048591017723083,-0.3090830147266388,1.0938454866409302,0.45524927973747253,-0.2458127737045288,-0.7373309135437012,0.008902192115783691,3.308194398880005
0,3743,0.3307340145111084,-0.3092515468597412,1.0939106941223145,0.4554375112056732,-0.247813880443573,-0.7358231544494629,0.008891105651855469,3.3422257900238037
0,3744,0.3309924900531769,-0.3094099164009094,1.0939873456954956,0.45562198758125305,-0.24980011582374573,-0.7343039512634277,0.00888359546661377,3.3728392124176025
0,3745,0.3312712013721466,-0.309548556804657,1.0940865278244019,0.4558052122592926,-0.2517580986022949,-0.7327632904052734,0.00888359546661377,3.3966128826141357
0,3746,0.33157962560653687,-0.30965837836265564,1.0942182540893555,0.4559897184371948,-0.2536749839782715,-0.7311919927597046,0.008894085884094238,3.4105334281921387
0,3747,0.3319249153137207,-0.30973249673843384,1.0943901538848877,0.45617690682411194,-0.25553932785987854,-0.7295825481414795,0.00891733169555664,3.412198066711426
0,3748,0.33230939507484436,-0.3097686767578125,1.094604730606079,0.4563676416873932,-0.2573480010032654,-0.7279329299926758,0.00895380973815918,3.4008755683898926
0,3749,0.3327295184135437,-0.3097701668739319,1.0948580503463745,0.45656174421310425,-0.25910529494285583,-0.7262467741966248,0.009002089500427246,3.378117561340332
0,3750,0.33317694067955017,-0.30974483489990234,1.095141053199768,0.45675772428512573,-0.26082316040992737,-0.7245324850082397,0.009058833122253418,3.3465576171875
0,3751,0.3336411714553833,-0.30970290303230286,1.0954420566558838,0.4569532871246338,-0.26251649856567383,-0.7228007912635803,0.00912010669708252,3.309910297393799
0,3752,0.3341118097305298,-0.30965447425842285,1.0957492589950562,0.4571453630924225,-0.2641989290714264,-0.7210624814033508,0.009181737899780273,3.2717761993408203
0,3753,0.3345794081687927,-0.3096093237400055,1.0960512161254883,0.4573293626308441,-0.26588174700737,-0.7193273901939392,0.009239435195922852,3.235008478164673
0,3754,0.33503517508506775,-0.3095771074295044,1.0963361263275146,0.45749953389167786,-0.2675730288028717,-0.7176056504249573,0.009288191795349121,3.2025294303894043
0,3755,0.3354703187942505,-0.3095676600933075,1.096591830253601,0.4576484262943268,-0.26927927136421204,-0.7159069180488586,0.00932300090789795,3.177182197570801
0,3756,0.3358771800994873,-0.3095898926258087,1.0968071222305298,0.4577690064907074,-0.27100667357444763,-0.7142399549484253,0.009338855743408203,3.161121129989624
0,3757,0.3362511396408081,-0.3096493184566498,1.0969752073287964,0.45785656571388245,-0.27275723218917847,-0.7126102447509766,0.009332895278930664,3.1558525562286377
0,3758,0.3365921974182129,-0.3097459077835083,1.0970958471298218,0.45791077613830566,-0.2745305895805359,-0.7110176086425781,0.009305119514465332,3.161121129989624
0,3759,0.33690541982650757,-0.3098740577697754,1.0971766710281372,0.4579356908798218,-0.2763236165046692,-0.7094557285308838,0.009259223937988281,3.1754565238952637
0,3760,0.33719906210899353,-0.31002432107925415,1.0972293615341187,0.4579385221004486,-0.27812981605529785,-0.7079156041145325,0.009200334548950195,3.195981740951538
0,3761,0.3374822735786438,-0.31018611788749695,1.0972672700881958,0.45792704820632935,-0.27994269132614136,-0.7063859105110168,0.009134769439697266,3.2199044227600098
0,3762,0.33776381611824036,-0.31034937500953674,1.097302794456482,0.4579078257083893,-0.2817530930042267,-0.7048562169075012,0.009067654609680176,3.244194269180298
0,3763,0.33805185556411743,-0.31050488352775574,1.097347617149353,0.4578861594200134,-0.2835519015789032,-0.7033168077468872,0.00900411605834961,3.266266345977783
0,3764,0.3383544683456421,-0.31064358353614807,1.0974128246307373,0.4578661322593689,-0.28532788157463074,-0.7017574310302734,0.008948922157287598,3.2834835052490234
0,3765,0.33867964148521423,-0.3107563555240631,1.097509503364563,0.45785126090049744,-0.2870684266090393,-0.700168251991272,0.00890648365020752,3.2930691242218018
0,3766,0.3390338718891144,-0.3108358681201935,1.0976464748382568,0.45784443616867065,-0.28876349329948425,-0.6985411047935486,0.008880257606506348,3.292890787124634
0,3767,0.33942002058029175,-0.3108789026737213,1.0978275537490845,0.4578472673892975,-0.29040804505348206,-0.696872353553772,0.00887155532836914,3.282231092453003
0,3768,0.33983612060546875,-0.31088748574256897,1.0980501174926758,0.4578588008880615,-0.2920045852661133,-0.6951645612716675,0.00887906551361084,3.2615275382995605
0,3769,0.34027597308158875,-0.31086859107017517,1.098305344581604,0.4578770697116852,-0.29356318712234497,-0.693425714969635,0.008899092674255371,3.233253240585327
0,3770,0.340731143951416,-0.31083178520202637,1.0985819101333618,0.45789867639541626,-0.29509708285331726,-0.6916670799255371,0.008926868438720703,3.2002055644989014
0,3771,0.3411928415298462,-0.3107869029045105,1.0988671779632568,0.45791923999786377,-0.29661908745765686,-0.6898990869522095,0.0089569091796875,3.1654534339904785
0,3772,0.34165307879447937,-0.31074339151382446,1.0991501808166504,0.45793408155441284,-0.298139750957489,-0.6881325840950012,0.008984804153442383,3.131566286087036
0,3773,0.34210431575775146,-0.3107101619243622,1.0994197130203247,0.4579378366470337,-0.29966750741004944,-0.6863772869110107,0.009005904197692871,3.1010987758636475
0,3774,0.3425390422344208,-0.3106963634490967,1.0996646881103516,0.45792412757873535,-0.301209032535553,-0.6846430897712708,0.009015321731567383,3.0761892795562744
0,3775,0.34295034408569336,-0.31071045994758606,1.09987473487854,0.45788630843162537,-0.30277013778686523,-0.682939350605011,0.00900888442993164,3.059086561203003
0,3776,0.34333357214927673,-0.31075820326805115,1.1000428199768066,0.45781999826431274,-0.30435386300086975,-0.6812721490859985,0.008983373641967773,3.051076889038086
0,3777,0.3436879515647888,-0.3108407258987427,1.1001676321029663,0.4577242136001587,-0.30596110224723816,-0.6796423196792603,0.00893855094909668,3.052295684814453
0,3778,0.3440168797969818,-0.31095388531684875,1.1002545356750488,0.45760151743888855,-0.30758869647979736,-0.6780449748039246,0.008876919746398926,3.061645269393921
0,3779,0.34432700276374817,-0.31108951568603516,1.1003133058547974,0.45745784044265747,-0.30923083424568176,-0.6764713525772095,0.00880277156829834,3.077016592025757
0,3780,0.3446260690689087,-0.3112381100654602,1.100355863571167,0.4573003053665161,-0.3108806312084198,-0.6749110221862793,0.008721470832824707,3.0956647396087646
0,3781,0.344921737909317,-0.31139057874679565,1.1003937721252441,0.45713508129119873,-0.31253135204315186,-0.673353374004364,0.00863790512084961,3.1155214309692383
0,3782,0.3452208340167999,-0.31153836846351624,1.1004375219345093,0.45696762204170227,-0.3141748309135437,-0.6717888712882996,0.008556842803955078,3.1343154907226562
0,3783,0.3455299735069275,-0.3116733133792877,1.1004973649978638,0.45680275559425354,-0.3158014714717865,-0.6702078580856323,0.008482813835144043,3.149580955505371
0,3784,0.345855712890625,-0.311787486076355,1.100583553314209,0.45664477348327637,-0.31740066409111023,-0.6686012148857117,0.008420228958129883,3.1593246459960938
0,3785,0.34620359539985657,-0.3118738532066345,1.1007047891616821,0.45649731159210205,-0.3189634382724762,-0.6669604182243347,0.008372902870178223,3.161740303039551
0,3786,0.3465766906738281,-0.31192857027053833,1.1008659601211548,0.4563627541065216,-0.32048463821411133,-0.665281355381012,0.008342981338500977,3.155914783477783
0,3787,0.34697410464286804,-0.3119526505470276,1.1010658740997314,0.4562404453754425,-0.32196542620658875,-0.6635652184486389,0.00832986831665039,3.141988754272461
0,3788,0.3473914861679077,-0.31195154786109924,1.101297378540039,0.45612791180610657,-0.32341283559799194,-0.6618187427520752,0.008330106735229492,3.121610641479492
0,3789,0.34782230854034424,-0.3119332492351532,1.1015499830245972,0.4560210704803467,-0.32483789324760437,-0.6600515842437744,0.0083388090133667,3.097245454788208
0,3790,0.34825965762138367,-0.31190648674964905,1.101812720298767,0.4559153914451599,-0.3262515068054199,-0.6582745313644409,0.00835108757019043,3.0709667205810547
0,3791,0.348697304725647,-0.3118791878223419,1.1020749807357788,0.45580559968948364,-0.3276626765727997,-0.6564968824386597,0.00836181640625,3.045039653778076
0,3792,0.34912964701652527,-0.3118588626384735,1.1023272275924683,0.45568692684173584,-0.3290793299674988,-0.65472811460495,0.008366584777832031,3.0212888717651367
0,3793,0.3495512902736664,-0.3118527829647064,1.1025594472885132,0.4555535614490509,-0.3305068612098694,-0.6529770493507385,0.00836038589477539,3.001396417617798
0,3794,0.3499572277069092,-0.31186795234680176,1.1027621030807495,0.4554000794887543,-0.33195051550865173,-0.6512529850006104,0.008338332176208496,2.9872095584869385
0,3795,0.3503437340259552,-0.31190967559814453,1.1029284000396729,0.455221563577652,-0.3334139287471771,-0.6495623588562012,0.008297204971313477,2.979860782623291
0,3796,0.35070961713790894,-0.311979740858078,1.1030559539794922,0.455016553401947,-0.334898442029953,-0.6479067802429199,0.008235812187194824,2.979795217514038
0,3797,0.35105669498443604,-0.31207558512687683,1.103148102760315,0.4547872543334961,-0.33640140295028687,-0.6462835073471069,0.00815582275390625,2.986095428466797
0,3798,0.3513893485069275,-0.31219106912612915,1.1032133102416992,0.45453837513923645,-0.33791854977607727,-0.6446844339370728,0.008061885833740234,2.99741530418396
0,3799,0.35171306133270264,-0.31231871247291565,1.1032618284225464,0.4542757570743561,-0.3394441306591034,-0.6430996656417847,0.007959127426147461,3.011749029159546
0,3800,0.35203322768211365,-0.3124507665634155,1.1033042669296265,0.45400553941726685,-0.3409719467163086,-0.6415191888809204,0.007853150367736816,3.0273733139038086
0,3801,0.3523547053337097,-0.3125804662704468,1.1033499240875244,0.45373332500457764,-0.3424951434135437,-0.6399345993995667,0.007748603820800781,3.0424671173095703
0,3802,0.352681964635849,-0.31270143389701843,1.1034083366394043,0.45346346497535706,-0.3440072238445282,-0.6383368968963623,0.007650971412658691,3.055436849594116
0,3803,0.3530194163322449,-0.31280723214149475,1.1034886837005615,0.45320042967796326,-0.3454999327659607,-0.6367179155349731,0.007565140724182129,3.0647130012512207
0,3804,0.353370726108551,-0.312892347574234,1.1035990715026855,0.45294830203056335,-0.3469665050506592,-0.6350700259208679,0.007495522499084473,3.0689258575439453
0,3805,0.35373827815055847,-0.31295329332351685,1.103744387626648,0.4527096152305603,-0.3484016954898834,-0.6333889961242676,0.007444620132446289,3.067330837249756
0,3806,0.354122132062912,-0.31299012899398804,1.1039248704910278,0.4524848163127899,-0.34980595111846924,-0.6316752433776855,0.0074127912521362305,3.0595345497131348
0,3807,0.3545197546482086,-0.31300634145736694,1.1041350364685059,0.4522711932659149,-0.35118404030799866,-0.62993323802948,0.007396578788757324,3.0470964908599854
0,3808,0.35492709279060364,-0.3130078613758087,1.1043661832809448,0.45206454396247864,-0.3525436222553253,-0.6281712055206299,0.007391452789306641,3.0311214923858643
0,3809,0.3553397059440613,-0.3130013644695282,1.1046085357666016,0.45186030864715576,-0.35389283299446106,-0.6263981461524963,0.007391810417175293,3.0135035514831543
0,3810,0.35575345158576965,-0.3129930794239044,1.104852557182312,0.45165401697158813,-0.3552388548851013,-0.6246229410171509,0.0073920488357543945,2.9957821369171143
0,3811,0.3561645448207855,-0.31298884749412537,1.1050894260406494,0.45144087076187134,-0.35658764839172363,-0.622853696346283,0.0073871612548828125,2.9792697429656982
0,3812,0.35656940937042236,-0.3129945695400238,1.1053107976913452,0.45121583342552185,-0.35794466733932495,-0.621099054813385,0.007372498512268066,2.9654390811920166
0,3813,0.35696470737457275,-0.3130159080028534,1.1055079698562622,0.45097416639328003,-0.35931432247161865,-0.6193674206733704,0.007342934608459473,2.9555869102478027
0,3814,0.35734766721725464,-0.31305739283561707,1.105673909187317,0.45071157813072205,-0.36069968342781067,-0.6176653504371643,0.007294058799743652,2.9507479667663574
0,3815,0.3577170670032501,-0.31312116980552673,1.105805516242981,0.4504261910915375,-0.3621026277542114,-0.6159960031509399,0.007224321365356445,2.951411247253418
0,3816,0.3580736517906189,-0.3132059872150421,1.1059051752090454,0.45011889934539795,-0.3635217547416687,-0.6143572330474854,0.007135272026062012,2.9571096897125244
0,3817,0.35842010378837585,-0.31330737471580505,1.1059789657592773,0.44979381561279297,-0.36495327949523926,-0.6127426028251648,0.0070302486419677734,2.966956853866577
0,3818,0.3587599992752075,-0.31341931223869324,1.1060363054275513,0.44945594668388367,-0.36639243364334106,-0.6111428141593933,0.0069152116775512695,2.979401111602783
0,3819,0.35909706354141235,-0.31353574991226196,1.1060864925384521,0.4491104483604431,-0.36783429980278015,-0.609548807144165,0.006795525550842285,2.992905378341675
0,3820,0.35943466424942017,-0.3136509954929352,1.1061381101608276,0.44876232743263245,-0.36927351355552673,-0.6079521179199219,0.006676316261291504,3.006284236907959
0,3821,0.3597759008407593,-0.3137599229812622,1.1061992645263672,0.44841575622558594,-0.37070432305336,-0.6063454151153564,0.006562352180480957,3.0181772708892822
0,3822,0.3601239025592804,-0.3138573467731476,1.1062778234481812,0.448074609041214,-0.3721204102039337,-0.6047210097312927,0.0064585208892822266,3.0275027751922607
0,3823,0.3604814410209656,-0.3139386475086212,1.1063810586929321,0.447742760181427,-0.3735157251358032,-0.603072464466095,0.00636899471282959,3.0329294204711914
0,3824,0.3608504831790924,-0.31400066614151,1.1065139770507812,0.44742241501808167,-0.3748862147331238,-0.6013951301574707,0.006296873092651367,3.03376841545105
0,3825,0.36123132705688477,-0.31404271721839905,1.1066774129867554,0.4471146762371063,-0.37623104453086853,-0.599688708782196,0.00624239444732666,3.030087947845459
0,3826,0.36162257194519043,-0.31406718492507935,1.106867790222168,0.44681745767593384,-0.3775530457496643,-0.5979562401771545,0.0062035322189331055,3.022195816040039
0,3827,0.3620215058326721,-0.31407850980758667,1.1070780754089355,0.4465273916721344,-0.3788580298423767,-0.5962042808532715,0.006175994873046875,3.01129412651062
0,3828,0.3624248802661896,-0.3140820562839508,1.1072999238967896,0.44624054431915283,-0.3801533579826355,-0.5944409966468811,0.006154894828796387,2.9989168643951416
0,3829,0.3628295660018921,-0.31408312916755676,1.10752534866333,0.44595280289649963,-0.3814449906349182,-0.5926738381385803,0.006135344505310059,2.985964298248291
0,3830,0.36323246359825134,-0.31408682465553284,1.1077466011047363,0.44566047191619873,-0.3827384114265442,-0.5909106731414795,0.0061130523681640625,2.973745107650757
0,3831,0.3636305332183838,-0.3140983283519745,1.1079564094543457,0.44535958766937256,-0.3840387463569641,-0.5891592502593994,0.00608372688293457,2.963524103164673
0,3832,0.3640207052230835,-0.3141230046749115,1.1081476211547852,0.4450458288192749,-0.3853509724140167,-0.5874272584915161,0.006043791770935059,2.956712484359741
0,3833,0.3644002079963684,-0.31416553258895874,1.1083136796951294,0.444716215133667,-0.386679083108902,-0.5857225656509399,0.005989432334899902,2.953864336013794
0,3834,0.36476755142211914,-0.3142284154891968,1.1084511280059814,0.4443686902523041,-0.38802480697631836,-0.5840486288070679,0.005918979644775391,2.9558517932891846
0,3835,0.36512309312820435,-0.31431105732917786,1.1085608005523682,0.4440036714076996,-0.3893872797489166,-0.582404613494873,0.005832791328430176,2.9623348712921143
0,3836,0.36546894907951355,-0.31440991163253784,1.1086475849151611,0.44362345337867737,-0.39076337218284607,-0.5807844996452332,0.005733609199523926,2.972625732421875
0,3837,0.365808367729187,-0.3145195245742798,1.1087192296981812,0.44323235750198364,-0.3921484649181366,-0.5791804194450378,0.0056258440017700195,2.9853742122650146
0,3838,0.36614495515823364,-0.3146339952945709,1.108783483505249,0.44283416867256165,-0.39353764057159424,-0.5775828957557678,0.005513429641723633,2.9993085861206055
0,3839,0.3664819896221161,-0.3147478997707367,1.1088474988937378,0.4424327313899994,-0.3949250876903534,-0.5759842395782471,0.00540006160736084,3.0132436752319336
0,3840,0.3668227791786194,-0.3148561120033264,1.1089177131652832,0.4420314133167267,-0.396305650472641,-0.5743774175643921,0.005288839340209961,3.0258209705352783
0,3841,0.3671707510948181,-0.3149535655975342,1.109000563621521,0.4416331350803375,-0.397673636674881,-0.5727554559707642,0.005182743072509766,3.0362837314605713
0,3842,0.3675291836261749,-0.315035343170166,1.1091022491455078,0.441241055727005,-0.3990236222743988,-0.5711124539375305,0.005084395408630371,3.0433034896850586
0,3843,0.36790069937705994,-0.31509774923324585,1.1092267036437988,0.4408573508262634,-0.4003508388996124,-0.5694435834884644,0.0049953460693359375,3.0462610721588135
0,3844,0.3682860732078552,-0.3151394724845886,1.1093757152557373,0.4404829144477844,-0.40165409445762634,-0.5677474737167358,0.00491642951965332,3.0447182655334473
0,3845,0.36868414282798767,-0.3151623010635376,1.1095468997955322,0.4401169717311859,-0.402935266494751,-0.5660266280174255,0.004846334457397461,3.0391838550567627
0,3846,0.3690919876098633,-0.31517043709754944,1.1097352504730225,0.43975695967674255,-0.4041994512081146,-0.5642863512039185,0.004783034324645996,3.030604839324951
0,3847,0.36950570344924927,-0.31516948342323303,1.1099339723587036,0.4393996298313141,-0.40545281767845154,-0.5625336766242981,0.004723548889160156,3.0201871395111084
0,3848,0.36992135643959045,-0.3151651620864868,1.110136866569519,0.4390421509742737,-0.4067021906375885,-0.56077641248703,0.004665851593017578,3.0092129707336426
0,3849,0.3703349232673645,-0.31516292691230774,1.110337734222412,0.4386816620826721,-0.40795305371284485,-0.5590212345123291,0.004607558250427246,2.998786449432373
0,3850,0.37074217200279236,-0.3151685893535614,1.1105306148529053,0.43831565976142883,-0.4092107117176056,-0.5572758316993713,0.0045468807220458984,2.9899606704711914
0,3851,0.37113863229751587,-0.3151882290840149,1.1107097864151,0.4379415512084961,-0.4104803204536438,-0.5555479526519775,0.004482626914978027,2.9842591285705566
0,3852,0.37152016162872314,-0.3152272701263428,1.110870122909546,0.4375571310520172,-0.4117668569087982,-0.5538445711135864,0.0044138431549072266,2.982553243637085
0,3853,0.37188422679901123,-0.3152892589569092,1.1110084056854248,0.4371609091758728,-0.41307303309440613,-0.5521700382232666,0.004339694976806641,2.9855051040649414
0,3854,0.37223073840141296,-0.3153741657733917,1.1111246347427368,0.43675297498703003,-0.41439905762672424,-0.5505244731903076,0.004260420799255371,2.9931015968322754
0,3855,0.37256231904029846,-0.3154785633087158,1.1112219095230103,0.43633440136909485,-0.41574132442474365,-0.5489031076431274,0.004176616668701172,3.004786252975464
0,3856,0.3728834390640259,-0.31559669971466064,1.1113059520721436,0.4359073340892792,-0.4170950651168823,-0.5472983717918396,0.0040895938873291016,3.019084930419922
0,3857,0.3731991648674011,-0.31572195887565613,1.1113826036453247,0.4354740083217621,-0.4184543788433075,-0.5457019805908203,0.004000306129455566,3.035123109817505
0,3858,0.37351468205451965,-0.31584790349006653,1.1114575862884521,0.4350369870662689,-0.4198128283023834,-0.5441059470176697,0.003909468650817871,3.051076889038086
0,3859,0.37383508682250977,-0.31596848368644714,1.1115354299545288,0.4345981478691101,-0.4211646020412445,-0.5425033569335938,0.003816843032836914,3.0662457942962646
0,3860,0.3741658926010132,-0.3160775303840637,1.1116207838058472,0.43415942788124084,-0.4225025773048401,-0.5408874154090881,0.0037218332290649414,3.079242467880249
0,3861,0.374512642621994,-0.3161689341068268,1.1117178201675415,0.4337227940559387,-0.4238196313381195,-0.5392521023750305,0.003623366355895996,3.088700771331787
0,3862,0.3748798668384552,-0.3162376284599304,1.1118295192718506,0.4332895576953888,-0.4251095652580261,-0.5375922322273254,0.003520369529724121,3.0938303470611572
0,3863,0.3752697706222534,-0.316281259059906,1.1119576692581177,0.43286094069480896,-0.42636990547180176,-0.5359055995941162,0.0034123659133911133,3.094020128250122
0,3864,0.375681072473526,-0.31630125641822815,1.1121010780334473,0.4324365556240082,-0.42760226130485535,-0.5341939330101013,0.0032993555068969727,3.089714765548706
0,3865,0.37610936164855957,-0.31630223989486694,1.112256646156311,0.4320150315761566,-0.42881232500076294,-0.5324620008468628,0.0031821727752685547,3.081847906112671
0,3866,0.37654852867126465,-0.31629079580307007,1.1124202013015747,0.4315947890281677,-0.4300073981285095,-0.5307165384292603,0.0030624866485595703,3.0716676712036133
0,3867,0.37699195742607117,-0.31627389788627625,1.1125870943069458,0.431174099445343,-0.4311949610710144,-0.5289647579193115,0.0029414892196655273,3.0604941844940186
0,3868,0.3774332106113434,-0.3162582218647003,1.1127537488937378,0.43075069785118103,-0.4323815405368805,-0.5272132754325867,0.002821683883666992,3.049729347229004
0,3869,0.37786558270454407,-0.31625044345855713,1.1129162311553955,0.4303228259086609,-0.4335724711418152,-0.525468647480011,0.002705097198486328,3.0406649112701416
0,3870,0.37828195095062256,-0.31625744700431824,1.1130714416503906,0.42988836765289307,-0.4347723126411438,-0.5237374901771545,0.002595186233520508,3.034219980239868
0,3871,0.3786754608154297,-0.3162858188152313,1.1132160425186157,0.42944538593292236,-0.43598461151123047,-0.5220262408256531,0.00249481201171875,3.0317673683166504
0,3872,0.3790413439273834,-0.3163401484489441,1.1133480072021484,0.42899250984191895,-0.43721169233322144,-0.52033931016922,0.0024063587188720703,3.0340263843536377
0,3873,0.37937867641448975,-0.31642138957977295,1.1134666204452515,0.42852944135665894,-0.43845438957214355,-0.518677294254303,0.0023298263549804688,3.041179895401001
0,3874,0.3796907663345337,-0.3165263533592224,1.113573670387268,0.4280564785003662,-0.43970975279808044,-0.5170368552207947,0.002264261245727539,3.052616596221924
0,3875,0.37998420000076294,-0.316648930311203,1.113672137260437,0.4275757074356079,-0.4409750699996948,-0.515412449836731,0.0022068023681640625,3.0672669410705566
0,3876,0.38026684522628784,-0.3167816698551178,1.1137654781341553,0.42708835005760193,-0.4422445595264435,-0.5137960314750671,0.002153754234313965,3.0836896896362305
0,3877,0.3805464506149292,-0.31691738963127136,1.1138569116592407,0.4265955090522766,-0.4435117542743683,-0.5121808052062988,0.002101421356201172,3.100719690322876
0,3878,0.380830317735672,-0.3170492649078369,1.113949179649353,0.4260980486869812,-0.44476842880249023,-0.5105599761009216,0.0020461082458496094,3.1169662475585938
0,3879,0.3811259865760803,-0.317170649766922,1.1140446662902832,0.4255954921245575,-0.4460037648677826,-0.5089268088340759,0.0019835233688354492,3.131253480911255
0,3880,0.3814409375190735,-0.317274808883667,1.1141457557678223,0.4250868558883667,-0.44720494747161865,-0.5072743892669678,0.0019092559814453125,3.1421756744384766
0,3881,0.38178181648254395,-0.31735584139823914,1.1142542362213135,0.4245714843273163,-0.44836053252220154,-0.5055968761444092,0.0018191337585449219,3.1485865116119385
0,3882,0.3821522891521454,-0.31741052865982056,1.1143709421157837,0.42404860258102417,-0.44946354627609253,-0.503890872001648,0.0017108917236328125,3.1496431827545166
0,3883,0.3825515806674957,-0.3174395263195038,1.1144959926605225,0.42351868748664856,-0.4505159258842468,-0.5021573305130005,0.0015851259231567383,3.145787000656128
0,3884,0.3829745054244995,-0.317447304725647,1.114627718925476,0.4229830205440521,-0.45152583718299866,-0.5004012584686279,0.001444697380065918,3.1378114223480225
0,3885,0.3834134340286255,-0.31744059920310974,1.1147642135620117,0.42244237661361694,-0.45250603556632996,-0.4986294209957123,0.0012946128845214844,3.127124547958374
0,3886,0.383860319852829,-0.3174266517162323,1.1149035692214966,0.4218977093696594,-0.4534689784049988,-0.49684926867485046,0.0011398792266845703,3.115332841873169
0,3887,0.3843078315258026,-0.3174121677875519,1.1150450706481934,0.4213480055332184,-0.4544229805469513,-0.4950665831565857,0.0009865760803222656,3.1033072471618652
0,3888,0.3847494125366211,-0.3174033463001251,1.1151890754699707,0.42079073190689087,-0.45537224411964417,-0.4932860732078552,0.0008409023284912109,3.092374563217163
0,3889,0.38517868518829346,-0.3174065053462982,1.115336537361145,0.42022228240966797,-0.4563163220882416,-0.49151256680488586,0.0007096529006958008,3.083435535430908
0,3890,0.3855898082256317,-0.31742748618125916,1.11548912525177,0.4196382761001587,-0.457253098487854,-0.4897496700286865,0.0006000995635986328,3.0773983001708984
0,3891,0.3859783113002777,-0.31747087836265564,1.1156483888626099,0.41903507709503174,-0.45818036794662476,-0.48800045251846313,0.000517725944519043,3.074852705001831
0,3892,0.3863426446914673,-0.3175382912158966,1.1158148050308228,0.4184110760688782,-0.4590970277786255,-0.4862654507160187,0.0004646778106689453,3.075998306274414
0,3893,0.38668501377105713,-0.31762775778770447,1.1159878969192505,0.4177679419517517,-0.4600031077861786,-0.48454371094703674,0.0004385709762573242,3.0804500579833984
0,3894,0.3870104253292084,-0.31773409247398376,1.1161658763885498,0.4171094596385956,-0.4609004855155945,-0.4828316271305084,0.0004328489303588867,3.087559700012207
0,3895,0.38732537627220154,-0.31785082817077637,1.116346836090088,0.41643986105918884,-0.4617901146411896,-0.4811246395111084,0.00043976306915283203,3.096170663833618
0,3896,0.38763627409935,-0.3179716467857361,1.1165287494659424,0.41576242446899414,-0.4626714885234833,-0.4794178903102875,0.00045120716094970703,3.1053881645202637
0,3897,0.3879488408565521,-0.3180907666683197,1.1167092323303223,0.41507866978645325,-0.4635387659072876,-0.4777064025402069,0.0004596710205078125,3.114264488220215
0,3898,0.3882684111595154,-0.31820306181907654,1.1168862581253052,0.4143875241279602,-0.464382141828537,-0.4759846329689026,0.00045812129974365234,3.1217358112335205
0,3899,0.3886001706123352,-0.31830352544784546,1.1170573234558105,0.413686066865921,-0.46518754959106445,-0.47424620389938354,0.0004394054412841797,3.12674880027771
0,3900,0.38894861936569214,-0.31838762760162354,1.1172200441360474,0.4129713475704193,-0.46593987941741943,-0.47248560190200806,0.000396728515625,3.1285014152526855
0,3901,0.3893165588378906,-0.3184525668621063,1.1173731088638306,0.4122415781021118,-0.46662968397140503,-0.47069936990737915,0.00032639503479003906,3.126560926437378
0,3902,0.38970404863357544,-0.3184983730316162,1.117516279220581,0.41149675846099854,-0.4672558605670929,-0.46888771653175354,0.00022804737091064453,3.1206068992614746
0,3903,0.39010828733444214,-0.3185276985168457,1.1176512241363525,0.4107391834259033,-0.4678276479244232,-0.4670543074607849,0.00010585784912109375,3.1116859912872314
0,3904,0.39052456617355347,-0.3185451924800873,1.1177802085876465,0.40997183322906494,-0.4683602750301361,-0.46520528197288513,3.361701965332031e-05,3.1004672050476074
0,3905,0.39094772934913635,-0.3185558319091797,1.1179059743881226,0.4091978073120117,-0.46886900067329407,-0.463346928358078,0.00018286705017089844,3.088383913040161
0,3906,0.39137324690818787,-0.31856414675712585,1.1180309057235718,0.4084191620349884,-0.46936535835266113,-0.4614851474761963,0.0003350973129272461,3.075934648513794
0,3907,0.39179739356040955,-0.3185739815235138,1.1181575059890747,0.40763553977012634,-0.4698566198348999,-0.4596245288848877,0.0004845857620239258,3.064265727996826
0,3908,0.3922169804573059,-0.31858885288238525,1.1182879209518433,0.40684449672698975,-0.4703453779220581,-0.45776820182800293,0.0006259679794311523,3.0536422729492188
0,3909,0.3926291763782501,-0.31861186027526855,1.1184247732162476,0.40604281425476074,-0.47083142399787903,-0.45591917634010315,0.0007539987564086914,3.0447826385498047
0,3910,0.3930318057537079,-0.3186454474925995,1.1185694932937622,0.40522778034210205,-0.4713135361671448,-0.4540799558162689,0.0008649826049804688,3.038217306137085
0,3911,0.3934239149093628,-0.3186907470226288,1.1187232732772827,0.40439730882644653,-0.47179079055786133,-0.45225104689598083,0.0009568929672241211,3.0338327884674072
0,3912,0.39380621910095215,-0.31874707341194153,1.1188853979110718,0.403552383184433,-0.47226274013519287,-0.4504319727420807,0.001031041145324707,3.0317673683166504
0,3913,0.39418062567710876,-0.3188120424747467,1.1190540790557861,0.40269601345062256,-0.4727299213409424,-0.44862061738967896,0.0010912418365478516,3.0313799381256104
0,3914,0.3945498764514923,-0.3188825845718384,1.1192270517349243,0.40183132886886597,-0.4731927216053009,-0.4468139111995697,0.0011421442031860352,3.0321547985076904
0,3915,0.3949166238307953,-0.3189557194709778,1.1194013357162476,0.40096187591552734,-0.47365131974220276,-0.4450085461139679,0.0011894702911376953,3.0337038040161133
0,3916,0.39528289437294006,-0.31902876496315,1.119574785232544,0.40008965134620667,-0.4741029441356659,-0.443200945854187,0.0012373924255371094,3.0353810787200928
0,3917,0.39565005898475647,-0.3190996050834656,1.1197444200515747,0.39921557903289795,-0.47454366087913513,-0.44138723611831665,0.001290440559387207,3.0365419387817383
0,3918,0.3960190415382385,-0.31916651129722595,1.1199074983596802,0.3983401954174042,-0.4749661087989807,-0.43956390023231506,0.0013521909713745117,3.0369930267333984
0,3919,0.3963903784751892,-0.31922784447669983,1.1200611591339111,0.3974630832672119,-0.4753631353378296,-0.4377270042896271,0.0014265775680541992,3.0362837314605713
0,3920,0.39676451683044434,-0.31928256154060364,1.1202034950256348,0.3965839743614197,-0.475729376077652,-0.43587371706962585,0.0015159845352172852,3.0339620113372803
0,3921,0.3971414864063263,-0.3193305432796478,1.1203341484069824,0.3957032859325409,-0.4760637879371643,-0.43400394916534424,0.0016207695007324219,3.030087947845459
0,3922,0.39752086997032166,-0.3193725645542145,1.1204543113708496,0.39482107758522034,-0.4763689339160919,-0.43211960792541504,0.0017393827438354492,3.0247855186462402
0,3923,0.39790216088294983,-0.3194100558757782,1.1205668449401855,0.3939376175403595,-0.4766526222229004,-0.4302244782447815,0.001868128776550293,3.0188255310058594
0,3924,0.39828458428382874,-0.3194447457790375,1.1206752061843872,0.39305323362350464,-0.4769223928451538,-0.42832234501838684,0.0020025968551635742,3.0122690200805664
0,3925,0.3986673951148987,-0.31947851181030273,1.1207829713821411,0.3921681046485901,-0.47718560695648193,-0.42641720175743103,0.0021381378173828125,3.005763292312622
0,3926,0.39904963970184326,-0.3195130228996277,1.1208943128585815,0.3912822902202606,-0.47744807600975037,-0.4245120584964752,0.0022695064544677734,2.9997003078460693
0,3927,0.3994300663471222,-0.31955015659332275,1.1210139989852905,0.3903956413269043,-0.4777132570743561,-0.4226094186306,0.002390742301940918,2.9944093227386475
0,3928,0.3998073637485504,-0.3195919990539551,1.1211475133895874,0.3895079493522644,-0.4779844582080841,-0.4207117259502411,0.0024946928024291992,2.9900262355804443
0,3929,0.4001803398132324,-0.3196403682231903,1.1212996244430542,0.38861894607543945,-0.47826409339904785,-0.41882064938545227,0.002575397491455078,2.9870128631591797
0,3930,0.4005482792854309,-0.3196961581707001,1.1214730739593506,0.38772833347320557,-0.4785532057285309,-0.4169369637966156,0.002629399299621582,2.9854397773742676
0,3931,0.40091127157211304,-0.31975921988487244,1.1216672658920288,0.38683611154556274,-0.4788513779640198,-0.41506046056747437,0.0026574134826660156,2.9851772785186768
0,3932,0.4012702405452728,-0.31982818245887756,1.1218786239624023,0.3859422206878662,-0.479156494140625,-0.41318950057029724,0.0026639699935913086,2.986095428466797
0,3933,0.4016265571117401,-0.3199009895324707,1.1221015453338623,0.385047048330307,-0.47946614027023315,-0.41132208704948425,0.002656102180480957,2.98766827583313
0,3934,0.4019817113876343,-0.31997549533843994,1.122329831123352,0.38415080308914185,-0.47977688908576965,-0.40945613384246826,0.0026415586471557617,2.9898953437805176
0,3935,0.4023367762565613,-0.32005009055137634,1.1225576400756836,0.38325345516204834,-0.48008593916893005,-0.4075898230075836,0.0026274919509887695,2.9921205043792725
0,3936,0.4026928246021271,-0.32012316584587097,1.1227797269821167,0.3823550343513489,-0.4803890585899353,-0.40572115778923035,0.002620100975036621,2.9944093227386475
0,3937,0.40305066108703613,-0.3201935291290283,1.1229904890060425,0.3814546763896942,-0.4806833863258362,-0.4038483202457428,0.0026259422302246094,2.9964354038238525
0,3938,0.40341100096702576,-0.32026010751724243,1.1231845617294312,0.38055217266082764,-0.48096397519111633,-0.4019696116447449,0.0026510953903198242,2.9978723526000977
0,3939,0.40377432107925415,-0.32032209634780884,1.1233580112457275,0.3796468675136566,-0.48122844099998474,-0.40008383989334106,0.0027000904083251953,2.998851776123047
0,3940,0.404140830039978,-0.32037925720214844,1.1235095262527466,0.3787386417388916,-0.48147568106651306,-0.39819058775901794,0.002774477005004883,2.9990475177764893
0,3941,0.4045102298259735,-0.32043203711509705,1.123640775680542,0.37782803177833557,-0.4817066192626953,-0.3962906002998352,0.0028721094131469727,2.9989168643951416
0,3942,0.40488195419311523,-0.3204813599586487,1.1237564086914062,0.37691569328308105,-0.48192480206489563,-0.39438554644584656,0.0029878616333007812,2.9982643127441406
0,3943,0.4052552580833435,-0.32052838802337646,1.1238622665405273,0.37600207328796387,-0.482134610414505,-0.39247703552246094,0.003114938735961914,2.9975459575653076
0,3944,0.40562939643859863,-0.32057425379753113,1.123964548110962,0.3750876188278198,-0.4823397696018219,-0.39056652784347534,0.0032464265823364258,2.9968276023864746
0,3945,0.4060036540031433,-0.3206201195716858,1.1240689754486084,0.374173104763031,-0.48254337906837463,-0.3886556327342987,0.0033758878707885742,2.996239423751831
0,3946,0.406377375125885,-0.320667028427124,1.1241813898086548,0.37325912714004517,-0.48274827003479004,-0.3867453634738922,0.003496527671813965,2.9957821369171143
0,3947,0.4067498743534088,-0.32071608304977417,1.124307632446289,0.3723459839820862,-0.48295602202415466,-0.3848366141319275,0.0036019086837768555,2.9957821369171143
0,3948,0.40712061524391174,-0.320768266916275,1.124453067779541,0.37143397331237793,-0.4831685423851013,-0.38292965292930603,0.0036859512329101562,2.996304750442505
0,3949,0.40748918056488037,-0.32082411646842957,1.1246211528778076,0.37052375078201294,-0.48338642716407776,-0.3810252249240875,0.003744840621948242,2.9972846508026123
0,3950,0.4078555107116699,-0.3208836615085602,1.1248118877410889,0.3696148693561554,-0.48361003398895264,-0.3791232705116272,0.0037784576416015625,2.998786449432373
0,3951,0.40821996331214905,-0.32094621658325195,1.1250219345092773,0.3687073290348053,-0.4838382601737976,-0.3772231340408325,0.003790616989135742,3.000744104385376
0,3952,0.40858322381973267,-0.3210108280181885,1.1252456903457642,0.36780065298080444,-0.48406869173049927,-0.3753241002559662,0.0037877559661865234,3.0029613971710205
0,3953,0.40894585847854614,-0.3210763931274414,1.125476360321045,0.3668946325778961,-0.4842998683452606,-0.37342533469200134,0.003777027130126953,3.00530743598938
0,3954,0.4093084931373596,-0.3211420774459839,1.1257076263427734,0.36598891019821167,-0.4845290184020996,-0.37152543663978577,0.003765702247619629,3.0076513290405273
0,3955,0.4096715450286865,-0.3212071359157562,1.1259329319000244,0.36508384346961975,-0.48475372791290283,-0.36962273716926575,0.0037605762481689453,3.0099287033081055
0,3956,0.4100353717803955,-0.32127121090888977,1.126145601272583,0.36418014764785767,-0.4849697947502136,-0.3677155673503876,0.0037688016891479492,3.0118792057037354
0,3957,0.4104002118110657,-0.3213338851928711,1.1263387203216553,0.3632791042327881,-0.4851740002632141,-0.36580178141593933,0.0037975311279296875,3.0132436752319336
0,3958,0.41076627373695374,-0.3213949501514435,1.1265063285827637,0.36238157749176025,-0.48536232113838196,-0.36387959122657776,0.00385284423828125,3.0140230655670166
0,3959,0.41113370656967163,-0.32145434617996216,1.1266459226608276,0.36148813366889954,-0.48553338646888733,-0.3619481027126312,0.003937482833862305,3.0140230655670166
0,3960,0.4115023612976074,-0.3215121328830719,1.1267589330673218,0.36059874296188354,-0.4856879413127899,-0.36000779271125793,0.004049777984619141,3.013373613357544
0,3961,0.41187211871147156,-0.3215686082839966,1.1268504858016968,0.3597128987312317,-0.48582887649536133,-0.35806041955947876,0.004184603691101074,3.0120739936828613
0,3962,0.4122426211833954,-0.32162415981292725,1.1269280910491943,0.35882991552352905,-0.4859604835510254,-0.3561079502105713,0.004333853721618652,3.010448932647705
0,3963,0.4126136004924774,-0.3216792643070221,1.1269991397857666,0.35795003175735474,-0.48608648777008057,-0.35415172576904297,0.004490017890930176,3.0085623264312744
0,3964,0.41298478841781616,-0.3217344284057617,1.1270703077316284,0.35707542300224304,-0.48621031641960144,-0.35219189524650574,0.0046460628509521484,3.006218910217285
0,3965,0.4133557379245758,-0.32179027795791626,1.1271473169326782,0.35621029138565063,-0.4863327443599701,-0.3502269983291626,0.004795670509338379,3.0034828186035156
0,3966,0.4137260317802429,-0.32184767723083496,1.1272358894348145,0.35536083579063416,-0.48645564913749695,-0.34825417399406433,0.004932761192321777,2.999765634536743
0,3967,0.4140951335430145,-0.3219073712825775,1.1273410320281982,0.35453367233276367,-0.48657965660095215,-0.34627023339271545,0.005051732063293457,2.994736433029175
0,3968,0.41446274518966675,-0.3219700753688812,1.127466082572937,0.3537338674068451,-0.48670464754104614,-0.3442729711532593,0.005148887634277344,2.988192558288574
0,3969,0.4148288071155548,-0.3220358192920685,1.1276116371154785,0.352962851524353,-0.4868308901786804,-0.34226158261299133,0.005223393440246582,2.979926586151123
0,3970,0.41519343852996826,-0.32210418581962585,1.1277755498886108,0.35221731662750244,-0.48695820569992065,-0.3402373790740967,0.005277752876281738,2.9701223373413086
0,3971,0.4155571460723877,-0.32217440009117126,1.1279529333114624,0.3514916002750397,-0.4870859682559967,-0.3382030725479126,0.0053174495697021484,2.9589626789093018
0,3972,0.415920227766037,-0.3222457766532898,1.1281379461288452,0.35078027844429016,-0.48721352219581604,-0.3361617624759674,0.0053484439849853516,2.9470303058624268
0,3973,0.4162832200527191,-0.32231757044792175,1.1283249855041504,0.35008111596107483,-0.48733991384506226,-0.3341139853000641,0.00537717342376709,2.9344491958618164
0,3974,0.41664639115333557,-0.3223896026611328,1.1285088062286377,0.3493976891040802,-0.4874638617038727,-0.33205723762512207,0.0054090023040771484,2.920607805252075
0,3975,0.4170098900794983,-0.3224620819091797,1.1286836862564087,0.3487400710582733,-0.48758405447006226,-0.32998567819595337,0.005449652671813965,2.904881477355957
0,3976,0.4173738360404968,-0.32253551483154297,1.128844141960144,0.34812331199645996,-0.4876984655857086,-0.32789134979248047,0.005504608154296875,2.886425733566284
0,3977,0.4177381992340088,-0.3226102888584137,1.1289852857589722,0.3475620746612549,-0.4878057837486267,-0.32576608657836914,0.005578517913818359,2.8638217449188232
0,3978,0.41810300946235657,-0.3226868510246277,1.1291043758392334,0.3470650315284729,-0.48790502548217773,-0.3236050307750702,0.005674004554748535,2.836831569671631
0,3979,0.4184682071208954,-0.32276517152786255,1.1292016506195068,0.3466321527957916,-0.4879968762397766,-0.3214094340801239,0.0057909488677978516,2.805469036102295
0,3980,0.4188337028026581,-0.3228449523448944,1.1292810440063477,0.34625306725502014,-0.4880824685096741,-0.31918472051620483,0.005925416946411133,2.770150661468506
0,3981,0.41919946670532227,-0.32292553782463074,1.1293491125106812,0.34591376781463623,-0.48816442489624023,-0.31693917512893677,0.006070852279663086,2.7320847511291504
0,3982,0.4195653796195984,-0.32300665974617004,1.1294130086898804,0.345603346824646,-0.4882453382015228,-0.31467917561531067,0.006220221519470215,2.6921727657318115
0,3983,0.4199313819408417,-0.3230881989002228,1.129481554031372,0.3453204929828644,-0.4883285462856293,-0.3124059736728668,0.006364703178405762,2.650331497192383
0,3984,0.4202973246574402,-0.32317042350769043,1.1295652389526367,0.34507787227630615,-0.48841753602027893,-0.31011438369750977,0.0064934492111206055,2.605792284011841
0,3985,0.42066290974617004,-0.32325395941734314,1.1296766996383667,0.344899982213974,-0.4885173738002777,-0.3077929615974426,0.0065937042236328125,2.556806802749634
0,3986,0.4210277497768402,-0.32333964109420776,1.1298296451568604,0.34481707215309143,-0.488633394241333,-0.30542799830436707,0.006651163101196289,2.5015501976013184
0,3987,0.42139163613319397,-0.3234280049800873,1.1300346851348877,0.34485456347465515,-0.48877009749412537,-0.3030078411102295,0.006654977798461914,2.438231945037842
0,3988,0.4217543303966522,-0.323519229888916,1.1302958726882935,0.34502288699150085,-0.4889301359653473,-0.3005285859107971,0.006600737571716309,2.365957260131836
0,3989,0.42211565375328064,-0.32361307740211487,1.1306086778640747,0.3453126847743988,-0.48911312222480774,-0.2979962229728699,0.006493091583251953,2.285675525665283
0,3990,0.42247575521469116,-0.3237084746360779,1.1309618949890137,0.34569841623306274,-0.48931536078453064,-0.29542338848114014,0.006343483924865723,2.1990914344787598
0,3991,0.4228346347808838,-0.32380416989326477,1.1313421726226807,0.3461497128009796,-0.4895327091217041,-0.2928270101547241,0.006165742874145508,2.1078433990478516
0,3992,0.4231918752193451,-0.32389846444129944,1.1317375898361206,0.34664231538772583,-0.48976102471351624,-0.2902238667011261,0.005972027778625488,2.0143113136291504
0,3993,0.4235464036464691,-0.32398900389671326,1.1321417093276978,0.34716588258743286,-0.4899967908859253,-0.28762927651405334,0.0057686567306518555,1.918670654296875
0,3994,0.42389607429504395,-0.32407256960868835,1.1325526237487793,0.3477265238761902,-0.49023860692977905,-0.2850587069988251,0.005557060241699219,1.8211268186569214
0,3995,0.4242379665374756,-0.32414504885673523,1.1329727172851562,0.34834226965904236,-0.49048593640327454,-0.2825279235839844,0.005334377288818359,1.7207870483398438
0,3996,0.42456910014152527,-0.3242025673389435,1.1334056854248047,0.3490344285964966,-0.49073928594589233,-0.2800511419773102,0.005095839500427246,1.6164051294326782
0,3997,0.424887478351593,-0.3242424428462982,1.1338545083999634,0.3498184382915497,-0.4909988343715668,-0.2776378393173218,0.004838228225708008,1.5067514181137085
0,3998,0.42519283294677734,-0.3242644965648651,1.1343199014663696,0.35069629549980164,-0.49126553535461426,-0.2752888798713684,0.004560708999633789,1.3924075365066528
0,3999,0.42548680305480957,-0.324271023273468,1.1347999572753906,0.3516558110713959,-0.4915396571159363,-0.27299612760543823,0.004265427589416504,1.2736464738845825
0,4000,0.42577236890792847,-0.32426610589027405,1.1352907419204712,0.3526752293109894,-0.4918209910392761,-0.27074575424194336,0.003957152366638184,1.1514806747436523
0,4001,0.42605262994766235,-0.32425403594970703,1.1357882022857666,0.3537309765815735,-0.49211040139198303,-0.2685230076313019,0.00364077091217041,1.0279343128204346
0,4002,0.42633020877838135,-0.32423827052116394,1.136289119720459,0.3548033833503723,-0.49240729212760925,-0.26631656289100647,0.0033200979232788086,0.9035232067108154
0,4003,0.42660653591156006,-0.3242209255695343,1.1367906332015991,0.35587993264198303,-0.49271050095558167,-0.2641228139400482,0.00299835205078125,0.7783348560333252
0,4004,0.4268820583820343,-0.3242032527923584,1.1372897624969482,0.3569501042366028,-0.4930151402950287,-0.2619507610797882,0.002678394317626953,0.6549155116081238
0,4005,0.4271562993526459,-0.3241863548755646,1.1377806663513184,0.3579995930194855,-0.49331021308898926,-0.25983136892318726,0.0023654699325561523,0.5337586402893066
0,4006,0.4274277091026306,-0.32417166233062744,1.1382520198822021,0.35900241136550903,-0.4935714304447174,-0.2578316032886505,0.0020695924758911133,0.4196477234363556
0,4007,0.4276936650276184,-0.32416173815727234,1.1386839151382446,0.35991430282592773,-0.49375662207603455,-0.25606539845466614,0.00180816650390625,0.31651782989501953
0,4008,0.42795053124427795,-0.324160099029541,1.1390495300292969,0.36067429184913635,-0.4938071370124817,-0.2546887993812561,0.0016047954559326172,0.23406796157360077
0,4009,0.428194522857666,-0.32417061924934387,1.139319658279419,0.36121752858161926,-0.49365943670272827,-0.2538682222366333,0.0014852285385131836,0.17913678288459778
0,4010,0.42842283844947815,-0.32419630885124207,1.139472484588623,0.3614950478076935,-0.49326595664024353,-0.25372758507728577,0.001468658447265625,0.16071254014968872
0,4011,0.42863473296165466,-0.3242380619049072,1.1395021677017212,0.3614935576915741,-0.49261409044265747,-0.25430023670196533,0.001560211181640625,0.17693869769573212
0,4012,0.42883193492889404,-0.3242942690849304,1.1394219398498535,0.3612422049045563,-0.491733193397522,-0.25551271438598633,0.0017483234405517578,0.22728192806243896
0,4013,0.4290180504322052,-0.3243614137172699,1.139258861541748,0.36080095171928406,-0.4906824827194214,-0.257211834192276,0.0020090341567993164,0.30261197686195374
0,4014,0.42919719219207764,-0.32443568110466003,1.1390442848205566,0.3602384626865387,-0.489530086517334,-0.25921937823295593,0.0023148059844970703,0.3936643600463867
0,4015,0.42937299609184265,-0.3245135247707367,1.1388046741485596,0.35961419343948364,-0.4883325695991516,-0.26138371229171753,0.002642393112182617,0.49257779121398926
0,4016,0.42954790592193604,-0.32459259033203125,1.1385570764541626,0.3589669167995453,-0.48712578415870667,-0.2636038362979889,0.00297701358795166,0.5941319465637207
0,4017,0.42972299456596375,-0.3246718645095825,1.1383105516433716,0.35831642150878906,-0.48592880368232727,-0.26582902669906616,0.003310561180114746,0.6966123580932617
0,4018,0.42989876866340637,-0.3247509002685547,1.1380680799484253,0.3576696813106537,-0.48474690318107605,-0.2680407762527466,0.003640413284301758,0.7981938719749451
0,4019,0.4300753176212311,-0.3248295187950134,1.137830138206482,0.3570282757282257,-0.4835805892944336,-0.2702375054359436,0.003966212272644043,0.8980925679206848
0,4020,0.4302526116371155,-0.32490774989128113,1.1375967264175415,0.35639211535453796,-0.4824276566505432,-0.2724232077598572,0.004288077354431152,0.9975997805595398
0,4021,0.4304308593273163,-0.3249852657318115,1.1373686790466309,0.35576415061950684,-0.481285035610199,-0.27460378408432007,0.004605293273925781,1.0962867736816406
0,4022,0.430610716342926,-0.3250614106655121,1.1371492147445679,0.35515138506889343,-0.48014727234840393,-0.2767850160598755,0.004915118217468262,1.1938657760620117
0,4023,0.4307931959629059,-0.32513490319252014,1.1369439363479614,0.35456788539886475,-0.4790075421333313,-0.27897462248802185,0.005213141441345215,1.289070963859558
0,4024,0.43097981810569763,-0.3252039849758148,1.1367613077163696,0.3540339767932892,-0.4778546690940857,-0.2811810076236725,0.0054923295974731445,1.381543517112732
0,4025,0.43117234110832214,-0.3252667188644409,1.1366106271743774,0.3535718321800232,-0.47667816281318665,-0.28341254591941833,0.005744814872741699,1.469802975654602
0,4026,0.4313720762729645,-0.32532158493995667,1.136499047279358,0.35319921374320984,-0.47546857595443726,-0.2856757342815399,0.005964994430541992,1.5530556440353394
0,4027,0.43157944083213806,-0.3253679573535919,1.136428952217102,0.35292181372642517,-0.4742220342159271,-0.28797268867492676,0.006150722503662109,1.6307487487792969
0,4028,0.43179380893707275,-0.32540658116340637,1.1363967657089233,0.35272982716560364,-0.4729420244693756,-0.29030004143714905,0.0063048601150512695,1.7032980918884277
0,4029,0.432013601064682,-0.3254392147064209,1.1363937854766846,0.3526027500629425,-0.47163665294647217,-0.29265129566192627,0.006434917449951172,1.771777629852295
0,4030,0.4322369694709778,-0.325467973947525,1.1364097595214844,0.3525157570838928,-0.4703162610530853,-0.29501834511756897,0.00654911994934082,1.8382402658462524
0,4031,0.43246230483055115,-0.32549476623535156,1.136435627937317,0.35244718194007874,-0.4689910113811493,-0.2973942160606384,0.006655216217041016,1.9032061100006104
0,4032,0.43268856406211853,-0.32552093267440796,1.1364655494689941,0.3523831069469452,-0.46766725182533264,-0.2997744381427765,0.0067577362060546875,1.9676191806793213
0,4033,0.4329155385494232,-0.32554712891578674,1.1364967823028564,0.3523178696632385,-0.46634793281555176,-0.3021569848060608,0.006859302520751953,2.0320138931274414
0,4034,0.43314364552497864,-0.3255734443664551,1.1365293264389038,0.35225412249565125,-0.4650326073169708,-0.3045426905155182,0.006960153579711914,2.096111536026001
0,4035,0.433374285697937,-0.3255998492240906,1.1365655660629272,0.35220324993133545,-0.463717520236969,-0.3069358468055725,0.007058620452880859,2.159576654434204
0,4036,0.4336099624633789,-0.325626015663147,1.1366097927093506,0.352185994386673,-0.4623948037624359,-0.30934324860572815,0.007152199745178223,2.2208774089813232
0,4037,0.43385422229766846,-0.3256514072418213,1.13666832447052,0.35223111510276794,-0.46105390787124634,-0.3117741644382477,0.007236838340759277,2.278728723526001
0,4038,0.4341108202934265,-0.3256755769252777,1.1367478370666504,0.3523695766925812,-0.45968353748321533,-0.3142387568950653,0.0073081254959106445,2.33162522315979
0,4039,0.4343825578689575,-0.3256981670856476,1.1368532180786133,0.3526250720024109,-0.4582734704017639,-0.31674447655677795,0.007363319396972656,2.378333806991577
0,4040,0.43467044830322266,-0.32571887969970703,1.1369858980178833,0.3530057370662689,-0.4568195343017578,-0.31929323077201843,0.0074013471603393555,2.4180800914764404
0,4041,0.43497294187545776,-0.32573771476745605,1.1371434926986694,0.35349875688552856,-0.45532462000846863,-0.3218802511692047,0.007423758506774902,2.451601266860962
0,4042,0.43528658151626587,-0.3257550299167633,1.1373201608657837,0.35407644510269165,-0.4537976086139679,-0.3244958221912384,0.00743412971496582,2.480492115020752
0,4043,0.435607373714447,-0.325771301984787,1.1375091075897217,0.35470646619796753,-0.4522499144077301,-0.3271290957927704,0.007436633110046387,2.5060842037200928
0,4044,0.435931533575058,-0.32578736543655396,1.1377047300338745,0.3553618788719177,-0.4506905972957611,-0.3297705352306366,0.007434248924255371,2.5301804542541504
0,4045,0.4362560510635376,-0.32580438256263733,1.1379036903381348,0.3560284376144409,-0.4491250813007355,-0.33241501450538635,0.007428169250488281,2.5532829761505127
0,4046,0.4365784525871277,-0.3258240222930908,1.1381052732467651,0.3567052185535431,-0.44755321741104126,-0.3350609540939331,0.007417201995849609,2.575570583343506
0,4047,0.43689629435539246,-0.32584887742996216,1.138310432434082,0.3574019968509674,-0.4459705352783203,-0.33771011233329773,0.007398009300231934,2.597214937210083
0,4048,0.4372071325778961,-0.32588183879852295,1.138521432876587,0.3581344187259674,-0.44436946511268616,-0.340365469455719,0.007366180419921875,2.617185115814209
0,4049,0.4375089704990387,-0.325925350189209,1.1387401819229126,0.3589174449443817,-0.44274333119392395,-0.3430299162864685,0.007317781448364258,2.6352221965789795
0,4050,0.4378008246421814,-0.32598063349723816,1.1389678716659546,0.3597584068775177,-0.44108790159225464,-0.3457047939300537,0.0072509050369262695,2.6509222984313965
0,4051,0.4380831718444824,-0.32604700326919556,1.1392040252685547,0.3606546223163605,-0.43940332531929016,-0.3483891487121582,0.007166266441345215,2.6643271446228027
0,4052,0.438357949256897,-0.32612213492393494,1.1394468545913696,0.36159390211105347,-0.43769440054893494,-0.3510800004005432,0.007067561149597168,2.6759097576141357
0,4053,0.4386279284954071,-0.32620275020599365,1.1396938562393188,0.36255988478660583,-0.4359686076641083,-0.3537735939025879,0.006960153579711914,2.686131238937378
0,4054,0.438896119594574,-0.3262855112552643,1.1399427652359009,0.3635385036468506,-0.43423235416412354,-0.35646581649780273,0.006848812103271484,2.6955878734588623
0,4055,0.43916580080986023,-0.32636716961860657,1.1401910781860352,0.3645224869251251,-0.4324913024902344,-0.3591531217098236,0.006739020347595215,2.70399808883667
0,4056,0.4394403398036957,-0.32644468545913696,1.1404362916946411,0.3655118942260742,-0.4307478666305542,-0.36183157563209534,0.006636261940002441,2.7109389305114746
0,4057,0.4397236108779907,-0.32651516795158386,1.1406761407852173,0.36651328206062317,-0.4290030002593994,-0.3644973635673523,0.006545901298522949,2.715916395187378
0,4058,0.4400192201137543,-0.32657575607299805,1.1409084796905518,0.36753588914871216,-0.4272565245628357,-0.36714720726013184,0.006473064422607422,2.7177176475524902
0,4059,0.44032979011535645,-0.3266243636608124,1.1411317586898804,0.36858701705932617,-0.42550766468048096,-0.3697781264781952,0.006421327590942383,2.715700149536133
0,4060,0.4406558573246002,-0.3266606330871582,1.141345500946045,0.36966875195503235,-0.42375579476356506,-0.3723898231983185,0.006391644477844238,2.7097108364105225
0,4061,0.4409957528114319,-0.32668593525886536,1.141550898551941,0.3707771599292755,-0.4220009744167328,-0.37498369812965393,0.006381392478942871,2.7002313137054443
0,4062,0.4413459599018097,-0.32670292258262634,1.1417498588562012,0.37190309166908264,-0.420242577791214,-0.37756282091140747,0.00638580322265625,2.6878795623779297
0,4063,0.44170209765434265,-0.32671505212783813,1.1419446468353271,0.3730367422103882,-0.41848039627075195,-0.38013148307800293,0.006398797035217285,2.673933982849121
0,4064,0.44206005334854126,-0.32672566175460815,1.1421377658843994,0.3741692900657654,-0.41671323776245117,-0.3826933205127716,0.006414651870727539,2.6593265533447266
0,4065,0.4424157440662384,-0.32673853635787964,1.1423308849334717,0.3752952516078949,-0.41494032740592957,-0.38525164127349854,0.006428122520446777,2.6448605060577393
0,4066,0.4427649676799774,-0.3267578184604645,1.1425254344940186,0.37641116976737976,-0.4131579101085663,-0.38780948519706726,0.006434082984924316,2.6309847831726074
0,4067,0.44310325384140015,-0.32678791880607605,1.1427226066589355,0.37751561403274536,-0.41136276721954346,-0.3903697431087494,0.006427407264709473,2.618605852127075
0,4068,0.44342678785324097,-0.3268328607082367,1.142923355102539,0.37860843539237976,-0.40955057740211487,-0.39293503761291504,0.006403803825378418,2.6081948280334473
0,4069,0.44373345375061035,-0.3268949091434479,1.1431282758712769,0.37968945503234863,-0.40771961212158203,-0.3955063223838806,0.0063610076904296875,2.599851369857788
0,4070,0.44402357935905457,-0.32697367668151855,1.1433370113372803,0.38075894117355347,-0.4058696925640106,-0.3980835974216461,0.006299376487731934,2.5934441089630127
0,4071,0.4443000555038452,-0.32706618309020996,1.1435489654541016,0.3818170130252838,-0.40400370955467224,-0.4006649851799011,0.006222367286682129,2.588987112045288
0,4072,0.44456732273101807,-0.3271678388118744,1.1437630653381348,0.3828648030757904,-0.4021262228488922,-0.4032478332519531,0.006134986877441406,2.585582733154297
0,4073,0.44483017921447754,-0.3272736370563507,1.1439775228500366,0.38390329480171204,-0.40024062991142273,-0.40582939982414246,0.006043076515197754,2.5827043056488037
0,4074,0.4450931251049042,-0.3273792266845703,1.144191026687622,0.3849339187145233,-0.39834991097450256,-0.4084080159664154,0.005952119827270508,2.5798985958099365
0,4075,0.445360392332077,-0.3274805247783661,1.1444015502929688,0.3859582841396332,-0.396456241607666,-0.4109821915626526,0.005867481231689453,2.5763304233551025
0,4076,0.44563618302345276,-0.3275737166404724,1.1446068286895752,0.3869788348674774,-0.3945591449737549,-0.4135516285896301,0.00579524040222168,2.571615695953369
0,4077,0.4459245800971985,-0.3276551365852356,1.1448044776916504,0.387998104095459,-0.39265841245651245,-0.41611629724502563,0.005741119384765625,2.5651378631591797
0,4078,0.4462287127971649,-0.3277219831943512,1.1449923515319824,0.389018177986145,-0.3907540440559387,-0.41867610812187195,0.005709648132324219,2.5565006732940674
0,4079,0.44654977321624756,-0.3277732729911804,1.1451696157455444,0.3900403082370758,-0.38884472846984863,-0.42123153805732727,0.005702853202819824,2.5452210903167725
0,4080,0.4468863010406494,-0.32781028747558594,1.1453372240066528,0.3910633623600006,-0.3869308531284332,-0.4237823784351349,0.005718350410461426,2.5318045616149902
0,4081,0.4472348988056183,-0.3278360664844513,1.145497441291809,0.39208483695983887,-0.385013222694397,-0.4263286888599396,0.005751132965087891,2.516606092453003
0,4082,0.44759097695350647,-0.3278546929359436,1.1456530094146729,0.3931015133857727,-0.3830913305282593,-0.42887064814567566,0.005794405937194824,2.500298023223877
0,4083,0.44794997572898865,-0.3278703987598419,1.1458067893981934,0.3941105604171753,-0.3811652660369873,-0.43140909075737,0.005841493606567383,2.4834887981414795
0,4084,0.448307603597641,-0.3278869688510895,1.1459617614746094,0.39510923624038696,-0.37923339009284973,-0.43394505977630615,0.005885958671569824,2.4668824672698975
0,4085,0.448659747838974,-0.32790830731391907,1.1461209058761597,0.3960953950881958,-0.3772927522659302,-0.4364808201789856,0.0059212446212768555,2.4510421752929688
0,4086,0.44900208711624146,-0.32793837785720825,1.1462876796722412,0.39706629514694214,-0.375340074300766,-0.4390190541744232,0.0059403181076049805,2.4365456104278564
0,4087,0.44933080673217773,-0.32798072695732117,1.1464648246765137,0.3980197608470917,-0.3733707666397095,-0.4415622353553772,0.005937457084655762,2.424143075942993
0,4088,0.44964340329170227,-0.32803764939308167,1.146654486656189,0.39895427227020264,-0.37138304114341736,-0.4441123902797699,0.0059081315994262695,2.4141104221343994
0,4089,0.4499398171901703,-0.3281092643737793,1.146856665611267,0.3998698592185974,-0.36937621235847473,-0.4466695785522461,0.0058525800704956055,2.4063146114349365
0,4090,0.45022228360176086,-0.328193336725235,1.1470694541931152,0.4007679224014282,-0.36735281348228455,-0.4492323696613312,0.0057746171951293945,2.4005324840545654
0,4091,0.45049482583999634,-0.3282861113548279,1.1472896337509155,0.401650607585907,-0.36531680822372437,-0.45179808139801025,0.00568079948425293,2.3963704109191895
0,4092,0.4507620334625244,-0.3283834159374237,1.147513747215271,0.4025205671787262,-0.3632725775241852,-0.4543639123439789,0.005578398704528809,2.392937660217285
0,4093,0.4510281980037689,-0.32848137617111206,1.1477383375167847,0.40337955951690674,-0.3612230122089386,-0.45692792534828186,0.005474567413330078,2.3896636962890625
0,4094,0.451297402381897,-0.32857659459114075,1.147959589958191,0.40422987937927246,-0.35916996002197266,-0.45948928594589233,0.005376219749450684,2.3859751224517822
0,4095,0.4515737295150757,-0.3286657929420471,1.1481742858886719,0.40507301688194275,-0.35711413621902466,-0.46204814314842224,0.005289912223815918,2.3815412521362305
0,4096,0.451861172914505,-0.32874587178230286,1.1483783721923828,0.4059106707572937,-0.35505419969558716,-0.46460551023483276,0.005222678184509277,2.3756988048553467
0,4097,0.45216307044029236,-0.3288142681121826,1.148568868637085,0.406744122505188,-0.3529898524284363,-0.46716204285621643,0.005180239677429199,2.368272542953491
0,4098,0.4524810016155243,-0.32886984944343567,1.1487443447113037,0.40757372975349426,-0.35092055797576904,-0.46971845626831055,0.00516510009765625,2.358666181564331
0,4099,0.45281416177749634,-0.32891330122947693,1.1489055156707764,0.4083993434906006,-0.3488464653491974,-0.4722747206687927,0.00517582893371582,2.3474371433258057
0,4100,0.45315951108932495,-0.32894691824913025,1.1490552425384521,0.40921932458877563,-0.3467683494091034,-0.47482988238334656,0.005207061767578125,2.3346452713012695
0,4101,0.4535128176212311,-0.3289739489555359,1.1491975784301758,0.4100320041179657,-0.34468594193458557,-0.47738322615623474,0.005251646041870117,2.3206870555877686
0,4102,0.45386970043182373,-0.3289978802204132,1.1493366956710815,0.41083601117134094,-0.34260013699531555,-0.4799342155456543,0.005301833152770996,2.306474447250366
0,4103,0.454226016998291,-0.3290218114852905,1.1494768857955933,0.411629855632782,-0.34050890803337097,-0.48248258233070374,0.0053501129150390625,2.2921741008758545
0,4104,0.45457780361175537,-0.32904884219169617,1.1496227979660034,0.4124118387699127,-0.3384101092815399,-0.4850286841392517,0.005388736724853516,2.2783851623535156
0,4105,0.4549211263656616,-0.3290821313858032,1.149778962135315,0.4131810665130615,-0.3363000750541687,-0.4875740706920624,0.005410194396972656,2.265549421310425
0,4106,0.4552522301673889,-0.3291245102882385,1.1499500274658203,0.4139362573623657,-0.3341740071773529,-0.4901197850704193,0.005406975746154785,2.25394344329834
0,4107,0.45556849241256714,-0.329178124666214,1.1501392126083374,0.41467657685279846,-0.3320287764072418,-0.4926670789718628,0.005373835563659668,2.244284152984619
0,4108,0.4558693468570709,-0.3292434513568878,1.1503472328186035,0.4154018759727478,-0.32986384630203247,-0.49521639943122864,0.005309581756591797,2.2362465858459473
0,4109,0.456156462430954,-0.32931897044181824,1.1505720615386963,0.41611233353614807,-0.32768067717552185,-0.49776673316955566,0.005217909812927246,2.22967267036438
0,4110,0.4564332365989685,-0.32940199971199036,1.1508092880249023,0.41680920124053955,-0.32548391819000244,-0.5003172755241394,0.00510561466217041,2.2245755195617676
0,4111,0.45670387148857117,-0.32948923110961914,1.151053547859192,0.41749364137649536,-0.32327789068222046,-0.5028666853904724,0.004981398582458496,2.2200841903686523
0,4112,0.45697253942489624,-0.3295775353908539,1.1512997150421143,0.4181666672229767,-0.32106712460517883,-0.5054140686988831,0.004853606224060059,2.215848684310913
0,4113,0.45724308490753174,-0.3296642303466797,1.1515424251556396,0.4188292920589447,-0.3188524544239044,-0.5079597234725952,0.004730343818664551,2.211427688598633
0,4114,0.45751944184303284,-0.3297468423843384,1.1517764329910278,0.4194823205471039,-0.31663572788238525,-0.5105050802230835,0.004619956016540527,2.206554651260376
0,4115,0.45780545473098755,-0.32982292771339417,1.1519958972930908,0.4201260507106781,-0.3144157826900482,-0.5130516290664673,0.004530668258666992,2.200692892074585
0,4116,0.45810458064079285,-0.32989057898521423,1.152195930480957,0.4207608103752136,-0.3121919333934784,-0.515601634979248,0.0044699907302856445,2.19356632232666
0,4117,0.4584187865257263,-0.3299487829208374,1.1523736715316772,0.4213867783546448,-0.3099643588066101,-0.5181562304496765,0.004442095756530762,2.184894561767578
0,4118,0.4587477147579193,-0.3299976885318756,1.1525295972824097,0.42200377583503723,-0.30773213505744934,-0.5207152962684631,0.004445910453796387,2.174928665161133
0,4119,0.45908892154693604,-0.3300389051437378,1.1526672840118408,0.42261144518852234,-0.30549630522727966,-0.5232775807380676,0.004476428031921387,2.1639223098754883
0,4120,0.45943841338157654,-0.3300747275352478,1.1527928113937378,0.42320919036865234,-0.3032575249671936,-0.5258411169052124,0.0045244693756103516,2.1519503593444824
0,4121,0.45979201793670654,-0.33010756969451904,1.1529123783111572,0.42379674315452576,-0.3010157346725464,-0.5284035801887512,0.004580974578857422,2.1394541263580322
0,4122,0.4601459205150604,-0.33013981580734253,1.1530321836471558,0.4243740141391754,-0.2987699508666992,-0.5309637188911438,0.004637002944946289,2.126884698867798
0,4123,0.4604964256286621,-0.3301737308502197,1.1531580686569214,0.4249407649040222,-0.2965173125267029,-0.5335204005241394,0.004684090614318848,2.1146106719970703
0,4124,0.4608399271965027,-0.3302116096019745,1.1532964706420898,0.42549675703048706,-0.29425349831581116,-0.536072850227356,0.00471341609954834,2.102823495864868
0,4125,0.46117302775382996,-0.3302555978298187,1.1534534692764282,0.42604243755340576,-0.2919740676879883,-0.5386209487915039,0.004716396331787109,2.0917186737060547
0,4126,0.46149301528930664,-0.33030733466148376,1.1536340713500977,0.4265773296356201,-0.28967520594596863,-0.5411640405654907,0.004686117172241211,2.0816829204559326
0,4127,0.46179890632629395,-0.33036738634109497,1.1538400650024414,0.4271014630794525,-0.2873547375202179,-0.5437023043632507,0.00462031364440918,2.0725433826446533
0,4128,0.4620918333530426,-0.3304348886013031,1.154068946838379,0.42761510610580444,-0.28501394391059875,-0.5462357997894287,0.0045223236083984375,2.0645956993103027
0,4129,0.46237462759017944,-0.3305079936981201,1.1543158292770386,0.42811787128448486,-0.28265780210494995,-0.5487650632858276,0.0043991804122924805,2.0571885108947754
0,4130,0.46265095472335815,-0.3305845260620117,1.154573678970337,0.4286094903945923,-0.28029146790504456,-0.5512906908988953,0.00426030158996582,2.0504226684570312
0,4131,0.4629247188568115,-0.3306620717048645,1.1548352241516113,0.42908981442451477,-0.27791887521743774,-0.5538138151168823,0.004115700721740723,2.043921947479248
0,4132,0.4631993770599365,-0.33073872327804565,1.1550936698913574,0.4295583963394165,-0.2755435109138489,-0.5563360452651978,0.0039746761322021484,2.037400245666504
0,4133,0.46347835659980774,-0.3308129906654358,1.1553421020507812,0.43001413345336914,-0.2731667459011078,-0.5588598251342773,0.0038461685180664062,2.0306649208068848
0,4134,0.4637652635574341,-0.3308835029602051,1.1555731296539307,0.4304563105106354,-0.27078932523727417,-0.5613881945610046,0.0037398338317871094,2.023423671722412
0,4135,0.4640631377696991,-0.33094900846481323,1.1557800769805908,0.4308840036392212,-0.26840975880622864,-0.5639244318008423,0.003664255142211914,2.0155739784240723
0,4136,0.46437394618988037,-0.33100903034210205,1.1559587717056274,0.43129613995552063,-0.26602810621261597,-0.5664709210395813,0.003624558448791504,2.007108688354492
0,4137,0.46469783782958984,-0.33106356859207153,1.1561089754104614,0.43169257044792175,-0.2636447250843048,-0.569027841091156,0.0036211013793945312,1.9978235960006714
0,4138,0.46503299474716187,-0.33111321926116943,1.1562342643737793,0.43207406997680664,-0.2612591087818146,-0.5715932250022888,0.0036492347717285156,1.9878064393997192
0,4139,0.4653762876987457,-0.3311593234539032,1.1563421487808228,0.4324415326118469,-0.25887182354927063,-0.5741641521453857,0.0036993026733398438,1.977441668510437
0,4140,0.4657241106033325,-0.33120328187942505,1.1564403772354126,0.4327961802482605,-0.2564835250377655,-0.5767369270324707,0.0037614107131958008,1.9667237997055054
0,4141,0.4660729169845581,-0.3312462568283081,1.1565368175506592,0.4331393241882324,-0.25409257411956787,-0.5793083906173706,0.0038254261016845703,1.9560471773147583
0,4142,0.46641960740089417,-0.3312895894050598,1.1566390991210938,0.4334721863269806,-0.25169602036476135,-0.5818758010864258,0.0038819313049316406,1.9450101852416992
0,4143,0.46676090359687805,-0.33133453130722046,1.156754732131958,0.4337959587574005,-0.2492893785238266,-0.5844366550445557,0.0039212703704833984,1.9342141151428223
0,4144,0.4670937955379486,-0.33138224482536316,1.1568915843963623,0.4341120421886444,-0.2468664050102234,-0.5869886875152588,0.003934025764465332,1.9235605001449585
0,4145,0.4674156904220581,-0.3314337730407715,1.1570559740066528,0.4344213306903839,-0.24442215263843536,-0.5895298719406128,0.003912091255187988,1.9129499197006226
0,4146,0.4677252769470215,-0.3314894735813141,1.157251238822937,0.4347240626811981,-0.2419542521238327,-0.5920594334602356,0.0038515329360961914,1.902897596359253
0,4147,0.46802306175231934,-0.3315490484237671,1.1574755907058716,0.435019850730896,-0.23946329951286316,-0.5945775508880615,0.0037546157836914062,1.8932054042816162
0,4148,0.4683113694190979,-0.3316115736961365,1.157723307609558,0.43530768156051636,-0.23695431649684906,-0.5970860719680786,0.003628373146057129,1.8836710453033447
0,4149,0.46859338879585266,-0.3316757082939148,1.157986044883728,0.4355863928794861,-0.23443324863910675,-0.5995877981185913,0.0034831762313842773,1.874297022819519
0,4150,0.46887245774269104,-0.3317403495311737,1.1582551002502441,0.43585404753685,-0.23190553486347198,-0.6020854711532593,0.003329634666442871,1.8652957677841187
0,4151,0.46915164589881897,-0.3318045437335968,1.1585220098495483,0.4361087381839752,-0.22937583923339844,-0.6045823097229004,0.003178119659423828,1.8561453819274902
0,4152,0.46943384408950806,-0.33186793327331543,1.1587786674499512,0.4363483786582947,-0.22684673964977264,-0.6070821285247803,0.003038167953491211,1.8470556735992432
0,4153,0.46972203254699707,-0.3319302201271057,1.1590166091918945,0.43657028675079346,-0.22431953251361847,-0.6095889806747437,0.0029196739196777344,1.8381340503692627
0,4154,0.4700188934803009,-0.3319914638996124,1.159227728843689,0.4367719888687134,-0.22179538011550903,-0.61210697889328,0.0028319358825683594,1.8292757272720337
0,4155,0.47032636404037476,-0.33205169439315796,1.1594065427780151,0.43695157766342163,-0.21927432715892792,-0.6146395802497864,0.002781510353088379,1.820481777191162
0,4156,0.4706449508666992,-0.3321109414100647,1.1595515012741089,0.43710848689079285,-0.2167561948299408,-0.6171873211860657,0.002770066261291504,1.8114292621612549
0,4157,0.4709734320640564,-0.3321693241596222,1.1596661806106567,0.4372439682483673,-0.21424086391925812,-0.6197487711906433,0.0027931928634643555,1.802656888961792
0,4158,0.4713093936443329,-0.3322269320487976,1.159758448600769,0.43736034631729126,-0.21172811090946198,-0.6223199963569641,0.0028420686721801758,1.7937326431274414
0,4159,0.4716498553752899,-0.3322838246822357,1.1598371267318726,0.43746066093444824,-0.20921646058559418,-0.6248965263366699,0.002906203269958496,1.784873366355896
0,4160,0.4719918966293335,-0.3323400020599365,1.1599115133285522,0.4375476539134979,-0.20670460164546967,-0.6274737119674683,0.002974867820739746,1.7756394147872925
0,4161,0.4723328948020935,-0.3323955237865448,1.1599903106689453,0.43762385845184326,-0.20418862998485565,-0.6300474405288696,0.0030384063720703125,1.7663570642471313
0,4162,0.472670316696167,-0.33245038986206055,1.1600819826126099,0.437691867351532,-0.20166327059268951,-0.6326139569282532,0.0030869245529174805,1.756803035736084
0,4163,0.4730015695095062,-0.33250465989112854,1.1601957082748413,0.4377537965774536,-0.19912131130695343,-0.6351694464683533,0.003110170364379883,1.746972680091858
0,4164,0.47332441806793213,-0.33255818486213684,1.1603394746780396,0.4378117322921753,-0.19655601680278778,-0.637710690498352,0.00309908390045166,1.7366359233856201
0,4165,0.47363758087158203,-0.33261093497276306,1.1605174541473389,0.43786656856536865,-0.19396300613880157,-0.6402351260185242,0.003049135208129883,1.7260106801986694
0,4166,0.4739411473274231,-0.3326628506183624,1.1607294082641602,0.4379183351993561,-0.19134336709976196,-0.6427434682846069,0.0029605627059936523,1.7148631811141968
0,4167,0.4742365777492523,-0.33271387219429016,1.1609693765640259,0.43796467781066895,-0.1887008398771286,-0.6452378034591675,0.0028400421142578125,1.7034128904342651
0,4168,0.4745262861251831,-0.3327639698982239,1.1612284183502197,0.4380038380622864,-0.18604344129562378,-0.6477223038673401,0.002697587013244629,1.6916539669036865
0,4169,0.47481292486190796,-0.3328133225440979,1.161496639251709,0.43803244829177856,-0.1833781898021698,-0.6502012014389038,0.002544403076171875,1.6801620721817017
0,4170,0.4750988483428955,-0.33286231756210327,1.1617646217346191,0.4380476772785187,-0.1807118058204651,-0.6526784896850586,0.0023908615112304688,1.668825626373291
0,4171,0.47538623213768005,-0.3329117000102997,1.1620234251022339,0.43804624676704407,-0.178048774600029,-0.6551585793495178,0.0022466182708740234,1.6576478481292725
0,4172,0.47567710280418396,-0.33296260237693787,1.1622637510299683,0.4380244314670563,-0.17539238929748535,-0.6576460003852844,0.002121448516845703,1.6471072435379028
0,4173,0.4759734869003296,-0.3330162763595581,1.1624767780303955,0.4379781186580658,-0.17274536192417145,-0.660144567489624,0.0020247697830200195,1.6373356580734253
0,4174,0.47627684473991394,-0.33307376503944397,1.1626553535461426,0.4379042685031891,-0.17010942101478577,-0.6626582145690918,0.001963973045349121,1.6282267570495605
0,4175,0.47658780217170715,-0.3331356942653656,1.1627966165542603,0.43780168890953064,-0.16748571395874023,-0.6651885509490967,0.0019420385360717773,1.6199123859405518
0,4176,0.47690585255622864,-0.33320164680480957,1.1629035472869873,0.437671422958374,-0.1648731231689453,-0.667733907699585,0.001955866813659668,1.612526297569275
0,4177,0.4772294759750366,-0.3332706689834595,1.1629836559295654,0.43751704692840576,-0.1622699350118637,-0.6702913641929626,0.0019975900650024414,1.6054719686508179
0,4178,0.4775567054748535,-0.3333413898944855,1.1630467176437378,0.43734291195869446,-0.15967361629009247,-0.6728561520576477,0.002056717872619629,1.5988762378692627
0,4179,0.47788557410240173,-0.33341237902641296,1.1631028652191162,0.4371533989906311,-0.15708027780056,-0.6754239201545715,0.0021228790283203125,1.592130184173584
0,4180,0.47821441292762756,-0.3334822654724121,1.1631611585617065,0.4369523227214813,-0.15448471903800964,-0.6779901385307312,0.0021866559982299805,1.585355520248413
0,4181,0.47854167222976685,-0.33354973793029785,1.1632306575775146,0.43674296140670776,-0.15188010036945343,-0.6805509328842163,0.0022385120391845703,1.5779317617416382
0,4182,0.47886598110198975,-0.33361345529556274,1.1633206605911255,0.43652841448783875,-0.1492583453655243,-0.6831021904945374,0.002269268035888672,1.5697250366210938
0,4183,0.47918611764907837,-0.33367210626602173,1.1634398698806763,0.43631091713905334,-0.1466115117073059,-0.6856399178504944,0.0022699832916259766,1.5607231855392456
0,4184,0.47950106859207153,-0.3337247669696808,1.163594126701355,0.4360925257205963,-0.1439335197210312,-0.6881619691848755,0.0022345781326293945,1.5504072904586792
0,4185,0.4798106849193573,-0.33377113938331604,1.1637842655181885,0.4358727037906647,-0.14122255146503448,-0.6906673908233643,0.002162456512451172,1.5387511253356934
0,4186,0.48011550307273865,-0.33381181955337524,1.164005994796753,0.4356503188610077,-0.1384824961423874,-0.6931583285331726,0.002057790756225586,1.5264934301376343
0,4187,0.4804166555404663,-0.3338480293750763,1.1642507314682007,0.43542227149009705,-0.13572250306606293,-0.6956384778022766,0.0019295215606689453,1.513619303703308
0,4188,0.48071539402008057,-0.33388131856918335,1.164508581161499,0.43518495559692383,-0.13295134902000427,-0.6981120705604553,0.001787424087524414,1.5002435445785522
0,4189,0.4810130000114441,-0.33391350507736206,1.1647697687149048,0.4349345564842224,-0.13017739355564117,-0.7005839347839355,0.001641392707824707,1.4870105981826782
0,4190,0.48131051659584045,-0.33394649624824524,1.1650245189666748,0.43466731905937195,-0.12740708887577057,-0.703058123588562,0.0015009641647338867,1.47445547580719
0,4191,0.48160892724990845,-0.3339828848838806,1.1652634143829346,0.43437817692756653,-0.12464554607868195,-0.7055396437644958,0.0013753175735473633,1.4625955820083618
0,4192,0.4819090962409973,-0.3340253531932831,1.165476679801941,0.43406185507774353,-0.12189682573080063,-0.7080332040786743,0.0012736320495605469,1.4519871473312378
0,4193,0.4822118282318115,-0.3340764045715332,1.1656557321548462,0.43371349573135376,-0.11916463822126389,-0.7105428576469421,0.0012041330337524414,1.4432002305984497
0,4194,0.48251762986183167,-0.3341374099254608,1.165796160697937,0.43333086371421814,-0.11645081639289856,-0.7130712270736694,0.0011709928512573242,1.4362682104110718
0,4195,0.4828263819217682,-0.334208220243454,1.1658990383148193,0.43291470408439636,-0.11375491321086884,-0.7156177163124084,0.001173257827758789,1.430944561958313
0,4196,0.4831376075744629,-0.3342868685722351,1.1659711599349976,0.4324689507484436,-0.11107449978590012,-0.7181796431541443,0.0012041330337524414,1.4268358945846558
0,4197,0.48345059156417847,-0.33437061309814453,1.166022539138794,0.4319991171360016,-0.10840561240911484,-0.7207520008087158,0.0012545585632324219,1.4238154888153076
0,4198,0.48376452922821045,-0.3344564437866211,1.1660637855529785,0.431510865688324,-0.10574349761009216,-0.7233296036720276,0.0013141632080078125,1.4209263324737549
0,4199,0.48407891392707825,-0.33454155921936035,1.166104793548584,0.4310094118118286,-0.10308250784873962,-0.7259082198143005,0.0013740062713623047,1.4178931713104248
0,4200,0.4843933880329132,-0.3346232771873474,1.1661546230316162,0.43049904704093933,-0.10041601955890656,-0.7284830808639526,0.0014253854751586914,1.4141619205474854
0,4201,0.48470789194107056,-0.33469903469085693,1.1662225723266602,0.42998334765434265,-0.0977356880903244,-0.7310500144958496,0.0014598369598388672,1.4095879793167114
0,4202,0.4850223660469055,-0.3347661793231964,1.166317343711853,0.42946574091911316,-0.09503240138292313,-0.7336041927337646,0.0014696121215820312,1.4033268690109253
0,4203,0.4853367507457733,-0.3348226547241211,1.1664459705352783,0.4289487600326538,-0.09229876101016998,-0.7361428737640381,0.0014480352401733398,1.3950752019882202
0,4204,0.48565101623535156,-0.3348675072193146,1.1666110754013062,0.428432822227478,-0.0895320475101471,-0.738663911819458,0.001392960548400879,1.3852213621139526
0,4205,0.48596498370170593,-0.3349015712738037,1.1668096780776978,0.4279162585735321,-0.08673425018787384,-0.7411692142486572,0.0013068914413452148,1.373445987701416
0,4206,0.48627859354019165,-0.33492690324783325,1.1670342683792114,0.42739632725715637,-0.08391363173723221,-0.7436625361442566,0.001196742057800293,1.3602745532989502
0,4207,0.48659175634384155,-0.3349464237689972,1.167274832725525,0.4268684983253479,-0.0810796245932579,-0.746148407459259,0.0010716915130615234,1.3463932275772095
0,4208,0.4869042634963989,-0.334963321685791,1.167521357536316,0.42632827162742615,-0.07824193686246872,-0.74863201379776,0.0009406805038452148,1.3328077793121338
0,4209,0.48721593618392944,-0.33498090505599976,1.1677641868591309,0.42577075958251953,-0.07540806382894516,-0.7511183619499207,0.0008121728897094727,1.3196758031845093
0,4210,0.48752644658088684,-0.33500275015830994,1.1679939031600952,0.4251902997493744,-0.07258397340774536,-0.7536121606826782,0.0006945133209228516,1.3076096773147583
0,4211,0.4878353774547577,-0.33503279089927673,1.1682004928588867,0.42458057403564453,-0.06977399438619614,-0.7561184763908386,0.0005964040756225586,1.2975441217422485
0,4212,0.48814234137535095,-0.33507490158081055,1.1683753728866577,0.42393553256988525,-0.0669827088713646,-0.7586421370506287,0.0005249977111816406,1.289981484413147
0,4213,0.4884471595287323,-0.33513155579566956,1.1685125827789307,0.42325106263160706,-0.06421221047639847,-0.7611860632896423,0.00048542022705078125,1.2852702140808105
0,4214,0.48874980211257935,-0.3352029323577881,1.168612003326416,0.4225270748138428,-0.061463408172130585,-0.7637504935264587,0.00047791004180908203,1.2832894325256348
0,4215,0.48905062675476074,-0.33528709411621094,1.168678641319275,0.4217672348022461,-0.05873384699225426,-0.7663335204124451,0.0004979372024536133,1.2842040061950684
0,4216,0.48935022950172424,-0.3353801965713501,1.1687216758728027,0.42097821831703186,-0.05601990222930908,-0.7689303755760193,0.0005379915237426758,1.2863355875015259
0,4217,0.4896491765975952,-0.33547788858413696,1.1687517166137695,0.42016687989234924,-0.053316473960876465,-0.7715355157852173,0.0005887746810913086,1.2898297309875488
0,4218,0.4899483621120453,-0.33557602763175964,1.168778419494629,0.41934022307395935,-0.05061844736337662,-0.7741439938545227,0.0006422996520996094,1.2930117845535278
0,4219,0.4902487099170685,-0.3356707692146301,1.168811321258545,0.41850343346595764,-0.047919102013111115,-0.7767508029937744,0.0006905794143676758,1.295884132385254
0,4220,0.49055126309394836,-0.3357582688331604,1.1688597202301025,0.4176616966724396,-0.045210935175418854,-0.7793511152267456,0.000725865364074707,1.297242522239685
0,4221,0.49085733294487,-0.33583471179008484,1.1689324378967285,0.41681957244873047,-0.04248514398932457,-0.781939685344696,0.0007407665252685547,1.2963371276855469
0,4222,0.49116796255111694,-0.33589687943458557,1.169037103652954,0.4159805476665497,-0.03973383456468582,-0.7845121026039124,0.0007292032241821289,1.2927091121673584
0,4223,0.4914837181568146,-0.3359430730342865,1.169177532196045,0.41514623165130615,-0.036954037845134735,-0.7870662808418274,0.0006879568099975586,1.2863355875015259
0,4224,0.4918041527271271,-0.33597397804260254,1.1693519353866577,0.41431519389152527,-0.03414725139737129,-0.7896029353141785,0.0006184577941894531,1.2774816751480103
0,4225,0.49212825298309326,-0.3359922468662262,1.1695533990859985,0.41348403692245483,-0.03131888061761856,-0.7921262979507446,0.00052642822265625,1.266095519065857
0,4226,0.49245449900627136,-0.33600184321403503,1.1697726249694824,0.4126473665237427,-0.028478866443037987,-0.7946411967277527,0.00041937828063964844,1.2535136938095093
0,4227,0.49278122186660767,-0.33600711822509766,1.1699994802474976,0.41179943084716797,-0.025635844096541405,-0.7971535921096802,0.00030553340911865234,1.2404890060424805
0,4228,0.4931069314479828,-0.3360123634338379,1.1702243089675903,0.410934716463089,-0.022798173129558563,-0.7996681332588196,0.00019276142120361328,1.228441596031189
0,4229,0.4934300482273102,-0.33602213859558105,1.1704380512237549,0.4100468158721924,-0.01997247524559498,-0.8021888732910156,8.809566497802734e-05,1.2172397375106812
0,4230,0.49374884366989136,-0.33604109287261963,1.1706314086914062,0.40912845730781555,-0.01716429740190506,-0.8047202229499817,1.0728836059570312e-06,1.2090131044387817
0,4231,0.4940616488456726,-0.33607396483421326,1.1707953214645386,0.4081731140613556,-0.014379370957612991,-0.8072657585144043,6.771087646484375e-05,1.2041476964950562
0,4232,0.494367390871048,-0.33612409234046936,1.1709238290786743,0.40717530250549316,-0.011620976962149143,-0.8098277449607849,0.00010728836059570312,1.2030096054077148
0,4233,0.4946657717227936,-0.3361925482749939,1.1710151433944702,0.40613412857055664,-0.008890388533473015,-0.8124074339866638,0.000118255615234375,1.2060961723327637
0,4234,0.49495765566825867,-0.33627739548683167,1.1710731983184814,0.4050530195236206,-0.006185660604387522,-0.8150036334991455,0.00010371208190917969,1.213052749633789
0,4235,0.49524471163749695,-0.33637428283691406,1.1711063385009766,0.4039386808872223,-0.003502495354041457,-0.8176124095916748,7.009506225585938e-05,1.2226934432983398
0,4236,0.4955288767814636,-0.3364781141281128,1.1711243391036987,0.402799129486084,-0.000834718463011086,-0.82023024559021,2.491474151611328e-05,1.2336870431900024
0,4237,0.4958122670650482,-0.3365838825702667,1.1711372137069702,0.40164217352867126,0.001823664759285748,-0.8228534460067749,2.4080276489257812e-05,1.245369553565979
0,4238,0.49609699845314026,-0.33668676018714905,1.1711539030075073,0.4004744291305542,0.004479244351387024,-0.8254772424697876,6.99758529663086e-05,1.2566319704055786
0,4239,0.4963853657245636,-0.3367822766304016,1.1711833477020264,0.3993018865585327,0.007139162160456181,-0.8280975818634033,0.00010609626770019531,1.2657864093780518
0,4240,0.4966798722743988,-0.3368659019470215,1.171234369277954,0.3981299102306366,0.009812855161726475,-0.830710232257843,0.00012564659118652344,1.2727241516113281
0,4241,0.4969826638698578,-0.3369336426258087,1.1713147163391113,0.39696353673934937,0.012506751343607903,-0.8333109617233276,0.00012290477752685547,1.2761023044586182
0,4242,0.4972950220108032,-0.3369830250740051,1.1714290380477905,0.3958049416542053,0.015225999057292938,-0.8358972072601318,9.441375732421875e-05,1.2750283479690552
0,4243,0.497616708278656,-0.33701422810554504,1.1715766191482544,0.3946536183357239,0.017969949170947075,-0.8384694457054138,4.0411949157714844e-05,1.270723819732666
0,4244,0.4979459047317505,-0.33703017234802246,1.1717517375946045,0.39350518584251404,0.020733246579766273,-0.8410305976867676,3.457069396972656e-05,1.26300048828125
0,4245,0.4982801079750061,-0.3370353579521179,1.1719456911087036,0.39235422015190125,0.023507673293352127,-0.8435849547386169,0.00012433528900146484,1.2532014846801758
0,4246,0.49861663579940796,-0.33703485131263733,1.1721489429473877,0.39119404554367065,0.02628369815647602,-0.8461372256278992,0.00022149085998535156,1.2425379753112793
0,4247,0.4989532232284546,-0.3370339572429657,1.172352910041809,0.3900183439254761,0.029054364189505577,-0.8486917614936829,0.00032007694244384766,1.2319411039352417
0,4248,0.4992879033088684,-0.3370383083820343,1.1725497245788574,0.3888203799724579,0.03181260824203491,-0.8512510657310486,0.0004143714904785156,1.2226934432983398
0,4249,0.49961891770362854,-0.3370540142059326,1.172731876373291,0.3875925540924072,0.03455265983939171,-0.8538182973861694,0.0004992485046386719,1.215631127357483
0,4250,0.4999447166919708,-0.3370875418186188,1.1728922128677368,0.38632720708847046,0.03726905584335327,-0.8563950061798096,0.0005701780319213867,1.2119230031967163
0,4251,0.5002642273902893,-0.3371439576148987,1.1730252504348755,0.3850187063217163,0.03995729982852936,-0.8589829802513123,0.0006233453750610352,1.2116000652313232
0,4252,0.5005770325660706,-0.33722543716430664,1.1731289625167847,0.3836647570133209,0.042615652084350586,-0.8615830540657043,0.0006575584411621094,1.215631127357483
0,4253,0.5008836984634399,-0.3373301327228546,1.1732051372528076,0.38226771354675293,0.04524526372551918,-0.8641945123672485,0.0006737709045410156,1.2230135202407837
0,4254,0.5011856555938721,-0.3374527096748352,1.173259973526001,0.3808346092700958,0.04785076901316643,-0.8668158054351807,0.0006761550903320312,1.2333698272705078
0,4255,0.5014845728874207,-0.33758634328842163,1.1733012199401855,0.3793738782405853,0.05043730139732361,-0.8694450259208679,0.0006698369979858398,1.2452123165130615
0,4256,0.5017822980880737,-0.337723970413208,1.1733365058898926,0.37789368629455566,0.05301123857498169,-0.8720799088478088,0.0006598234176635742,1.2580326795578003
0,4257,0.5020807385444641,-0.337859183549881,1.1733732223510742,0.3764019012451172,0.05557873100042343,-0.8747178316116333,0.0006508827209472656,1.270107626914978
0,4258,0.5023819804191589,-0.337986022233963,1.173418402671814,0.3749047517776489,0.05814610421657562,-0.8773561716079712,0.0006475448608398438,1.2808473110198975
0,4259,0.5026881694793701,-0.33809852600097656,1.1734787225723267,0.373408704996109,0.06072030961513519,-0.8799923658370972,0.0006541013717651367,1.289070963859558
0,4260,0.5030011534690857,-0.33819133043289185,1.1735605001449585,0.3719192147254944,0.06330807507038116,-0.8826232552528381,0.0006748437881469727,1.293919563293457
0,4261,0.5033224821090698,-0.3382610082626343,1.1736679077148438,0.37043964862823486,0.06591368466615677,-0.8852472305297852,0.000712275505065918,1.2945244312286377
0,4262,0.5036521553993225,-0.33830714225769043,1.173801302909851,0.36896950006484985,0.06853798031806946,-0.8878638744354248,0.0007668733596801758,1.2916489839553833
0,4263,0.5039888620376587,-0.3383327126502991,1.1739568710327148,0.3675057291984558,0.0711769238114357,-0.8904750347137451,0.0008360147476196289,1.2851179838180542
0,4264,0.5043303966522217,-0.3383429944515228,1.1741282939910889,0.36604198813438416,0.07382415235042572,-0.8930833339691162,0.0009157657623291016,1.2764089107513428
0,4265,0.5046741962432861,-0.3383440375328064,1.174308180809021,0.36457177996635437,0.076471708714962,-0.8956916928291321,0.0010012388229370117,1.266404628753662
0,4266,0.5050177574157715,-0.3383418023586273,1.17448890209198,0.36308833956718445,0.07911225408315659,-0.8983026146888733,0.0010873079299926758,1.2570991516113281
0,4267,0.5053582191467285,-0.33834174275398254,1.174662709236145,0.3615851402282715,0.08173883706331253,-0.9009181261062622,0.0011688470840454102,1.2486648559570312
0,4268,0.5056928992271423,-0.3383493721485138,1.1748216152191162,0.3600546419620514,0.08434498310089111,-0.9035390019416809,0.0012400150299072266,1.2425379753112793
0,4269,0.5060186386108398,-0.3383699655532837,1.174957275390625,0.35848966240882874,0.08692329376935959,-0.9061659574508667,0.0012952089309692383,1.2408044338226318
0,4270,0.5063329339027405,-0.33840814232826233,1.175062656402588,0.3568841516971588,0.08946849405765533,-0.9087998270988464,0.001329183578491211,1.2436399459838867
0,4271,0.5066344738006592,-0.3384662866592407,1.1751341819763184,0.35523518919944763,0.09197713434696198,-0.9114405512809753,0.0013394355773925781,1.2521079778671265
0,4272,0.506924033164978,-0.33854350447654724,1.175173282623291,0.3535444736480713,0.0944504514336586,-0.9140880107879639,0.001326918601989746,1.2656317949295044
0,4273,0.5072037577629089,-0.33863601088523865,1.1751861572265625,0.35181760787963867,0.09689287096261978,-0.9167416095733643,0.001295924186706543,1.2834419012069702
0,4274,0.5074769854545593,-0.338738352060318,1.1751816272735596,0.35006311535835266,0.09931161999702454,-0.9194015264511108,0.0012527704238891602,1.3038629293441772
0,4275,0.5077472925186157,-0.338844895362854,1.1751689910888672,0.348288893699646,0.10171360522508621,-0.9220663905143738,0.0012040138244628906,1.3255939483642578
0,4276,0.5080179572105408,-0.3389505445957184,1.1751567125320435,0.34650248289108276,0.10410548746585846,-0.9247353672981262,0.001155853271484375,1.3472650051116943
0,4277,0.5082922577857971,-0.3390505909919739,1.1751527786254883,0.34471043944358826,0.10649439692497253,-0.9274069666862488,0.0011137723922729492,1.3670192956924438
0,4278,0.5085734724998474,-0.3391406238079071,1.1751649379730225,0.3429186940193176,0.10888710618019104,-0.9300795197486877,0.0010836124420166016,1.3839493989944458
0,4279,0.5088649392127991,-0.3392166197299957,1.1752005815505981,0.3411332070827484,0.11128970235586166,-0.9327508807182312,0.0010704994201660156,1.3967574834823608
0,4280,0.509168803691864,-0.3392754793167114,1.175264835357666,0.33935797214508057,0.11370725929737091,-0.9354196786880493,0.0010783672332763672,1.4044419527053833
0,4281,0.50948566198349,-0.33931636810302734,1.1753590106964111,0.33759355545043945,0.11614078283309937,-0.9380857348442078,0.001107931137084961,1.4069478511810303
0,4282,0.5098140239715576,-0.3393409252166748,1.1754801273345947,0.335837185382843,0.11858749389648438,-0.9407492280006409,0.0011574029922485352,1.404720664024353
0,4283,0.5101508498191833,-0.3393527865409851,1.1756210327148438,0.3340834081172943,0.12104178220033646,-0.9434122443199158,0.0012214183807373047,1.3988574743270874
0,4284,0.5104925632476807,-0.33935654163360596,1.1757736206054688,0.332325279712677,0.12349636107683182,-0.9460769295692444,0.0012941360473632812,1.3915640115737915
0,4285,0.5108355283737183,-0.33935683965682983,1.1759295463562012,0.3305562436580658,0.12594401836395264,-0.9487448930740356,0.0013697147369384766,1.383242130279541
0,4286,0.5111764073371887,-0.33935827016830444,1.1760809421539307,0.32877010107040405,0.1283777356147766,-0.951416552066803,0.0014423131942749023,1.3760082721710205
0,4287,0.5115121603012085,-0.3393656611442566,1.1762197017669678,0.32696014642715454,0.13079068064689636,-0.9540918469429016,0.0015060901641845703,1.37087881565094
0,4288,0.5118395686149597,-0.3393840193748474,1.1763375997543335,0.32511961460113525,0.1331760734319687,-0.956769585609436,0.0015550851821899414,1.3691649436950684
0,4289,0.5121558904647827,-0.3394177258014679,1.1764273643493652,0.3232428729534149,0.13552817702293396,-0.9594488739967346,0.0015838146209716797,1.3723056316375732
0,4290,0.5124596953392029,-0.33946964144706726,1.1764847040176392,0.32132673263549805,0.13784286379814148,-0.9621289968490601,0.0015892982482910156,1.3802679777145386
0,4291,0.5127512216567993,-0.339539498090744,1.1765100955963135,0.3193718194961548,0.1401207447052002,-0.9648098349571228,0.0015717744827270508,1.3933910131454468
0,4292,0.5130324959754944,-0.3396243751049042,1.1765090227127075,0.31738266348838806,0.1423659473657608,-0.9674922823905945,0.001535177230834961,1.4109755754470825
0,4293,0.513306736946106,-0.33971941471099854,1.1764894723892212,0.3153667449951172,0.14458446204662323,-0.9701773524284363,0.0014854669570922852,1.4312180280685425
0,4294,0.5135775208473206,-0.3398195207118988,1.176460862159729,0.3133313059806824,0.14678354561328888,-0.9728660583496094,0.001429438591003418,1.452930212020874
0,4295,0.5138484835624695,-0.3399202823638916,1.1764317750930786,0.3112829923629761,0.14897038042545319,-0.9755590558052063,0.0013735294342041016,1.4745882749557495
0,4296,0.5141234397888184,-0.3400181829929352,1.1764106750488281,0.3092283010482788,0.15115143358707428,-0.9782560467720032,0.0013245344161987305,1.4943621158599854
0,4297,0.5144063830375671,-0.34011024236679077,1.1764061450958252,0.30717310309410095,0.15333274006843567,-0.9809567332267761,0.0012891292572021484,1.5109018087387085
0,4298,0.5147015452384949,-0.3401937782764435,1.1764270067214966,0.30512288212776184,0.15552130341529846,-0.9836601614952087,0.0012743473052978516,1.5226426124572754
0,4299,0.5150122046470642,-0.34026679396629333,1.176479697227478,0.3030818998813629,0.1577213555574417,-0.986365020275116,0.0012856721878051758,1.5282870531082153
0,4300,0.515339732170105,-0.3403283953666687,1.1765669584274292,0.3010515570640564,0.15993574261665344,-0.989071249961853,0.0013252496719360352,1.527390480041504
0,4301,0.515682578086853,-0.3403792083263397,1.1766860485076904,0.299030065536499,0.16216228902339935,-0.991779088973999,0.0013910531997680664,1.52006995677948
0,4302,0.5160373449325562,-0.3404211699962616,1.1768298149108887,0.2970122992992401,0.16439604759216309,-0.9944892525672913,0.0014771223068237305,1.5080496072769165
0,4303,0.5163993835449219,-0.3404569625854492,1.1769887208938599,0.2949920892715454,0.16662974655628204,-0.9972028732299805,0.0015758275985717773,1.4930520057678223
0,4304,0.5167639255523682,-0.3404895067214966,1.17715322971344,0.29296326637268066,0.16885557770729065,-0.9999202489852905,0.0016796588897705078,1.4768425226211548
0,4305,0.5171267986297607,-0.34052160382270813,1.1773139238357544,0.2909194827079773,0.17106784880161285,-1.0026413202285767,0.0017806291580200195,1.4613909721374512
0,4306,0.5174840688705444,-0.3405563235282898,1.1774617433547974,0.2888558804988861,0.17325851321220398,-1.0053644180297852,0.0018715858459472656,1.448073387145996
0,4307,0.5178319811820984,-0.34059688448905945,1.1775875091552734,0.2867663502693176,0.17542220652103424,-1.008087396621704,0.001944899559020996,1.4383103847503662
0,4308,0.5181670188903809,-0.340646356344223,1.177682638168335,0.2846463620662689,0.1775515079498291,-1.0108081102371216,0.0019936561584472656,1.4338135719299316
0,4309,0.5184871554374695,-0.3407069146633148,1.1777416467666626,0.2824927866458893,0.1796427220106125,-1.0135244131088257,0.002013087272644043,1.4347686767578125
0,4310,0.5187922120094299,-0.3407789468765259,1.1777641773223877,0.2803061604499817,0.1816951334476471,-1.0162363052368164,0.0020030736923217773,1.4421149492263794
0,4311,0.5190841555595398,-0.34086084365844727,1.1777549982070923,0.27808916568756104,0.18371210992336273,-1.018945336341858,0.0019674301147460938,1.4542765617370605
0,4312,0.5193666219711304,-0.3409496247768402,1.177722692489624,0.2758476734161377,0.18569977581501007,-1.0216530561447144,0.0019130706787109375,1.470468521118164
0,4313,0.5196434855461121,-0.3410419821739197,1.1776771545410156,0.27358749508857727,0.18766586482524872,-1.0243626832962036,0.0018481016159057617,1.4885889291763306
0,4314,0.5199184417724609,-0.34113451838493347,1.1776275634765625,0.2713148593902588,0.18961594998836517,-1.0270757675170898,0.0017800331115722656,1.507400631904602
0,4315,0.5201948285102844,-0.34122419357299805,1.1775826215744019,0.26903557777404785,0.1915559619665146,-1.0297939777374268,0.001716017723083496,1.5254673957824707
0,4316,0.5204755067825317,-0.34130793809890747,1.1775497198104858,0.26675504446029663,0.19349199533462524,-1.0325181484222412,0.0016620159149169922,1.5415464639663696
0,4317,0.5207634568214417,-0.34138256311416626,1.1775367259979248,0.26447874307632446,0.19542951881885529,-1.0352481603622437,0.0016243457794189453,1.5544410943984985
0,4318,0.5210608243942261,-0.34144556522369385,1.177549958229065,0.2622115910053253,0.19737352430820465,-1.0379853248596191,0.0016083717346191406,1.563228964805603
0,4319,0.5213688015937805,-0.3414955735206604,1.1775925159454346,0.2599555253982544,0.19932550191879272,-1.0407285690307617,0.0016165971755981445,1.5673545598983765
0,4320,0.5216867923736572,-0.34153297543525696,1.17766273021698,0.25770971179008484,0.20128527283668518,-1.0434784889221191,0.0016475915908813477,1.5668550729751587
0,4321,0.5220127701759338,-0.34155988693237305,1.1777552366256714,0.25546959042549133,0.20324870944023132,-1.0462348461151123,0.0016970634460449219,1.5629785060882568
0,4322,0.5223436951637268,-0.3415793776512146,1.177862286567688,0.2532293200492859,0.20520971715450287,-1.0489968061447144,0.0017586946487426758,1.5570827722549438
0,4323,0.5226765871047974,-0.3415948450565338,1.1779751777648926,0.2509825527667999,0.2071625143289566,-1.051763653755188,0.0018254518508911133,1.5499024391174316
0,4324,0.5230087637901306,-0.34160947799682617,1.1780861616134644,0.2487240582704544,0.209101602435112,-1.0545337200164795,0.0018908977508544922,1.5433228015899658
0,4325,0.5233379602432251,-0.34162649512290955,1.178187370300293,0.24644866585731506,0.21102143824100494,-1.05730402469635,0.0019484758377075195,1.5377334356307983
0,4326,0.5236617922782898,-0.3416493535041809,1.178270936012268,0.2441515326499939,0.21291637420654297,-1.0600714683532715,0.001991868019104004,1.5345485210418701
0,4327,0.5239783525466919,-0.3416813015937805,1.1783291101455688,0.24182839691638947,0.21478171646595,-1.0628324747085571,0.0020143985748291016,1.534293532371521
0,4328,0.5242862701416016,-0.3417247533798218,1.178356409072876,0.23947636783123016,0.21661362051963806,-1.0655834674835205,0.0020116567611694336,1.5379879474639893
0,4329,0.5245852470397949,-0.3417804539203644,1.1783515214920044,0.23709537088871002,0.21841025352478027,-1.0683238506317139,0.0019823312759399414,1.5453503131866455
0,4330,0.5248761177062988,-0.3418472111225128,1.1783177852630615,0.23468710482120514,0.22017410397529602,-1.0710546970367432,0.0019295215606689453,1.5563284158706665
0,4331,0.5251609683036804,-0.3419221043586731,1.1782621145248413,0.2322564572095871,0.2219099998474121,-1.0737793445587158,0.0018587112426757812,1.5698497295379639
0,4332,0.5254421830177307,-0.34200185537338257,1.178193211555481,0.22980841994285583,0.22362372279167175,-1.076503038406372,0.0017771720886230469,1.5847381353378296
0,4333,0.525722324848175,-0.3420833945274353,1.1781198978424072,0.2273479700088501,0.22532027959823608,-1.0792276859283447,0.0016925334930419922,1.5999773740768433
0,4334,0.5260041356086731,-0.3421643078327179,1.1780508756637573,0.22488000988960266,0.2270062267780304,-1.0819576978683472,0.0016123056411743164,1.614830493927002
0,4335,0.5262905359268188,-0.3422430455684662,1.1779948472976685,0.22240960597991943,0.2286861389875412,-1.0846941471099854,0.0015444755554199219,1.6272648572921753
0,4336,0.526584804058075,-0.3423182964324951,1.1779608726501465,0.21994134783744812,0.2303660660982132,-1.0874391794204712,0.0014971494674682617,1.6364988088607788
0,4337,0.5268900394439697,-0.34238916635513306,1.1779569387435913,0.21747998893260956,0.2320500612258911,-1.090193271636963,0.0014777183532714844,1.640917420387268
0,4338,0.5272079110145569,-0.3424549996852875,1.1779881715774536,0.21502766013145447,0.23374155163764954,-1.092957615852356,0.0014910697937011719,1.6400823593139648
0,4339,0.5275381207466125,-0.342515766620636,1.178053617477417,0.2125837206840515,0.235440194606781,-1.0957319736480713,0.0015363693237304688,1.6339856386184692
0,4340,0.52787846326828,-0.3425719738006592,1.178147554397583,0.21014539897441864,0.2371426373720169,-1.098515510559082,0.0016082525253295898,1.6232913732528687
0,4341,0.5282255411148071,-0.3426244258880615,1.1782608032226562,0.207707479596138,0.23884354531764984,-1.101306676864624,0.0016983747482299805,1.6098541021347046
0,4342,0.528575599193573,-0.34267425537109375,1.1783831119537354,0.2052644044160843,0.24053654074668884,-1.1041038036346436,0.0017971992492675781,1.5950775146484375
0,4343,0.5289254188537598,-0.3427225947380066,1.1785049438476562,0.2028120458126068,0.24221639335155487,-1.106904149055481,0.0018960237503051758,1.5802863836288452
0,4344,0.529272198677063,-0.34277063608169556,1.1786171197891235,0.20034615695476532,0.24387742578983307,-1.1097044944763184,0.001986265182495117,1.5667301416397095
0,4345,0.5296133160591125,-0.3428197503089905,1.1787102222442627,0.1978633999824524,0.24551475048065186,-1.1125001907348633,0.0020592212677001953,1.5553221702575684
0,4346,0.5299463868141174,-0.34287139773368835,1.1787753105163574,0.19536027312278748,0.247123584151268,-1.1152867078781128,0.0021066665649414062,1.5476279258728027
0,4347,0.5302695631980896,-0.34292691946029663,1.1788051128387451,0.1928342878818512,0.24869990348815918,-1.1180603504180908,0.0021216869354248047,1.5438299179077148
0,4348,0.5305822491645813,-0.34298691153526306,1.1787968873977661,0.19028514623641968,0.25024211406707764,-1.1208187341690063,0.0021020174026489258,1.5445902347564697
0,4349,0.5308852791786194,-0.3430510461330414,1.1787532567977905,0.18771390616893768,0.2517518997192383,-1.1235637664794922,0.002049684524536133,1.5495234727859497
0,4350,0.5311805605888367,-0.3431183695793152,1.1786818504333496,0.18512381613254547,0.2532326877117157,-1.1262985467910767,0.0019720792770385742,1.5574597120285034
0,4351,0.531470775604248,-0.3431873917579651,1.1785926818847656,0.18251854181289673,0.2546902000904083,-1.1290284395217896,0.0018782615661621094,1.5677292346954346
0,4352,0.5317584872245789,-0.3432566523551941,1.1784955263137817,0.17990264296531677,0.25612929463386536,-1.1317580938339233,0.0017772912979125977,1.5787996053695679
0,4353,0.532045841217041,-0.34332484006881714,1.178399682044983,0.17727960646152496,0.2575553357601166,-1.1344915628433228,0.0016781091690063477,1.5899162292480469
0,4354,0.5323344469070435,-0.3433907628059387,1.1783133745193481,0.17465372383594513,0.2589724063873291,-1.1372323036193848,0.0015881061553955078,1.6003443002700806
0,4355,0.5326258540153503,-0.3434533178806305,1.1782448291778564,0.17202883958816528,0.26038527488708496,-1.1399823427200317,0.0015151500701904297,1.609367847442627
0,4356,0.5329213738441467,-0.34351155161857605,1.1782009601593018,0.16940906643867493,0.2617976665496826,-1.1427443027496338,0.001465916633605957,1.6161630153656006
0,4357,0.5332216620445251,-0.3435647189617157,1.1781867742538452,0.16679660975933075,0.2632123827934265,-1.1455192565917969,0.0014449357986450195,1.6206369400024414
0,4358,0.5335267782211304,-0.34361258149147034,1.1782026290893555,0.16419224441051483,0.26462918519973755,-1.1483068466186523,0.0014525651931762695,1.6226885318756104
0,4359,0.5338359475135803,-0.34365570545196533,1.1782443523406982,0.1615932285785675,0.266046404838562,-1.1511067152023315,0.001484990119934082,1.6224473714828491
0,4360,0.5341477394104004,-0.3436950147151947,1.1783044338226318,0.15899541974067688,0.2674601972103119,-1.153916358947754,0.001535177230834961,1.6212407350540161
0,4361,0.5344609022140503,-0.3437316417694092,1.1783747673034668,0.1563948690891266,0.2688657343387604,-1.1567326784133911,0.0015952587127685547,1.6188247203826904
0,4362,0.5347746014595032,-0.3437670171260834,1.1784470081329346,0.15378695726394653,0.2702588140964508,-1.1595526933670044,0.0016574859619140625,1.6165261268615723
0,4363,0.5350881814956665,-0.34380295872688293,1.178514003753662,0.1511685997247696,0.27163583040237427,-1.1623722314834595,0.0017154216766357422,1.6142244338989258
0,4364,0.5354019999504089,-0.3438415825366974,1.1785684823989868,0.14853642880916595,0.2729932963848114,-1.1651865243911743,0.00176239013671875,1.6119192838668823
0,4365,0.5357164740562439,-0.34388524293899536,1.1786035299301147,0.1458876132965088,0.2743278443813324,-1.16798996925354,0.0017921924591064453,1.6098541021347046
0,4366,0.5360320806503296,-0.34393614530563354,1.1786130666732788,0.1432199627161026,0.27563685178756714,-1.1707773208618164,0.0017993450164794922,1.607908010482788
0,4367,0.5363492965698242,-0.3439953923225403,1.1785942316055298,0.14053229987621307,0.27691972255706787,-1.1735466718673706,0.001781463623046875,1.6058375835418701
0,4368,0.5366680026054382,-0.3440626859664917,1.1785482168197632,0.13782534003257751,0.2781759202480316,-1.1762983798980713,0.0017396211624145508,1.6037646532058716
0,4369,0.5369880199432373,-0.3441362679004669,1.1784799098968506,0.13510198891162872,0.2794082462787628,-1.1790361404418945,0.0016781091690063477,1.6014444828033447
0,4370,0.5373086333274841,-0.3442136347293854,1.1783967018127441,0.13236500322818756,0.28062018752098083,-1.1817657947540283,0.0016036033630371094,1.5993657112121582
0,4371,0.537629246711731,-0.34429243206977844,1.178306221961975,0.1296180784702301,0.28181418776512146,-1.184492826461792,0.0015230178833007812,1.5974067449569702
0,4372,0.53794926404953,-0.34437069296836853,1.178215503692627,0.12686431407928467,0.2829943895339966,-1.1872224807739258,0.0014427900314331055,1.595568060874939
0,4373,0.5382681488990784,-0.3444468677043915,1.178131103515625,0.1241074874997139,0.28416261076927185,-1.189958095550537,0.0013689994812011719,1.59397292137146
0,4374,0.5385854840278625,-0.344519704580307,1.1780595779418945,0.12135033309459686,0.28532302379608154,-1.192703366279602,0.001307845115661621,1.5927445888519287
0,4375,0.5389007329940796,-0.3445883095264435,1.178006887435913,0.11859671026468277,0.28647828102111816,-1.1954604387283325,0.0012650489807128906,1.5917614698410034
0,4376,0.5392134189605713,-0.34465208649635315,1.1779775619506836,0.11584823578596115,0.28763097524642944,-1.1982319355010986,0.0012447834014892578,1.5912694931030273
0,4377,0.5395235419273376,-0.34471070766448975,1.177972674369812,0.1131061390042305,0.28878092765808105,-1.2010178565979004,0.0012481212615966797,1.591023564338684
0,4378,0.5398311018943787,-0.34476467967033386,1.1779897212982178,0.11036895215511322,0.2899273633956909,-1.2038170099258423,0.0012727975845336914,1.5915155410766602
0,4379,0.5401365160942078,-0.3448147177696228,1.178023099899292,0.10763351619243622,0.29106754064559937,-1.2066267728805542,0.0013132095336914062,1.5923759937286377
0,4380,0.5404403805732727,-0.344861775636673,1.1780658960342407,0.10489609837532043,0.2921985387802124,-1.209444284439087,0.0013628005981445312,1.5936044454574585
0,4381,0.5407434105873108,-0.3449070453643799,1.17811119556427,0.10215390473604202,0.29331710934638977,-1.2122656106948853,0.0014151334762573242,1.5950775146484375
0,4382,0.5410463809967041,-0.34495168924331665,1.1781526803970337,0.09940412640571594,0.2944203317165375,-1.2150866985321045,0.0014640092849731445,1.5966715812683105
0,4383,0.5413503646850586,-0.3449970483779907,1.178183913230896,0.09664470702409744,0.29550543427467346,-1.2179025411605835,0.001503586769104004,1.5981416702270508
0,4384,0.5416566729545593,-0.3450445234775543,1.1781984567642212,0.0938735231757164,0.2965713441371918,-1.2207086086273193,0.0015276670455932617,1.5988762378692627
0,4385,0.5419666767120361,-0.34509551525115967,1.1781904697418213,0.09108960628509521,0.29761582612991333,-1.2234991788864136,0.0015310049057006836,1.5986313819885254
0,4386,0.542280912399292,-0.34515097737312317,1.1781566143035889,0.08829185366630554,0.29863765835762024,-1.226271390914917,0.0015106201171875,1.5974067449569702
0,4387,0.5425995588302612,-0.34521082043647766,1.178097128868103,0.08548073470592499,0.2996373176574707,-1.2290256023406982,0.001466512680053711,1.5948320627212524
0,4388,0.542921781539917,-0.3452741205692291,1.1780160665512085,0.08265744894742966,0.30061590671539307,-1.231764554977417,0.001402735710144043,1.5912694931030273
0,4389,0.543246328830719,-0.3453395664691925,1.177919864654541,0.07982432842254639,0.3015751838684082,-1.2344938516616821,0.0013252496719360352,1.5870827436447144
0,4390,0.5435717701911926,-0.345405638217926,1.177815318107605,0.07698290795087814,0.3025175929069519,-1.237218976020813,0.001240372657775879,1.5827611684799194
0,4391,0.5438967347145081,-0.34547126293182373,1.1777089834213257,0.07413607090711594,0.3034449517726898,-1.2399448156356812,0.0011543035507202148,1.5786757469177246
0,4392,0.5442200303077698,-0.3455357253551483,1.1776065826416016,0.07128547132015228,0.30435970425605774,-1.2426748275756836,0.001072525978088379,1.575076699256897
0,4393,0.5445404648780823,-0.3455987572669983,1.1775139570236206,0.0684337466955185,0.3052636981010437,-1.2454127073287964,0.0010008811950683594,1.572465419769287
0,4394,0.5448569655418396,-0.3456602394580841,1.1774362325668335,0.06558293104171753,0.30615895986557007,-1.2481609582901,0.0009443759918212891,1.570846676826477
0,4395,0.5451685190200806,-0.3457200825214386,1.1773779392242432,0.06273529678583145,0.30704763531684875,-1.2509223222732544,0.0009074211120605469,1.5709712505340576
0,4396,0.5454748272895813,-0.34577828645706177,1.1773406267166138,0.0598917119204998,0.30793026089668274,-1.2536972761154175,0.000891566276550293,1.5725898742675781
0,4397,0.5457761287689209,-0.3458348512649536,1.1773227453231812,0.05705109238624573,0.30880627036094666,-1.2564849853515625,0.0008952617645263672,1.5756977796554565
0,4398,0.5460732579231262,-0.34588977694511414,1.1773197650909424,0.05421178415417671,0.30967408418655396,-1.2592830657958984,0.0009138584136962891,1.580162525177002
0,4399,0.5463674068450928,-0.3459432125091553,1.1773260831832886,0.05137140303850174,0.31053104996681213,-1.2620881795883179,0.0009419918060302734,1.5854789018630981
0,4400,0.5466599464416504,-0.34599530696868896,1.1773356199264526,0.04852752014994621,0.3113754093647003,-1.2648967504501343,0.0009734630584716797,1.5915155410766602
0,4401,0.5469523668289185,-0.3460463881492615,1.1773431301116943,0.04567873105406761,0.31220516562461853,-1.2677054405212402,0.0010031461715698242,1.5976518392562866
0,4402,0.5472463965415955,-0.3460969924926758,1.1773433685302734,0.042823780328035355,0.3130190372467041,-1.2705103158950806,0.001026153564453125,1.6032763719558716
0,4403,0.5475438833236694,-0.34614795446395874,1.1773313283920288,0.039962287992239,0.3138163089752197,-1.2733068466186523,0.00103759765625,1.6077862977981567
0,4404,0.5478466153144836,-0.3461998999118805,1.177302598953247,0.0370936319231987,0.3145959973335266,-1.2760910987854004,0.0010335445404052734,1.6104618310928345
0,4405,0.5481558442115784,-0.3462533950805664,1.1772540807724,0.03421768918633461,0.3153578042984009,-1.2788604497909546,0.0010110139846801758,1.610947847366333
0,4406,0.5484718084335327,-0.34630852937698364,1.1771855354309082,0.03133479505777359,0.31610172986984253,-1.281613826751709,0.0009698867797851562,1.6091246604919434
0,4407,0.5487934947013855,-0.34636494517326355,1.1770992279052734,0.028445275500416756,0.31682807207107544,-1.2843539714813232,0.0009123086929321289,1.6055938005447388
0,4408,0.549119234085083,-0.34642189741134644,1.176999807357788,0.02554984577000141,0.31753769516944885,-1.2870843410491943,0.0008428096771240234,1.6005887985229492
0,4409,0.5494468212127686,-0.34647873044013977,1.1768925189971924,0.022649236023426056,0.3182315528392792,-1.2898095846176147,0.0007661581039428711,1.5950775146484375
0,4410,0.5497743487358093,-0.34653493762016296,1.1767820119857788,0.019744422286748886,0.31891047954559326,-1.2925338745117188,0.0006867647171020508,1.589793086051941
0,4411,0.5501000285148621,-0.3465902805328369,1.1766728162765503,0.016836393624544144,0.31957539916038513,-1.2952604293823242,0.000609278678894043,1.5851086378097534
0,4412,0.5504221320152283,-0.3466449975967407,1.1765691041946411,0.013927096500992775,0.3202270567417145,-1.29799222946167,0.0005375146865844727,1.5816478729248047
0,4413,0.5507389903068542,-0.3466995060443878,1.1764748096466064,0.011018253862857819,0.32086673378944397,-1.300731897354126,0.0004756450653076172,1.579914927482605
0,4414,0.5510492324829102,-0.34675416350364685,1.1763932704925537,0.008111698552966118,0.32149553298950195,-1.3034818172454834,0.00042700767517089844,1.580410122871399
0,4415,0.5513521432876587,-0.3468092083930969,1.176326036453247,0.00520807970315218,0.3221140205860138,-1.3062419891357422,0.00039315223693847656,1.5833792686462402
0,4416,0.551647961139679,-0.34686464071273804,1.1762726306915283,0.002307274378836155,0.3227219879627228,-1.3090134859085083,0.00037348270416259766,1.5889312028884888
0,4417,0.5519376993179321,-0.3469201326370239,1.1762303113937378,-0.0005920162075199187,0.3233184516429901,-1.3117930889129639,0.00036513805389404297,1.5963038206100464
0,4418,0.5522232055664062,-0.3469751477241516,1.1761947870254517,-0.0034911050461232662,0.32390260696411133,-1.3145790100097656,0.0003638267517089844,1.6049842834472656
0,4419,0.5525063276290894,-0.34702935814857483,1.1761622428894043,-0.006392118986696005,0.3244733512401581,-1.3173675537109375,0.0003657341003417969,1.6147092580795288
0,4420,0.5527889728546143,-0.3470825254917145,1.17612886428833,-0.009295564144849777,0.3250298798084259,-1.320156455039978,0.0003669261932373047,1.6247375011444092
0,4421,0.5530733466148376,-0.34713485836982727,1.1760915517807007,-0.012201707810163498,0.32557201385498047,-1.3229424953460693,0.00036466121673583984,1.6339856386184692
0,4422,0.5533616542816162,-0.3471866250038147,1.176047444343567,-0.015109923668205738,0.32609957456588745,-1.32572340965271,0.0003561973571777344,1.6418712139129639
0,4423,0.5536559820175171,-0.3472382724285126,1.1759939193725586,-0.018019601702690125,0.32661306858062744,-1.3284962177276611,0.0003393888473510742,1.6475825309753418
0,4424,0.5539581775665283,-0.34729015827178955,1.1759289503097534,-0.02093009650707245,0.3271125555038452,-1.3312597274780273,0.0003123283386230469,1.6501935720443726
0,4425,0.5542685389518738,-0.3473424017429352,1.1758520603179932,-0.02384108304977417,0.3275979459285736,-1.334012746810913,0.0002747774124145508,1.6499563455581665
0,4426,0.5545862913131714,-0.34739479422569275,1.1757643222808838,-0.026752904057502747,0.3280694782733917,-1.3367564678192139,0.0002276897430419922,1.6468696594238281
0,4427,0.5549094080924988,-0.3474469482898712,1.1756680011749268,-0.029665563255548477,0.3285270929336548,-1.3394930362701416,0.00017309188842773438,1.6418712139129639
0,4428,0.5552354454994202,-0.3474985361099243,1.1755660772323608,-0.03257943317294121,0.3289702236652374,-1.3422245979309082,0.00011360645294189453,1.635781168937683
0,4429,0.5555621385574341,-0.3475494086742401,1.1754614114761353,-0.035493697971105576,0.3293989598751068,-1.3449528217315674,5.2094459533691406e-05,1.6294281482696533
0,4430,0.5558875203132629,-0.34759989380836487,1.1753569841384888,-0.038406502455472946,0.3298129141330719,-1.3476784229278564,8.702278137207031e-06,1.6235324144363403
0,4431,0.5562102198600769,-0.3476509153842926,1.175255537033081,-0.04131327196955681,0.3302112817764282,-1.3504008054733276,6.592273712158203e-05,1.6184619665145874
0,4432,0.5565287470817566,-0.3477037250995636,1.17516028881073,-0.04420939087867737,0.3305947780609131,-1.3531184196472168,0.00011587142944335938,1.6141031980514526
0,4433,0.5568420886993408,-0.3477596044540405,1.1750737428665161,-0.04708889126777649,0.33096274733543396,-1.3558292388916016,0.00015592575073242188,1.6110693216323853
0,4434,0.5571495890617371,-0.34781932830810547,1.1749976873397827,-0.04994874820113182,0.33131545782089233,-1.3585319519042969,0.00018405914306640625,1.6092462539672852
0,4435,0.5574511885643005,-0.3478828966617584,1.1749318838119507,-0.05278871953487396,0.3316534459590912,-1.36122727394104,0.00020074844360351562,1.6087597608566284
0,4436,0.5577477216720581,-0.34794947504997253,1.1748745441436768,-0.055612023919820786,0.33197668194770813,-1.3639154434204102,0.00020766258239746094,1.6091246604919434
0,4437,0.55804044008255,-0.3480176627635956,1.1748228073120117,-0.05842409282922745,0.33228570222854614,-1.3665986061096191,0.00020837783813476562,1.6103403568267822
0,4438,0.5583304762840271,-0.34808602929115295,1.1747736930847168,-0.061230625957250595,0.33258092403411865,-1.3692783117294312,0.00020599365234375,1.6127688884735107
0,4439,0.5586191415786743,-0.3481534719467163,1.1747244596481323,-0.06403551995754242,0.33286282420158386,-1.371956706047058,0.0002034902572631836,1.6150728464126587
0,4440,0.558907687664032,-0.3482191562652588,1.1746731996536255,-0.06684138625860214,0.33313173055648804,-1.374635100364685,0.00020313262939453125,1.6177364587783813
0,4441,0.5591974854469299,-0.3482826352119446,1.1746182441711426,-0.06964839994907379,0.33338791131973267,-1.3773149251937866,0.00020635128021240234,1.6199123859405518
0,4442,0.5594901442527771,-0.3483436107635498,1.174558162689209,-0.07245611399412155,0.33363211154937744,-1.3799968957901,0.00021457672119140625,1.6209992170333862
0,4443,0.5597870349884033,-0.3484017550945282,1.17449152469635,-0.07526431232690811,0.33386483788490295,-1.3826828002929688,0.00022923946380615234,1.6206369400024414
0,4444,0.5600889325141907,-0.34845682978630066,1.174417495727539,-0.07807248830795288,0.3340867757797241,-1.3853728771209717,0.0002510547637939453,1.6182202100753784
0,4445,0.5603958368301392,-0.3485090136528015,1.1743364334106445,-0.08087991178035736,0.33429744839668274,-1.3880667686462402,0.00027954578399658203,1.6138607263565063
0,4446,0.560706615447998,-0.3485584557056427,1.174249291419983,-0.08368732035160065,0.33449602127075195,-1.3907638788223267,0.00031387805938720703,1.6081514358520508
0,4447,0.561019778251648,-0.34860554337501526,1.1741575002670288,-0.08649475127458572,0.33468252420425415,-1.393462896347046,0.0003527402877807617,1.6014444828033447
0,4448,0.5613335371017456,-0.3486507833003998,1.1740624904632568,-0.08930229395627975,0.3348557949066162,-1.3961621522903442,0.00039458274841308594,1.5947092771530151
0,4449,0.5616465210914612,-0.34869474172592163,1.1739659309387207,-0.09210868179798126,0.33501577377319336,-1.3988600969314575,0.00043773651123046875,1.5883152484893799
0,4450,0.5619575381278992,-0.348738431930542,1.173869013786316,-0.09491144865751266,0.3351610600948334,-1.4015560150146484,0.00048089027404785156,1.5823901891708374
0,4451,0.5622655749320984,-0.34878304600715637,1.173773169517517,-0.09770689159631729,0.33529117703437805,-1.4042484760284424,0.0005224943161010742,1.5771875381469727
0,4452,0.5625697374343872,-0.34883007407188416,1.1736794710159302,-0.10048944503068924,0.3354051411151886,-1.4069362878799438,0.0005608797073364258,1.5730875730514526
0,4453,0.5628692507743835,-0.34888070821762085,1.1735892295837402,-0.10325545072555542,0.33550241589546204,-1.4096190929412842,0.0005947351455688477,1.569475769996643
0,4454,0.5631638169288635,-0.34893563389778137,1.173503041267395,-0.1060020923614502,0.33558276295661926,-1.412295937538147,0.0006231069564819336,1.566980004310608
0,4455,0.5634535551071167,-0.34899455308914185,1.1734204292297363,-0.10873008519411087,0.3356463313102722,-1.41496741771698,0.0006467103958129883,1.5652306079864502
0,4456,0.5637392401695251,-0.34905633330345154,1.1733405590057373,-0.1114431694149971,0.33569473028182983,-1.417633295059204,0.0006666183471679688,1.5644803047180176
0,4457,0.56402188539505,-0.34911954402923584,1.173262119293213,-0.11414538323879242,0.3357286751270294,-1.420295238494873,0.0006844997406005859,1.5639798641204834
0,4458,0.5643023252487183,-0.3491828143596649,1.1731840372085571,-0.11684057116508484,0.3357490599155426,-1.4229527711868286,0.0007017850875854492,1.5643551349639893
0,4459,0.5645815134048462,-0.3492451310157776,1.1731057167053223,-0.1195283830165863,0.335756778717041,-1.4256049394607544,0.0007191896438598633,1.5647304058074951
0,4460,0.564860463142395,-0.34930601716041565,1.1730273962020874,-0.12220470607280731,0.3357524275779724,-1.428248643875122,0.0007365942001342773,1.5648554563522339
0,4461,0.5651400089263916,-0.3493652045726776,1.1729499101638794,-0.1248607337474823,0.3357369899749756,-1.4308784008026123,0.0007530450820922852,1.5639798641204834
0,4462,0.5654214024543762,-0.349422812461853,1.1728742122650146,-0.12748505175113678,0.3357114791870117,-1.4334886074066162,0.0007673501968383789,1.5613499879837036
0,4463,0.565705418586731,-0.3494788706302643,1.1728014945983887,-0.13006770610809326,0.335676908493042,-1.4360735416412354,0.0007781982421875,1.5556995868682861
0,4464,0.5659925937652588,-0.3495335280895233,1.1727324724197388,-0.13260361552238464,0.3356337547302246,-1.4386303424835205,0.0007848739624023438,1.546869158744812
0,4465,0.5662826299667358,-0.3495867848396301,1.1726666688919067,-0.13509447872638702,0.3355826437473297,-1.4411604404449463,0.0007876157760620117,1.5351860523223877
0,4466,0.56657475233078,-0.34963855147361755,1.1726036071777344,-0.13754887878894806,0.3355228006839752,-1.4436686038970947,0.0007872581481933594,1.5212281942367554
0,4467,0.5668678283691406,-0.3496888279914856,1.172541618347168,-0.13997869193553925,0.3354538083076477,-1.4461617469787598,0.0007854700088500977,1.5057120323181152
0,4468,0.5671608448028564,-0.34973764419555664,1.1724796295166016,-0.14239561557769775,0.3353748917579651,-1.448646068572998,0.0007835626602172852,1.4901657104492188
0,4469,0.5674529075622559,-0.3497850298881531,1.1724165678024292,-0.14480799436569214,0.33528515696525574,-1.4511280059814453,0.0007828474044799805,1.4747209548950195
0,4470,0.5677435994148254,-0.34983140230178833,1.1723518371582031,-0.147222101688385,0.3351839482784271,-1.4536131620407104,0.0007836818695068359,1.4599171876907349
0,4471,0.5680325627326965,-0.34987738728523254,1.1722846031188965,-0.14964155852794647,0.3350691497325897,-1.45610773563385,0.000786900520324707,1.4461802244186401
0,4472,0.5683197975158691,-0.34992387890815735,1.172214388847351,-0.1520698219537735,0.3349383473396301,-1.4586201906204224,0.0007926225662231445,1.4331309795379639
0,4473,0.5686051249504089,-0.3499719798564911,1.1721407175064087,-0.15451012551784515,0.3347892761230469,-1.461159586906433,0.0008009672164916992,1.4207885265350342
0,4474,0.5688883066177368,-0.35002264380455017,1.1720629930496216,-0.15696528553962708,0.3346194624900818,-1.4637327194213867,0.0008124113082885742,1.4098656177520752
0,4475,0.5691695213317871,-0.3500760793685913,1.1719812154769897,-0.15943543612957,0.3344280421733856,-1.4663422107696533,0.0008268356323242188,1.3996964693069458
0,4476,0.5694487690925598,-0.3501319885253906,1.1718953847885132,-0.16191960871219635,0.3342156708240509,-1.468984603881836,0.0008443593978881836,1.3907198905944824
0,4477,0.5697261095046997,-0.3501894474029541,1.1718062162399292,-0.16441389918327332,0.3339841067790985,-1.4716520309448242,0.0008643865585327148,1.3825347423553467
0,4478,0.5700018405914307,-0.3502473533153534,1.1717143058776855,-0.16691379249095917,0.3337363600730896,-1.4743345975875854,0.0008869171142578125,1.3750122785568237
0,4479,0.5702760815620422,-0.3503047227859497,1.1716208457946777,-0.16941393911838531,0.33347436785697937,-1.477022647857666,0.0009107589721679688,1.368021011352539
0,4480,0.5705493688583374,-0.35036084055900574,1.1715266704559326,-0.17190788686275482,0.33320024609565735,-1.479709267616272,0.0009354352951049805,1.36099374294281
0,4481,0.5708220601081848,-0.3504154086112976,1.1714333295822144,-0.17438757419586182,0.3329152464866638,-1.4823890924453735,0.0009593963623046875,1.354074478149414
0,4482,0.571094810962677,-0.35046833753585815,1.171342372894287,-0.17684288322925568,0.3326203227043152,-1.4850578308105469,0.0009810924530029297,1.3461025953292847
0,4483,0.5713683366775513,-0.3505195677280426,1.1712558269500732,-0.1792626827955246,0.3323166072368622,-1.487712025642395,0.0009981393814086914,1.336180567741394
0,4484,0.5716432332992554,-0.3505692183971405,1.1711750030517578,-0.1816384345293045,0.3320046365261078,-1.4903488159179688,0.001009225845336914,1.3236734867095947
0,4485,0.5719196200370789,-0.3506174385547638,1.1711004972457886,-0.1839667558670044,0.3316848874092102,-1.4929677248001099,0.0010135173797607422,1.3086568117141724
0,4486,0.5721973180770874,-0.3506641685962677,1.1710318326950073,-0.1862512230873108,0.33135727047920227,-1.4955700635910034,0.0010118484497070312,1.2913460731506348
0,4487,0.5724757313728333,-0.35070937871932983,1.1709673404693604,-0.188501238822937,0.3310215473175049,-1.4981592893600464,0.0010056495666503906,1.2719552516937256
0,4488,0.5727540850639343,-0.3507530391216278,1.1709051132202148,-0.19072841107845306,0.3306773900985718,-1.5007390975952148,0.000997304916381836,1.2519515752792358
0,4489,0.5730318427085876,-0.35079529881477356,1.1708431243896484,-0.1929432451725006,0.3303234577178955,-1.5033135414123535,0.0009887218475341797,1.2317821979522705
0,4490,0.5733087658882141,-0.3508363962173462,1.170779824256897,-0.19515307247638702,0.3299587368965149,-1.5058866739273071,0.000981450080871582,1.2116000652313232
0,4491,0.5735850930213928,-0.35087695717811584,1.1707139015197754,-0.19736187160015106,0.3295811414718628,-1.508462905883789,0.0009765625,1.1918971538543701
0,4492,0.5738613605499268,-0.35091808438301086,1.170643925666809,-0.19957193732261658,0.3291873335838318,-1.5110485553741455,0.0009751319885253906,1.1720302104949951
0,4493,0.5741386413574219,-0.35096120834350586,1.1705687046051025,-0.2017844319343567,0.3287734389305115,-1.5136510133743286,0.0009775161743164062,1.1518205404281616
0,4494,0.5744178295135498,-0.3510077893733978,1.170486569404602,-0.20399977266788483,0.32833462953567505,-1.5162774324417114,0.0009846687316894531,1.1307308673858643
0,4495,0.5746996402740479,-0.3510587811470032,1.1703969240188599,-0.20621807873249054,0.32786810398101807,-1.5189324617385864,0.0009968280792236328,1.108534574508667
0,4496,0.5749843120574951,-0.3511141538619995,1.1702996492385864,-0.20843853056430817,0.327373743057251,-1.5216162204742432,0.001014113426208496,1.084983229637146
0,4497,0.5752710103988647,-0.35117313265800476,1.1701955795288086,-0.2106604129076004,0.32685387134552,-1.5243241786956787,0.001035928726196289,1.0603560209274292
0,4498,0.5755589008331299,-0.3512342870235443,1.170086145401001,-0.2128821611404419,0.3263125717639923,-1.5270484685897827,0.001061558723449707,1.0355209112167358
0,4499,0.5758470892906189,-0.3512960374355316,1.1699728965759277,-0.215101420879364,0.3257550001144409,-1.5297797918319702,0.0010902881622314453,1.0102691650390625
0,4500,0.576134979724884,-0.3513573110103607,1.1698572635650635,-0.21731440722942352,0.3251848518848419,-1.5325098037719727,0.001120924949645996,0.9847673177719116
0,4501,0.576422929763794,-0.3514174520969391,1.1697402000427246,-0.21951477229595184,0.32460567355155945,-1.5352303981781006,0.0011528730392456055,0.9598115086555481
0,4502,0.5767116546630859,-0.35147643089294434,1.169622540473938,-0.22169195115566254,0.32402029633522034,-1.5379329919815063,0.0011850595474243164,0.9331414699554443
0,4503,0.577002763748169,-0.35153457522392273,1.169505000114441,-0.22383378446102142,0.32343149185180664,-1.5406078100204468,0.0012161731719970703,0.9048216938972473
0,4504,0.5772977471351624,-0.35159218311309814,1.1693881750106812,-0.22592701017856598,0.3228420615196228,-1.5432462692260742,0.0012453794479370117,0.8731247782707214
0,4505,0.5775975584983826,-0.35164958238601685,1.169272541999817,-0.2279634028673172,0.32225361466407776,-1.5458425283432007,0.0012717247009277344,0.8379011154174805
0,4506,0.5779023170471191,-0.3517068326473236,1.1691582202911377,-0.22994251549243927,0.3216664493083954,-1.5483968257904053,0.0012949705123901367,0.7986839413642883
0,4507,0.5782111287117004,-0.3517637550830841,1.1690447330474854,-0.2318720668554306,0.32107970118522644,-1.5509148836135864,0.0013158321380615234,0.7558876276016235
0,4508,0.5785222053527832,-0.3518199324607849,1.168931484222412,-0.2337646633386612,0.32049107551574707,-1.553406000137329,0.0013356208801269531,0.7116190791130066
0,4509,0.5788333415985107,-0.351874977350235,1.1688179969787598,-0.2356320470571518,0.31989845633506775,-1.5558807849884033,0.001355290412902832,0.6661723852157593
0,4510,0.5791411995887756,-0.3519285321235657,1.1687042713165283,-0.23747968673706055,0.3193010091781616,-1.5583478212356567,0.0013757944107055664,0.6211811304092407
0,4511,0.5794398188591003,-0.35198044776916504,1.168591022491455,-0.23929904401302338,0.3186987638473511,-1.5608165264129639,0.0013980865478515625,0.5781072974205017
0,4512,0.5797183513641357,-0.35203081369400024,1.1684815883636475,-0.24106168746948242,0.31809478998184204,-1.5632952451705933,0.0014214515686035156,0.5385032892227173
0,4513,0.5799588561058044,-0.3520800769329071,1.1683814525604248,-0.24271486699581146,0.31749439239501953,-1.5657984018325806,0.0014450550079345703,0.5059038400650024
0,4514,0.5801413059234619,-0.3521316647529602,1.1682933568954468,-0.24418826401233673,0.3169082701206207,-1.568343162536621,0.0014702081680297852,0.48254457116127014
0,4515,0.5802468061447144,-0.3521929383277893,1.16819167137146,-0.2454439103603363,0.31637871265411377,-1.5709612369537354,0.0015250444412231445,0.47229820489883423
0,4516,0.5802618265151978,-0.3522687554359436,1.168060064315796,-0.24645617604255676,0.3159387409687042,-1.5736758708953857,0.0016280412673950195,0.4780632257461548
0,4517,0.5801835060119629,-0.3523605763912201,1.1678946018218994,-0.24721862375736237,0.31559646129608154,-1.5764925479888916,0.0017834901809692383,0.5000684857368469
0,4518,0.5800201892852783,-0.35246455669403076,1.1677067279815674,-0.24775023758411407,0.31533491611480713,-1.579397439956665,0.001978754997253418,0.5377761125564575
0,4519,0.5797883868217468,-0.3525732755661011,1.167519211769104,-0.24808773398399353,0.3151170313358307,-1.5823620557785034,0.002189159393310547,0.58650803565979
0,4520,0.5795071721076965,-0.35267865657806396,1.1673578023910522,-0.2482721209526062,0.31490060687065125,-1.585354208946228,0.00238645076751709,0.6440697312355042
0,4521,0.5791932344436646,-0.352774441242218,1.167244553565979,-0.24833661317825317,0.3146495223045349,-1.588347315788269,0.0025464296340942383,0.7055437564849854
0,4522,0.5788586735725403,-0.35285723209381104,1.1671934127807617,-0.24830082058906555,0.31433814764022827,-1.5913231372833252,0.002652764320373535,0.7682129144668579
0,4523,0.578511118888855,-0.3529263734817505,1.1672111749649048,-0.2481713593006134,0.3139530420303345,-1.5942739248275757,0.0026971101760864258,0.8299229741096497
0,4524,0.578155517578125,-0.3529829978942871,1.1672999858856201,-0.2479463815689087,0.31348660588264465,-1.5971970558166504,0.002675771713256836,0.8888944387435913
0,4525,0.5777948498725891,-0.3530287444591522,1.1674593687057495,-0.24762043356895447,0.31293585896492004,-1.600093126296997,0.002587556838989258,0.9443972706794739
0,4526,0.5774303078651428,-0.3530648350715637,1.1676887273788452,-0.2471892535686493,0.3122998774051666,-1.6029627323150635,0.002432703971862793,0.994653046131134
0,4527,0.5770612359046936,-0.35309115052223206,1.1679877042770386,-0.24665173888206482,0.3115810751914978,-1.6058064699172974,0.0022115707397460938,1.0411744117736816
0,4528,0.5766848921775818,-0.35310623049736023,1.1683564186096191,-0.24601063132286072,0.310783714056015,-1.6086251735687256,0.0019251108169555664,1.0846225023269653
0,4529,0.5763291120529175,-0.35313650965690613,1.1686632633209229,-0.2454276829957962,0.3100377023220062,-1.6114662885665894,0.001689910888671875,1.1248315572738647
0,4530,0.5759931206703186,-0.35318219661712646,1.168898582458496,-0.24491983652114868,0.3093569874763489,-1.6143330335617065,0.0015158653259277344,1.162811040878296
0,4531,0.5756689310073853,-0.35323652625083923,1.1690828800201416,-0.24446609616279602,0.30872517824172974,-1.617218017578125,0.0013866424560546875,1.2002410888671875
0,4532,0.5753520131111145,-0.3532952070236206,1.1692297458648682,-0.24404805898666382,0.3081294894218445,-1.620115041732788,0.001291036605834961,1.237488031387329
0,4533,0.5750395059585571,-0.35335469245910645,1.1693477630615234,-0.24364948272705078,0.30756038427352905,-1.623019814491272,0.001222372055053711,1.2744144201278687
0,4534,0.5747296214103699,-0.35341206192970276,1.1694419384002686,-0.2432580441236496,0.3070110082626343,-1.625929594039917,0.001177072525024414,1.3113455772399902
0,4535,0.574421226978302,-0.3534652292728424,1.1695157289505005,-0.24286355078220367,0.3064766526222229,-1.6288416385650635,0.0011525154113769531,1.3477007150650024
0,4536,0.5741134881973267,-0.35351303219795227,1.169572114944458,-0.2424604594707489,0.3059537410736084,-1.6317553520202637,0.0011463165283203125,1.3836666345596313
0,4537,0.5738056898117065,-0.3535554111003876,1.1696138381958008,-0.2420470267534256,0.30544015765190125,-1.634669303894043,0.0011559724807739258,1.4194105863571167
0,4538,0.5734973549842834,-0.35359305143356323,1.1696445941925049,-0.24162450432777405,0.30493390560150146,-1.6375839710235596,0.0011775493621826172,1.4549492597579956
0,4539,0.5731884241104126,-0.3536272346973419,1.1696674823760986,-0.24119538068771362,0.30443403124809265,-1.6404991149902344,0.001207590103149414,1.4906909465789795
0,4540,0.572878897190094,-0.3536595404148102,1.1696857213974,-0.24076126515865326,0.3039388358592987,-1.6434153318405151,0.0012423992156982422,1.5263651609420776
0,4541,0.5725693106651306,-0.3536919057369232,1.1697019338607788,-0.24032144248485565,0.3034469485282898,-1.646335244178772,0.0012786388397216797,1.5622271299362183
0,4542,0.5722605586051941,-0.3537265658378601,1.1697189807891846,-0.2398717701435089,0.3029559850692749,-1.6492613554000854,0.0013123750686645508,1.5972843170166016
0,4543,0.5719541907310486,-0.35376644134521484,1.1697396039962769,-0.23940612375736237,0.30246374011039734,-1.6521975994110107,0.0013396739959716797,1.6303887367248535
0,4544,0.5716518759727478,-0.3538145124912262,1.1697665452957153,-0.2389165610074997,0.30196720361709595,-1.6551487445831299,0.0013566017150878906,1.661068081855774
0,4545,0.5713548064231873,-0.35387304425239563,1.169801950454712,-0.23839721083641052,0.3014642596244812,-1.6581177711486816,0.0013599395751953125,1.687600016593933
0,4546,0.5710635185241699,-0.3539428114891052,1.1698466539382935,-0.23784616589546204,0.30095478892326355,-1.6611056327819824,0.0013486146926879883,1.7102923393249512
0,4547,0.5707773566246033,-0.3540225028991699,1.169899821281433,-0.2372659146785736,0.3004392385482788,-1.6641100645065308,0.0013239383697509766,1.7295219898223877
0,4548,0.5704949498176575,-0.35410940647125244,1.169959306716919,-0.23666280508041382,0.2999210059642792,-1.6671273708343506,0.00128936767578125,1.7458521127700806
0,4549,0.5702144503593445,-0.35420024394989014,1.1700221300125122,-0.23604466021060944,0.29940298199653625,-1.670151948928833,0.0012491941452026367,1.7608087062835693
0,4550,0.5699341893196106,-0.35429176688194275,1.1700856685638428,-0.23541797697544098,0.29888829588890076,-1.6731785535812378,0.0012074708938598633,1.775308609008789
0,4551,0.5696529746055603,-0.3543809950351715,1.1701475381851196,-0.23478618264198303,0.29838019609451294,-1.6762025356292725,0.0011677742004394531,1.7901287078857422
0,4552,0.5693696141242981,-0.3544652462005615,1.1702055931091309,-0.23415064811706543,0.2978819012641907,-1.6792190074920654,0.0011334419250488281,1.8059108257293701
0,4553,0.5690833926200867,-0.3545418977737427,1.170257568359375,-0.2335103154182434,0.29739630222320557,-1.682222843170166,0.0011075735092163086,1.822845220565796
0,4554,0.5687937140464783,-0.3546086847782135,1.1703017950057983,-0.23286381363868713,0.2969264090061188,-1.6852092742919922,0.0010927915573120117,1.8413251638412476
0,4555,0.5685001015663147,-0.35466423630714417,1.1703373193740845,-0.23220983147621155,0.29647406935691833,-1.6881755590438843,0.0010905265808105469,1.8614097833633423
0,4556,0.5682026147842407,-0.35470855236053467,1.1703640222549438,-0.231548473238945,0.29603901505470276,-1.69112229347229,0.001100778579711914,1.8828396797180176
0,4557,0.5679014325141907,-0.35474324226379395,1.170383095741272,-0.2308807373046875,0.29561930894851685,-1.6940526962280273,0.0011218786239624023,1.9057753086090088
0,4558,0.5675973892211914,-0.3547706604003906,1.1703964471817017,-0.230208158493042,0.29521146416664124,-1.6969717741012573,0.0011508464813232422,1.9299596548080444
0,4559,0.5672911405563354,-0.3547934591770172,1.1704059839248657,-0.22953224182128906,0.2948125898838043,-1.6998847723007202,0.0011850595474243164,1.9548463821411133
0,4560,0.5669832825660706,-0.3548142611980438,1.170413613319397,-0.22885271906852722,0.2944193184375763,-1.7027978897094727,0.001221299171447754,1.980606198310852
0,4561,0.5666746497154236,-0.35483548045158386,1.1704214811325073,-0.22816741466522217,0.2940298914909363,-1.7057167291641235,0.001256704330444336,2.0062308311462402
0,4562,0.5663660168647766,-0.3548601269721985,1.1704316139221191,-0.2274719476699829,0.2936418652534485,-1.7086480855941772,0.0012879371643066406,2.031339645385742
0,4563,0.5660582780838013,-0.35489171743392944,1.1704462766647339,-0.2267598807811737,0.29325342178344727,-1.711600661277771,0.001311659812927246,2.0549991130828857
0,4564,0.5657524466514587,-0.35493364930152893,1.1704682111740112,-0.22602485120296478,0.2928627133369446,-1.7145830392837524,0.001323699951171875,2.0762228965759277
0,4565,0.5654491782188416,-0.3549883961677551,1.1704989671707153,-0.22526133060455322,0.2924678921699524,-1.71760094165802,0.0013216733932495117,2.0945236682891846
0,4566,0.5651487112045288,-0.3550563454627991,1.1705392599105835,-0.22446875274181366,0.29206976294517517,-1.7206554412841797,0.00130462646484375,2.109606981277466
0,4567,0.5648506283760071,-0.3551357686519623,1.1705875396728516,-0.22365038096904755,0.29166942834854126,-1.7237416505813599,0.0012749433517456055,2.12209415435791
0,4568,0.56455397605896,-0.3552232086658478,1.1706418991088867,-0.22281253337860107,0.2912691831588745,-1.726851224899292,0.0012356042861938477,2.132582187652588
0,4569,0.5642577409744263,-0.35531485080718994,1.1706992387771606,-0.22196213901042938,0.29087162017822266,-1.7299755811691284,0.0011911392211914062,2.1421968936920166
0,4570,0.5639609694480896,-0.35540705919265747,1.1707571744918823,-0.22110509872436523,0.29047951102256775,-1.7331076860427856,0.001145482063293457,2.151768684387207
0,4571,0.5636628270149231,-0.355496883392334,1.1708139181137085,-0.2202446311712265,0.29009559750556946,-1.7362443208694458,0.001101374626159668,2.161569595336914
0,4572,0.5633625388145447,-0.355581670999527,1.170867681503296,-0.21938124299049377,0.2897226810455322,-1.7393854856491089,0.0010614395141601562,2.1721372604370117
0,4573,0.563059389591217,-0.3556591272354126,1.1709173917770386,-0.21851438283920288,0.289364218711853,-1.7425328493118286,0.001027822494506836,2.1835505962371826
0,4574,0.5627527236938477,-0.3557274043560028,1.1709617376327515,-0.21764297783374786,0.2890225946903229,-1.745688796043396,0.0010024309158325195,2.196063280105591
0,4575,0.5624423623085022,-0.35578542947769165,1.1710004806518555,-0.21676622331142426,0.28869926929473877,-1.7488552331924438,0.0009857416152954102,2.2096569538116455
0,4576,0.5621283054351807,-0.3558335304260254,1.1710336208343506,-0.21588458120822906,0.2883942425251007,-1.7520315647125244,0.0009778738021850586,2.224047899246216
0,4577,0.5618109703063965,-0.3558731973171234,1.1710618734359741,-0.2149985134601593,0.2881051003932953,-1.7552158832550049,0.0009772777557373047,2.2394824028015137
0,4578,0.561491072177887,-0.35590678453445435,1.1710865497589111,-0.21410910785198212,0.2878287732601166,-1.7584060430526733,0.0009819269180297852,2.2558529376983643
0,4579,0.5611695647239685,-0.35593682527542114,1.1711088418960571,-0.2132173627614975,0.2875622808933258,-1.7615991830825806,0.0009895563125610352,2.2726223468780518
0,4580,0.5608475208282471,-0.35596591234207153,1.1711299419403076,-0.21232277154922485,0.2873031198978424,-1.7647933959960938,0.0009981393814086914,2.2895255088806152
0,4581,0.5605263113975525,-0.3559968173503876,1.1711509227752686,-0.2114235758781433,0.2870493531227112,-1.7679883241653442,0.0010052919387817383,2.305880546569824
0,4582,0.560207724571228,-0.3560325801372528,1.171173334121704,-0.21051672101020813,0.28679975867271423,-1.7711834907531738,0.0010085105895996094,2.32110857963562
0,4583,0.5598934292793274,-0.35607632994651794,1.1711982488632202,-0.20959870517253876,0.286553293466568,-1.774379849433899,0.0010052919387817383,2.33422589302063
0,4584,0.5595848560333252,-0.35613036155700684,1.1712266206741333,-0.2086665779352188,0.2863093912601471,-1.7775779962539673,0.0009938478469848633,2.3441829681396484
0,4585,0.5592824816703796,-0.3561953902244568,1.1712589263916016,-0.20771929621696472,0.28606805205345154,-1.7807775735855103,0.0009734630584716797,2.351269245147705
0,4586,0.5589856505393982,-0.3562704026699066,1.1712948083877563,-0.20675846934318542,0.2858298122882843,-1.7839785814285278,0.000944972038269043,2.3554277420043945
0,4587,0.5586928725242615,-0.3563527464866638,1.1713333129882812,-0.20578698813915253,0.28559553623199463,-1.7871812582015991,0.0009104013442993164,2.3575870990753174
0,4588,0.5584022998809814,-0.35643908381462097,1.1713731288909912,-0.2048087865114212,0.28536632657051086,-1.79038405418396,0.0008723735809326172,2.358666181564331
0,4589,0.5581119060516357,-0.35652628540992737,1.1714130640029907,-0.20382697880268097,0.28514382243156433,-1.7935876846313477,0.0008332729339599609,2.35932993888855
0,4590,0.5578200817108154,-0.3566116988658905,1.1714521646499634,-0.20284415781497955,0.2849298119544983,-1.7967926263809204,0.0007951259613037109,2.3608226776123047
0,4591,0.557525098323822,-0.3566928803920746,1.1714893579483032,-0.20186151564121246,0.2847265899181366,-1.8000006675720215,0.0007599592208862305,2.363391399383545
0,4592,0.5572255253791809,-0.3567676246166229,1.1715240478515625,-0.20087948441505432,0.28453725576400757,-1.803214430809021,0.0007293224334716797,2.3676114082336426
0,4593,0.5569199919700623,-0.3568340837955475,1.171555519104004,-0.199898362159729,0.28436386585235596,-1.8064345121383667,0.0007045269012451172,2.3742153644561768
0,4594,0.556607723236084,-0.35689109563827515,1.1715832948684692,-0.19891789555549622,0.284207820892334,-1.8096636533737183,0.0006864070892333984,2.3830199241638184
0,4595,0.5562886595726013,-0.3569387197494507,1.171607494354248,-0.19793860614299774,0.28406959772109985,-1.8129010200500488,0.0006749629974365234,2.394491195678711
0,4596,0.5559637546539307,-0.3569781482219696,1.1716282367706299,-0.19696010649204254,0.2839473485946655,-1.8161455392837524,0.0006694793701171875,2.40818452835083
0,4597,0.5556345582008362,-0.3570114076137543,1.171646237373352,-0.19598247110843658,0.2838383913040161,-1.819394826889038,0.0006684064865112305,2.423335552215576
0,4598,0.5553027391433716,-0.3570409119129181,1.1716623306274414,-0.1950054168701172,0.2837402820587158,-1.8226467370986938,0.0006698369979858398,2.439516067504883
0,4599,0.5549703240394592,-0.3570692241191864,1.1716774702072144,-0.19402794539928436,0.28365054726600647,-1.8258997201919556,0.0006718635559082031,2.455828905105591
0,4600,0.5546395182609558,-0.3570992350578308,1.1716926097869873,-0.19304898381233215,0.28356847167015076,-1.8291529417037964,0.000672459602355957,2.4715592861175537
0,4601,0.5543130040168762,-0.357134073972702,1.1717089414596558,-0.19206655025482178,0.2834934592247009,-1.8324058055877686,0.0006692409515380859,2.485537052154541
0,4602,0.5539935231208801,-0.3571772873401642,1.1717276573181152,-0.19107899069786072,0.28342536091804504,-1.8356589078903198,0.0006594657897949219,2.4964592456817627
0,4603,0.5536832809448242,-0.3572317361831665,1.1717499494552612,-0.19008482992649078,0.2833646535873413,-1.8389123678207397,0.0006411075592041016,2.503427267074585
0,4604,0.553383469581604,-0.35729873180389404,1.1717761754989624,-0.18908311426639557,0.28331148624420166,-1.842166543006897,0.0006132125854492188,2.5059280395507812
0,4605,0.553093433380127,-0.3573774993419647,1.1718063354492188,-0.18807408213615417,0.28326594829559326,-1.845421314239502,0.0005761384963989258,2.5042872428894043
0,4606,0.5528109669685364,-0.3574654459953308,1.1718394756317139,-0.18705964088439941,0.2832278311252594,-1.8486764430999756,0.0005320310592651367,2.499201774597168
0,4607,0.5525331497192383,-0.3575589060783386,1.1718745231628418,-0.18604230880737305,0.28319716453552246,-1.8519319295883179,0.0004832744598388672,2.492300271987915
0,4608,0.5522568821907043,-0.3576543927192688,1.1719099283218384,-0.18502318859100342,0.2831742763519287,-1.8551870584487915,0.0004328489303588867,2.4845919609069824
0,4609,0.5519796013832092,-0.3577486574649811,1.1719448566436768,-0.18400447070598602,0.28315964341163635,-1.8584431409835815,0.0003827810287475586,2.4773337841033936
0,4610,0.5516988039016724,-0.3578391373157501,1.1719779968261719,-0.1829872727394104,0.28315457701683044,-1.8617010116577148,0.00033545494079589844,2.4714009761810303
0,4611,0.5514121651649475,-0.3579234778881073,1.172008752822876,-0.18197251856327057,0.2831602096557617,-1.864961862564087,0.00029218196868896484,2.467755079269409
0,4612,0.5511176586151123,-0.3579995930194855,1.172035813331604,-0.18096044659614563,0.2831786870956421,-1.8682281970977783,0.00025522708892822266,2.4672000408172607
0,4613,0.5508137941360474,-0.35806602239608765,1.1720589399337769,-0.1799517124891281,0.2832108438014984,-1.871500015258789,0.00022530555725097656,2.470212697982788
0,4614,0.5505005121231079,-0.3581225275993347,1.1720778942108154,-0.17894601821899414,0.28325748443603516,-1.8747786283493042,0.00020253658294677734,2.476701498031616
0,4615,0.5501786470413208,-0.35817018151283264,1.1720929145812988,-0.17794351279735565,0.2833173871040344,-1.8780629634857178,0.0001863241195678711,2.48671817779541
0,4616,0.5498504042625427,-0.35821089148521423,1.1721045970916748,-0.17694364488124847,0.28338882327079773,-1.8813512325286865,0.00017535686492919922,2.4988884925842285
0,4617,0.5495179891586304,-0.35824692249298096,1.1721140146255493,-0.17594583332538605,0.2834700345993042,-1.8846412897109985,0.00016760826110839844,2.5129477977752686
0,4618,0.5491835474967957,-0.3582804799079895,1.1721214056015015,-0.17494916915893555,0.2835600674152374,-1.8879324197769165,0.00016188621520996094,2.5276265144348145
0,4619,0.5488488674163818,-0.35831356048583984,1.1721270084381104,-0.17395280301570892,0.28365829586982727,-1.8912230730056763,0.00015735626220703125,2.542527914047241
0,4620,0.5485156774520874,-0.3583481013774872,1.1721305847167969,-0.1729554682970047,0.28376489877700806,-1.8945127725601196,0.00015354156494140625,2.5565006732940674
0,4621,0.548185408115387,-0.35838598012924194,1.1721317768096924,-0.1719556301832199,0.2838805019855499,-1.8978019952774048,0.0001500844955444336,2.5692551136016846
0,4622,0.5478594899177551,-0.35842883586883545,1.1721298694610596,-0.17095179855823517,0.28400611877441406,-1.9010908603668213,0.00014722347259521484,2.580050468444824
0,4623,0.5475383996963501,-0.35847756266593933,1.1721248626708984,-0.16994360089302063,0.2841421067714691,-1.9043793678283691,0.00014460086822509766,2.588533639907837
0,4624,0.5472220182418823,-0.3585318624973297,1.1721166372299194,-0.16893108189105988,0.28428855538368225,-1.9076671600341797,0.0001424551010131836,2.594802141189575
0,4625,0.5469093918800354,-0.3585905432701111,1.1721059083938599,-0.16791580617427826,0.28444474935531616,-1.9109545946121216,0.0001405477523803711,2.5991737842559814
0,4626,0.5465991497039795,-0.3586518168449402,1.172093152999878,-0.1668989509344101,0.284609854221344,-1.9142413139343262,0.00013899803161621094,2.602635622024536
0,4627,0.54628986120224,-0.35871410369873047,1.1720794439315796,-0.16588248312473297,0.2847835421562195,-1.917527437210083,0.00013744831085205078,2.605642080307007
0,4628,0.5459807515144348,-0.35877636075019836,1.1720657348632812,-0.16486826539039612,0.28496572375297546,-1.920813798904419,0.00013518333435058594,2.6084201335906982
0,4629,0.5456715226173401,-0.35883814096450806,1.172053575515747,-0.16385725140571594,0.2851566672325134,-1.9241009950637817,0.0001308917999267578,2.611419916152954
0,4630,0.5453624725341797,-0.3588998019695282,1.1720445156097412,-0.16285201907157898,0.2853579521179199,-1.927390456199646,0.0001227855682373047,2.6143417358398438
0,4631,0.5450539588928223,-0.35896191000938416,1.1720402240753174,-0.1618541181087494,0.2855709195137024,-1.93068265914917,0.00010895729064941406,2.6173348426818848
0,4632,0.5447463989257812,-0.35902494192123413,1.1720420122146606,-0.16086439788341522,0.2857973873615265,-1.9339795112609863,8.821487426757812e-05,2.620025634765625
0,4633,0.5444400906562805,-0.3590891361236572,1.1720505952835083,-0.15988372266292572,0.2860370874404907,-1.9372813701629639,5.9485435485839844e-05,2.622415065765381
0,4634,0.544134795665741,-0.3591544032096863,1.172065019607544,-0.1589113473892212,0.28628936409950256,-1.9405871629714966,2.396106719970703e-05,2.624504327774048
0,4635,0.5438302159309387,-0.3592202365398407,1.1720839738845825,-0.15794597566127777,0.2865530848503113,-1.9438962936401367,1.6927719116210938e-05,2.6263680458068848
0,4636,0.5435256958007812,-0.35928595066070557,1.172105312347412,-0.15698572993278503,0.28682655096054077,-1.9472068548202515,6.091594696044922e-05,2.628305196762085
0,4637,0.5432208776473999,-0.3593510091304779,1.1721270084381104,-0.15602877736091614,0.2871084213256836,-1.9505176544189453,0.00010573863983154297,2.630315065383911
0,4638,0.5429151654243469,-0.3594147861003876,1.1721466779708862,-0.1550738513469696,0.28739848732948303,-1.9538280963897705,0.00014865398406982422,2.6327695846557617
0,4639,0.5426080226898193,-0.35947680473327637,1.1721621751785278,-0.154119610786438,0.2876969873905182,-1.9571374654769897,0.0001876354217529297,2.6355936527252197
0,4640,0.5422989130020142,-0.3595364987850189,1.1721709966659546,-0.15316495299339294,0.28800466656684875,-1.9604460000991821,0.00021982192993164062,2.6389334201812744
0,4641,0.5419873595237732,-0.35959354043006897,1.1721709966659546,-0.1522088646888733,0.28832244873046875,-1.9637529850006104,0.00024306774139404297,2.643009901046753
0,4642,0.5416730046272278,-0.359647661447525,1.1721605062484741,-0.15125088393688202,0.2886510193347931,-1.9670592546463013,0.0002554655075073242,2.6478192806243896
0,4643,0.5413558483123779,-0.3596987724304199,1.1721397638320923,-0.15029111504554749,0.2889905869960785,-1.9703644514083862,0.0002574920654296875,2.6534316539764404
0,4644,0.5410361289978027,-0.35974711179733276,1.1721100807189941,-0.14933033287525177,0.28934019804000854,-1.9736684560775757,0.0002503395080566406,2.6597681045532227
0,4645,0.5407145023345947,-0.35979318618774414,1.1720739603042603,-0.14836934208869934,0.28969940543174744,-1.9769713878631592,0.00023686885833740234,2.6665303707122803
0,4646,0.5403916239738464,-0.35983774065971375,1.1720341444015503,-0.14740999042987823,0.29006677865982056,-1.980273723602295,0.0002199411392211914,2.6737875938415527
0,4647,0.5400683879852295,-0.35988155007362366,1.171993374824524,-0.1464533656835556,0.2904423177242279,-1.9835748672485352,0.00020253658294677734,2.681098461151123
0,4648,0.5397458076477051,-0.3599259555339813,1.1719540357589722,-0.1455008089542389,0.2908264994621277,-1.9868757724761963,0.0001876354217529297,2.688170909881592
0,4649,0.5394251942634583,-0.35997274518013,1.171918511390686,-0.14455436170101166,0.2912195026874542,-1.9901775121688843,0.00017786026000976562,2.694498300552368
0,4650,0.5391079187393188,-0.3600237965583801,1.171889305114746,-0.1436157524585724,0.2916231155395508,-1.9934806823730469,0.00017654895782470703,2.6996512413024902
0,4651,0.5387953519821167,-0.3600807785987854,1.1718683242797852,-0.14268635213375092,0.29203855991363525,-1.9967855215072632,0.00018596649169921875,2.703129291534424
0,4652,0.5384880900382996,-0.36014455556869507,1.1718565225601196,-0.14176681637763977,0.2924659550189972,-2.0000929832458496,0.0002073049545288086,2.7045047283172607
0,4653,0.5381856560707092,-0.3602146804332733,1.1718534231185913,-0.1408568173646927,0.29290497303009033,-2.0034022331237793,0.00023996829986572266,2.704360008239746
0,4654,0.5378870368003845,-0.360289603471756,1.1718571186065674,-0.13995514810085297,0.293354868888855,-2.0067138671875,0.0002815723419189453,2.702622413635254
0,4655,0.5375908017158508,-0.36036747694015503,1.1718651056289673,-0.1390599012374878,0.2938140332698822,-2.0100250244140625,0.00032889842987060547,2.7002313137054443
0,4656,0.5372954607009888,-0.3604462742805481,1.1718746423721313,-0.1381695717573166,0.2942813038825989,-2.013336658477783,0.00037872791290283203,2.6972575187683105
0,4657,0.5369999408721924,-0.36052438616752625,1.1718837022781372,-0.1372830867767334,0.29475629329681396,-2.0166478157043457,0.0004285573959350586,2.6943531036376953
0,4658,0.5367034673690796,-0.3606007397174835,1.171890139579773,-0.1364002376794815,0.2952391505241394,-2.0199575424194336,0.00047576427459716797,2.6917364597320557
0,4659,0.5364053845405579,-0.36067429184913635,1.1718919277191162,-0.13552094995975494,0.2957305908203125,-2.0232667922973633,0.0005182027816772461,2.689917802810669
0,4660,0.5361052751541138,-0.3607443869113922,1.1718872785568237,-0.1346457451581955,0.2962322533130646,-2.0265753269195557,0.0005537271499633789,2.68853497505188
0,4661,0.535802960395813,-0.3608105182647705,1.1718751192092896,-0.13377493619918823,0.29674461483955383,-2.02988338470459,0.0005812644958496094,2.6880252361297607
0,4662,0.5354984402656555,-0.3608725666999817,1.1718552112579346,-0.13290828466415405,0.29726776480674744,-2.0331902503967285,0.0006003379821777344,2.688170909881592
0,4663,0.5351918935775757,-0.3609308898448944,1.1718283891677856,-0.13204602897167206,0.2978013753890991,-2.036496877670288,0.0006121397018432617,2.68904447555542
0,4664,0.5348835587501526,-0.36098626255989075,1.171796441078186,-0.13118787109851837,0.2983441650867462,-2.0398025512695312,0.0006185770034790039,2.690500020980835
0,4665,0.5345739126205444,-0.3610394299030304,1.1717610359191895,-0.13033388555049896,0.29889509081840515,-2.043107509613037,0.0006216764450073242,2.6923909187316895
0,4666,0.5342633724212646,-0.36109116673469543,1.1717238426208496,-0.12948349118232727,0.299453467130661,-2.0464110374450684,0.0006232261657714844,2.694571018218994
0,4667,0.5339521169662476,-0.3611423373222351,1.171685814857483,-0.12863697111606598,0.30001914501190186,-2.049713373184204,0.0006244182586669922,2.696894645690918
0,4668,0.5336402654647827,-0.3611938953399658,1.1716476678848267,-0.12779472768306732,0.3005925118923187,-2.0530147552490234,0.0006264448165893555,2.6993613243103027
0,4669,0.5333278179168701,-0.36124664545059204,1.171609878540039,-0.1269572377204895,0.30117446184158325,-2.056314468383789,0.0006299018859863281,2.702115297317505
0,4670,0.5330148339271545,-0.3613015115261078,1.1715725660324097,-0.1261247843503952,0.3017653226852417,-2.059612989425659,0.0006353855133056641,2.704866886138916
0,4671,0.532701313495636,-0.3613588511943817,1.171535849571228,-0.12529800832271576,0.302365779876709,-2.062910556793213,0.0006430149078369141,2.707832098007202
0,4672,0.5323872566223145,-0.36141857504844666,1.171499490737915,-0.12447670847177505,0.30297592282295227,-2.0662059783935547,0.0006525516510009766,2.7109389305114746
0,4673,0.5320727229118347,-0.3614800274372101,1.1714636087417603,-0.12366065382957458,0.30359503626823425,-2.0695009231567383,0.00066375732421875,2.714185953140259
0,4674,0.531757652759552,-0.36154237389564514,1.1714277267456055,-0.12284910678863525,0.30422234535217285,-2.072794198989868,0.0006761550903320312,2.717357635498047
0,4675,0.5314421057701111,-0.3616046905517578,1.1713916063308716,-0.12204258143901825,0.3048568069934845,-2.0760865211486816,0.0006890296936035156,2.720741033554077
0,4676,0.5311262011528015,-0.36166617274284363,1.17135488986969,-0.12124079465866089,0.30549803376197815,-2.079378128051758,0.0007017850875854492,2.724263906478882
0,4677,0.5308099389076233,-0.3617265522480011,1.171317219734192,-0.12044426798820496,0.3061462938785553,-2.082669258117676,0.0007139444351196289,2.7277824878692627
0,4678,0.5304936766624451,-0.36178550124168396,1.1712781190872192,-0.11965504288673401,0.30680233240127563,-2.085960865020752,0.0007249116897583008,2.7312965393066406
0,4679,0.5301775336265564,-0.3618428409099579,1.1712369918823242,-0.1188737228512764,0.30746757984161377,-2.0892529487609863,0.0007340908050537109,2.7348058223724365
0,4680,0.5298618078231812,-0.3618984818458557,1.1711935997009277,-0.11810173094272614,0.30814218521118164,-2.092545986175537,0.0007410049438476562,2.7381677627563477
0,4681,0.5295464396476746,-0.3619525134563446,1.1711477041244507,-0.11733966320753098,0.3088265657424927,-2.0958409309387207,0.0007456541061401367,2.7413828372955322
0,4682,0.5292313098907471,-0.36200499534606934,1.1710996627807617,-0.11658717691898346,0.30952033400535583,-2.099137306213379,0.0007481575012207031,2.7446653842926025
0,4683,0.5289164185523987,-0.36205604672431946,1.17104971408844,-0.11584281176328659,0.3102226257324219,-2.1024341583251953,0.0007491111755371094,2.7477304935455322
0,4684,0.5286015868186951,-0.3621059060096741,1.1709986925125122,-0.11510513722896576,0.31093233823776245,-2.1057305335998535,0.0007492303848266602,2.750934362411499
0,4685,0.5282868146896362,-0.36215510964393616,1.1709470748901367,-0.11437319964170456,0.3116489052772522,-2.1090261936187744,0.0007492303848266602,2.753779172897339
0,4686,0.5279725193977356,-0.36220455169677734,1.1708955764770508,-0.11364661157131195,0.31237179040908813,-2.1123199462890625,0.0007500648498535156,2.7565500736236572
0,4687,0.5276594758033752,-0.3622555434703827,1.1708449125289917,-0.11292577534914017,0.31310155987739563,-2.115610361099243,0.0007528066635131836,2.7586796283721924
0,4688,0.5273488163948059,-0.3623097538948059,1.1707961559295654,-0.11221130192279816,0.3138384521007538,-2.118896484375,0.0007590055465698242,2.7599563598632812
0,4689,0.527041494846344,-0.3623689115047455,1.1707500219345093,-0.11150391399860382,0.3145827651023865,-2.1221771240234375,0.0007697343826293945,2.7600982189178467
0,4690,0.5267382264137268,-0.3624340295791626,1.170707106590271,-0.11080431193113327,0.31533506512641907,-2.1254501342773438,0.0007859468460083008,2.758537530899048
0,4691,0.5264391303062439,-0.3625052273273468,1.1706675291061401,-0.11011286824941635,0.31609541177749634,-2.1287171840667725,0.0008075237274169922,2.755697727203369
0,4692,0.526143491268158,-0.36258143186569214,1.170630693435669,-0.1094282791018486,0.3168633282184601,-2.1319780349731445,0.0008337497711181641,2.751574754714966
0,4693,0.5258501768112183,-0.36266085505485535,1.170595645904541,-0.10875056684017181,0.3176380395889282,-2.135235071182251,0.0008633136749267578,2.746448040008545
0,4694,0.5255576968193054,-0.36274150013923645,1.1705611944198608,-0.108078233897686,0.3184191584587097,-2.138489246368408,0.0008943080902099609,2.7409543991088867
0,4695,0.5252646803855896,-0.3628215789794922,1.1705259084701538,-0.10741118341684341,0.3192060887813568,-2.141742467880249,0.0009249448776245117,2.73573637008667
0,4696,0.5249695777893066,-0.3628993332386017,1.1704879999160767,-0.10674890875816345,0.31999847292900085,-2.144996166229248,0.0009529590606689453,2.730938196182251
0,4697,0.5246707201004028,-0.36297306418418884,1.1704455614089966,-0.10609180480241776,0.3207969665527344,-2.148251533508301,0.0009763240814208984,2.727567195892334
0,4698,0.5243664383888245,-0.363040953874588,1.170396089553833,-0.10544061660766602,0.3216015696525574,-2.1515109539031982,0.0009921789169311523,2.7259879112243652
0,4699,0.5240552425384521,-0.36310169100761414,1.1703376770019531,-0.10479551553726196,0.32241296768188477,-2.1547751426696777,0.0009982585906982422,2.726849317550659
0,4700,0.5237365365028381,-0.3631545901298523,1.17026948928833,-0.10415694862604141,0.32323119044303894,-2.1580448150634766,0.0009936094284057617,2.7302210330963135
0,4701,0.5234107375144958,-0.3632000684738159,1.1701918840408325,-0.10352475196123123,0.32405638694763184,-2.1613197326660156,0.0009788274765014648,2.7361655235290527
0,4702,0.5230791568756104,-0.3632393479347229,1.1701067686080933,-0.10289866477251053,0.324887752532959,-2.1645984649658203,0.0009560585021972656,2.7440948486328125
0,4703,0.5227437019348145,-0.3632742166519165,1.1700165271759033,-0.10227849334478378,0.3257250189781189,-2.167879104614258,0.000928044319152832,2.7532105445861816
0,4704,0.5224063396453857,-0.36330655217170715,1.1699237823486328,-0.10166396200656891,0.32656797766685486,-2.171159505844116,0.0008977651596069336,2.7629337310791016
0,4705,0.5220687985420227,-0.3633381724357605,1.169830560684204,-0.10105552524328232,0.32741624116897583,-2.1744372844696045,0.0008676052093505859,2.77262282371521
0,4706,0.5217328667640686,-0.36337095499038696,1.1697386503219604,-0.10045385360717773,0.32827019691467285,-2.17771053314209,0.0008397102355957031,2.7815744876861572
0,4707,0.5214002728462219,-0.363406777381897,1.1696498394012451,-0.09986050426959991,0.3291296362876892,-2.1809749603271484,0.0008161067962646484,2.789585590362549
0,4708,0.5210726857185364,-0.363447368144989,1.1695655584335327,-0.09927702695131302,0.3299950361251831,-2.1842281818389893,0.0007985830307006836,2.795823574066162
0,4709,0.5207511186599731,-0.36349406838417053,1.1694867610931396,-0.09870479255914688,0.3308667540550232,-2.1874680519104004,0.0007884502410888672,2.8002312183380127
0,4710,0.5204357504844666,-0.36354711651802063,1.169413685798645,-0.09814400970935822,0.33174464106559753,-2.1906943321228027,0.00078582763671875,2.802536964416504
0,4711,0.5201258063316345,-0.36360570788383484,1.1693456172943115,-0.09759364277124405,0.33262842893600464,-2.19390869140625,0.0007898807525634766,2.8031656742095947
0,4712,0.519819974899292,-0.3636682331562042,1.1692811250686646,-0.09705245494842529,0.3335176706314087,-2.1971137523651123,0.0007988214492797852,2.8023972511291504
0,4713,0.5195164084434509,-0.3637329936027527,1.1692187786102295,-0.09651878476142883,0.33441177010536194,-2.2003133296966553,0.0008108615875244141,2.8009300231933594
0,4714,0.5192139148712158,-0.3637986481189728,1.1691573858261108,-0.09599132835865021,0.33531054854393005,-2.2035112380981445,0.0008246898651123047,2.798902750015259
0,4715,0.5189118981361389,-0.3638647198677063,1.169095754623413,-0.09546979516744614,0.3362138569355011,-2.206709861755371,0.0008388757705688477,2.79659366607666
0,4716,0.5186102390289307,-0.36393144726753235,1.169033169746399,-0.09495458006858826,0.3371213376522064,-2.2099127769470215,0.0008529424667358398,2.7938625812530518
0,4717,0.5183091759681702,-0.36399945616722107,1.1689692735671997,-0.09444651752710342,0.3380333185195923,-2.213122844696045,0.0008666515350341797,2.7908482551574707
0,4718,0.5180091261863708,-0.3640696108341217,1.1689035892486572,-0.0939466580748558,0.3389495611190796,-2.2163429260253906,0.0008797645568847656,2.787128448486328
0,4719,0.517710268497467,-0.36414244771003723,1.168836236000061,-0.09345538169145584,0.3398705720901489,-2.219574451446533,0.0008925199508666992,2.782700300216675
0,4720,0.517412543296814,-0.36421793699264526,1.168766975402832,-0.09297297149896622,0.340795636177063,-2.2228171825408936,0.0009046792984008789,2.7777717113494873
0,4721,0.5171157717704773,-0.3642953634262085,1.1686961650848389,-0.09249858558177948,0.3417254686355591,-2.2260684967041016,0.0009163618087768555,2.7721283435821533
0,4722,0.516819417476654,-0.3643738031387329,1.1686241626739502,-0.09203160554170609,0.3426595628261566,-2.229325771331787,0.0009276866912841797,2.766261577606201
0,4723,0.5165228843688965,-0.36445215344429016,1.1685513257980347,-0.091571144759655,0.3435977101325989,-2.2325844764709473,0.0009388923645019531,2.760169267654419
0,4724,0.5162255167961121,-0.3645292818546295,1.1684777736663818,-0.09111659228801727,0.3445402681827545,-2.2358407974243164,0.0009496212005615234,2.754347801208496
0,4725,0.5159264206886292,-0.36460405588150024,1.1684030294418335,-0.09066875278949738,0.345486581325531,-2.2390904426574707,0.0009593963623046875,2.7492260932922363
0,4726,0.5156247019767761,-0.36467528343200684,1.1683266162872314,-0.09022817760705948,0.3464372158050537,-2.242328405380249,0.0009675025939941406,2.74509334564209
0,4727,0.5153192281723022,-0.3647417724132538,1.1682476997375488,-0.08979599922895432,0.3473915457725525,-2.2455501556396484,0.000972747802734375,2.742739200592041
0,4728,0.5150091648101807,-0.3648025691509247,1.1681658029556274,-0.0893733873963356,0.34834957122802734,-2.248751163482666,0.0009747743606567383,2.742382287979126
0,4729,0.5146942734718323,-0.36485734581947327,1.1680806875228882,-0.08896032720804214,0.3493112325668335,-2.2519307136535645,0.0009731054306030273,2.7440948486328125
0,4730,0.5143750309944153,-0.3649064898490906,1.1679924726486206,-0.08855616301298141,0.350276380777359,-2.2550902366638184,0.0009680986404418945,2.747872829437256
0,4731,0.5140523910522461,-0.36495116353034973,1.167901873588562,-0.08816040307283401,0.35124510526657104,-2.2582345008850098,0.0009605884552001953,2.7531394958496094
0,4732,0.5137274861335754,-0.36499273777008057,1.1678094863891602,-0.08777162432670593,0.3522171676158905,-2.261369228363037,0.0009515285491943359,2.759247064590454
0,4733,0.5134016275405884,-0.36503276228904724,1.1677157878875732,-0.08738892525434494,0.35319235920906067,-2.264500141143799,0.0009413957595825195,2.7654831409454346
0,4734,0.5130759477615356,-0.36507269740104675,1.1676208972930908,-0.08701188117265701,0.35417070984840393,-2.267632007598877,0.0009309053421020508,2.7715635299682617
0,4735,0.5127516388893127,-0.3651142120361328,1.1675246953964233,-0.08663954585790634,0.3551521599292755,-2.270770311355591,0.0009199380874633789,2.776714324951172
0,4736,0.5124300122261047,-0.36515912413597107,1.1674264669418335,-0.08627282828092575,0.35613566637039185,-2.2739193439483643,0.0009081363677978516,2.7805185317993164
0,4737,0.512112021446228,-0.36520907282829285,1.167325496673584,-0.0859118327498436,0.3571212589740753,-2.277082920074463,0.000895380973815918,2.7827703952789307
0,4738,0.5117985010147095,-0.3652651011943817,1.1672216653823853,-0.08555646240711212,0.3581087291240692,-2.280264377593994,0.0008813142776489258,2.7826297283172607
0,4739,0.5114893317222595,-0.3653271496295929,1.1671148538589478,-0.08520714193582535,0.35909801721572876,-2.2834630012512207,0.0008660554885864258,2.7805185317993164
0,4740,0.5111837983131409,-0.3653942346572876,1.167005181312561,-0.08486403524875641,0.3600890338420868,-2.2866759300231934,0.0008494853973388672,2.77685546875
0,4741,0.5108806490898132,-0.36546453833580017,1.1668936014175415,-0.08452652394771576,0.3610828220844269,-2.2898988723754883,0.0008322000503540039,2.771916627883911
0,4742,0.510578453540802,-0.365536093711853,1.1667810678482056,-0.08419495820999146,0.36207935214042664,-2.293126344680786,0.0008146762847900391,2.766190528869629
0,4743,0.5102759003639221,-0.36560705304145813,1.1666676998138428,-0.08386953175067902,0.3630789816379547,-2.2963526248931885,0.0007969141006469727,2.7605948448181152
0,4744,0.5099714398384094,-0.3656756579875946,1.1665539741516113,-0.08355165272951126,0.3640817701816559,-2.299572229385376,0.0007790327072143555,2.7558398246765137
0,4745,0.5096636414527893,-0.36574020981788635,1.1664398908615112,-0.08324276655912399,0.36508700251579285,-2.3027782440185547,0.0007607936859130859,2.752357006072998
0,4746,0.5093510150909424,-0.36579903960227966,1.1663254499435425,-0.08294415473937988,0.3660949468612671,-2.3059637546539307,0.0007421970367431641,2.750934362411499
0,4747,0.5090322494506836,-0.3658507764339447,1.166210412979126,-0.08265792578458786,0.3671044409275055,-2.3091230392456055,0.0007226467132568359,2.752285957336426
0,4748,0.5087067484855652,-0.3658948540687561,1.1660946607589722,-0.08238444477319717,0.3681153357028961,-2.312253952026367,0.0007021427154541016,2.7569050788879395
0,4749,0.5083750486373901,-0.3659316897392273,1.1659784317016602,-0.08212307095527649,0.3691278398036957,-2.3153576850891113,0.0006810426712036133,2.7641377449035645
0,4750,0.508038341999054,-0.3659626543521881,1.1658614873886108,-0.08187263458967209,0.3701418340206146,-2.3184404373168945,0.0006592273712158203,2.773681402206421
0,4751,0.5076984763145447,-0.3659895658493042,1.1657440662384033,-0.08163130283355713,0.3711574375629425,-2.3215091228485107,0.000637054443359375,2.7844581604003906
0,4752,0.5073575377464294,-0.3660148084163666,1.1656265258789062,-0.08139681071043015,0.3721751272678375,-2.324571371078491,0.000615239143371582,2.795543670654297
0,4753,0.5070178508758545,-0.36604100465774536,1.1655093431472778,-0.08116846531629562,0.3731946349143982,-2.32763409614563,0.0005944967269897461,2.805957555770874
0,4754,0.5066820979118347,-0.36607131361961365,1.1653932332992554,-0.08094637840986252,0.3742159605026245,-2.3307037353515625,0.000576019287109375,2.8147335052490234
0,4755,0.5063533782958984,-0.3661094605922699,1.1652791500091553,-0.08073077350854874,0.3752381205558777,-2.3337855339050293,0.0005612373352050781,2.820638656616211
0,4756,0.5060346722602844,-0.3661591112613678,1.165168285369873,-0.08052196353673935,0.37626034021377563,-2.3368844985961914,0.0005514621734619141,2.8227200508117676
0,4757,0.5057282447814941,-0.36622294783592224,1.165061116218567,-0.08032109588384628,0.37728214263916016,-2.3400044441223145,0.0005476474761962891,2.8200836181640625
0,4758,0.5054343342781067,-0.3663015365600586,1.164957880973816,-0.08012846857309341,0.37830331921577454,-2.3431458473205566,0.0005500316619873047,2.8127856254577637
0,4759,0.5051513314247131,-0.3663930296897888,1.164858341217041,-0.07994385063648224,0.3793245553970337,-2.346306085586548,0.0005581378936767578,2.801419258117676
0,4760,0.5048763751983643,-0.36649394035339355,1.1647614240646362,-0.07976632565259933,0.38034623861312866,-2.349480152130127,0.0005704164505004883,2.787128448486328
0,4761,0.5046058297157288,-0.36660003662109375,1.164665937423706,-0.07959535717964172,0.38136929273605347,-2.352661371231079,0.0005851984024047852,2.770927667617798
0,4762,0.5043363571166992,-0.3667072653770447,1.164570689201355,-0.07943098247051239,0.38239404559135437,-2.3558435440063477,0.0006006956100463867,2.7542765140533447
0,4763,0.5040646195411682,-0.36681193113327026,1.1644740104675293,-0.07927298545837402,0.3834209442138672,-2.359020471572876,0.0006150007247924805,2.738382339477539
0,4764,0.503787636756897,-0.3669106066226959,1.1643744707107544,-0.07912226021289825,0.38444948196411133,-2.3621838092803955,0.0006264448165893555,2.7244794368743896
0,4765,0.5035020709037781,-0.3669998049736023,1.164270043373108,-0.0789799690246582,0.385478675365448,-2.365326404571533,0.0006327629089355469,2.7138254642486572
0,4766,0.5032052993774414,-0.36707669496536255,1.1641590595245361,-0.0788474828004837,0.3865076005458832,-2.368441104888916,0.0006319284439086914,2.707542896270752
0,4767,0.5028958320617676,-0.367139607667923,1.1640406847000122,-0.07872498780488968,0.3875358998775482,-2.37152361869812,0.0006232261657714844,2.7062413692474365
0,4768,0.5025742053985596,-0.367188960313797,1.1639150381088257,-0.07861223816871643,0.3885636031627655,-2.37457537651062,0.0006066560745239258,2.709638833999634
0,4769,0.5022425055503845,-0.3672270178794861,1.163783311843872,-0.07850852608680725,0.3895910680294037,-2.3776021003723145,0.0005838871002197266,2.716853141784668
0,4770,0.5019040107727051,-0.36725717782974243,1.1636472940444946,-0.0784125030040741,0.39061862230300903,-2.3806118965148926,0.0005567073822021484,2.726562261581421
0,4771,0.5015621781349182,-0.3672831356525421,1.1635092496871948,-0.07832276821136475,0.39164721965789795,-2.383613109588623,0.0005278587341308594,2.7372381687164307
0,4772,0.5012201070785522,-0.3673083186149597,1.1633704900741577,-0.07823887467384338,0.3926767408847809,-2.386613368988037,0.0004988908767700195,2.7479441165924072
0,4773,0.500880777835846,-0.3673362135887146,1.1632325649261475,-0.07816094160079956,0.3937070667743683,-2.3896191120147705,0.0004715919494628906,2.7572598457336426
0,4774,0.500546932220459,-0.36737024784088135,1.1630967855453491,-0.078089140355587,0.3947369456291199,-2.3926358222961426,0.0004476308822631836,2.764279365539551
0,4775,0.500221312046051,-0.3674136996269226,1.1629644632339478,-0.07802462577819824,0.3957656919956207,-2.3956689834594727,0.0004285573959350586,2.768454074859619
0,4776,0.49990588426589966,-0.36746907234191895,1.1628361940383911,-0.07796794921159744,0.3967922627925873,-2.3987221717834473,0.0004150867462158203,2.7687370777130127
0,4777,0.49960121512413025,-0.367537260055542,1.1627123355865479,-0.07791949063539505,0.39781641960144043,-2.401796817779541,0.00040781497955322266,2.7651288509368896
0,4778,0.499306321144104,-0.36761707067489624,1.1625925302505493,-0.07787878066301346,0.3988385498523712,-2.404891014099121,0.00040602684020996094,2.7580409049987793
0,4779,0.4990188479423523,-0.36770564317703247,1.1624759435653687,-0.07784544676542282,0.3998595178127289,-2.4079997539520264,0.0004087686538696289,2.74808669090271
0,4780,0.4987357556819916,-0.3677992522716522,1.1623611450195312,-0.07781878113746643,0.4008806347846985,-2.4111173152923584,0.00041425228118896484,2.736523151397705
0,4781,0.4984540045261383,-0.3678942620754242,1.1622463464736938,-0.07779838144779205,0.4019024074077606,-2.4142374992370605,0.0004202127456665039,2.7244794368743896
0,4782,0.49817073345184326,-0.3679872453212738,1.1621296405792236,-0.07778364419937134,0.4029252827167511,-2.417353868484497,0.00042450428009033203,2.7126712799072266
0,4783,0.49788302183151245,-0.36807477474212646,1.1620087623596191,-0.07777497917413712,0.40394842624664307,-2.420459508895874,0.0004247426986694336,2.70247745513916
0,4784,0.4975879192352295,-0.36815345287323,1.1618808507919312,-0.07777231186628342,0.4049716591835022,-2.423546552658081,0.00041794776916503906,2.694861650466919
0,4785,0.4972827136516571,-0.36822012066841125,1.1617432832717896,-0.07777658849954605,0.40599334239959717,-2.4266085624694824,0.0004010200500488281,2.690790891647339
0,4786,0.49696585536003113,-0.3682728707790375,1.161594033241272,-0.07778801023960114,0.40701326727867126,-2.4296412467956543,0.00037217140197753906,2.691227436065674
0,4787,0.49663734436035156,-0.36831173300743103,1.1614333391189575,-0.07780623435974121,0.40803083777427673,-2.4326443672180176,0.0003314018249511719,2.6955878734588623
0,4788,0.4962988793849945,-0.3683384358882904,1.1612627506256104,-0.07783099263906479,0.4090469777584076,-2.435622453689575,0.00028061866760253906,2.703563690185547
0,4789,0.49595338106155396,-0.3683563768863678,1.1610850095748901,-0.07786206156015396,0.4100620448589325,-2.4385831356048584,0.00022280216217041016,2.7139697074890137
0,4790,0.49560391902923584,-0.3683692216873169,1.1609032154083252,-0.07789892703294754,0.41107723116874695,-2.4415340423583984,0.00016117095947265625,2.725485324859619
0,4791,0.49525347352027893,-0.36838045716285706,1.1607204675674438,-0.07794125378131866,0.412092387676239,-2.4444823265075684,9.906291961669922e-05,2.7372381687164307
0,4792,0.49490469694137573,-0.3683933615684509,1.1605392694473267,-0.07798995077610016,0.4131077826023102,-2.4474337100982666,3.9458274841308594e-05,2.74808669090271
0,4793,0.4945600628852844,-0.3684113025665283,1.160361886024475,-0.0780465304851532,0.4141218662261963,-2.4503931999206543,1.537799835205078e-05,2.757330894470215
0,4794,0.494221955537796,-0.36843758821487427,1.1601907014846802,-0.0781121477484703,0.4151340126991272,-2.453364610671997,6.270408630371094e-05,2.764279365539551
0,4795,0.4938923120498657,-0.3684750497341156,1.1600275039672852,-0.07818827778100967,0.4161425530910492,-2.4563512802124023,0.00010037422180175781,2.7685248851776123
0,4796,0.493571937084198,-0.36852484941482544,1.1598732471466064,-0.07827546447515488,0.4171471893787384,-2.459355115890503,0.00012743473052978516,2.769585132598877
0,4797,0.49326029419898987,-0.3685862720012665,1.1597274541854858,-0.07837335020303726,0.41814810037612915,-2.462374448776245,0.0001443624496459961,2.767817735671997
0,4798,0.4929555356502533,-0.36865678429603577,1.1595882177352905,-0.07848130911588669,0.41914641857147217,-2.465406894683838,0.00015354156494140625,2.763854503631592
0,4799,0.4926552176475525,-0.36873316764831543,1.1594533920288086,-0.0785975307226181,0.42014315724372864,-2.468447208404541,0.00015723705291748047,2.758253812789917
0,4800,0.49235713481903076,-0.3688122630119324,1.159320592880249,-0.07872076332569122,0.4211394786834717,-2.4714901447296143,0.0001583099365234375,2.7519304752349854
0,4801,0.49205946922302246,-0.3688916265964508,1.1591880321502686,-0.07885025441646576,0.42213568091392517,-2.474531412124634,0.00015854835510253906,2.745307207107544
0,4802,0.49176114797592163,-0.36896973848342896,1.1590540409088135,-0.07898635417222977,0.4231317937374115,-2.477565050125122,0.00015985965728759766,2.7388112545013428
0,4803,0.4914614260196686,-0.3690456449985504,1.1589171886444092,-0.07912968099117279,0.4241267740726471,-2.4805850982666016,0.00016379356384277344,2.7330875396728516
0,4804,0.4911597669124603,-0.36911875009536743,1.1587766408920288,-0.07928101718425751,0.4251190423965454,-2.4835853576660156,0.00017118453979492188,2.72835636138916
0,4805,0.4908559322357178,-0.3691885769367218,1.1586315631866455,-0.07944117486476898,0.42610839009284973,-2.486562728881836,0.00018274784088134766,2.724623203277588
0,4806,0.49054989218711853,-0.3692552447319031,1.1584818363189697,-0.07961022108793259,0.4270939826965332,-2.489515542984009,0.00019884109497070312,2.722323179244995
0,4807,0.4902418851852417,-0.36931902170181274,1.1583279371261597,-0.07978790253400803,0.42807626724243164,-2.4924473762512207,0.0002187490463256836,2.720956802368164
0,4808,0.48993244767189026,-0.36938047409057617,1.1581709384918213,-0.07997286319732666,0.4290565252304077,-2.495363473892212,0.00024139881134033203,2.720309257507324
0,4809,0.48962196707725525,-0.3694401979446411,1.1580119132995605,-0.08016432821750641,0.4300355613231659,-2.498270034790039,0.0002657175064086914,2.7200934886932373
0,4810,0.4893108308315277,-0.3694988191127777,1.1578521728515625,-0.08036148548126221,0.4310142397880554,-2.501173496246338,0.0002903938293457031,2.7198774814605713
0,4811,0.4889993667602539,-0.3695569634437561,1.1576920747756958,-0.08056429028511047,0.43199196457862854,-2.504077911376953,0.0003148317337036133,2.7196617126464844
0,4812,0.4886876046657562,-0.3696151077747345,1.1575323343276978,-0.08077330887317657,0.4329688251018524,-2.506986141204834,0.0003381967544555664,2.7191576957702637
0,4813,0.48837557435035706,-0.36967381834983826,1.1573734283447266,-0.08098921924829483,0.4339429438114166,-2.509901762008667,0.0003598928451538086,2.718653678894043
0,4814,0.4880633056163788,-0.3697335422039032,1.1572154760360718,-0.08121289312839508,0.4349133372306824,-2.512826442718506,0.0003795623779296875,2.7179336547851562
0,4815,0.487750768661499,-0.36979448795318604,1.1570584774017334,-0.08144527673721313,0.43587905168533325,-2.515761137008667,0.0003972053527832031,2.717285394668579
0,4816,0.4874379336833954,-0.36985665559768677,1.156902551651001,-0.08168583363294601,0.43684008717536926,-2.518705368041992,0.0004127025604248047,2.7164928913116455
0,4817,0.48712486028671265,-0.3699197471141815,1.156747579574585,-0.08193405717611313,0.437797486782074,-2.5216572284698486,0.00042629241943359375,2.715700149536133
0,4818,0.4868116080760956,-0.3699832260608673,1.1565929651260376,-0.08218888193368912,0.43875283002853394,-2.5246148109436035,0.000438690185546875,2.714690685272217
0,4819,0.48649823665618896,-0.3700467348098755,1.1564385890960693,-0.08244966715574265,0.43970683217048645,-2.5275747776031494,0.00045013427734375,2.7135369777679443
0,4820,0.4861849248409271,-0.37011003494262695,1.1562838554382324,-0.08271641284227371,0.4406600594520569,-2.530534029006958,0.000461578369140625,2.712238073348999
0,4821,0.4858721196651459,-0.37017330527305603,1.1561284065246582,-0.0829889178276062,0.4416128396987915,-2.5334887504577637,0.00047338008880615234,2.7107222080230713
0,4822,0.48556020855903625,-0.3702368438243866,1.155971646308899,-0.08326847106218338,0.44256356358528137,-2.5364348888397217,0.00048613548278808594,2.7090606689453125
0,4823,0.48524969816207886,-0.370301216840744,1.1558130979537964,-0.08355548232793808,0.44351163506507874,-2.539368152618408,0.0005003213882446289,2.707181453704834
0,4824,0.4849410355091095,-0.3703668415546417,1.1556522846221924,-0.08385039120912552,0.4444555342197418,-2.5422844886779785,0.0005166530609130859,2.7050838470458984
0,4825,0.4846343696117401,-0.37043383717536926,1.155489206314087,-0.08415379375219345,0.4453951120376587,-2.5451831817626953,0.0005348920822143555,2.7028398513793945
0,4826,0.4843294620513916,-0.3705020844936371,1.1553239822387695,-0.08446520566940308,0.4463307857513428,-2.548065662384033,0.0005550384521484375,2.7006661891937256
0,4827,0.4840258061885834,-0.3705710768699646,1.1551569700241089,-0.0847841277718544,0.44726309180259705,-2.550936222076416,0.0005767345428466797,2.6982007026672363
0,4828,0.48372289538383484,-0.3706403076648712,1.1549888849258423,-0.085109181702137,0.4481934905052185,-2.5537986755371094,0.0005991458892822266,2.6956605911254883
0,4829,0.48342010378837585,-0.37070927023887634,1.154820203781128,-0.08543942123651505,0.449122816324234,-2.5566577911376953,0.000621795654296875,2.692972421646118
0,4830,0.4831167757511139,-0.370777428150177,1.1546510457992554,-0.08577539026737213,0.45005112886428833,-2.559516429901123,0.0006444454193115234,2.690208911895752
0,4831,0.48281216621398926,-0.37084436416625977,1.1544815301895142,-0.08611727505922318,0.45097780227661133,-2.5623767375946045,0.0006668567657470703,2.6877338886260986
0,4832,0.4825056493282318,-0.37090981006622314,1.1543115377426147,-0.08646591007709503,0.45190146565437317,-2.565239667892456,0.0006889104843139648,2.6856210231781006
0,4833,0.482196569442749,-0.3709733784198761,1.1541410684585571,-0.08682215958833694,0.4528215527534485,-2.568105697631836,0.0007104873657226562,2.6840901374816895
0,4834,0.4818844497203827,-0.3710349202156067,1.1539697647094727,-0.0871865525841713,0.4537365734577179,-2.5709750652313232,0.0007318258285522461,2.683579444885254
0,4835,0.4815693199634552,-0.3710944950580597,1.1537976264953613,-0.08755895495414734,0.45464643836021423,-2.573847532272339,0.0007529258728027344,2.683652400970459
0,4836,0.48125165700912476,-0.37115219235420227,1.1536248922348022,-0.08793899416923523,0.4555523097515106,-2.5767228603363037,0.0007735490798950195,2.6843817234039307
0,4837,0.4809320867061615,-0.3712083399295807,1.1534514427185059,-0.088325634598732,0.45645517110824585,-2.5795998573303223,0.0007940530776977539,2.6856210231781006
0,4838,0.48061132431030273,-0.37126314640045166,1.1532773971557617,-0.08871807157993317,0.45735597610473633,-2.5824780464172363,0.0008146762847900391,2.6870055198669434
0,4839,0.48028984665870667,-0.37131690979003906,1.1531026363372803,-0.08911537379026413,0.4582555890083313,-2.585355758666992,0.0008352994918823242,2.6882436275482178
0,4840,0.47996801137924194,-0.37136977910995483,1.1529263257980347,-0.08951752632856369,0.4591541588306427,-2.5882315635681152,0.000857234001159668,2.689335584640503
0,4841,0.47964581847190857,-0.3714216649532318,1.1527475118637085,-0.08992445468902588,0.4600510895252228,-2.5911026000976562,0.000881195068359375,2.690645456314087
0,4842,0.47932326793670654,-0.37147238850593567,1.1525650024414062,-0.09033653885126114,0.460945188999176,-2.593965530395508,0.0009084939956665039,2.6918818950653076
0,4843,0.4790002405643463,-0.37152183055877686,1.1523774862289429,-0.0907539427280426,0.4618356227874756,-2.5968177318573,0.0009405612945556641,2.693335771560669
0,4844,0.47867658734321594,-0.3715701103210449,1.1521844863891602,-0.09117665886878967,0.46272188425064087,-2.599658250808716,0.000977635383605957,2.6951520442962646
0,4845,0.478352427482605,-0.3716171085834503,1.1519864797592163,-0.09160450100898743,0.4636038541793823,-2.602487564086914,0.0010193586349487305,2.6971850395202637
0,4846,0.4780277907848358,-0.3716628849506378,1.1517844200134277,-0.09203743189573288,0.46448269486427307,-2.6053082942962646,0.0010647773742675781,2.6992886066436768
0,4847,0.4777028262615204,-0.37170764803886414,1.1515796184539795,-0.09247515350580215,0.46535927057266235,-2.608123540878296,0.0011124610900878906,2.701535940170288
0,4848,0.47737765312194824,-0.3717517852783203,1.1513736248016357,-0.09291738271713257,0.46623414754867554,-2.6109354496002197,0.0011609792709350586,2.7037086486816406
0,4849,0.47705256938934326,-0.37179550528526306,1.1511675119400024,-0.09336495399475098,0.4671076834201813,-2.6137466430664062,0.001209259033203125,2.7054457664489746
0,4850,0.4767276644706726,-0.37183940410614014,1.1509623527526855,-0.09381917119026184,0.4679793417453766,-2.6165575981140137,0.0012559890747070312,2.707181453704834
0,4851,0.4764031171798706,-0.3718842566013336,1.150759220123291,-0.09428106993436813,0.4688478410243988,-2.619368076324463,0.0012999773025512695,2.708627223968506
0,4852,0.4760792553424835,-0.3719307780265808,1.1505588293075562,-0.09475208073854446,0.4697122573852539,-2.6221776008605957,0.0013405084609985352,2.709927797317505
0,4853,0.47575631737709045,-0.3719795346260071,1.1503618955612183,-0.09523335844278336,0.47057101130485535,-2.624985694885254,0.001376509666442871,2.7112998962402344
0,4854,0.47543424367904663,-0.37203067541122437,1.150168538093567,-0.09572520107030869,0.47142425179481506,-2.6277921199798584,0.0014079809188842773,2.7126712799072266
0,4855,0.47511306405067444,-0.3720838129520416,1.1499781608581543,-0.09622664749622345,0.4722723960876465,-2.63059663772583,0.0014356374740600586,2.7138254642486572
0,4856,0.4747924208641052,-0.3721383213996887,1.1497900485992432,-0.0967366099357605,0.4731164872646332,-2.6334009170532227,0.0014603137969970703,2.7148351669311523
0,4857,0.4744722247123718,-0.3721935451030731,1.1496033668518066,-0.09725335985422134,0.4739578366279602,-2.636204481124878,0.0014829635620117188,2.715700149536133
0,4858,0.47415244579315186,-0.3722490668296814,1.1494174003601074,-0.09777575731277466,0.47479763627052307,-2.639007806777954,0.0015044212341308594,2.7162766456604004
0,4859,0.47383326292037964,-0.37230509519577026,1.1492315530776978,-0.09830290824174881,0.4756355285644531,-2.6418099403381348,0.001525282859802246,2.7164206504821777
0,4860,0.47351521253585815,-0.37236207723617554,1.1490459442138672,-0.09883525222539902,0.476470947265625,-2.6446094512939453,0.001545548439025879,2.7164206504821777
0,4861,0.4731990396976471,-0.3724210560321808,1.148860216140747,-0.0993732362985611,0.47730326652526855,-2.647404909133911,0.001565694808959961,2.715700149536133
0,4862,0.4728853106498718,-0.3724830746650696,1.148674726486206,-0.09991761296987534,0.4781308174133301,-2.6501944065093994,0.0015851259231567383,2.7144744396209717
0,4863,0.4725744128227234,-0.3725486695766449,1.148489236831665,-0.10046900808811188,0.47895297408103943,-2.6529765129089355,0.0016040802001953125,2.7127432823181152
0,4864,0.472266286611557,-0.3726177215576172,1.1483039855957031,-0.10102710872888565,0.47976958751678467,-2.6557514667510986,0.0016224384307861328,2.7106499671936035
0,4865,0.47196048498153687,-0.3726896047592163,1.1481188535690308,-0.1015913188457489,0.48058202862739563,-2.6585211753845215,0.00164031982421875,2.7079765796661377
0,4866,0.4716561734676361,-0.37276318669319153,1.1479336023330688,-0.10216140002012253,0.48139119148254395,-2.661287307739258,0.0016579627990722656,2.7050838470458984
0,4867,0.4713525176048279,-0.3728373646736145,1.147748351097107,-0.10273624956607819,0.48219797015190125,-2.6640515327453613,0.0016751289367675781,2.7017531394958496
0,4868,0.4710487723350525,-0.3729110658168793,1.147562861442566,-0.10331553965806961,0.48300299048423767,-2.6668143272399902,0.0016922950744628906,2.698345899581909
0,4869,0.4707443118095398,-0.3729837238788605,1.1473767757415771,-0.10389964282512665,0.48380619287490845,-2.669576644897461,0.001709580421447754,2.694861650466919
0,4870,0.47043856978416443,-0.37305474281311035,1.1471894979476929,-0.10448882728815079,0.4846072196960449,-2.6723368167877197,0.0017275810241699219,2.6916637420654297
0,4871,0.470130980014801,-0.3731234669685364,1.1470004320144653,-0.1050843670964241,0.48540470004081726,-2.675093650817871,0.0017467737197875977,2.688753366470337
0,4872,0.46982109546661377,-0.37318965792655945,1.1468093395233154,-0.10568663477897644,0.4861981272697449,-2.6778464317321777,0.001767277717590332,2.686568260192871
0,4873,0.4695087671279907,-0.37325319647789,1.146615982055664,-0.1062960997223854,0.48698681592941284,-2.6805944442749023,0.0017893314361572266,2.684819221496582
0,4874,0.4691942632198334,-0.3733142018318176,1.1464204788208008,-0.1069122701883316,0.4877713620662689,-2.6833384037017822,0.0018129348754882812,2.683798313140869
0,4875,0.46887803077697754,-0.3733731806278229,1.146223545074463,-0.10753410309553146,0.4885525703430176,-2.6860790252685547,0.0018372535705566406,2.6831419467926025
0,4876,0.46856069564819336,-0.37343063950538635,1.1460254192352295,-0.10816114395856857,0.48933130502700806,-2.6888177394866943,0.0018622875213623047,2.6824851036071777
0,4877,0.468242883682251,-0.3734872341156006,1.145826816558838,-0.10879311710596085,0.49010780453681946,-2.691555976867676,0.0018873214721679688,2.6816093921661377
0,4878,0.4679250419139862,-0.3735436201095581,1.1456280946731567,-0.10942928493022919,0.4908823072910309,-2.694293737411499,0.0019121170043945312,2.6805872917175293
0,4879,0.4676077365875244,-0.3736005127429962,1.1454294919967651,-0.11006966978311539,0.4916544258594513,-2.6970298290252686,0.0019363164901733398,2.6794185638427734
0,4880,0.4672914147377014,-0.37365880608558655,1.1452312469482422,-0.11071489751338959,0.49242284893989563,-2.699763774871826,0.0019598007202148438,2.677884101867676
0,4881,0.46697643399238586,-0.3737192451953888,1.145033597946167,-0.11136554926633835,0.493186891078949,-2.7024946212768555,0.001981973648071289,2.676055908203125
0,4882,0.4666629731655121,-0.37378236651420593,1.14483642578125,-0.1120220199227333,0.4939452111721039,-2.705221176147461,0.0020030736923217773,2.673933982849121
0,4883,0.46635109186172485,-0.37384822964668274,1.1446398496627808,-0.11268410831689835,0.4946979582309723,-2.7079434394836426,0.002022981643676758,2.6715171337127686
0,4884,0.46604058146476746,-0.3739163279533386,1.1444436311721802,-0.11335141211748123,0.4954459071159363,-2.7106618881225586,0.002041935920715332,2.6688780784606934
0,4885,0.4657309949398041,-0.3739859163761139,1.1442477703094482,-0.11402349174022675,0.49618980288505554,-2.7133779525756836,0.0020599365234375,2.665942907333374
0,4886,0.4654218554496765,-0.37405604124069214,1.1440520286560059,-0.11470016092061996,0.49693119525909424,-2.716093063354492,0.002077460289001465,2.6628572940826416
0,4887,0.4651127755641937,-0.37412595748901367,1.143856167793274,-0.11538085341453552,0.497670441865921,-2.7188074588775635,0.002094864845275879,2.6594738960266113
0,4888,0.4648034870624542,-0.3741951882839203,1.1436598300933838,-0.11606578528881073,0.4984079897403717,-2.7215209007263184,0.002112269401550293,2.6559386253356934
0,4889,0.4644937813282013,-0.37426337599754333,1.1434623003005981,-0.1167553961277008,0.4991433024406433,-2.7242321968078613,0.0021306276321411133,2.6522510051727295
0,4890,0.4641832709312439,-0.3743303418159485,1.143263339996338,-0.11745007336139679,0.4998755156993866,-2.726940155029297,0.0021500587463378906,2.6488542556762695
0,4891,0.46387186646461487,-0.37439584732055664,1.1430624723434448,-0.11815032362937927,0.5006037950515747,-2.7296431064605713,0.0021709203720092773,2.6454527378082275
0,4892,0.4635595381259918,-0.3744598925113678,1.1428595781326294,-0.11885610222816467,0.50132817029953,-2.732340097427368,0.0021933317184448242,2.642343282699585
0,4893,0.46324625611305237,-0.37452247738838196,1.1426546573638916,-0.11956766992807388,0.5020484924316406,-2.7350316047668457,0.002217411994934082,2.6394526958465576
0,4894,0.4629322588443756,-0.37458375096321106,1.1424480676651,-0.12028445303440094,0.5027652978897095,-2.7377190589904785,0.0022428035736083984,2.636707305908203
0,4895,0.4626176655292511,-0.37464407086372375,1.1422404050827026,-0.1210056021809578,0.5034793615341187,-2.740403890609741,0.0022687911987304688,2.6337361335754395
0,4896,0.4623028039932251,-0.37470361590385437,1.1420321464538574,-0.12173096090555191,0.5041912794113159,-2.7430877685546875,0.0022951364517211914,2.6309103965759277
0,4897,0.46198785305023193,-0.37476277351379395,1.1418237686157227,-0.12246035039424896,0.504901111125946,-2.7457714080810547,0.0023211240768432617,2.62778377532959
0,4898,0.461672842502594,-0.37482205033302307,1.1416155099868774,-0.12319360673427582,0.5056085586547852,-2.748455047607422,0.002346515655517578,2.6242806911468506
0,4899,0.461357980966568,-0.37488189339637756,1.1414076089859009,-0.12393054366111755,0.5063128471374512,-2.7511372566223145,0.002371072769165039,2.620772361755371
0,4900,0.4610433280467987,-0.37494274973869324,1.1412004232406616,-0.1246713399887085,0.5070129036903381,-2.753816843032837,0.00239408016204834,2.617035388946533
0,4901,0.46072888374328613,-0.3750050365924835,1.1409937143325806,-0.12541688978672028,0.5077077746391296,-2.7564938068389893,0.002415895462036133,2.613293170928955
0,4902,0.46041473746299744,-0.375068724155426,1.1407874822616577,-0.12616746127605438,0.508397102355957,-2.759167432785034,0.002436518669128418,2.6094703674316406
0,4903,0.46010079979896545,-0.3751336634159088,1.1405818462371826,-0.12692201137542725,0.5090818405151367,-2.761838436126709,0.002455592155456543,2.605642080307007
0,4904,0.45978692173957825,-0.37519949674606323,1.1403766870498657,-0.12768077850341797,0.5097622275352478,-2.7645082473754883,0.002473592758178711,2.6016576290130615
0,4905,0.4594731628894806,-0.37526556849479675,1.1401716470718384,-0.12844330072402954,0.5104403495788574,-2.767176866531372,0.002490997314453125,2.597365617752075
0,4906,0.4591594636440277,-0.37533149123191833,1.139966607093811,-0.12920911610126495,0.5111159682273865,-2.7698450088500977,0.0025081634521484375,2.5929911136627197
0,4907,0.45884570479393005,-0.3753970265388489,1.139761209487915,-0.12997835874557495,0.5117896199226379,-2.772512674331665,0.0025252103805541992,2.5883066654205322
0,4908,0.45853206515312195,-0.37546202540397644,1.1395549774169922,-0.13075129687786102,0.512461245059967,-2.775178909301758,0.0025429725646972656,2.5834622383117676
0,4909,0.458218514919281,-0.3755265176296234,1.1393474340438843,-0.13152827322483063,0.5131299495697021,-2.7778420448303223,0.002561807632446289,2.578380823135376
0,4910,0.457905113697052,-0.37559065222740173,1.139138102531433,-0.13230949640274048,0.5137947797775269,-2.780501127243042,0.0025823116302490234,2.5731375217437744
0,4911,0.4575919210910797,-0.3756544589996338,1.1389268636703491,-0.13309472799301147,0.5144558548927307,-2.7831549644470215,0.0026044845581054688,2.5679595470428467
0,4912,0.45727887749671936,-0.37571781873703003,1.1387135982513428,-0.13388440012931824,0.5151129364967346,-2.785804033279419,0.0026284456253051758,2.562695026397705
0,4913,0.45696601271629333,-0.37578076124191284,1.1384987831115723,-0.13467808067798615,0.515766441822052,-2.7884488105773926,0.002653837203979492,2.5572662353515625
0,4914,0.4566532373428345,-0.3758432865142822,1.1382828950881958,-0.1354755461215973,0.5164169073104858,-2.791091203689575,0.002680063247680664,2.5517494678497314
0,4915,0.4563404619693756,-0.375905305147171,1.1380664110183716,-0.13627630472183228,0.5170654654502869,-2.7937324047088623,0.0027066469192504883,2.545989751815796
0,4916,0.4560275971889496,-0.3759669363498688,1.1378498077392578,-0.13708028197288513,0.5177120566368103,-2.7963733673095703,0.002732992172241211,2.5399861335754395
0,4917,0.45571449398994446,-0.3760283589363098,1.1376333236694336,-0.13788726925849915,0.5183565616607666,-2.7990143299102783,0.0027587413787841797,2.53373646736145
0,4918,0.4554010033607483,-0.3760896921157837,1.1374173164367676,-0.1386973112821579,0.5189982652664185,-2.80165433883667,0.002783536911010742,2.5273165702819824
0,4919,0.45508694648742676,-0.3761513829231262,1.1372017860412598,-0.13951097428798676,0.5196364521980286,-2.804293155670166,0.0028069019317626953,2.5209577083587646
0,4920,0.4547722637653351,-0.3762134909629822,1.1369868516921997,-0.1403278112411499,0.5202702283859253,-2.80692982673645,0.00282895565032959,2.514583110809326
0,4921,0.45445695519447327,-0.37627607583999634,1.136772632598877,-0.1411479264497757,0.5208995938301086,-2.809563636779785,0.0028492212295532227,2.508270263671875
0,4922,0.4541410505771637,-0.3763391375541687,1.136559009552002,-0.1419711858034134,0.5215247273445129,-2.81219482421875,0.002868056297302246,2.5018632411956787
0,4923,0.4538246691226959,-0.37640246748924255,1.1363461017608643,-0.14279742538928986,0.5221464037895203,-2.814824342727661,0.0028853416442871094,2.4954395294189453
0,4924,0.4535079300403595,-0.3764657974243164,1.1361334323883057,-0.14362658560276031,0.5227651596069336,-2.817453384399414,0.002901911735534668,2.4889209270477295
0,4925,0.45319101214408875,-0.3765289783477783,1.135920524597168,-0.1444588005542755,0.5233816504478455,-2.820082426071167,0.002918243408203125,2.482069730758667
0,4926,0.45287421345710754,-0.37659186124801636,1.1357074975967407,-0.1452936977148056,0.5239963531494141,-2.822711229324341,0.0029344558715820312,2.4749622344970703
0,4927,0.45255768299102783,-0.3766544759273529,1.1354937553405762,-0.14613112807273865,0.5246089696884155,-2.8253393173217773,0.0029511451721191406,2.4675965309143066
0,4928,0.4522416889667511,-0.3767170011997223,1.1352787017822266,-0.14697112143039703,0.5252188444137573,-2.82796573638916,0.0029691457748413086,2.459969997406006
0,4929,0.4519263803958893,-0.3767796456813812,1.1350619792938232,-0.14781340956687927,0.5258258581161499,-2.8305890560150146,0.0029888153076171875,2.451920509338379
0,4930,0.45161187648773193,-0.3768426179885864,1.134843349456787,-0.14865802228450775,0.5264291763305664,-2.8332090377807617,0.003010272979736328,2.4437646865844727
0,4931,0.45129814743995667,-0.3769059181213379,1.1346228122711182,-0.14950478076934814,0.5270288586616516,-2.8358256816864014,0.0030336380004882812,2.435260057449341
0,4932,0.4509850740432739,-0.3769693970680237,1.134400486946106,-0.15035367012023926,0.527625322341919,-2.8384389877319336,0.0030586719512939453,2.4265642166137695
0,4933,0.4506725072860718,-0.3770328462123871,1.1341769695281982,-0.1512051224708557,0.5282191634178162,-2.841050624847412,0.0030847787857055664,2.417675018310547
0,4934,0.45036008954048157,-0.3770960867404938,1.1339528560638428,-0.15205898880958557,0.5288105010986328,-2.8436615467071533,0.0031113624572753906,2.4082658290863037
0,4935,0.45004773139953613,-0.3771589994430542,1.1337283849716187,-0.1529151350259781,0.5294002294540405,-2.8462722301483154,0.003137946128845215,2.3988194465637207
0,4936,0.4497351348400116,-0.3772215247154236,1.133503794670105,-0.1537737101316452,0.5299882888793945,-2.8488831520080566,0.0031644105911254883,2.3890082836151123
0,4937,0.44942209124565125,-0.3772837519645691,1.1332796812057495,-0.15463396906852722,0.5305744409561157,-2.8514933586120605,0.0031898021697998047,2.3791565895080566
0,4938,0.4491083323955536,-0.3773459196090698,1.1330556869506836,-0.15549598634243011,0.5311582684516907,-2.8541030883789062,0.0032143592834472656,2.3690989017486572
0,4939,0.4487936496734619,-0.37740808725357056,1.1328319311141968,-0.15635962784290314,0.5317395925521851,-2.8567113876342773,0.0032378435134887695,2.3588321208953857
0,4940,0.4484780728816986,-0.37747031450271606,1.132608413696289,-0.15722481906414032,0.5323179960250854,-2.8593180179595947,0.0032601356506347656,2.348687171936035
0,4941,0.44816160202026367,-0.37753260135650635,1.1323851346969604,-0.15809130668640137,0.5328938961029053,-2.8619229793548584,0.0032813549041748047,2.3383312225341797
0,4942,0.44784441590309143,-0.377594918012619,1.132162094116211,-0.15895913541316986,0.5334675908088684,-2.8645267486572266,0.0033015012741088867,2.3279287815093994
0,4943,0.44752681255340576,-0.3776569962501526,1.1319390535354614,-0.15982869267463684,0.5340391397476196,-2.8671300411224365,0.003321051597595215,2.3172264099121094
0,4944,0.4472089409828186,-0.3777187168598175,1.131716012954712,-0.1607002168893814,0.534608781337738,-2.8697333335876465,0.0033403635025024414,2.306389808654785
0,4945,0.4468909502029419,-0.37778013944625854,1.1314923763275146,-0.1615736484527588,0.5351769924163818,-2.8723371028900146,0.0033599138259887695,2.2951607704162598
0,4946,0.44657307863235474,-0.37784138321876526,1.1312676668167114,-0.16244837641716003,0.5357438325881958,-2.874940872192383,0.0033801794052124023,2.2837908267974854
0,4947,0.4462554454803467,-0.37790271639823914,1.1310409307479858,-0.1633240133523941,0.5363094806671143,-2.87754487991333,0.0034023523330688477,2.2718472480773926
0,4948,0.44593825936317444,-0.3779642879962921,1.1308118104934692,-0.16419930756092072,0.536873459815979,-2.880147933959961,0.003426671028137207,2.259667158126831
0,4949,0.4456215500831604,-0.3780263662338257,1.1305793523788452,-0.16507354378700256,0.5374361872673035,-2.882749319076538,0.0034540891647338867,2.24707293510437
0,4950,0.4453052878379822,-0.3780891001224518,1.1303435564041138,-0.16594651341438293,0.5379970669746399,-2.8853495121002197,0.0034846067428588867,2.2342326641082764
0,4951,0.44498947262763977,-0.37815219163894653,1.1301047801971436,-0.16681893169879913,0.5385564565658569,-2.887948751449585,0.003517746925354004,2.2209653854370117
0,4952,0.44467389583587646,-0.37821540236473083,1.1298636198043823,-0.16769148409366608,0.5391145944595337,-2.890547513961792,0.003553152084350586,2.2072641849517822
0,4953,0.444358229637146,-0.37827858328819275,1.1296210289001465,-0.16856564581394196,0.5396721363067627,-2.8931477069854736,0.003589630126953125,2.193387985229492
0,4954,0.444041907787323,-0.3783416152000427,1.1293773651123047,-0.16944323480129242,0.5402305126190186,-2.8957533836364746,0.0036263465881347656,2.1789746284484863
0,4955,0.44372397661209106,-0.3784045875072479,1.129132628440857,-0.17032678425312042,0.5407934784889221,-2.8983709812164307,0.0036630630493164062,2.1642839908599854
0,4956,0.44340240955352783,-0.37846803665161133,1.1288859844207764,-0.1712217926979065,0.5413669347763062,-2.901015281677246,0.0036989450454711914,2.1486737728118896
0,4957,0.4430740475654602,-0.3785327970981598,1.1286358833312988,-0.17213669419288635,0.5419615507125854,-2.9037084579467773,0.003733515739440918,2.1321232318878174
0,4958,0.4427346885204315,-0.3785998523235321,1.1283808946609497,-0.17308391630649567,0.5425912141799927,-2.906482696533203,0.0037653446197509766,2.1138699054718018
0,4959,0.4423794448375702,-0.37867042422294617,1.128118872642517,-0.17407841980457306,0.5432718396186829,-2.909374952316284,0.0037932395935058594,2.093214988708496
0,4960,0.44200384616851807,-0.3787454664707184,1.1278486251831055,-0.17513571679592133,0.5440179109573364,-2.9124200344085693,0.003815293312072754,2.06980299949646
0,4961,0.4416046142578125,-0.3788253962993622,1.1275697946548462,-0.17626860737800598,0.5448401570320129,-2.915644407272339,0.0038298368453979492,2.0427725315093994
0,4962,0.4411805272102356,-0.3789103031158447,1.1272828578948975,-0.17748478055000305,0.545743465423584,-2.9190597534179688,0.003835439682006836,2.0121724605560303
0,4963,0.4407322406768799,-0.37899988889694214,1.1269890069961548,-0.17878517508506775,0.5467276573181152,-2.9226620197296143,0.0038313865661621094,1.977738618850708
0,4964,0.4402619004249573,-0.3790934979915619,1.126690149307251,-0.18016590178012848,0.5477884411811829,-2.926435947418213,0.0038170814514160156,1.9392664432525635
0,4965,0.43977248668670654,-0.379190593957901,1.1263874769210815,-0.18161912262439728,0.5489192008972168,-2.9303579330444336,0.00379335880279541,1.8971295356750488
0,4966,0.43926742672920227,-0.3792906701564789,1.1260826587677002,-0.183135524392128,0.5501139163970947,-2.934401512145996,0.0037605762481689453,1.851394772529602
0,4967,0.43875008821487427,-0.37939316034317017,1.1257765293121338,-0.18470516800880432,0.5513657331466675,-2.938540458679199,0.0037200450897216797,1.8018968105316162
0,4968,0.43822363018989563,-0.3794977366924286,1.1254709959030151,-0.18631784617900848,0.5526679754257202,-2.9427490234375,0.003672003746032715,1.7490997314453125
0,4969,0.43769121170043945,-0.37960371375083923,1.1251672506332397,-0.1879650056362152,0.5540133714675903,-2.94700288772583,0.0036172866821289062,1.6931571960449219
0,4970,0.4371556341648102,-0.3797103762626648,1.124867558479309,-0.189638152718544,0.5553930401802063,-2.951279878616333,0.0035554170608520508,1.6344646215438843
0,4971,0.4366196393966675,-0.3798169195652008,1.1245744228363037,-0.19133003056049347,0.5567977428436279,-2.955559253692627,0.003486037254333496,1.5735851526260376
0,4972,0.4360857307910919,-0.3799225091934204,1.1242902278900146,-0.19303397834300995,0.5582184195518494,-2.9598212242126465,0.0034085512161254883,1.5105130672454834
0,4973,0.4355562925338745,-0.3800264894962311,1.124017357826233,-0.19474324584007263,0.5596473217010498,-2.9640471935272217,0.003322124481201172,1.446044921875
0,4974,0.4350334703922272,-0.3801284432411194,1.1237578392028809,-0.1964513510465622,0.5610792636871338,-2.9682199954986572,0.0032263994216918945,1.3802679777145386
0,4975,0.4345191717147827,-0.38022804260253906,1.1235136985778809,-0.19815273582935333,0.5625101923942566,-2.972322702407837,0.0031206607818603516,1.313284158706665
0,4976,0.4340151846408844,-0.3803253173828125,1.1232863664627075,-0.19984200596809387,0.5639382004737854,-2.9763402938842773,0.00300443172454834,1.245526671409607
0,4977,0.43352311849594116,-0.38042008876800537,1.1230775117874146,-0.20151284337043762,0.5653619766235352,-2.980257272720337,0.002877354621887207,1.1765295267105103
0,4978,0.43304455280303955,-0.3805122971534729,1.1228880882263184,-0.20315973460674286,0.5667780637741089,-2.9840610027313232,0.002739429473876953,1.1072982549667358
0,4979,0.43258094787597656,-0.38060179352760315,1.122718095779419,-0.20477674901485443,0.5681806802749634,-2.9877400398254395,0.002591729164123535,1.037597417831421
0,4980,0.43213391304016113,-0.38068822026252747,1.1225669384002686,-0.20635700225830078,0.5695618391036987,-2.991284132003784,0.002436041831970215,0.9679321050643921
0,4981,0.43170487880706787,-0.3807711601257324,1.1224337816238403,-0.20789392292499542,0.5709124803543091,-2.9946846961975098,0.002274155616760254,0.8991813063621521
0,4982,0.43129509687423706,-0.38085031509399414,1.1223175525665283,-0.20938168466091156,0.5722237825393677,-2.9979336261749268,0.0021082162857055664,0.8315718173980713
0,4983,0.43090564012527466,-0.38092535734176636,1.1222177743911743,-0.21081559360027313,0.5734900832176208,-3.001024007797241,0.0019394159317016602,0.7659170031547546
0,4984,0.4305373430252075,-0.3809962272644043,1.122135043144226,-0.21219149231910706,0.574708104133606,-3.0039491653442383,0.0017679929733276367,0.7019290924072266
0,4985,0.4301908612251282,-0.38106289505958557,1.1220698356628418,-0.21350793540477753,0.5758774876594543,-3.0067036151885986,0.0015937089920043945,0.6401079893112183
0,4986,0.4298666715621948,-0.38112547993659973,1.1220232248306274,-0.2147628366947174,0.5769986510276794,-3.0092825889587402,0.0014159679412841797,0.5797971487045288
0,4987,0.42956507205963135,-0.38118401169776917,1.121995449066162,-0.21595464646816254,0.5780717134475708,-3.0116827487945557,0.0012346506118774414,0.5218957662582397
0,4988,0.4292862117290497,-0.38123852014541626,1.121985673904419,-0.21708108484745026,0.5790942907333374,-3.0139029026031494,0.0010508298873901367,0.4656222462654114
0,4989,0.4290301501750946,-0.38128897547721863,1.121991515159607,-0.2181382030248642,0.5800623893737793,-3.0159425735473633,0.0008668899536132812,0.413541704416275
0,4990,0.42879679799079895,-0.38133519887924194,1.1220097541809082,-0.21912142634391785,0.5809693932533264,-3.017803430557251,0.0006861686706542969,0.36315611004829407
0,4991,0.4285857677459717,-0.3813772201538086,1.1220365762710571,-0.22002683579921722,0.5818089246749878,-3.01948881149292,0.000512242317199707,0.31713542342185974
0,4992,0.42839673161506653,-0.38141489028930664,1.1220691204071045,-0.22085192799568176,0.5825769901275635,-3.0210025310516357,0.0003477334976196289,0.27411240339279175
0,4993,0.42822912335395813,-0.3814481794834137,1.122105360031128,-0.22159571945667267,0.5832706689834595,-3.022348403930664,0.000194549560546875,0.23573395609855652
0,4994,0.4280823767185211,-0.3814771771430969,1.1221442222595215,-0.22225913405418396,0.5838911533355713,-3.023531913757324,5.328655242919922e-05,0.19979193806648254
0,4995,0.42795562744140625,-0.3815021216869354,1.122185468673706,-0.22284430265426636,0.5844406485557556,-3.0245587825775146,7.641315460205078e-05,0.1678587794303894
0,4996,0.4278479814529419,-0.38152313232421875,1.1222285032272339,-0.22335442900657654,0.5849221348762512,-3.0254359245300293,0.000194549560546875,0.14265252649784088
0,4997,0.4277583360671997,-0.3815404176712036,1.1222726106643677,-0.22379277646541595,0.5853379964828491,-3.026172161102295,0.00030112266540527344,0.11869405955076218
0,4998,0.4276851415634155,-0.38155439496040344,1.1223161220550537,-0.22416193783283234,0.5856909155845642,-3.0267772674560547,0.00039565563201904297,0.09891171008348465
0,4999,0.42762690782546997,-0.3815654218196869,1.1223567724227905,-0.2244652360677719,0.5859827995300293,-3.027261972427368,0.000476837158203125,0.07912936806678772
0,5000,0.42758187651634216,-0.381573885679245,1.1223926544189453,-0.22470620274543762,0.5862166285514832,-3.027639150619507,0.0005440711975097656,0.06852804124355316
0,5001,0.4275483787059784,-0.3815801441669464,1.122422218322754,-0.22489023208618164,0.5863958597183228,-3.027921676635742,0.0005968809127807617,0.05595290660858154
0,5002,0.42752447724342346,-0.38158461451530457,1.122444748878479,-0.22502365708351135,0.5865263938903809,-3.0281240940093994,0.0006361007690429688,0.048456642776727676
0,5003,0.42750847339630127,-0.38158756494522095,1.122460961341858,-0.2251143604516983,0.586616039276123,-3.0282604694366455,0.0006633996963500977,0.05233915150165558
0,5004,0.4274984896183014,-0.38158944249153137,1.122471570968628,-0.2251719981431961,0.5866732001304626,-3.028346061706543,0.0006809234619140625,0.048456642776727676
0,5005,0.42749252915382385,-0.38159051537513733,1.1224781274795532,-0.2252068817615509,0.5867079496383667,-3.02839732170105,0.0006916522979736328,0.03956468030810356
0,5006,0.42748868465423584,-0.381591260433197,1.1224826574325562,-0.22522954642772675,0.5867308378219604,-3.028430461883545,0.0006988048553466797,0.04423465579748154
0,5007,0.4274883568286896,-0.3815913200378418,1.1224838495254517,-0.22523242235183716,0.5867341160774231,-3.0284337997436523,0.0007002353668212891,0.04423465579748154
0,5008,0.4274914264678955,-0.3815907835960388,1.1224818229675293,-0.22521649301052094,0.5867192149162292,-3.0284082889556885,0.0006960630416870117,0.04423465579748154
0,5009,0.4274934232234955,-0.38159045577049255,1.1224807500839233,-0.22520622611045837,0.5867100954055786,-3.0283918380737305,0.0006936788558959961,0.048456642776727676
0,5010,0.4274948239326477,-0.38159021735191345,1.122480034828186,-0.225198894739151,0.5867035984992981,-3.0283803939819336,0.0006920099258422852,0.048456642776727676
0,5011,0.4274958074092865,-0.3815900683403015,1.1224794387817383,-0.22519387304782867,0.5866991281509399,-3.028372287750244,0.0006906986236572266,0.04423465579748154
0,5012,0.4274964928627014,-0.38158994913101196,1.1224790811538696,-0.22519031167030334,0.5866957902908325,-3.028366804122925,0.0006898641586303711,0.04423465579748154
0,5013,0.4274969696998596,-0.3815898895263672,1.122478723526001,-0.22518788278102875,0.5866935849189758,-3.02836275100708,0.0006892681121826172,0.048456642776727676
0,5014,0.42749732732772827,-0.3815898299217224,1.1224786043167114,-0.22518609464168549,0.5866918563842773,-3.02836012840271,0.0006887912750244141,0.04423465579748154
0,5015,0.4274975657463074,-0.38158977031707764,1.1224783658981323,-0.22518488764762878,0.5866907835006714,-3.028358221054077,0.0006884336471557617,0.03956468030810356
0,5016,0.4274977147579193,-0.38158974051475525,1.1224783658981323,-0.22518408298492432,0.5866901874542236,-3.0283567905426025,0.0006883144378662109,0.04423465579748154
0,5017,0.42749783396720886,-0.38158974051475525,1.1224782466888428,-0.2251834273338318,0.5866897106170654,-3.028355836868286,0.0006881952285766602,0.04423465579748154
0,5018,0.427497923374176,-0.38158971071243286,1.1224782466888428,-0.22518301010131836,0.5866891145706177,-3.028355121612549,0.0006880760192871094,0.048456642776727676
0,5019,0.4274979829788208,-0.38158971071243286,1.1224781274795532,-0.22518272697925568,0.5866888761520386,-3.0283546447753906,0.0006879568099975586,0.04423465579748154
0,5020,0.4274980127811432,-0.38158971071243286,1.1224781274795532,-0.22518259286880493,0.586688756942749,-3.0283544063568115,0.0006878376007080078,0.048456642776727676
0,5021,0.4274980425834656,-0.3815896809101105,1.1224781274795532,-0.2251824140548706,0.5866885185241699,-3.0283541679382324,0.0006878376007080078,0.04423465579748154
0,5022,0.4274980425834656,-0.3815896809101105,1.1224781274795532,-0.22518229484558105,0.5866885185241699,-3.0283539295196533,0.0006878376007080078,0.048456642776727676
0,5023,0.42749807238578796,-0.3815896809101105,1.1224781274795532,-0.22518226504325867,0.5866884589195251,-3.0283539295196533,0.0006878376007080078,0.048456642776727676
0,5024,0.42749807238578796,-0.3815896809101105,1.1224781274795532,-0.2251822054386139,0.5866884589195251,-3.0283539295196533,0.0006878376007080078,0.03956468030810356
0,5025,0.42749807238578796,-0.3815896809101105,1.1224781274795532,-0.22518213093280792,0.586688220500946,-3.028353691101074,0.0006878376007080078,0.04423465579748154
0,5026,0.42749810218811035,-0.3815896809101105,1.1224781274795532,-0.22518211603164673,0.586688220500946,-3.028353691101074,0.0006878376007080078,0.048456642776727676
0,5027,0.42749810218811035,-0.3815896809101105,1.1224781274795532,-0.22518210113048553,0.586688220500946,-3.028353691101074,0.0006878376007080078,0.048456642776727676
0,5028,0.42749810218811035,-0.3815896809101105,1.1224781274795532,-0.22518213093280792,0.5866882801055908,-3.028353691101074,0.0006878376007080078,0.048456642776727676
0,5029,0.42749810218811035,-0.3815896809101105,1.1224781274795532,-0.22518213093280792,0.5866882801055908,-3.028353691101074,0.0006878376007080078,0.048456642776727676
0,5030,0.42749810218811035,-0.3815896809101105,1.1224781274795532,-0.22518213093280792,0.5866882801055908,-3.028353691101074,0.0006878376007080078,0.048456642776727676
0,5031,0.42749810218811035,-0.3815896809101105,1.1224781274795532,-0.22518211603164673,0.5866882801055908,-3.028353691101074,0.0006878376007080078,0.03956468030810356
0,5032,0.42749810218811035,-0.3815896809101105,1.1224781274795532,-0.22518211603164673,0.5866882801055908,-3.028353691101074,0.0006878376007080078,0.03956468030810356
0,5033,0.42749810218811035,-0.3815896809101105,1.1224781274795532,-0.22518211603164673,0.5866882801055908,-3.028353691101074,0.0006878376007080078,0.03956468030810356
0,5034,0.42749810218811035,-0.3815896809101105,1.1224781274795532,-0.22518211603164673,0.5866882801055908,-3.028353691101074,0.0006878376007080078,0.03956468030810356
0,5035,0.42749810218811035,-0.3815896809101105,1.1224781274795532,-0.22518208622932434,0.5866882801055908,-3.028353691101074,0.0006878376007080078,0.03956468030810356
0,5036,0.42749810218811035,-0.3815896809101105,1.1224781274795532,-0.22518208622932434,0.5866882801055908,-3.028353691101074,0.0006878376007080078,0.03956468030810356
0,5037,0.42749810218811035,-0.3815896809101105,1.1224781274795532,-0.22518208622932434,0.5866882801055908,-3.028353691101074,0.0006878376007080078,0.03956468030810356
0,5038,0.42749810218811035,-0.3815896809101105,1.1224781274795532,-0.22518208622932434,0.5866882801055908,-3.028353691101074,0.0006878376007080078,0.03956468030810356
0,5039,0.42749810218811035,-0.3815896809101105,1.1224781274795532,-0.22518208622932434,0.5866882801055908,-3.028353691101074,0.0006878376007080078,0.03956468030810356
0,5040,0.42749810218811035,-0.3815896809101105,1.1224781274795532,-0.22518208622932434,0.5866882801055908,-3.028353691101074,0.0006878376007080078,0.03956468030810356
0,5041,0.42749810218811035,-0.3815896809101105,1.1224781274795532,-0.22518208622932434,0.5866882801055908,-3.028353691101074,0.0006878376007080078,0.03956468030810356
0,5042,0.42749810218811035,-0.3815896809101105,1.1224781274795532,-0.22518208622932434,0.5866882801055908,-3.028353691101074,0.0006878376007080078,0.03956468030810356
0,5043,0.42749810218811035,-0.3815896809101105,1.1224781274795532,-0.22518208622932434,0.5866882801055908,-3.028353691101074,0.0006878376007080078,0.03956468030810356
0,5044,0.42749810218811035,-0.3815896809101105,1.1224781274795532,-0.22518208622932434,0.5866882801055908,-3.028353691101074,0.0006878376007080078,0.03956468030810356
0,5045,0.42749810218811035,-0.3815896809101105,1.1224781274795532,-0.22518208622932434,0.5866882801055908,-3.028353691101074,0.0006878376007080078,0.03956468030810356
0,5046,0.42749810218811035,-0.3815896809101105,1.1224781274795532,-0.22518208622932434,0.5866882801055908,-3.028353691101074,0.0006878376007080078,0.03956468030810356
0,5047,0.42749810218811035,-0.3815896809101105,1.1224781274795532,-0.22518208622932434,0.5866882801055908,-3.028353691101074,0.0006878376007080078,0.03956468030810356
0,5048,0.42749810218811035,-0.3815896809101105,1.1224781274795532,-0.22518208622932434,0.5866882801055908,-3.028353691101074,0.0006878376007080078,0.03956468030810356
0,5049,0.42749810218811035,-0.3815896809101105,1.1224781274795532,-0.22518208622932434,0.5866882801055908,-3.028353691101074,0.0006878376007080078,0.03956468030810356
0,5050,0.42749810218811035,-0.3815896809101105,1.1224781274795532,-0.22518208622932434,0.5866882801055908,-3.028353691101074,0.0006878376007080078,0.03956468030810356
0,5051,0.42749810218811035,-0.3815896809101105,1.1224781274795532,-0.22518208622932434,0.5866882801055908,-3.028353691101074,0.0006878376007080078,0.03956468030810356
0,5052,0.42749810218811035,-0.3815896809101105,1.1224781274795532,-0.22518208622932434,0.5866882801055908,-3.028353691101074,0.0006878376007080078,0.03956468030810356
0,5053,0.42749810218811035,-0.3815896809101105,1.1224781274795532,-0.22518208622932434,0.5866882801055908,-3.028353691101074,0.0006878376007080078,0.03956468030810356
0,5054,0.42749810218811035,-0.3815896809101105,1.1224781274795532,-0.22518208622932434,0.5866882801055908,-3.028353691101074,0.0006878376007080078,0.03956468030810356
0,5055,0.42749810218811035,-0.3815896809101105,1.1224781274795532,-0.22518208622932434,0.5866882801055908,-3.028353691101074,0.0006878376007080078,0.03956468030810356
0,5056,0.42749810218811035,-0.3815896809101105,1.1224781274795532,-0.22518208622932434,0.5866882801055908,-3.028353691101074,0.0006878376007080078,0.03956468030810356
0,5057,0.42749810218811035,-0.3815896809101105,1.1224781274795532,-0.22518208622932434,0.5866882801055908,-3.028353691101074,0.0006878376007080078,0.03956468030810356
0,5058,0.42749810218811035,-0.3815896809101105,1.1224781274795532,-0.22518208622932434,0.5866882801055908,-3.028353691101074,0.0006878376007080078,0.03956468030810356
0,5059,0.42749810218811035,-0.3815896809101105,1.1224781274795532,-0.22518208622932434,0.5866882801055908,-3.028353691101074,0.0006878376007080078,0.03956468030810356
0,5060,0.42749810218811035,-0.3815896809101105,1.1224781274795532,-0.22518208622932434,0.5866882801055908,-3.028353691101074,0.0006878376007080078,0.03956468030810356
0,5061,0.42749810218811035,-0.3815896809101105,1.1224781274795532,-0.22518208622932434,0.5866882801055908,-3.028353691101074,0.0006878376007080078,0.03956468030810356
0,5062,0.42749810218811035,-0.3815896809101105,1.1224781274795532,-0.22518208622932434,0.5866882801055908,-3.028353691101074,0.0006878376007080078,0.03956468030810356
0,5063,0.42749810218811035,-0.3815896809101105,1.1224781274795532,-0.22518208622932434,0.5866882801055908,-3.028353691101074,0.0006878376007080078,0.03956468030810356
0,5064,0.42749810218811035,-0.3815896809101105,1.1224781274795532,-0.22518208622932434,0.5866882801055908,-3.028353691101074,0.0006878376007080078,0.03956468030810356
0,5065,0.42749810218811035,-0.3815896809101105,1.1224781274795532,-0.22518208622932434,0.5866882801055908,-3.028353691101074,0.0006878376007080078,0.03956468030810356
0,5066,0.42749810218811035,-0.3815896809101105,1.1224781274795532,-0.22518208622932434,0.5866882801055908,-3.028353691101074,0.0006878376007080078,0.03956468030810356
0,5067,0.42749810218811035,-0.3815896809101105,1.1224781274795532,-0.22518208622932434,0.5866882801055908,-3.028353691101074,0.0006878376007080078,0.03956468030810356
0,5068,0.42749810218811035,-0.3815896809101105,1.1224781274795532,-0.22518208622932434,0.5866882801055908,-3.028353691101074,0.0006878376007080078,0.03956468030810356
0,5069,0.42749810218811035,-0.3815896809101105,1.1224781274795532,-0.22518208622932434,0.5866882801055908,-3.028353691101074,0.0006878376007080078,0.03956468030810356
0,5070,0.42749810218811035,-0.3815896809101105,1.1224781274795532,-0.22518208622932434,0.5866882801055908,-3.028353691101074,0.0006878376007080078,0.03956468030810356
0,5071,0.42749810218811035,-0.3815896809101105,1.1224781274795532,-0.22518208622932434,0.5866882801055908,-3.028353691101074,0.0006878376007080078,0.03956468030810356
0,5072,0.42749810218811035,-0.3815896809101105,1.1224781274795532,-0.22518208622932434,0.5866882801055908,-3.028353691101074,0.0006878376007080078,0.03956468030810356
0,5073,0.42749810218811035,-0.3815896809101105,1.1224781274795532,-0.22518208622932434,0.5866882801055908,-3.028353691101074,0.0006878376007080078,0.03956468030810356
0,5074,0.42749810218811035,-0.3815896809101105,1.1224781274795532,-0.22518208622932434,0.5866882801055908,-3.028353691101074,0.0006878376007080078,0.03956468030810356
0,5075,0.42749810218811035,-0.3815896809101105,1.1224781274795532,-0.22518208622932434,0.5866882801055908,-3.028353691101074,0.0006878376007080078,0.03956468030810356
0,5076,0.42749810218811035,-0.3815896809101105,1.1224781274795532,-0.22518208622932434,0.5866882801055908,-3.028353691101074,0.0006878376007080078,0.03956468030810356
0,5077,0.42749810218811035,-0.3815896809101105,1.1224781274795532,-0.22518208622932434,0.5866882801055908,-3.028353691101074,0.0006878376007080078,0.03956468030810356
0,5078,0.42749810218811035,-0.3815896809101105,1.1224781274795532,-0.22518208622932434,0.5866882801055908,-3.028353691101074,0.0006878376007080078,0.03956468030810356
0,5079,0.42749810218811035,-0.3815896809101105,1.1224781274795532,-0.22518208622932434,0.5866882801055908,-3.028353691101074,0.0006878376007080078,0.03956468030810356
0,5080,0.42749810218811035,-0.3815896809101105,1.1224781274795532,-0.22518208622932434,0.5866882801055908,-3.028353691101074,0.0006878376007080078,0.03956468030810356
0,5081,0.42749810218811035,-0.3815896809101105,1.1224781274795532,-0.22518208622932434,0.5866882801055908,-3.028353691101074,0.0006878376007080078,0.03956468030810356
0,5082,0.42749810218811035,-0.3815896809101105,1.1224781274795532,-0.22518208622932434,0.5866882801055908,-3.028353691101074,0.0006878376007080078,0.03956468030810356
0,5083,0.42749810218811035,-0.3815896809101105,1.1224781274795532,-0.22518208622932434,0.5866882801055908,-3.028353691101074,0.0006878376007080078,0.03956468030810356
0,5084,0.42749810218811035,-0.3815896809101105,1.1224781274795532,-0.22518208622932434,0.5866882801055908,-3.028353691101074,0.0006878376007080078,0.03956468030810356
0,5085,0.42749810218811035,-0.3815896809101105,1.1224781274795532,-0.22518208622932434,0.5866882801055908,-3.028353691101074,0.0006878376007080078,0.03956468030810356
0,5086,0.42749810218811035,-0.3815896809101105,1.1224781274795532,-0.22518208622932434,0.5866882801055908,-3.028353691101074,0.0006878376007080078,0.03956468030810356
0,5087,0.42749810218811035,-0.3815896809101105,1.1224781274795532,-0.22518208622932434,0.5866882801055908,-3.028353691101074,0.0006878376007080078,0.03956468030810356
0,5088,0.42749810218811035,-0.3815896809101105,1.1224781274795532,-0.22518208622932434,0.5866882801055908,-3.028353691101074,0.0006878376007080078,0.03956468030810356
0,5089,0.42749810218811035,-0.3815896809101105,1.1224781274795532,-0.22518208622932434,0.5866882801055908,-3.028353691101074,0.0006878376007080078,0.03956468030810356
0,5090,0.42749810218811035,-0.3815896809101105,1.1224781274795532,-0.22518208622932434,0.5866882801055908,-3.028353691101074,0.0006878376007080078,0.03956468030810356
0,5091,0.42749810218811035,-0.3815896809101105,1.1224781274795532,-0.22518208622932434,0.5866882801055908,-3.028353691101074,0.0006878376007080078,0.03956468030810356
